,,,nominal gross output,nominal intermediate input,nominal IT equipment capital,nominal software capital,nominal R&D capital,nominal entertainment originals capital,nominal other capital,nominal college labor input,nominal non-college labor input,gross output quantity index,intermediate input quantity index,quantity index IT equipment capital,quantity index software capital,quantity index R&D capital,quantity index entertainment originals capital,quantity index other capital,quantity index college labor input,quantity index non-college labor input,total hours
yr,indnum,Description,go.,ii.,vkit.,vksoft.,vkRD.,vkart.,vkoth.,vlcol.,vln.,goqi.,iiqi.,qkit.,qks.,qkrd.,qka.,qko.,qlindexcol_merge.,qlindexn_merge.,hrs
1947,1,Farms,30575,11516,0.35693200000000003,0.35693200000000003,0.35693200000000003,0.35693200000000003,5273.3056640000004,599.12518299999999,13186.569336,0.27801999999999999,0.38551000000000002,7.6000000000000004E-4,1,1,1,0.90466999999999997,0.60788200000000003,4.6980040000000001,26382.326172000001
1948,1,Farms,34614,12515,0.37209999999999999,0.37209999999999999,0.37209999999999999,0.37209999999999999,6354.0029299999997,712.32843000000003,15031.180664,0.30347000000000002,0.38363000000000003,7.6000000000000004E-4,1,1,1,0.97289999999999999,0.62589300000000003,4.5275429999999997,25877.791015999999
1949,1,Farms,29033,11448,0.22323899999999999,0.22323899999999999,0.22323899999999999,0.22323899999999999,2918.8032229999999,671.82568400000002,13993.477539,0.29476000000000002,0.38002999999999998,7.6000000000000004E-4,1,1,1,0.97568999999999995,0.62255199999999999,4.5594580000000002,25236.378906000002
1950,1,Farms,31220,12495,0.33996799999999999,0.33996799999999999,0.33996799999999999,0.33996799999999999,4794.6162109999996,705.39733899999999,13223.626953000001,0.31145,0.40244999999999997,7.6000000000000004E-4,1,1,1,0.98295999999999994,0.67140200000000005,4.2008400000000004,24029.044922000001
1951,1,Farms,36410,14750,0.40201599999999998,0.40201599999999998,0.40201599999999998,0.40201599999999998,6827.9477539999998,720.90667699999995,14109.538086,0.30875999999999998,0.42848000000000003,7.6000000000000004E-4,1,1,1,1.0489999999999999,0.60599599999999998,4.0001870000000004,22870.294922000001
1952,1,Farms,35741,14953,0.37301800000000002,0.37301800000000002,0.37301800000000002,0.37301800000000002,6060.6376950000003,731.50439500000005,13994.365234000001,0.31902999999999998,0.43026999999999999,7.6000000000000004E-4,1,1,1,1.0459000000000001,0.59251799999999999,3.8215690000000002,21789.136718999998
1953,1,Farms,32216,13543,0.35528300000000002,0.35528300000000002,0.35528300000000002,0.35528300000000002,5096.6689450000003,680.39166299999999,12894.518555000001,0.32483000000000001,0.42037999999999998,7.6000000000000004E-4,1,1,1,1.01034,0.561365,3.566106,20390.419922000001
1954,1,Farms,32167,13971,0.359041,0.359041,0.359041,0.359041,4924.5649409999996,658.11999500000002,12611.878906,0.33656999999999998,0.43542999999999998,7.6000000000000004E-4,1,1,1,1.0058,0.53930900000000004,3.4803419999999998,19629.564452999999
1955,1,Farms,31611,14341,0.31362800000000002,0.31362800000000002,0.31362800000000002,0.31362800000000002,4075.6196289999998,635.43249500000002,12557.693359000001,0.34761999999999998,0.45549000000000001,7.6000000000000004E-4,1,1,1,1.0405500000000001,0.52183999999999997,3.5438499999999999,19794.875
1956,1,Farms,31595,14526,0.37431799999999998,0.37431799999999998,0.37431799999999998,0.37431799999999998,4939.6650390000004,579.46264599999995,11548.375,0.35238000000000003,0.46855999999999998,7.6000000000000004E-4,1,1,1,1.07995,0.48857099999999998,3.3622529999999999,18714.535156000002
1957,1,Farms,31813,14894,0.27904000000000001,0.27904000000000001,0.27904000000000001,0.27904000000000001,3712.7849120000001,643.39520300000004,12561.703125,0.34971999999999998,0.48241000000000001,7.6000000000000004E-4,1,1,1,1.0836300000000001,0.46220699999999998,3.0965829999999999,17345.371093999998
1958,1,Farms,35739,16652,0.32504100000000002,0.32504100000000002,0.32504100000000002,0.32504100000000002,4931.7426759999998,713.96862799999997,13439.988281,0.36213000000000001,0.49962000000000001,7.6000000000000004E-4,1,1,1,1.0610200000000001,0.45518999999999998,2.886511,16434.414062
1959,1,Farms,35044,17729,0.22666,0.22666,0.22666,0.22666,2946.7231449999999,719.21734600000002,13648.152344,0.37618000000000001,0.54330999999999996,7.6000000000000004E-4,1,1,1,1.05399,0.43959300000000001,2.893548,16355.827148
1960,1,Farms,35716,17546,0.25236900000000001,0.25236900000000001,0.25236900000000001,0.25236900000000001,3380.686768,716.24585000000002,14072.057617,0.38612999999999997,0.54212000000000005,7.6000000000000004E-4,1,1,1,1.0381,0.433224,2.7916280000000002,15949.832031
1961,1,Farms,36733,18400,0.25237799999999999,0.25237799999999999,0.25237799999999999,0.25237799999999999,3512.5051269999999,698.26501499999995,14121.220703000001,0.3957,0.56433,7.6000000000000004E-4,1,1,1,1.0231699999999999,0.47785100000000003,2.6366670000000001,15329.618164
1962,1,Farms,38110,19701,0.21133299999999999,0.21133299999999999,0.21133299999999999,0.21133299999999999,2998.1293949999999,710.32696499999997,14699.698242,0.40323999999999999,0.59674000000000005,7.6000000000000004E-4,1,1,1,1.03603,0.50013600000000002,2.5914100000000002,14848.683594
1963,1,Farms,39209,20715,0.22434999999999999,0.22434999999999999,0.22434999999999999,0.22434999999999999,3169.733643,694.28704800000003,14629.082031,0.41810000000000003,0.62156,7.6000000000000004E-4,1,1,1,1.05122,0.523752,2.505744,14357.625977
1947,2,"Forestry, fishing, and related activities",1587,717,1.9342710000000001,1.9342710000000001,1.9342710000000001,1.9342710000000001,559.07995600000004,6.2183999999999999,304.70159899999999,0.34683000000000003,0.38384000000000001,1.3699999999999999E-3,1,1,1,0.14821000000000001,7.0860000000000003E-3,1.1950320000000001,333.60632299999997
1948,2,"Forestry, fishing, and related activities",1897,842,1.6269340000000001,1.6269340000000001,1.6269340000000001,1.6269340000000001,699.19714399999998,6.9859020000000003,342.30920400000002,0.31973000000000001,0.41044999999999998,1.3699999999999999E-3,1,1,1,0.15826000000000001,7.6020000000000003E-3,1.096085,336.73931900000002
1949,2,"Forestry, fishing, and related activities",1698,701,1.546783,1.546783,1.546783,1.546783,628.76629600000001,7.2409309999999998,354.805634,0.30115999999999998,0.35408000000000001,1.3699999999999999E-3,1,1,1,0.16882,7.8810000000000009E-3,0.98559600000000003,336.526093
1950,2,"Forestry, fishing, and related activities",2175,998,1.52003,1.52003,1.52003,1.52003,777.72491500000001,7.863899,385.33108499999997,0.37481999999999999,0.47794999999999999,1.3699999999999999E-3,1,1,1,0.17949999999999999,8.685E-3,1.1518630000000001,335.50412
1951,2,"Forestry, fishing, and related activities",2480,1145,1.4975039999999999,1.4975039999999999,1.4975039999999999,1.4975039999999999,890.55285600000002,8.7691420000000004,429.68798800000002,0.38468999999999998,0.49245,1.3699999999999999E-3,1,1,1,0.188,2.9377E-2,1.347221,340.948669
1952,2,"Forestry, fishing, and related activities",2481,1146,1.4621679999999999,1.4621679999999999,1.4621679999999999,1.4621679999999999,843.19525099999998,9.7191200000000002,476.23690800000003,0.37825999999999999,0.49493999999999999,1.3699999999999999E-3,1,1,1,0.19281000000000001,4.6112E-2,1.256505,337.50259399999999
1953,2,"Forestry, fishing, and related activities",2584,1225,1.32951,1.32951,1.32951,1.32951,811.55169699999999,10.842605000000001,531.28765899999996,0.41993000000000003,0.53635999999999995,1.3699999999999999E-3,1,1,1,0.20291000000000001,6.5872E-2,1.15709,337.71215799999999
1954,2,"Forestry, fishing, and related activities",2408,1035,1.201643,1.201643,1.201643,1.201643,776.81304899999998,11.827607,579.55273399999999,0.40677999999999997,0.45243,1.3699999999999999E-3,1,1,1,0.20807999999999999,8.1522999999999998E-2,1.1062609999999999,337.74923699999999
1955,2,"Forestry, fishing, and related activities",2819,1302,1.1986019999999999,1.1986019999999999,1.1986019999999999,1.1986019999999999,917.85656700000004,11.886977999999999,582.46197500000005,0.46949999999999997,0.56845999999999997,1.3699999999999999E-3,1,1,1,0.21826999999999999,9.8646999999999999E-2,1.1276280000000001,337.85781900000001
1956,2,"Forestry, fishing, and related activities",2886,1343,1.1615850000000001,1.1615850000000001,1.1615850000000001,1.1615850000000001,896.27758800000004,27.432238000000002,614.64379899999994,0.46421000000000001,0.57557000000000003,1.3699999999999999E-3,1,1,1,0.22994000000000001,0.121499,1.209492,342.18847699999998
1957,2,"Forestry, fishing, and related activities",2658,1177,1.0973189999999999,1.0973189999999999,1.0973189999999999,1.0973189999999999,820.48706100000004,38.738757999999997,617.38488800000005,0.44707999999999998,0.49879000000000001,1.3699999999999999E-3,1,1,1,0.23741999999999999,0.13337399999999999,1.0407169999999999,338.53851300000002
1958,2,"Forestry, fishing, and related activities",2617,1077,1.0488569999999999,1.0488569999999999,1.0488569999999999,1.0488569999999999,821.77246100000002,60.881844000000001,653.15020800000002,0.43047000000000002,0.45078000000000001,1.3699999999999999E-3,1,1,1,0.24582000000000001,0.14901300000000001,1.104576,330.89111300000002
1959,2,"Forestry, fishing, and related activities",3196,1500,1.082128,1.082128,1.082128,1.082128,948.04888900000003,68.837410000000006,674.78515600000003,0.46357999999999999,0.61638000000000004,1.3699999999999999E-3,1,1,1,0.25716,0.15606999999999999,1.213055,333.03692599999999
1960,2,"Forestry, fishing, and related activities",3283,1593,1.078578,1.078578,1.078578,1.078578,938.21008300000005,47.460113999999997,700.01550299999997,0.49045,0.65673000000000004,1.3699999999999999E-3,1,1,1,0.26416000000000001,0.14794099999999999,1.15425,344.79605099999998
1961,2,"Forestry, fishing, and related activities",3400,1681,1.0540480000000001,1.0540480000000001,1.0540480000000001,1.0540480000000001,940.307007,51.502457,722.97430399999996,0.51119999999999999,0.69581000000000004,1.3699999999999999E-3,1,1,1,0.26862999999999998,0.15784400000000001,1.1349499999999999,351.56558200000001
1962,2,"Forestry, fishing, and related activities",3799,1860,1.068767,1.068767,1.068767,1.068767,1126.2460940000001,48.476447999999998,760.00244099999998,0.55671999999999999,0.75844999999999996,1.3699999999999999E-3,1,1,1,0.27367999999999998,0.15202299999999999,1.1104529999999999,354.118225
1963,2,"Forestry, fishing, and related activities",4255,2231,1.0987549999999999,1.0987549999999999,1.0987549999999999,1.0987549999999999,1192.923096,38.073338,788.60839799999997,0.60197999999999996,0.89988999999999997,1.3699999999999999E-3,1,1,1,0.28155999999999998,0.142095,1.092533,359.41928100000001
1947,3,Oil and gas extraction,3737,1707,0.81484800000000002,0.81484800000000002,0.30857800000000002,0.81484800000000002,1196.0297849999999,150.43777499999999,683.22387700000002,0.46344000000000002,0.43256,2.2200000000000002E-3,1,3.4399999999999999E-3,1,0.28060000000000002,0.22104399999999999,0.79143399999999997,241.640289
1948,3,Oil and gas extraction,5442,2278,0.87453599999999998,0.87453599999999998,0.57253799999999999,0.87453599999999998,2053.0754390000002,203.959915,903.768372,0.53239999999999998,0.51195000000000002,2.2200000000000002E-3,1,3.7299999999999998E-3,1,0.2898,0.24352499999999999,0.85707999999999995,257.908997
1949,3,Oil and gas extraction,4856,1800,0.88667700000000005,0.88667700000000005,0.54807700000000004,0.88667700000000005,1942.3599850000001,207.20173600000001,903.23040800000001,0.48898999999999998,0.40077000000000002,2.2200000000000002E-3,1,3.9199999999999999E-3,1,0.30058000000000001,0.22784299999999999,0.82636100000000001,235.62905900000001
1950,3,Oil and gas extraction,5241,1863,1.055366,1.055366,0.70758200000000004,1.055366,2536.8947750000002,167.317307,669.91430700000001,0.53176000000000001,0.40477999999999997,2.2200000000000002E-3,1,4.0000000000000001E-3,1,0.31313999999999997,0.26291900000000001,0.83738800000000002,250.09620699999999
1951,3,Oil and gas extraction,6040,2266,0.90543700000000005,0.90543700000000005,0.63526700000000003,0.90543700000000005,2390.8671880000002,276.07037400000002,1103.710693,0.59260999999999997,0.45322000000000001,2.2200000000000002E-3,1,4.15E-3,1,0.32735999999999998,0.28694799999999998,0.92869199999999996,282.95022599999999
1952,3,Oil and gas extraction,6267,2251,1.019344,1.019344,0.73558000000000001,1.019344,2783.8930660000001,257.41842700000001,970.89520300000004,0.61121999999999999,0.44253999999999999,2.2200000000000002E-3,1,4.45E-3,1,0.34344999999999998,0.32447300000000001,0.98846599999999996,304.58468599999998
1953,3,Oil and gas extraction,6896,2549,0.93755100000000002,0.93755100000000002,0.75721899999999998,0.93755100000000002,2775.2790530000002,341.36099200000001,1226.7899170000001,0.63678999999999997,0.48677999999999999,2.2200000000000002E-3,1,4.9800000000000001E-3,1,0.36285000000000001,0.35364400000000001,0.99648099999999995,319.79336499999999
1954,3,Oil and gas extraction,7136,2396,0.98300799999999999,0.98300799999999999,1.1106689999999999,0.98300799999999999,3217.7282709999999,339.44735700000001,1178.7645259999999,0.64617999999999998,0.46682000000000001,2.2200000000000002E-3,1,5.7299999999999999E-3,1,0.38480999999999999,0.37026100000000001,1.0001500000000001,327.03979500000003
1955,3,Oil and gas extraction,7644,2420,0.90658499999999997,0.90658499999999997,1.2068509999999999,0.90658499999999997,3294.6379390000002,433.74572799999999,1491.689697,0.68974000000000002,0.45573999999999998,2.2200000000000002E-3,1,6.3299999999999997E-3,1,0.40950999999999999,0.40322799999999998,1.0382739999999999,360.151703
1956,3,Oil and gas extraction,8229,2741,0.95234399999999997,0.95234399999999997,1.2447820000000001,0.95234399999999997,3578.9582519999999,436.74728399999998,1468.192505,0.72377000000000002,0.48438999999999999,2.2200000000000002E-3,1,6.7099999999999998E-3,1,0.43497000000000002,0.42139199999999999,1.0837410000000001,373.232483
1957,3,Oil and gas extraction,9071,3341,0.89407000000000003,0.89407000000000003,1.1253740000000001,0.89407000000000003,3513.6877439999998,524.09313999999995,1688.411499,0.74446999999999997,0.57550000000000001,2.2200000000000002E-3,1,6.8900000000000003E-3,1,0.45883000000000002,0.43271199999999999,1.0875429999999999,369.98782299999999
1958,3,Oil and gas extraction,8525,3003,0.95828999999999998,0.95828999999999998,1.08582,0.95828999999999998,3614.2617190000001,471.11129799999998,1432.66626,0.70904999999999996,0.52554000000000001,2.2200000000000002E-3,1,6.6899999999999998E-3,1,0.48011999999999999,0.41492800000000002,0.99467300000000003,336.82165500000002
1959,3,Oil and gas extraction,8770,3252,0.94013100000000005,0.94013100000000005,1.0155320000000001,0.94013100000000005,3539.7182619999999,498.419037,1476.0267329999999,0.73272999999999999,0.56654000000000004,2.2200000000000002E-3,1,6.2300000000000003E-3,1,0.49891999999999997,0.41299400000000003,1.0031810000000001,330.92031900000001
1960,3,Oil and gas extraction,8850,3387,0.88626700000000003,2.1949E-2,0.88236800000000004,0.88626700000000003,3316.3610840000001,533.315247,1610.647095,0.73534999999999995,0.58567999999999998,2.2200000000000002E-3,1.2999999999999999E-4,5.77E-3,1,0.51722999999999997,0.40259299999999998,0.93980699999999995,315.687073
1961,3,Oil and gas extraction,9108,3480,0.97516499999999995,0.33760000000000001,0.94478600000000001,0.97516499999999995,3780.3791500000002,449.53027300000002,1394.8572999999999,0.75407999999999997,0.60216999999999998,2.2200000000000002E-3,4.8000000000000001E-4,5.4900000000000001E-3,1,0.53481000000000001,0.394839,0.93342999999999998,302.032715
1962,3,Oil and gas extraction,9411,3666,0.98732799999999998,0.89033700000000005,0.91820299999999999,0.98732799999999998,3911.0041500000002,439.78161599999999,1390.430664,0.77000999999999997,0.63441000000000003,2.2200000000000002E-3,1.0300000000000001E-3,5.3099999999999996E-3,1,0.55225000000000002,0.38674399999999998,0.93545699999999998,295.25302099999999
1963,3,Oil and gas extraction,9628,3889,0.89571199999999995,1.3957170000000001,0.77741400000000005,0.89571199999999995,3564.806885,516.90222200000005,1653.3260499999999,0.79264999999999997,0.6865,2.2200000000000002E-3,1.72E-3,5.0499999999999998E-3,1,0.56901000000000002,0.37409100000000001,0.91598199999999996,285.27236900000003
1947,4,"Mining, except oil and gas",5565,2270,1.971984,1.971984,0.33108199999999999,1.971984,1402.8394780000001,98.068123,1793.7613530000001,0.62790999999999997,0.60767000000000004,2.3000000000000001E-4,1,4.28E-3,1,0.42942999999999998,0.419211,2.8162579999999999,1091.4964600000001
1948,4,"Mining, except oil and gas",6137,2275,1.860033,1.860033,0.35324800000000001,1.860033,1704.075317,114.488152,2037.5032960000001,0.53634999999999999,0.53007000000000004,2.3000000000000001E-4,1,4.7699999999999999E-3,1,0.44045000000000001,0.44281300000000001,2.738734,1113.27063
1949,4,"Mining, except oil and gas",5672,2732,2.0080279999999999,2.0080279999999999,0.377716,2.0080279999999999,1140.458374,101.603622,1691.5361330000001,0.49619000000000002,0.63012999999999997,2.3000000000000001E-4,1,5.2199999999999998E-3,1,0.45049,0.40060699999999999,2.266813,951.19744900000001
1950,4,"Mining, except oil and gas",6503,2918,1.954725,1.954725,0.36403200000000002,1.954725,1568.5593260000001,125.035004,1885.17749,0.55471999999999999,0.65414000000000005,2.3000000000000001E-4,1,5.64E-3,1,0.45845999999999998,0.487958,2.3703699999999999,991.89093000000003
1951,4,"Mining, except oil and gas",7376,3469,1.9721489999999999,1.9721489999999999,0.40413900000000003,1.9721489999999999,1603.5523679999999,143.58332799999999,2153.5437010000001,0.57745000000000002,0.70728999999999997,2.3000000000000001E-4,1,6.0299999999999998E-3,1,0.46567999999999998,0.48988599999999999,2.377043,1004.2421880000001
1952,4,"Mining, except oil and gas",7123,3657,2.002948,2.002948,0.39356999999999998,2.002948,1222.5095209999999,147.69369499999999,2089.3945309999999,0.54981000000000002,0.73848999999999998,2.3000000000000001E-4,1,6.3800000000000003E-3,1,0.47502,0.48511700000000002,2.2084280000000001,954.41204800000003
1953,4,"Mining, except oil and gas",7677,4134,2.015495,2.015495,0.44478600000000001,2.015495,1261.945557,155.65614299999999,2118.906982,0.57879000000000003,0.81854000000000005,2.3000000000000001E-4,1,6.7000000000000002E-3,1,0.48487999999999998,0.48190300000000003,2.0692050000000002,900.42559800000004
1954,4,"Mining, except oil and gas",7131,3947,1.951441,1.951441,0.41852099999999998,1.951441,1244.3283690000001,134.66798399999999,1798.730957,0.56386000000000003,0.78779999999999994,2.3000000000000001E-4,1,6.9899999999999997E-3,1,0.49096000000000001,0.42259400000000003,1.716669,778.95977800000003
1955,4,"Mining, except oil and gas",8202,4379,1.8146869999999999,1.8146869999999999,0.45513100000000001,1.8146869999999999,1745.8020019999999,142.139252,1929.1595460000001,0.63246000000000002,0.84928000000000003,2.3000000000000001E-4,1,7.2500000000000004E-3,1,0.49795,0.43051200000000001,1.827404,812.76769999999999
1956,4,"Mining, except oil and gas",8739,4453,1.7465489999999999,1.7465489999999999,0.51117800000000002,1.7465489999999999,1920.338501,165.10539199999999,2194.8051759999998,0.62199000000000004,0.82072000000000001,2.3000000000000001E-4,1,7.4700000000000001E-3,1,0.50736999999999999,0.46522999999999998,1.941487,860.44164999999998
1957,4,"Mining, except oil and gas",7951,3849,1.781226,1.781226,0.52592000000000005,1.781226,1658.5672609999999,175.36251799999999,2262.2006839999999,0.57135000000000002,0.69442999999999999,2.3000000000000001E-4,1,7.6600000000000001E-3,1,0.51617999999999997,0.470468,1.874776,840.89233400000001
1958,4,"Mining, except oil and gas",6732,3266,1.7849759999999999,1.7849759999999999,0.472972,1.7849759999999999,1388.7757570000001,157.850571,1913.545654,0.50288999999999995,0.59157999999999999,2.3000000000000001E-4,1,7.3299999999999997E-3,1,0.51641000000000004,0.42821300000000001,1.5675110000000001,723.490906
1959,4,"Mining, except oil and gas",7069,3797,2.245441,2.245441,0.44331599999999999,2.245441,1297.285034,149.69162,1817.8436280000001,0.52283000000000002,0.67630999999999997,2.3000000000000001E-4,1,6.4999999999999997E-3,1,0.51073000000000002,0.415686,1.533825,708.03417999999999
1960,4,"Mining, except oil and gas",7530,3921,2.1867320000000001,2.1867320000000001,0.381907,2.1867320000000001,1458.705322,162.92652899999999,1980.426025,0.56098999999999999,0.69189999999999996,2.3000000000000001E-4,1,5.7099999999999998E-3,1,0.50700000000000001,0.44157999999999997,1.5395700000000001,709.880493
1961,4,"Mining, except oil and gas",7457,3957,1.944836,2.8431000000000001E-2,0.33263100000000001,1.944836,1446.6412350000001,159.66944899999999,1889.438721,0.56008999999999998,0.69852000000000003,2.3000000000000001E-4,1.8E-3,5.45E-3,1,0.50595999999999997,0.46670899999999998,1.4424440000000001,671.07885699999997
1962,4,"Mining, except oil and gas",7448,3941,1.850063,0.84730899999999998,0.348827,1.850063,1430.0295410000001,160.858429,1911.2158199999999,0.55857000000000001,0.69221999999999995,2.3000000000000001E-4,5.13E-3,5.1999999999999998E-3,1,0.51219000000000003,0.49149900000000002,1.4155500000000001,664.10571300000004
1963,4,"Mining, except oil and gas",7523,3759,1.6938690000000001,1.4938039999999999,0.30576300000000001,1.6938690000000001,1646.009033,161.369034,1951.434692,0.56272999999999995,0.65895000000000004,2.3000000000000001E-4,1.1469999999999999E-2,4.4900000000000001E-3,1,0.52342999999999995,0.52516600000000002,1.4171530000000001,667.13586399999997
1947,5,Support activities for mining,1520,1065,0.42111599999999999,0.42111599999999999,0.42111599999999999,0.42111599999999999,45.5,69.797447000000005,339.70254499999999,0.32055,0.85850000000000004,2.1800000000000001E-3,1,1,1,0.21579999999999999,0.42403200000000002,0.52183299999999999,617.91094999999996
1948,5,Support activities for mining,2063,1394,0.363597,0.363597,0.363597,0.363597,65.445633000000001,105.641899,496.45806900000002,0.36886999999999998,1.0296099999999999,2.1800000000000001E-3,1,1,1,0.22075,0.45190599999999997,0.55759199999999998,632.88525400000003
1949,5,Support activities for mining,2024,1399,0.364396,0.364396,0.364396,0.364396,61.042416000000003,101.679626,460.82037400000002,0.35960999999999999,1.0024,2.1800000000000001E-3,1,1,1,0.22902,0.40201500000000001,0.53132599999999996,542.74694799999997
1950,5,Support activities for mining,2374,1678,0.36160900000000001,0.36160900000000001,0.36160900000000001,0.36160900000000001,68.153594999999996,120.285667,506.11428799999999,0.41194999999999998,1.1659200000000001,2.1800000000000001E-3,1,1,1,0.24012,0.45630900000000002,0.54319200000000001,566.13360599999999
1951,5,Support activities for mining,2812,2037,0.37453700000000001,0.37453700000000001,0.37453700000000001,0.37453700000000001,76.001853999999994,133.936127,563.56384300000002,0.44963999999999998,1.3019700000000001,2.1800000000000001E-3,1,1,1,0.24854999999999999,0.44883800000000001,0.60777700000000001,569.83398399999999
1952,5,Support activities for mining,3189,2382,0.38129800000000003,0.38129800000000003,0.38129800000000003,0.38129800000000003,79.174819999999997,147.40535,578.89465299999995,0.50343000000000004,1.4921800000000001,2.1800000000000001E-3,1,1,1,0.26035000000000003,0.45444899999999999,0.65394399999999997,542.87548800000002
1953,5,Support activities for mining,3488,2624,0.37657299999999999,0.37657299999999999,2.1540000000000001E-3,0.37657299999999999,85.268150000000006,164.56991600000001,613.03008999999997,0.53547999999999996,1.59466,2.1800000000000001E-3,1,4.2999999999999999E-4,1,0.27966000000000002,0.45314599999999999,0.67052400000000001,514.11663799999997
1954,5,Support activities for mining,3730,2808,0.354271,0.354271,1.0841E-2,0.354271,91.126366000000004,182.53050200000001,647.26946999999996,0.59816000000000003,1.66984,2.1800000000000001E-3,1,1.2800000000000001E-3,1,0.30245,0.40908099999999997,0.68804500000000002,446.21115099999997
1955,5,Support activities for mining,4058,3039,0.34715299999999999,0.34715299999999999,1.7260000000000001E-2,0.34715299999999999,100.841309,203.84974700000001,713.25024399999995,0.62560000000000004,1.7381800000000001,2.1800000000000001E-3,1,1.64E-3,1,0.32418000000000002,0.42501800000000001,0.72517900000000002,463.63299599999999
1956,5,Support activities for mining,4247,3168,0.35556300000000002,0.35556300000000002,1.5720999999999999E-2,0.35556300000000002,106.817612,220.546356,750.55364999999995,0.60321999999999998,1.7146600000000001,2.1800000000000001E-3,1,1.5299999999999999E-3,1,0.34287000000000001,0.455121,0.752135,488.69525099999998
1957,5,Support activities for mining,4146,3024,0.35244599999999998,0.35244599999999998,1.3755E-2,0.35244599999999998,111.128929,237.988495,771.81146200000001,0.57921999999999996,1.58667,2.1800000000000001E-3,1,1.42E-3,1,0.36387000000000003,0.46226600000000001,0.75281799999999999,475.51092499999999
1958,5,Support activities for mining,3753,2682,0.34120099999999998,0.34120099999999998,1.1155999999999999E-2,0.34120099999999998,106.065285,239.749268,724.15069600000004,0.54966000000000004,1.39655,2.1800000000000001E-3,1,1.2999999999999999E-3,1,0.38888,0.42326200000000003,0.69385799999999997,408.11200000000002
1959,5,Support activities for mining,3674,2605,0.34365899999999999,0.34365899999999999,9.7490000000000007E-3,0.34365899999999999,105.859306,244.74887100000001,717.35107400000004,0.53888000000000003,1.32152,2.1800000000000001E-3,1,1.1800000000000001E-3,1,0.41237000000000001,0.44053599999999998,0.68596000000000001,416.17672700000003
1960,5,Support activities for mining,3115,2052,0.33389799999999997,0.33389799999999997,8.4759999999999992E-3,0.33389799999999997,105.289879,241.69512900000001,715.00482199999999,0.45760000000000001,1.0288299999999999,2.1800000000000001E-3,1,1.0499999999999999E-3,1,0.43398999999999999,0.42789700000000003,0.64669200000000004,391.64599600000003
1961,5,Support activities for mining,2802,1713,0.328237,5.326E-3,7.4939999999999998E-3,0.328237,108.230728,245.10630800000001,734.993652,0.41393999999999997,0.86026000000000002,2.1800000000000001E-3,3.6000000000000002E-4,9.2000000000000003E-4,1,0.45493,0.43005399999999999,0.63404199999999999,379.426331
1962,5,Support activities for mining,2680,1568,0.395785,8.8349999999999998E-2,7.9609999999999993E-3,0.395785,133.21710200000001,243.453262,734.44177200000001,0.39295999999999998,0.78427999999999998,2.1800000000000001E-3,1.0300000000000001E-3,8.0000000000000004E-4,1,0.47667999999999999,0.42749300000000001,0.63096300000000005,371.70867900000002
1963,5,Support activities for mining,2451,1332,0.32321100000000003,0.12603500000000001,5.4460000000000003E-3,0.32321100000000003,111.122131,250.83058199999999,756.269409,0.35841000000000001,0.66905999999999999,2.1800000000000001E-3,1.9400000000000001E-3,6.8000000000000005E-4,1,0.50336000000000003,0.41668699999999997,0.61670199999999997,358.356964
1947,6,Utilities,6005,2539,5.7776839999999998,1.1499349999999999,2.3934160000000002,1.1499349999999999,2367.7878420000002,132.94674699999999,957.09442100000001,0.23579,0.22735,6.6E-4,1,3.8350000000000002E-2,1,0.16242000000000001,0.134439,0.837368,743.53723100000002
1948,6,Utilities,7053,3192,11.304759000000001,1.1995960000000001,2.6357560000000002,1.1995960000000001,2647.7531739999999,150.46109000000001,1046.445923,0.26790999999999998,0.25070999999999999,6.6E-4,1,4.0579999999999998E-2,1,0.17168,0.14282900000000001,0.85778600000000005,764.27209500000004
1949,6,Utilities,7391,2954,11.36711,1.1662889999999999,3.2745649999999999,1.1662889999999999,3055.82251,174.513733,1189.6895750000001,0.27472999999999997,0.23083999999999999,6.4999999999999997E-4,1,4.2020000000000002E-2,1,0.18190000000000001,0.14743300000000001,0.87243000000000004,775.00555399999996
1950,6,Utilities,8331,3447,15.543309000000001,1.433864,3.6663320000000001,1.433864,4096.0502930000002,109.628479,656.243469,0.30641000000000002,0.26432,6.4000000000000005E-4,1,4.3319999999999997E-2,1,0.19369,0.16586100000000001,0.87605200000000005,783.23022500000002
1951,6,Utilities,9370,3725,13.147534,1.2526219999999999,3.3585349999999998,1.2526219999999999,4278.7597660000001,192.531296,1154.697754,0.32919999999999999,0.26328000000000001,6.3000000000000003E-4,1,4.5350000000000001E-2,1,0.20655000000000001,0.16615199999999999,0.91406799999999999,805.05639599999995
1952,6,Utilities,10370,4222,14.300278,1.359782,3.741724,1.359782,5170.0253910000001,141.12863200000001,816.084656,0.34883999999999998,0.29493000000000003,6.3000000000000003E-4,1,4.8680000000000001E-2,1,0.21837999999999999,0.17000399999999999,0.92629799999999995,805.05187999999998
1953,6,Utilities,11642,4879,13.714902,1.1431800000000001,3.7450640000000002,1.1431800000000001,4773.4638670000004,297.54385400000001,1672.2463379999999,0.37729000000000001,0.33139000000000002,6.2E-4,1,5.4399999999999997E-2,1,0.23041,0.17594399999999999,0.95657000000000003,821.06555200000003
1954,6,Utilities,12651,5153,11.614269999999999,1.1324799999999999,4.4219460000000002,1.1324799999999999,5395.765625,318.61203,1765.3208010000001,0.39824999999999999,0.34743000000000002,6.0999999999999997E-4,1,6.1780000000000002E-2,1,0.24234,0.177148,0.96768600000000005,822.56066899999996
1955,6,Utilities,14006,5940,10.981457000000001,1.1299380000000001,4.87127,1.1299380000000001,5896.0908200000003,323.79705799999999,1828.0001219999999,0.42421999999999999,0.39097999999999999,5.9000000000000003E-4,1,6.8019999999999997E-2,1,0.25363999999999998,0.17277999999999999,0.97912500000000002,827.86108400000001
1956,6,Utilities,15424,6784,10.900171,1.156485,5.5932599999999999,1.156485,6468.578125,325.28976399999999,1827.325439,0.45506000000000002,0.4294,5.8E-4,1,7.2239999999999999E-2,1,0.26523999999999998,0.174759,1.005188,842.79559300000005
1957,6,Utilities,16585,7288,11.945888999999999,1.2307349999999999,6.4910870000000003,1.2307349999999999,7396.9804690000001,291.48263500000002,1587.638428,0.47641,0.44468000000000002,5.6999999999999998E-4,1,7.4219999999999994E-2,1,0.27692,0.17913100000000001,1.0133369999999999,845.49420199999997
1958,6,Utilities,17646,7657,10.639472,1.1413629999999999,5.9977600000000004,1.1413629999999999,7301.9892579999996,430.73065200000002,2237.3603520000001,0.48810999999999999,0.46838000000000002,5.6999999999999998E-4,1,7.2279999999999997E-2,1,0.28817999999999999,0.188387,1.0321849999999999,856.47015399999998
1959,6,Utilities,18879,7848,10.235967,1.195397,5.6088550000000001,1.195397,8487.0263670000004,404.89993299999998,2120.838135,0.50832999999999995,0.47261999999999998,5.8E-4,1,6.7530000000000007E-2,1,0.29955999999999999,0.18437400000000001,1.031182,852.20916699999998
1960,6,Utilities,20150,8146,9.601407,0.160911,4.7356410000000002,1.148306,9061.7734380000002,452.38504,2474.1960450000001,0.52193000000000001,0.48418,6.0999999999999997E-4,1.1E-4,6.2820000000000001E-2,1,0.31092999999999998,0.18987000000000001,1.0451619999999999,857.80718999999999
1961,6,Utilities,20868,8212,9.7234250000000007,2.073223,4.4140309999999996,1.1566529999999999,9670.5585940000001,424.47857699999997,2543.5961910000001,0.53180000000000005,0.48721999999999999,6.4000000000000005E-4,3.6999999999999999E-4,0.06,1,0.32138,0.19991300000000001,1.050557,856.46643100000006
1962,6,Utilities,21853,8408,10.21712,5.1222570000000003,4.6161649999999996,1.2414700000000001,11141.808594,302.89599600000003,1979.0979,0.55318999999999996,0.49509999999999998,7.2000000000000005E-4,6.7000000000000002E-4,5.7869999999999998E-2,1,0.33133000000000001,0.20358499999999999,1.052945,854.59722899999997
1963,6,Utilities,22363,8317,10.036182,7.2145210000000004,4.0800799999999997,1.1306689999999999,10694.619140999999,412.384094,2916.5349120000001,0.55861000000000005,0.48916999999999999,8.0999999999999996E-4,1.2099999999999999E-3,5.4949999999999999E-2,1,0.34137000000000001,0.20899200000000001,1.0642879999999999,860.62921100000005
1947,7,Construction,21209,12289,0.96157300000000001,0.96157300000000001,0.52465399999999995,0.96157300000000001,933.13159199999996,468.29080199999999,7518.0527339999999,0.25029000000000001,0.20526,1E-4,1,2.9299999999999999E-3,1,0.15139,0.104051,0.43682199999999999,6593.7329099999997
1948,7,Construction,27806,16696,0.72627699999999995,0.72627699999999995,0.46652300000000002,0.72627699999999995,1108.3546140000001,607.19152799999995,9391.8085940000001,0.29581000000000002,0.25446000000000002,1E-4,1,3.2200000000000002E-3,1,0.16542999999999999,0.10995199999999999,0.454899,6728.2563479999999
1949,7,Construction,28501,17286,0.72422399999999998,0.72422399999999998,0.520262,0.72422399999999998,1118.8070070000001,632.15454099999999,9461.3457030000009,0.30325000000000002,0.26035999999999998,1E-4,1,3.3899999999999998E-3,1,0.17824999999999999,0.10958900000000001,0.442969,6489.7373049999997
1950,7,Construction,35618,22841,1.0184679999999999,1.0184679999999999,0.67886100000000005,1.0184679999999999,1921.326294,754.18469200000004,10097.754883,0.36942999999999998,0.33038000000000001,1E-4,1,3.4499999999999999E-3,1,0.18679999999999999,0.127114,0.46389999999999998,6859.1391599999997
1951,7,Construction,37759,22513,0.88216399999999995,0.88216399999999995,0.59434799999999999,0.88216399999999995,1772.807129,924.72686799999997,12545.225586,0.36146,0.29633999999999999,1E-4,1,3.5899999999999999E-3,1,0.19707,0.13172500000000001,0.50438700000000003,7431.796875
1952,7,Construction,39339,22909,0.98912100000000003,0.98912100000000003,0.73884300000000003,0.98912100000000003,2080.336914,1024.503418,13321.454102,0.36642000000000002,0.29937000000000002,1E-4,1,3.9399999999999999E-3,1,0.20496,0.13633700000000001,0.51700999999999997,7510.0185549999997
1953,7,Construction,41869,24821,0.96210600000000002,0.96210600000000002,0.77101200000000003,0.96210600000000002,2066.6130370000001,1104.0804439999999,13873.649414,0.38685000000000003,0.31820999999999999,1E-4,1,4.47E-3,1,0.21331,0.134407,0.48923499999999998,7269.4711909999996
1954,7,Construction,44038,26872,0.82184299999999999,0.82184299999999999,0.72622799999999998,0.82184299999999999,1819.034668,1153.5458980000001,14190.227539,0.40961999999999998,0.34186,1E-4,1,5.0699999999999999E-3,1,0.21711,0.132191,0.47389799999999999,7086.560547
1955,7,Construction,48586,30156,0.85703099999999999,0.85703099999999999,0.81463399999999997,0.85703099999999999,2025.4461670000001,1222.8260499999999,15178.341796999999,0.44407999999999997,0.37241999999999997,1E-4,1,5.5199999999999997E-3,1,0.22298999999999999,0.132662,0.49307000000000001,7309.6674800000001
1956,7,Construction,51604,31330,1.001657,1.001657,1.101772,1.001657,2525.6196289999998,1337.97876,16406.294922000001,0.44923000000000002,0.37,1E-4,1,5.8199999999999997E-3,1,0.23058000000000001,0.13821900000000001,0.51724599999999998,7635.0952150000003
1957,7,Construction,52701,31411,0.88370800000000005,0.88370800000000005,1.0598970000000001,0.88370800000000005,2420.8298340000001,1487.017578,17378.441406000002,0.44835000000000003,0.36101,1E-4,1,5.9800000000000001E-3,1,0.23688000000000001,0.13875000000000001,0.49717099999999997,7384.7729490000002
1958,7,Construction,53587,32616,0.89467600000000003,0.89467600000000003,1.005997,0.89467600000000003,2345.8081050000001,1562.9536129999999,17058.548827999999,0.45529999999999998,0.37222,1E-4,1,5.79E-3,1,0.24359,0.142758,0.48761900000000002,7181.4897460000002
1959,7,Construction,59015,36289,0.82556300000000005,7.8073000000000004E-2,0.84013300000000002,0.82556300000000005,2323.584961,1709.713501,18690.132812,0.49746000000000001,0.40343000000000001,1E-4,2.7E-4,5.3899999999999998E-3,1,0.24979999999999999,0.146867,0.50687599999999999,7500.4750979999999
1960,7,Construction,58204,35066,0.84540800000000005,1.150107,0.75729500000000005,0.84540800000000005,2310.202393,1673.111572,19151.087890999999,0.49153999999999998,0.38650000000000001,1E-4,9.8999999999999999E-4,4.9800000000000001E-3,1,0.25649,0.14821100000000001,0.499753,7420.6455079999996
1961,7,Construction,59527,35429,0.82467900000000005,2.6821380000000001,0.71416900000000005,0.82467900000000005,2404.7551269999999,1716.3691409999999,19971.830077999999,0.49915999999999999,0.39094000000000001,1E-4,1.7899999999999999E-3,4.6899999999999997E-3,1,0.26129000000000002,0.15937299999999999,0.50224100000000005,7463.1298829999996
1962,7,Construction,62794,36866,0.90868700000000002,4.4387049999999997,0.77360899999999999,0.90868700000000002,2854.5073240000002,1771.091064,21295.371093999998,0.52302000000000004,0.40439999999999998,1E-4,2.4199999999999998E-3,4.5199999999999997E-3,1,0.26893,0.169791,0.51432100000000003,7615.65625
1963,7,Construction,66766,39110,0.82971899999999998,5.0210210000000002,0.69647300000000001,0.82971899999999998,2758.2246089999999,1847.0006100000001,23043.398438,0.55298000000000003,0.42857000000000001,1E-4,3.62E-3,4.3600000000000002E-3,1,0.27892,0.18124199999999999,0.53076500000000004,7814.1660160000001
1947,8,Wood products,5288,3570,1.186345,1.186345,5.2079789999999999,1.186345,438.76748700000002,37.228091999999997,1236.7963870000001,0.52488000000000001,0.54593000000000003,4.5300000000000002E-3,1,6.4699999999999994E-2,1,0.27016000000000001,0.15935199999999999,1.8250249999999999,1290.8930660000001
1948,8,Wood products,5090,3134,1.17109,1.17109,6.5347460000000002,1.17109,534.95703100000003,43.017173999999997,1367.9776609999999,0.44339000000000001,0.42892999999999998,4.5300000000000002E-3,1,7.1029999999999996E-2,1,0.29038000000000003,0.17364099999999999,1.746488,1349.8280030000001
1949,8,Wood products,4895,3189,1.1868099999999999,1.1868099999999999,6.2459959999999999,1.1868099999999999,430.32369999999997,39.743130000000001,1226.1267089999999,0.45799000000000001,0.44455,4.5300000000000002E-3,1,7.3800000000000004E-2,1,0.30507000000000001,0.15418899999999999,1.5223599999999999,1160.1870120000001
1950,8,Wood products,6648,4517,1.203166,1.203166,7.0080179999999999,1.203166,625.028503,52.371231000000002,1442.982788,0.54764999999999997,0.58911999999999998,4.5300000000000002E-3,1,7.646E-2,1,0.31422,0.19109899999999999,1.6617010000000001,1299.573975
1951,8,Wood products,7805,5391,1.182866,1.182866,7.2803709999999997,1.182866,665.56915300000003,60.310135000000002,1677.291626,0.58682000000000001,0.64098999999999995,4.5300000000000002E-3,1,8.0519999999999994E-2,1,0.33957999999999999,0.19683800000000001,1.747007,1396.5546879999999
1952,8,Wood products,7656,5382,1.0908580000000001,1.0908580000000001,6.073194,1.0908580000000001,495.80059799999998,65.389770999999996,1703.4638669999999,0.59126999999999996,0.63854,4.5300000000000002E-3,1,8.7429999999999994E-2,1,0.36276999999999998,0.19577900000000001,1.669176,1316.2438959999999
1953,8,Wood products,7671,5416,1.0534049999999999,1.0534049999999999,6.6066690000000001,1.0534049999999999,457.94201700000002,69.573822000000007,1717.7172849999999,0.59299000000000002,0.64063999999999999,4.5300000000000002E-3,1,9.7909999999999997E-2,1,0.37541999999999998,0.19500799999999999,1.5993710000000001,1261.2441409999999
1954,8,Wood products,7424,5269,0.97225700000000004,0.97225700000000004,6.538246,0.97225700000000004,428.46710200000001,68.306915000000004,1648.770996,0.58187999999999995,0.62095,4.5300000000000002E-3,1,0.10968,1,0.38311000000000001,0.17957300000000001,1.482208,1141.9724120000001
1955,8,Wood products,8602,6077,1.0693630000000001,1.0693630000000001,9.0084809999999997,1.0693630000000001,617.15997300000004,74.654289000000006,1820.969116,0.65288999999999997,0.70618999999999998,4.5300000000000002E-3,1,0.1202,1,0.39877000000000001,0.18707299999999999,1.5723039999999999,1227.7314449999999
1956,8,Wood products,8450,5917,1.0045189999999999,1.0045189999999999,9.0262829999999994,1.0045189999999999,542.40197799999999,78.971137999999996,1899.5870359999999,0.62990000000000002,0.67149999999999999,4.5300000000000002E-3,1,0.13066,1,0.42313000000000001,0.18560399999999999,1.5364819999999999,1217.4178469999999
1957,8,Wood products,7616,5329,0.97369700000000003,0.97369700000000003,9.2567839999999997,0.97369700000000003,438.04574600000001,77.161345999999995,1759.61499,0.59363999999999995,0.60753999999999997,4.5300000000000002E-3,1,0.14874999999999999,1,0.43712000000000001,0.17308999999999999,1.378144,1086.6820070000001
1958,8,Wood products,7319,5050,0.98189099999999996,0.98189099999999996,10.196031,0.98189099999999996,437.34750400000001,82.410477,1736.10022,0.58106000000000002,0.57589999999999997,4.5300000000000002E-3,1,0.16805999999999999,1,0.43953999999999999,0.173487,1.3277870000000001,1017.7761839999999
1959,8,Wood products,8312,5629,0.97834900000000002,4.0711999999999998E-2,11.505862,0.97834900000000002,588.52600099999995,94.792175,1986.178467,0.61963000000000001,0.61526000000000003,4.5300000000000002E-3,7.1000000000000002E-4,0.17916000000000001,1,0.44901000000000002,0.18550700000000001,1.4479470000000001,1102.862183
1960,8,Wood products,7574,5067,0.88570899999999997,0.41594100000000001,9.7288490000000003,0.88570899999999997,458.34710699999999,90.914390999999995,1945.8222659999999,0.58337000000000006,0.55952000000000002,4.5300000000000002E-3,1.32E-3,0.18265000000000001,1,0.46294999999999997,0.18831300000000001,1.387122,1054.6801760000001
1961,8,Wood products,7132,4716,0.86063599999999996,0.36300700000000002,9.5460019999999997,0.86063599999999996,441.32409699999999,101.27316999999999,1861.772461,0.56942999999999999,0.52722000000000002,4.5300000000000002E-3,1.7899999999999999E-3,0.17773,1,0.47043000000000001,0.287437,1.3076570000000001,988.71582000000001
1962,8,Wood products,7415,4801,0.88394700000000004,0.738564,10.136067000000001,0.88394700000000004,498.14669800000001,115.011673,1988.198975,0.58499999999999996,0.53093999999999997,4.5300000000000002E-3,2.8500000000000001E-3,0.17085,1,0.47853000000000001,0.37503500000000001,1.33399,1021.663818
1963,8,Wood products,7873,4990,0.92476199999999997,1.094517,11.323674,0.92476199999999997,627.48937999999998,122.586342,2118.6564939999998,0.61104000000000003,0.54542999999999997,4.5300000000000002E-3,4.3800000000000002E-3,0.16822000000000001,1,0.48947000000000002,0.46532099999999998,1.3642939999999999,1049.7202150000001
1947,9,Nonmetallic mineral products,3715,1690,1.1583380000000001,1.1583380000000001,23.660982000000001,1.1583380000000001,776.63031000000001,98.996414000000001,1125.71228,0.37986999999999999,0.29036000000000001,1.56E-3,1,6.3170000000000004E-2,1,0.215893,0.26625100000000002,1.2206300000000001,969.41021699999999
1948,9,Nonmetallic mineral products,3883,1527,1.113029,1.113029,25.717203000000001,1.113029,928.45318599999996,117.064751,1281.4257809999999,0.36487000000000003,0.23751,1.56E-3,1,6.4390000000000003E-2,1,0.22070100000000001,0.29654599999999998,1.2290639999999999,1039.113159
1949,9,Nonmetallic mineral products,4045,1679,1.0981920000000001,1.0981920000000001,27.798994,1.0981920000000001,992.43145800000002,115.229675,1227.245361,0.36060999999999999,0.25872000000000001,1.56E-3,1,6.4930000000000002E-2,1,0.22317100000000001,0.277115,1.1286780000000001,944.91900599999997
1950,9,Nonmetallic mineral products,5032,2092,1.0702480000000001,1.0702480000000001,29.250221,1.0702480000000001,1368.2508539999999,148.838303,1390.4498289999999,0.43485000000000001,0.31369999999999998,1.56E-3,1,6.5589999999999996E-2,1,0.23269300000000001,0.34261900000000001,1.2303459999999999,1036.7883300000001
1951,9,Nonmetallic mineral products,5674,2309,1.0830169999999999,1.0830169999999999,30.432205,1.0830169999999999,1472.930298,184.73966999999999,1673.6489260000001,0.45992,0.31469999999999998,1.56E-3,1,6.6879999999999995E-2,1,0.24238199999999999,0.37087799999999999,1.32195,1127.631592
1952,9,Nonmetallic mineral products,5514,2295,1.0867249999999999,1.0867249999999999,28.331126999999999,1.0867249999999999,1311.789307,201.187881,1674.431519,0.44035999999999997,0.31064000000000003,1.56E-3,1,7.0260000000000003E-2,1,0.247613,0.386185,1.2765439999999999,1094.6085210000001
1953,9,Nonmetallic mineral products,5936,2326,1.065226,1.065226,33.305973000000002,1.065226,1504.4654539999999,237.91395600000001,1831.119019,0.45727000000000001,0.30930999999999997,1.56E-3,1,7.664E-2,1,0.25034099999999998,0.41391099999999997,1.2940609999999999,1103.0976559999999
1954,9,Nonmetallic mineral products,5924,2233,1.0342260000000001,1.0342260000000001,36.585346000000001,1.0342260000000001,1583.3055420000001,247.516617,1820.48999,0.44309999999999999,0.29541000000000001,1.56E-3,1,8.5620000000000002E-2,1,0.25839200000000001,0.40211200000000002,1.243204,1033.25415
1955,9,Nonmetallic mineral products,6883,2482,1.0226200000000001,1.0226200000000001,47.541888999999998,1.0226200000000001,2055.6777339999999,277.59258999999997,2017.119995,0.49876999999999999,0.32041999999999998,1.56E-3,1,9.6689999999999998E-2,1,0.27716400000000002,0.43029099999999998,1.337844,1112.096802
1956,9,Nonmetallic mineral products,7284,2763,1.0213410000000001,1.0213410000000001,52.650252999999999,1.0213410000000001,1968.435913,311.33322099999998,2185.5166020000001,0.50282000000000004,0.34166000000000002,1.56E-3,1,0.11148,1,0.29672199999999999,0.45123099999999999,1.3623609999999999,1140.1304929999999
1957,9,Nonmetallic mineral products,7144,2555,1.026189,1.026189,59.283557999999999,1.026189,1947.0614009999999,339.05270400000001,2240.523682,0.47456999999999999,0.30790000000000001,1.56E-3,1,0.12948999999999999,1,0.30623400000000001,0.46155400000000002,1.325342,1107.133057
1958,9,Nonmetallic mineral products,8632,3987,1.039296,1.039296,68.481139999999996,1.039296,2038.3298339999999,356.57247899999999,2178.4985350000002,0.56098000000000003,0.47748000000000002,1.56E-3,1,0.15568000000000001,1,0.314054,0.46654899999999999,1.2638640000000001,1043.818237
1959,9,Nonmetallic mineral products,10157,4790,1.0140499999999999,1.0140499999999999,85.623412999999999,1.0140499999999999,2389.7539059999999,411.64456200000001,2476.9360350000002,0.64986999999999995,0.56435999999999997,1.56E-3,1,0.19089999999999999,1,0.32390799999999997,0.51286699999999996,1.3839079999999999,1143.404297
1960,9,Nonmetallic mineral products,10196,4974,1.0371980000000001,0.24416599999999999,92.863097999999994,1.0371980000000001,2145.826172,420.89413500000001,2560.0981449999999,0.64858000000000005,0.57987999999999995,1.56E-3,1.6000000000000001E-3,0.22631000000000001,1,0.33231100000000002,0.53814200000000001,1.3788990000000001,1127.9678960000001
1961,9,Nonmetallic mineral products,10288,5120,1.027109,1.7556959999999999,106.039497,1.027109,2097.391357,349.06738300000001,2611.6918949999999,0.65873999999999999,0.59830000000000005,1.56E-3,5.1700000000000001E-3,0.25768999999999997,1,0.34344599999999997,0.49073099999999997,1.3323130000000001,1084.3831789999999
1962,9,Nonmetallic mineral products,10951,5477,1.030599,3.7540629999999999,124.67192799999999,1.030599,2179.217529,311.01672400000001,2853.2785640000002,0.70135000000000003,0.63688999999999996,1.56E-3,9.3399999999999993E-3,0.28866000000000003,1,0.35277700000000001,0.47643099999999999,1.358465,1111.3402100000001
1963,9,Nonmetallic mineral products,11809,5952,1.0099560000000001,5.6007629999999997,144.89117400000001,1.0099560000000001,2350.1445309999999,276.610229,3077.733154,0.76068999999999998,0.69262999999999997,1.56E-3,1.3480000000000001E-2,0.32253999999999999,1,0.36283100000000001,0.46034000000000003,1.397079,1126.893677
1947,10,Primary metals,14288,8881,1.2454639999999999,1.2454639999999999,51.040176000000002,1.2454639999999999,2034.1785890000001,316.37619000000001,3005.405029,0.91788999999999998,0.69496000000000002,2.0999999999999999E-3,1,0.17882000000000001,1,0.44896999999999998,0.61582599999999998,3.1973470000000002,2240.6982419999999
1948,10,Primary metals,12446,6580,1.190194,1.190194,58.604636999999997,1.190194,2180.7124020000001,352.96319599999998,3270.1491700000001,0.70306999999999997,0.45323000000000002,2.0999999999999999E-3,1,0.19721,1,0.46832000000000001,0.652258,3.2435010000000002,2280.3059079999998
1949,10,Primary metals,12342,6722,1.1545559999999999,1.1545559999999999,65.154785000000004,1.1545559999999999,2325.5527339999999,319.07574499999998,2906.7531739999999,0.67918000000000001,0.45521,2.0999999999999999E-3,1,0.21095,1,0.48360999999999998,0.57582800000000001,2.7423120000000001,1960.8460689999999
1950,10,Primary metals,16661,9448,1.140282,1.140282,89.380600000000001,1.140282,3151.5534670000002,423.29116800000003,3545.35376,0.86612,0.61638999999999999,2.0999999999999999E-3,1,0.22358,1,0.48973,0.72218700000000002,3.1647660000000002,2216.7219239999999
1951,10,Primary metals,19455,10235,1.101459,1.101459,111.675262,1.101459,4172.6904299999997,531.114014,4401.2158200000003,0.93001999999999996,0.61075999999999997,2.0999999999999999E-3,1,0.2384,1,0.51593,0.78964900000000005,3.5276640000000001,2459.8203119999998
1952,10,Primary metals,18198,9910,1.1343749999999999,1.1343749999999999,83.682877000000005,1.1343749999999999,3203.303711,564.73028599999998,4432.8798829999996,0.85255000000000003,0.58448999999999995,2.0999999999999999E-3,1,0.25964999999999999,1,0.55937000000000003,0.797288,3.2921100000000001,2335.2397460000002
1953,10,Primary metals,23169,13071,1.091167,1.091167,116.892357,1.091167,4259.7973629999997,674.09887700000002,5043.9379879999997,1.03955,0.75070999999999999,2.0999999999999999E-3,1,0.29386000000000001,1,0.59399000000000002,0.88099400000000005,3.5504159999999998,2453.4689939999998
1954,10,Primary metals,22800,14134,1.1076539999999999,1.1076539999999999,123.550957,1.1076539999999999,3422.3911130000001,620.448669,4496.2861329999996,0.98736999999999997,0.80169999999999997,2.0999999999999999E-3,1,0.33805000000000002,1,0.60965000000000003,0.79775399999999996,3.0120049999999998,2142.3891600000002
1955,10,Primary metals,29059,18015,1.0875729999999999,1.0875729999999999,185.19511399999999,1.0875729999999999,4706.625,752.36926300000005,5396.5478519999997,1.1803699999999999,0.97997000000000001,2.0999999999999999E-3,1,0.38286999999999999,1,0.62287999999999999,0.88100999999999996,3.5004439999999999,2374.3325199999999
1956,10,Primary metals,31122,19422,1.0660780000000001,1.0660780000000001,187.715881,1.0660780000000001,4756.3862300000001,845.38269000000003,5907.3168949999999,1.1630100000000001,0.99312999999999996,2.0999999999999999E-3,1,0.42925000000000002,1,0.65217999999999998,0.92513000000000001,3.5729289999999998,2434.8579100000002
1957,10,Primary metals,28151,15747,1.0595220000000001,1.0595220000000001,194.89489699999999,1.0595220000000001,5061.6132809999999,931.17517099999998,6213.1381840000004,1.03108,0.78786,2.0999999999999999E-3,1,0.47926000000000002,1,0.69540999999999997,0.958453,3.4504280000000001,2389.9716800000001
1958,10,Primary metals,24475,14247,1.1076490000000001,1.1076490000000001,154.968964,1.1076490000000001,3894.5527339999999,849.11669900000004,5326.0385740000002,0.89466999999999997,0.71309,2.0999999999999999E-3,1,0.52730999999999995,1,0.72572999999999999,0.86356100000000002,2.8342939999999999,1998.823975
1959,10,Primary metals,29170,17642,1.084827,1.084827,193.675568,1.084827,4396.9760740000002,967.20745799999997,5966.8862300000001,1.0317499999999999,0.86253999999999997,2.0999999999999999E-3,1,0.57972000000000001,1,0.73902999999999996,0.91187799999999997,3.0782150000000001,2087.8566890000002
1960,10,Primary metals,29478,17867,1.1147959999999999,0.356182,209.98684700000001,1.1147959999999999,4131.2617190000001,1018.01532,6249.1503910000001,1.03196,0.86485000000000001,2.0999999999999999E-3,3.8500000000000001E-3,0.64293,1,0.75543000000000005,0.98619500000000004,3.0568309999999999,2116.4169919999999
1961,10,Primary metals,29046,18160,1.1262000000000001,3.943168,203.65982099999999,1.1262000000000001,3670.9711910000001,992.41143799999998,6012.7617190000001,1.0296099999999999,0.88312999999999997,2.0999999999999999E-3,1.064E-2,0.70728000000000002,1,0.77093,1.0511189999999999,2.8730630000000001,2003.138428
1962,10,Primary metals,31239,19439,1.111864,7.4563969999999999,242.592804,1.111864,4004.5341800000001,1076.3043210000001,6466.888672,1.1087,0.94379999999999997,2.0999999999999999E-3,1.78E-2,0.76439000000000001,1,0.78271999999999997,1.204034,2.9609969999999999,2096.767578
1963,10,Primary metals,33297,20801,1.077969,13.104331,279.82238799999999,1.077969,4344.1489259999998,1125.034668,6731.7333980000003,1.1857800000000001,1.0124,2.0999999999999999E-3,3.5229999999999997E-2,0.82079000000000002,1,0.79635,1.3422369999999999,3.0209609999999998,2149.6721189999998
1947,11,Fabricated metal products,11805,7217,1.095798,1.095798,49.974559999999997,1.095798,1045.855957,276.404968,3215.764404,0.38940999999999998,0.40128999999999998,3.6000000000000002E-4,1,8.0600000000000005E-2,1,0.1807,0.26616699999999999,0.91305899999999995,2461.282471
1948,11,Fabricated metal products,12046,6800,1.0874619999999999,1.0874619999999999,72.811272000000002,1.0874619999999999,1364.5795900000001,311.02444500000001,3494.32251,0.35887000000000002,0.34256999999999999,3.6000000000000002E-4,1,8.6989999999999998E-2,1,0.19081000000000001,0.28087600000000001,0.89929499999999996,2504.8889159999999
1949,11,Fabricated metal products,12609,7745,1.0812600000000001,1.0812600000000001,71.505577000000002,1.0812600000000001,1208.362427,299.20315599999998,3281.6850589999999,0.36571999999999999,0.38345000000000001,3.6000000000000002E-4,1,9.1469999999999996E-2,1,0.19578999999999999,0.255492,0.78995499999999996,2222.7414549999999
1950,11,Fabricated metal products,15653,9620,1.058716,1.058716,87.083922999999999,1.058716,1703.3214109999999,391.00131199999998,3848.4172359999998,0.43636999999999998,0.45665,3.6000000000000002E-4,1,9.5500000000000002E-2,1,0.19968,0.31904700000000003,0.89341199999999998,2523.486328
1951,11,Fabricated metal products,20276,12775,1.0769329999999999,1.0769329999999999,98.895827999999995,1.0769329999999999,2158.149414,511.22790500000002,4729.4960940000001,0.50880000000000003,0.55144000000000004,3.6000000000000002E-4,1,0.10068000000000001,1,0.21745,0.369981,1.0122,2820.0620119999999
1952,11,Fabricated metal products,21426,13759,1.065021,1.065021,88.827636999999996,1.065021,1811.2535399999999,619.11547900000005,5144.6083980000003,0.54198000000000002,0.58648,3.6000000000000002E-4,1,0.10904999999999999,1,0.23522000000000001,0.41695300000000002,1.0397019999999999,2893.1518550000001
1953,11,Fabricated metal products,24458,15970,1.0502670000000001,1.0502670000000001,96.511139,1.0502670000000001,1761.6412350000001,776.24151600000005,5850.455078,0.60724,0.66298999999999997,3.6000000000000002E-4,1,0.12282,1,0.24706,0.48586200000000002,1.117024,3104.3120119999999
1954,11,Fabricated metal products,20323,12398,0.99870800000000004,0.99870800000000004,99.409453999999997,0.99870800000000004,1617.4991460000001,777.39996299999996,5427.6953119999998,0.50090999999999997,0.50605999999999995,3.6000000000000002E-4,1,0.14061000000000001,1,0.25402999999999998,0.46531899999999998,0.994475,2777.7397460000002
1955,11,Fabricated metal products,21839,13142,1.0290520000000001,1.0290520000000001,118.847137,1.0290520000000001,1803.8039550000001,877.394226,5893.8676759999998,0.51563999999999999,0.51370000000000005,3.6000000000000002E-4,1,0.15886,1,0.26444000000000001,0.50924899999999995,1.0612900000000001,2974.7763669999999
1956,11,Fabricated metal products,23517,14204,0.999,0.999,133.80371099999999,0.999,1835.2270510000001,999.01208499999996,6341.9599609999996,0.52232999999999996,0.52190999999999999,3.6000000000000002E-4,1,0.17710000000000001,1,0.28222999999999998,0.54143200000000002,1.0854360000000001,3030.584961
1957,11,Fabricated metal products,24357,14484,0.98954200000000003,0.98954200000000003,148.848297,0.98954200000000003,1895.580688,1138.028564,6687.5737300000001,0.51870000000000005,0.51756000000000002,3.6000000000000002E-4,1,0.19688,1,0.29672999999999999,0.57744099999999998,1.084994,3020.4777829999998
1958,11,Fabricated metal products,22266,13190,1.002086,1.002086,153.48602299999999,1.002086,1737.4578859999999,1131.9617920000001,6050.0878910000001,0.46677999999999997,0.46808,3.6000000000000002E-4,1,0.21673000000000001,1,0.30064999999999997,0.55827499999999997,0.94278899999999999,2679.9880370000001
1959,11,Fabricated metal products,24781,14732,0.96992800000000001,0.96992800000000001,159.08833300000001,0.96992800000000001,1889.975952,1299.603149,6697.4228519999997,0.5121,0.50873000000000002,3.6000000000000002E-4,1,0.23471,1,0.30714999999999998,0.61081300000000005,1.01508,2858.2451169999999
1960,11,Fabricated metal products,24073,13975,0.97442200000000001,0.323689,157.514374,0.97442200000000001,1656.650513,1346.6868899999999,6934.8754879999997,0.49187999999999998,0.47688000000000003,3.6000000000000002E-4,6.6E-4,0.25237999999999999,1,0.31624999999999998,0.642625,1.0179149999999999,2838.3244629999999
1961,11,Fabricated metal products,23164,12922,0.94325499999999995,3.091161,175.36672999999999,0.94325499999999995,1829.120361,1303.079346,6929.4555659999996,0.47108,0.44240000000000002,3.6000000000000002E-4,1.99E-3,0.26844000000000001,1,0.32090000000000002,0.611097,0.983483,2726.0195309999999
1962,11,Fabricated metal products,24823,13449,0.94959099999999996,6.4241339999999996,204.15872200000001,0.94959099999999996,2127.4804690000001,1380.6986079999999,7653.3383789999998,0.50168999999999997,0.45931,3.6000000000000002E-4,3.4399999999999999E-3,0.28438000000000002,1,0.33101999999999998,0.63146599999999997,1.0493669999999999,2874.1967770000001
1963,11,Fabricated metal products,25937,14006,0.92662699999999998,9.8117409999999996,216.22560100000001,0.92662699999999998,2221.388672,1395.3364260000001,8086.3842770000001,0.52019000000000004,0.47897000000000001,3.6000000000000002E-4,6.0600000000000003E-3,0.30364999999999998,1,0.34177000000000002,0.62484799999999996,1.0736669999999999,2911.8728030000002
1947,12,Machinery,10053,5006,1.662166,1.662166,267.44799799999998,1.662166,1948.362793,239.34312399999999,2591.8461910000001,0.23175000000000001,0.22992000000000001,4.4999999999999999E-4,1.0000009999999999,5.1429999999999997E-2,1,0.12457,0.21557799999999999,1.1400060000000001,2228.741211
1948,12,Machinery,9930,4188,1.488966,1.488966,345.238159,1.488966,2224.727539,276.59298699999999,2890.974365,0.21099000000000001,0.17732999999999999,4.4999999999999999E-4,1.0000009999999999,5.7160000000000002E-2,1,0.13228999999999999,0.23167199999999999,1.122773,2316.7373050000001
1949,12,Machinery,9776,4433,1.3930169999999999,1.3930169999999999,362.28500400000001,1.3930169999999999,2196.3393550000001,247.58107000000001,2532.6154790000001,0.19875999999999999,0.18440000000000001,4.4999999999999999E-4,1.0000009999999999,6.1800000000000001E-2,1,0.13633000000000001,0.19896800000000001,0.93613400000000002,1949.4560550000001
1950,12,Machinery,11024,4967,1.38435,1.38435,405.46499599999999,1.38435,2561.4365229999999,309.35272200000003,2776.592529,0.21553,0.19722999999999999,4.4999999999999999E-4,1.0000009999999999,6.6119999999999998E-2,1,0.13794000000000001,0.23235900000000001,1.0099199999999999,2058.1796880000002
1951,12,Machinery,14015,5566,1.343953,1.343953,501.415009,1.343953,3666.6892090000001,444.728973,3832.1347660000001,0.25012000000000001,0.20068,4.4999999999999999E-4,1.0000009999999999,7.1290000000000006E-2,1,0.15085999999999999,0.287271,1.2621899999999999,2519.8320309999999
1952,12,Machinery,15335,6029,1.3504780000000001,1.3504780000000001,524.42388900000003,1.3504780000000001,3947.7387699999999,548.18438700000002,4281.6010740000002,0.27115,0.21382999999999999,4.4999999999999999E-4,1.0000009999999999,7.8630000000000005E-2,1,0.16438,0.32621800000000001,1.320452,2658.7458499999998
1953,12,Machinery,15645,6115,1.4689620000000001,1.4689620000000001,584.67218000000003,1.4689620000000001,3750.4401859999998,636.96832300000005,4553.5126950000003,0.27009,0.21131,4.4999999999999999E-4,1.0000009999999999,8.9899999999999994E-2,1,0.17257,0.34869600000000001,1.3308979999999999,2661.7966310000002
1954,12,Machinery,14465,5655,1.440056,1.440056,614.86096199999997,1.440056,3408.7858890000002,621.18658400000004,4160.8461909999996,0.246,0.19325999999999999,4.4999999999999999E-4,1.0000009999999999,0.10267,1,0.17563999999999999,0.324764,1.1649560000000001,2360.8359380000002
1955,12,Machinery,16066,6874,1.5078530000000001,1.5078530000000001,690.68768299999999,1.5078530000000001,3440.3864749999998,675.33831799999996,4381.0639650000003,0.26456000000000002,0.22603000000000001,4.4999999999999999E-4,1.0000009999999999,0.11398,1,0.18076,0.34007900000000002,1.2168380000000001,2445.9228520000001
1956,12,Machinery,18263,7513,1.420774,1.420774,813.97167999999999,1.420774,4054.8784179999998,816.205872,5060.6816410000001,0.27960000000000002,0.23318,4.4999999999999999E-4,1.0000009999999999,0.12514,1,0.19206000000000001,0.37543199999999999,1.321178,2629.0241700000001
1957,12,Machinery,18196,7210,1.459112,1.459112,865.34991500000001,1.459112,3997.149414,902.93768299999999,5216.185547,0.26247999999999999,0.21626999999999999,4.4999999999999999E-4,1.0000009999999999,0.13583999999999999,1,0.20168,0.392065,1.2938270000000001,2597.9973140000002
1958,12,Machinery,17950,8324,1.526346,1.526346,832.62756300000001,1.526346,3392.686279,858.02642800000001,4538.0805659999996,0.25417000000000001,0.24745,4.4999999999999999E-4,1.0000009999999999,0.14273,1,0.20355999999999999,0.36045899999999997,1.0937509999999999,2224.9465329999998
1959,12,Machinery,20176,8806,1.4167989999999999,0.17549600000000001,901.26452600000005,1.4167989999999999,4256.1850590000004,1016.185425,5193.3559569999998,0.27822000000000002,0.25317000000000001,4.4999999999999999E-4,6.0000000000000002E-5,0.14860000000000001,1,0.20774999999999999,0.402028,1.218032,2432.742432
1960,12,Machinery,20757,9302,1.492982,2.2515700000000001,916.797729,1.492982,4079.366943,1055.4235839999999,5398.1733400000003,0.28245999999999999,0.26390999999999998,4.4999999999999999E-4,5.5999999999999995E-4,0.15562999999999999,1,0.21435999999999999,0.41992600000000002,1.220072,2413.6899410000001
1961,12,Machinery,21055,9531,1.4461379999999999,9.5794130000000006,952.39843800000006,1.4461379999999999,4123.1943359999996,947.03100600000005,5488.9047849999997,0.28504000000000002,0.27029999999999998,4.4999999999999999E-4,1.6000000000000001E-3,0.16159000000000001,1,0.21747,0.37684400000000001,1.1963839999999999,2331.178711
1962,12,Machinery,23292,10213,1.3917630000000001,19.97418,1067.8795170000001,1.3917630000000001,4802.376953,942.203979,6243.7817379999997,0.31325999999999998,0.28855999999999998,4.4999999999999999E-4,2.7799999999999999E-3,0.16694999999999999,1,0.22578999999999999,0.36948700000000001,1.3031630000000001,2485.6530760000001
1963,12,Machinery,25465,11881,1.3892059999999999,29.936539,1092.50647,1.3892059999999999,4892.8110349999997,881.70812999999998,6684.2597660000001,0.34068999999999999,0.33561000000000002,4.4999999999999999E-4,4.6299999999999996E-3,0.17227000000000001,1,0.23366999999999999,0.34900300000000001,1.3548709999999999,2565.6899410000001
1947,13,Computer and electronic products,3801,1056,17.329552,0.596692,19.575078999999999,0.596692,297.30825800000002,345.91778599999998,2064.869385,8.0000000000000002E-3,2.5090000000000001E-2,1.72E-3,1,6.0800000000000003E-3,1,7.2040000000000007E-2,7.2549000000000002E-2,1.3962749999999999,1547.9907229999999
1948,13,Computer and electronic products,3636,672,22.504142999999999,0.61668400000000001,25.013960000000001,0.61668400000000001,350.31225599999999,374.75817899999998,2190.1782229999999,7.77E-3,1.502E-2,1.6900000000000001E-3,1,6.4999999999999997E-3,1,7.6380000000000003E-2,7.4027999999999997E-2,1.3504430000000001,1528.457275
1949,13,Computer and electronic products,3456,629,18.983032000000001,0.51437100000000002,25.17268,0.51437100000000002,341.35562099999999,361.29892000000001,2079.1611330000001,7.6299999999999996E-3,1.3990000000000001E-2,1.64E-3,1,6.77E-3,1,7.8939999999999996E-2,6.3546000000000005E-2,1.157116,1284.644775
1950,13,Computer and electronic products,4528,1055,16.463744999999999,0.34805199999999997,23.123508000000001,0.34805199999999997,319.72668499999997,496.97067299999998,2616.0192870000001,8.3099999999999997E-3,2.2079999999999999E-2,1.56E-3,1,6.9899999999999997E-3,1,8.0240000000000006E-2,8.3779000000000006E-2,1.3064229999999999,1524.302612
1951,13,Computer and electronic products,5231,868,28.174220999999999,0.60245899999999997,41.515597999999997,0.60245899999999997,662.87866199999996,601.98382600000002,3027.2426759999998,7.5700000000000003E-3,1.6109999999999999E-2,1.49E-3,1,7.3800000000000003E-3,1,8.7800000000000003E-2,9.9759E-2,1.5382180000000001,1749.7346190000001
1952,13,Computer and electronic products,6574,1588,61.607700000000001,1.3269329999999999,105.725143,1.3269329999999999,1710.4780270000001,554.00006099999996,2551.5354000000002,8.8599999999999998E-3,2.886E-2,1.4499999999999999E-3,1,8.1200000000000005E-3,1,9.5339999999999994E-2,0.119148,1.6269279999999999,1895.942871
1953,13,Computer and electronic products,8078,2602,18.42728,0.44624900000000001,38.344363999999999,0.44624900000000001,551.62445100000002,924.95355199999995,3941.7578119999998,1.022E-2,4.5929999999999999E-2,1.42E-3,1,9.41E-3,1,9.9820000000000006E-2,0.14219200000000001,1.7432049999999999,2084.421143
1954,13,Computer and electronic products,7656,2639,117.884216,3.1827890000000001,347.14239500000002,3.1827890000000001,3648.0561520000001,178.92008999999999,718.63189699999998,1.09E-2,4.7079999999999997E-2,1.3600000000000001E-3,1,1.021E-2,1,0.10183,0.13337199999999999,1.5495890000000001,1841.721802
1955,13,Computer and electronic products,7837,2498,16.883253,0.50618099999999999,52.212471000000001,0.50618099999999999,563.55895999999996,961.79101600000001,3743.5419919999999,1.01E-2,4.2590000000000003E-2,1.2999999999999999E-3,1,1.0869999999999999E-2,1,0.1053,0.143926,1.613335,1949.488159
1956,13,Computer and electronic products,9397,3374,17.981027999999998,0.55306,66.043899999999994,0.55306,701.44464100000005,1104.5020750000001,4131.9223629999997,1.0710000000000001E-2,5.3960000000000001E-2,1.2600000000000001E-3,1,1.2919999999999999E-2,1,0.11224000000000001,0.157559,1.724032,2065.804443
1957,13,Computer and electronic products,11971,5237,17.610057999999999,0.513961,87.314278000000002,0.513961,769.13653599999998,1295.7579350000001,4563.1533200000003,1.316E-2,8.1119999999999998E-2,1.25E-3,1,1.7850000000000001E-2,1,0.11799999999999999,0.16786999999999999,1.7306619999999999,2073.9160160000001
1958,13,Computer and electronic products,13777,7119,14.547896,0.45677299999999998,105.50608800000001,0.45677299999999998,642.02954099999999,1379.2730710000001,4515.7299800000001,1.6140000000000002E-2,0.11135,1.25E-3,1,2.5590000000000002E-2,1,0.11924999999999999,0.163692,1.552737,1881.682861
1959,13,Computer and electronic products,17340,9434,15.072831000000001,1.5206000000000001E-2,155.37390099999999,0.40132200000000001,653.96984899999995,1695.690186,5385.4770509999998,1.7350000000000001E-2,0.13757,1.24E-3,1.0000000000000001E-5,3.3980000000000003E-2,1,0.122,0.19320999999999999,1.71505,2169.4099120000001
1960,13,Computer and electronic products,17493,9265,17.691054999999999,0.36252899999999999,246.79710399999999,0.54696800000000001,780.49255400000004,1720.9602050000001,5461.1494140000004,1.721E-2,0.13311000000000001,1.25E-3,1E-4,4.249E-2,1,0.12662999999999999,0.21029400000000001,1.7363249999999999,2244.1416020000001
1961,13,Computer and electronic products,18889,10334,18.814848000000001,2.4079130000000002,319.77716099999998,0.59825700000000004,832.22265600000003,1766.8157960000001,5614.3632809999999,1.848E-2,0.14802000000000001,1.31E-3,2.7999999999999998E-4,5.1799999999999999E-2,1,0.12964999999999999,0.22364100000000001,1.694412,2250.2314449999999
1962,13,Computer and electronic products,21072,11551,19.730412999999999,5.1689920000000003,400.01678500000003,0.58994899999999995,905.37133800000004,1951.962158,6238.1601559999999,2.077E-2,0.16542999999999999,1.4300000000000001E-3,4.8000000000000001E-4,6.1580000000000003E-2,1,0.13522000000000001,0.25281300000000001,1.7721610000000001,2426.5854490000002
1963,13,Computer and electronic products,23682,13819,22.493182999999998,8.3658850000000005,495.71697999999998,0.61980999999999997,990.01312299999995,1998.490601,6347.3002930000002,2.3279999999999999E-2,0.19756000000000001,1.5399999999999999E-3,7.9000000000000001E-4,7.1459999999999996E-2,1,0.14022000000000001,0.26143,1.7368440000000001,2383.65625
1947,14,"Electrical equipment, appliances, and components",5048,3017,55.581069999999997,2.4301149999999998,353.801849,2.4301149999999998,697.32873500000005,83.844695999999999,840.44366500000001,0.49181999999999998,0.46045000000000003,7.6400000000000001E-3,1,0.14951999999999999,1,0.12098,0.20632800000000001,1.708108,829.72735599999999
1948,14,"Electrical equipment, appliances, and components",4793,2628,102.967445,2.2883110000000002,398.66427599999997,2.2883110000000002,684.13580300000001,90.833748,883.82214399999998,0.47044999999999998,0.36959999999999998,7.5300000000000002E-3,1,0.15686,1,0.12914999999999999,0.209453,1.659251,818.68823199999997
1949,14,"Electrical equipment, appliances, and components",4521,2472,80.040497000000002,1.9750019999999999,395.367706,1.9750019999999999,696.29357900000002,83.522284999999997,789.82586700000002,0.44866,0.34250999999999998,7.28E-3,1,0.16178999999999999,1,0.13306999999999999,0.18085200000000001,1.4044179999999999,689.43756099999996
1950,14,"Electrical equipment, appliances, and components",5460,2859,111.580528,1.800762,455.88330100000002,1.800762,992.89593500000001,109.92385899999999,927.11499000000003,0.42721999999999999,0.37536999999999998,6.9300000000000004E-3,1,0.16622999999999999,1,0.13408999999999999,0.23830000000000001,1.64842,818.40148899999997
1951,14,"Electrical equipment, appliances, and components",6700,3525,114.802116,1.843332,502.26016199999998,1.843332,1230.002563,145.92865,1178.3198239999999,0.45262000000000002,0.41830000000000001,6.6100000000000004E-3,1,0.17258999999999999,1,0.14659,0.27853,1.8652439999999999,938.88592500000004
1952,14,"Electrical equipment, appliances, and components",6926,3361,110.277435,1.8492949999999999,520.259277,1.8492949999999999,1382.6136469999999,186.93237300000001,1361.21875,0.42403999999999997,0.39145000000000002,6.4400000000000004E-3,1,0.18348999999999999,1,0.15952,0.32864700000000002,1.9352720000000001,1016.826965
1953,14,"Electrical equipment, appliances, and components",7582,3551,115.97672300000001,1.9435100000000001,605.07891800000004,1.9435100000000001,1495.5335689999999,235.53422499999999,1574.989624,0.41947000000000001,0.40187,6.2899999999999996E-3,1,0.20243,1,0.16771,0.38794899999999999,2.1361859999999999,1117.501953
1954,14,"Electrical equipment, appliances, and components",6866,3165,85.811004999999994,1.9722329999999999,620.41204800000003,1.9722329999999999,1308.506836,232.96090699999999,1449.364624,0.41514000000000001,0.35613,6.0499999999999998E-3,1,0.22968,1,0.17118,0.36302200000000001,1.865103,988.40454099999999
1955,14,"Electrical equipment, appliances, and components",7432,3388,85.832770999999994,2.0835520000000001,746.44964600000003,2.0835520000000001,1387.578491,257.60784899999999,1562.3645019999999,0.40872999999999998,0.36538999999999999,5.79E-3,1,0.26565,1,0.17563999999999999,0.38944800000000002,2.0013640000000001,1046.144775
1956,14,"Electrical equipment, appliances, and components",8584,4014,83.621116999999998,2.113226,933.01586899999995,2.113226,1493.7092290000001,302.32464599999997,1753.102539,0.42995,0.40833999999999998,5.5799999999999999E-3,1,0.31880999999999998,1,0.18661,0.42490699999999998,2.1088529999999999,1108.606689
1957,14,"Electrical equipment, appliances, and components",8458,3588,77.087265000000002,1.894301,1041.9608149999999,1.894301,1539.5407709999999,343.99786399999999,1863.6247559999999,0.40510000000000002,0.35403000000000001,5.5199999999999997E-3,1,0.36936999999999998,1,0.19552,0.45141399999999998,2.1115740000000001,1113.106567
1958,14,"Electrical equipment, appliances, and components",9143,4457,68.762962000000002,1.987768,1073.9760739999999,1.987768,1372.417236,363.75491299999999,1803.1132809999999,0.44867000000000001,0.43769000000000002,5.5300000000000002E-3,1,0.40267999999999998,1,0.19525999999999999,0.44001600000000002,1.880868,1010.48114
1959,14,"Electrical equipment, appliances, and components",10929,5383,71.883476000000002,1.9046460000000001,1187.55249,1.9046460000000001,1653.5710449999999,452.07910199999998,2177.1044919999999,0.45306999999999997,0.50658000000000003,5.47E-3,1,0.43195,1,0.1983,0.51621899999999998,2.1315680000000001,1163.3436280000001
1960,14,"Electrical equipment, appliances, and components",11388,5617,70.461639000000005,2.132536,1270.208496,2.132536,1589.025879,488.66143799999998,2348.3776859999998,0.44962999999999997,0.52076,5.4999999999999997E-3,1,0.46439000000000002,1,0.20558000000000001,0.560724,2.1942210000000002,1202.5192870000001
1961,14,"Electrical equipment, appliances, and components",11876,6017,69.760283999999999,2.131723,1330.517822,2.131723,1498.00647,509.54608200000001,2446.9060060000002,0.47304000000000002,0.55969999999999998,5.7800000000000004E-3,1,0.49606,1,0.21043000000000001,0.57900300000000005,2.1661709999999998,1207.071289
1962,14,"Electrical equipment, appliances, and components",13165,6730,73.445708999999994,2.1162559999999999,1463.044678,2.1162559999999999,1609.8676760000001,564.46093800000006,2719.9484859999998,0.52793000000000001,0.62500999999999995,6.3499999999999997E-3,1,0.52068000000000003,1,0.21929999999999999,0.63822599999999996,2.2942239999999998,1302.4438479999999
1963,14,"Electrical equipment, appliances, and components",14351,7712,76.347617999999997,0.172683,1514.772217,1.983304,1720.2532960000001,569.55755599999998,2755.9133299999999,0.57942000000000005,0.71784000000000003,6.8199999999999997E-3,1.8000000000000001E-4,0.54483000000000004,1,0.22825999999999999,0.63911700000000005,2.2405080000000002,1281.639038
1947,15,"Motor vehicles, bodies and trailers, and parts",14913,10325,1.164582,1.164582,239.89584400000001,1.164582,1237.9472659999999,123.037285,2987.1196289999998,0.26921,0.25767000000000001,2.1999999999999999E-5,4.3600000000000003E-4,5.0027000000000002E-2,1,0.121809,0.129521,1.578195,1868.1320800000001
1948,15,"Motor vehicles, bodies and trailers, and parts",16955,11691,1.1282399999999999,1.1282399999999999,329.654358,1.1282399999999999,1474.6499020000001,143.95974699999999,3312.351318,0.28000999999999998,0.26717999999999997,2.1999999999999999E-5,4.3600000000000003E-4,5.7140000000000003E-2,1,0.13176399999999999,0.14138300000000001,1.5712969999999999,1971.212524
1949,15,"Motor vehicles, bodies and trailers, and parts",21057,14886,1.086978,1.086978,438.50973499999998,1.086978,2141.2604980000001,153.40815699999999,3434.5607909999999,0.32369999999999999,0.32893,2.1999999999999999E-5,4.3600000000000003E-4,6.1912000000000002E-2,1,0.13644400000000001,0.13650999999999999,1.5181119999999999,1867.0473629999999
1950,15,"Motor vehicles, bodies and trailers, and parts",28173,20081,1.044289,1.044289,537.96490500000004,1.044289,3013.8376459999999,230.89370700000001,4306.1708980000003,0.434,0.43314000000000002,2.1999999999999999E-5,4.3600000000000003E-4,6.5812999999999997E-2,1,0.13893800000000001,0.171183,1.741438,2102.3315429999998
1951,15,"Motor vehicles, bodies and trailers, and parts",24883,16831,1.0663629999999999,1.0663629999999999,469.29342700000001,1.0663629999999999,2404.3110350000002,271.18221999999997,4904.0141599999997,0.36438999999999999,0.33351999999999998,2.1999999999999999E-5,4.3600000000000003E-4,7.0909E-2,1,0.151694,0.18181,1.8019210000000001,2244.0690920000002
1952,15,"Motor vehicles, bodies and trailers, and parts",22321,13739,1.142862,1.142862,531.32019000000003,1.142862,2669.873779,310.70007299999997,5066.6772460000002,0.30787999999999999,0.26558999999999999,2.1999999999999999E-5,4.3600000000000003E-4,7.9214999999999994E-2,1,0.16536000000000001,0.181285,1.804667,2103.388672
1953,15,"Motor vehicles, bodies and trailers, and parts",29439,19123,1.1463000000000001,1.1463000000000001,638.66918899999996,1.1463000000000001,2950.9794919999999,422.55224600000003,6300.3598629999997,0.40705000000000002,0.36536999999999997,2.1999999999999999E-5,4.3600000000000003E-4,9.3464000000000005E-2,1,0.175207,0.21836800000000001,2.0928170000000001,2401.0258789999998
1954,15,"Motor vehicles, bodies and trailers, and parts",28204,19051,1.190172,1.190172,699.07074,1.190172,2490.8220209999999,395.44311499999998,5564.09375,0.38902999999999999,0.36157,2.1999999999999999E-5,4.3600000000000003E-4,0.111468,1,0.18302299999999999,0.18957299999999999,1.798651,2009.131226
1955,15,"Motor vehicles, bodies and trailers, and parts",36822,24085,1.12076,1.12076,1028.0876459999999,1.12076,4313.6904299999997,496.334473,6895.5249020000001,0.49081999999999998,0.44096000000000002,2.1999999999999999E-5,4.3600000000000003E-4,0.12792400000000001,1,0.19295000000000001,0.22050400000000001,2.0902980000000002,2342.7551269999999
1956,15,"Motor vehicles, bodies and trailers, and parts",32127,21670,1.2080770000000001,1.2080770000000001,908.040527,1.2080770000000001,2578.3588869999999,488.05499300000002,6478.9213870000003,0.40670000000000001,0.37637999999999999,2.1999999999999999E-5,4.3600000000000003E-4,0.14291999999999999,1,0.20709900000000001,0.20288500000000001,1.8663350000000001,2104.9177249999998
1957,15,"Motor vehicles, bodies and trailers, and parts",34859,23590,1.2243390000000001,1.2243390000000001,1072.509033,1.2243390000000001,3065.3989259999998,535.70880099999999,6591.7099609999996,0.42408000000000001,0.39609,2.1999999999999999E-5,4.3600000000000003E-4,0.15532199999999999,1,0.21823699999999999,0.203683,1.824114,2001.888062
1958,15,"Motor vehicles, bodies and trailers, and parts",28490,19814,1.4968140000000001,1.4968140000000001,1033.0345460000001,1.4968140000000001,1559.927612,501.25592,5577.2915039999998,0.33794000000000002,0.32806999999999997,2.1999999999999999E-5,4.3600000000000003E-4,0.16398699999999999,1,0.220667,0.17355300000000001,1.5033460000000001,1585.3165280000001
1959,15,"Motor vehicles, bodies and trailers, and parts",36859,25120,1.2490060000000001,1.2490060000000001,1226.215942,1.2490060000000001,3611.3874510000001,583.876892,6313.7724609999996,0.42646000000000001,0.40475,2.1999999999999999E-5,4.3600000000000003E-4,0.17397299999999999,1,0.222637,0.19917399999999999,1.7182470000000001,1798.682861
1960,15,"Motor vehicles, bodies and trailers, and parts",40312,27746,1.2402249999999999,1.2402249999999999,1320.634888,1.2402249999999999,3816.695557,626.45959500000004,6798.4897460000002,0.47070000000000001,0.44594,2.1999999999999999E-5,4.3600000000000003E-4,0.184891,1,0.22750899999999999,0.21692600000000001,1.8031919999999999,1857.5112300000001
1961,15,"Motor vehicles, bodies and trailers, and parts",34409,22831,1.2898799999999999,0.57945400000000002,1376.643433,1.2898799999999999,3504.6196289999998,555.93060300000002,6137.6469729999999,0.40164,0.36697999999999997,2.1999999999999999E-5,4.3600000000000003E-4,0.195436,1,0.22981399999999999,0.20018900000000001,1.6520859999999999,1646.4910890000001
1962,15,"Motor vehicles, bodies and trailers, and parts",42667,28124,1.2045090000000001,5.6707070000000002,1665.3043210000001,1.2045090000000001,4915.0527339999999,635.99792500000001,7318.5649409999996,0.4965,0.45045000000000002,2.1999999999999999E-5,1.771E-3,0.20527300000000001,1,0.23574500000000001,0.22628100000000001,1.8789629999999999,1799.055664
1963,15,"Motor vehicles, bodies and trailers, and parts",46009,29552,1.157697,13.521064000000001,1829.5935059999999,1.157697,5756.4282229999999,676.05810499999995,8179.0834960000002,0.53691999999999995,0.47395999999999999,2.1999999999999999E-5,3.5479999999999999E-3,0.21629300000000001,1,0.24304300000000001,0.24656700000000001,1.9685220000000001,1900.527832
1947,16,Other transportation equipment,4293,2577,1.2955239999999999,1.2955239999999999,99.406433000000007,1.2955239999999999,365.677795,199.462097,1051.4537350000001,0.15620999999999999,0.1295,4.2000000000000002E-4,1,3.3279999999999997E-2,1,5.663E-2,7.5740000000000002E-2,1.128816,832.08233600000005
1948,16,Other transportation equipment,4728,2568,1.2264120000000001,1.2264120000000001,137.95600899999999,1.2264120000000001,655.25500499999998,220.24679599999999,1142.8629149999999,0.15898999999999999,0.11869,4.2000000000000002E-4,1,3.4450000000000001E-2,1,5.842E-2,7.9147999999999996E-2,1.0817490000000001,846.61377000000005
1949,16,Other transportation equipment,5134,2932,1.0082150000000001,1.0082150000000001,136.23666399999999,1.0082150000000001,738.489014,216.82440199999999,1107.425293,0.16696,0.13259000000000001,4.2000000000000002E-4,1,3.4689999999999999E-2,1,5.9240000000000001E-2,7.6997999999999997E-2,1.0566709999999999,803.41357400000004
1950,16,Other transportation equipment,5180,2803,0.91164900000000004,0.91164900000000004,132.03543099999999,0.91164900000000004,878.13500999999997,239.36582899999999,1124.72876,0.16283,0.12161,4.2000000000000002E-4,1,3.449E-2,1,5.9110000000000003E-2,8.6597999999999994E-2,1.04051,820.28881799999999
1951,16,Other transportation equipment,8000,4113,1.0193049999999999,1.0193049999999999,164.092072,1.0193049999999999,1306.700439,437.54287699999998,1975.606812,0.22631000000000001,0.16117000000000001,4.2000000000000002E-4,1,3.4639999999999997E-2,1,6.3740000000000005E-2,0.14105899999999999,1.694502,1286.492798
1952,16,Other transportation equipment,11492,5594,0.91767699999999996,0.91767699999999996,196.397278,0.91767699999999996,2027.86438,712.05792199999996,2958.92749,0.32434000000000002,0.21656,4.2000000000000002E-4,1,3.5790000000000002E-2,1,6.93E-2,0.224799,2.3967860000000001,1854.92688
1953,16,Other transportation equipment,12276,5133,0.93411100000000002,0.93411100000000002,234.641144,0.93411100000000002,2423.1538089999999,917.33709699999997,3565.0656739999999,0.33973999999999999,0.19409000000000001,4.2000000000000002E-4,1,3.8719999999999997E-2,1,7.2539999999999993E-2,0.27383000000000002,2.673848,2096.5034179999998
1954,16,Other transportation equipment,14287,7359,0.82735000000000003,0.82735000000000003,235.516953,0.82735000000000003,2454.6452640000002,903.09661900000003,3332.2592770000001,0.39108999999999999,0.27585999999999999,4.2000000000000002E-4,1,3.9419999999999997E-2,1,7.3520000000000002E-2,0.25688699999999998,2.4008400000000001,1863.39563
1955,16,Other transportation equipment,13634,6761,0.92160699999999995,0.92160699999999995,232.00735499999999,0.92160699999999995,2369.0805660000001,927.77124000000003,3341.376221,0.35937000000000002,0.24365999999999999,4.2000000000000002E-4,1,4.0280000000000003E-2,1,7.5770000000000004E-2,0.25368200000000002,2.3137449999999999,1814.6412350000001
1956,16,Other transportation equipment,15224,7577,1.063369,1.063369,299.884705,1.063369,2449.4689939999998,1092.443115,3802.0129390000002,0.37220999999999999,0.25638,4.2000000000000002E-4,1,5.2109999999999997E-2,1,8.14E-2,0.27741700000000002,2.5091519999999998,1931.241943
1957,16,Other transportation equipment,18015,9152,0.91494200000000003,0.91494200000000003,420.85382099999998,0.91494200000000003,2942.7072750000002,1272.3782960000001,4224.3154299999997,0.41861999999999999,0.29804999999999998,4.2000000000000002E-4,1,7.0099999999999996E-2,1,8.6739999999999998E-2,0.30672300000000002,2.6222279999999998,2033.417236
1958,16,Other transportation equipment,18818,10078,0.94569300000000001,0.94569300000000001,504.85977200000002,0.94569300000000001,2858.4497070000002,1301.864014,4071.9895019999999,0.42964999999999998,0.32518999999999998,4.2000000000000002E-4,1,8.6800000000000002E-2,1,8.8039999999999993E-2,0.29344799999999999,2.33595,1830.0195309999999
1959,16,Other transportation equipment,19331,10557,1.1184940000000001,1.1184940000000001,565.194031,1.1184940000000001,2482.7121579999998,1409.3950199999999,4313.34375,0.43215999999999999,0.32917000000000002,4.2000000000000002E-4,1,0.10256999999999999,1,8.9870000000000005E-2,0.30332599999999998,2.2817029999999998,1864.1206050000001
1960,16,Other transportation equipment,18531,10187,1.3349299999999999,0.267814,637.256348,1.3349299999999999,2148.7795409999999,1367.44751,4187.5786129999997,0.41082000000000002,0.31408000000000003,4.2000000000000002E-4,1.1E-4,0.11715,1,9.2439999999999994E-2,0.28692200000000001,2.1008119999999999,1687.9829099999999
1961,16,Other transportation equipment,19698,10762,1.041793,1.9307270000000001,706.97051999999996,1.041793,2493.6367190000001,1412.815063,4318.5634769999997,0.43597999999999998,0.33123999999999998,4.2000000000000002E-4,3.6000000000000002E-4,0.13161999999999999,1,9.3549999999999994E-2,0.29753000000000002,2.0591159999999999,1656.065186
1962,16,Other transportation equipment,20668,10621,0.99105200000000004,4.6676359999999999,836.54748500000005,0.99105200000000004,2826.4099120000001,1571.5726320000001,4805.8203119999998,0.45716000000000001,0.32623000000000002,4.2000000000000002E-4,7.6000000000000004E-4,0.14715,1,9.7290000000000001E-2,0.33574900000000002,2.1921119999999998,1778.5421140000001
1963,16,Other transportation equipment,21462,10564,0.91999399999999998,8.120984,931.63970900000004,0.91999399999999998,3059.9536130000001,1689.8599850000001,5206.5859380000002,0.47582000000000002,0.3241,4.2000000000000002E-4,1.3699999999999999E-3,0.16248000000000001,1,0.10091,0.35206700000000002,2.167449,1794.668457
1947,17,Furniture and related products,2553,1354,1.6033200000000001,1.6033200000000001,1.6033200000000001,1.6033200000000001,194.44750999999999,36.375743999999997,968.17675799999995,0.29468,0.24134,1.7000000000000001E-4,1,1,1,0.18679999999999999,0.11648799999999999,1.211767,884.41754200000003
1948,17,Furniture and related products,2408,985,0.55892200000000003,0.55892200000000003,0.55892200000000003,0.55892200000000003,140.06436199999999,47.701107,1232.9989009999999,0.26140000000000002,0.16103999999999999,1.7000000000000001E-4,1,1,1,0.19439999999999999,0.12542800000000001,1.2055119999999999,918.08245799999997
1949,17,Furniture and related products,2366,975,0.58175600000000005,0.58175600000000005,0.58175600000000005,0.58175600000000005,152.029068,47.383876999999998,1189.26001,0.25677,0.16431999999999999,1.7000000000000001E-4,1,1,1,0.19658,0.119421,1.0973269999999999,845.81994599999996
1950,17,Furniture and related products,3245,1584,0.65874299999999997,0.65874299999999997,0.65874299999999997,0.65874299999999997,191.58294699999999,62.466557000000002,1404.315552,0.34099000000000002,0.25214999999999999,1.7000000000000001E-4,1,1,1,0.19611999999999999,0.15238699999999999,1.266194,975.83526600000005
1951,17,Furniture and related products,3502,1651,0.75408799999999998,0.75408799999999998,0.75408799999999998,0.75408799999999998,278.078125,67.099463999999998,1502.80603,0.32668999999999998,0.2366,1.7000000000000001E-4,1,1,1,0.21148,0.14474400000000001,1.2437819999999999,959.11999500000002
1952,17,Furniture and related products,3538,1636,0.63390500000000005,0.63390500000000005,0.63390500000000005,0.63390500000000005,218.92382799999999,77.740356000000006,1602.8001710000001,0.34022000000000002,0.23954,1.7000000000000001E-4,1,1,1,0.22527,0.156001,1.243187,964.29632600000002
1953,17,Furniture and related products,3903,1980,0.66193999999999997,0.66193999999999997,0.66193999999999997,0.66193999999999997,189.65228300000001,86.036415000000005,1644.6635739999999,0.37126999999999999,0.28888999999999998,1.7000000000000001E-4,1,1,1,0.23025000000000001,0.16756199999999999,1.2355560000000001,975.10534700000005
1954,17,Furniture and related products,3686,1832,0.60791499999999998,0.60791499999999998,0.60791499999999998,0.60791499999999998,182.96838399999999,86.123772000000002,1582.4761960000001,0.35138000000000003,0.26752999999999999,1.7000000000000001E-4,1,1,1,0.22806000000000001,0.159244,1.141411,896.59258999999997
1955,17,Furniture and related products,4251,2106,0.62749900000000003,0.62749900000000003,0.62749900000000003,0.62749900000000003,241.014038,99.640488000000005,1801.8354489999999,0.40017999999999998,0.30053000000000002,1.7000000000000001E-4,1,1,1,0.23068,0.17006399999999999,1.240888,965.38458300000002
1956,17,Furniture and related products,4565,2312,0.60649699999999995,0.60649699999999995,0.60649699999999995,0.60649699999999995,247.11784399999999,108.511848,1894.944336,0.41161999999999999,0.31885999999999998,1.7000000000000001E-4,1,1,1,0.24265999999999999,0.176289,1.238138,982.98449700000003
1957,17,Furniture and related products,4551,2297,0.60458299999999998,0.60458299999999998,0.60458299999999998,0.60458299999999998,222.98168899999999,117.310593,1911.2894289999999,0.39850999999999998,0.31268000000000001,1.7000000000000001E-4,1,1,1,0.25041999999999998,0.18264,1.186431,960.06634499999996
1958,17,Furniture and related products,5343,3208,0.68056799999999995,0.68056799999999995,0.68056799999999995,0.68056799999999995,210.777725,120.392929,1801.1070560000001,0.46303,0.43595,1.7000000000000001E-4,1,1,1,0.24772,0.18583,1.128125,903.46252400000003
1959,17,Furniture and related products,5817,3389,0.62540300000000004,0.62540300000000004,4.2197999999999999E-2,0.62540300000000004,240.88163800000001,139.781036,2045.4189449999999,0.49781999999999998,0.44845000000000002,1.7000000000000001E-4,1,7.5000000000000002E-4,1,0.25072,0.19872000000000001,1.220861,961.95727499999998
1960,17,Furniture and related products,5709,3278,0.64948099999999998,0.64948099999999998,0.23214399999999999,0.64948099999999998,240.91951,139.614014,2048.2858890000002,0.48372999999999999,0.43265999999999999,1.7000000000000001E-4,1,2.9499999999999999E-3,1,0.25707999999999998,0.208954,1.1908339999999999,943.91009499999996
1961,17,Furniture and related products,5573,3168,0.61787300000000001,0.61787300000000001,0.48577599999999999,0.61787300000000001,238.16061400000001,134.600662,2029.8992920000001,0.47286,0.42186000000000001,1.7000000000000001E-4,1,5.0299999999999997E-3,1,0.25780999999999998,0.23105200000000001,1.133686,890.70996100000002
1962,17,Furniture and related products,6064,3424,0.61436599999999997,0.61436599999999997,0.74412100000000003,0.61436599999999997,263.66961700000002,140.824173,2232.9189449999999,0.51071999999999995,0.45296999999999998,1.7000000000000001E-4,1,7.7200000000000003E-3,1,0.26677000000000001,0.269789,1.195106,932.56579599999998
1963,17,Furniture and related products,6050,3271,0.67974699999999999,6.4325999999999994E-2,1.412595,0.67974699999999999,316.98831200000001,136.71928399999999,2322.4560550000001,0.50678000000000001,0.43032999999999999,1.7000000000000001E-4,4.4999999999999999E-4,1.2460000000000001E-2,1,0.27596999999999999,0.30060900000000002,1.2088179999999999,939.012878
1947,18,Miscellaneous manufacturing,5179,3553,0.35811599999999999,0.35811599999999999,8.8859320000000004,0.35811599999999999,162.93512000000001,142.26091,1311.918091,0.19333,0.3513,1.4999999999999999E-4,1,1.2749999999999999E-2,1,0.15348999999999999,0.151256,1.022815,1176.4989009999999
1948,18,Miscellaneous manufacturing,5788,4014,0.52530100000000002,0.52530100000000002,16.665371,0.52530100000000002,279.00882000000001,148.10560599999999,1328.6442870000001,0.20729,0.36652000000000001,1.4999999999999999E-4,1,1.3820000000000001E-2,1,0.16539000000000001,0.15917500000000001,1.010937,1197.184448
1949,18,Miscellaneous manufacturing,5860,4189,0.339115,0.339115,10.908417,0.339115,166.21376000000001,153.381958,1339.4785159999999,0.21142,0.38822000000000001,1.4999999999999999E-4,1,1.4619999999999999E-2,1,0.17302000000000001,0.14724699999999999,0.91903999999999997,1078.5789789999999
1950,18,Miscellaneous manufacturing,6787,4843,0.36367100000000002,0.36367100000000002,13.041088999999999,0.36367100000000002,223.93675200000001,194.15954600000001,1511.771606,0.23885000000000001,0.4299,1.4999999999999999E-4,1,1.5440000000000001E-2,1,0.17702000000000001,0.17776700000000001,1.0009600000000001,1173.687134
1951,18,Miscellaneous manufacturing,7074,4883,0.57885699999999995,0.57885699999999995,22.466621,0.57885699999999995,401.0849,203.37918099999999,1562.332764,0.23246,0.39129999999999998,1.4999999999999999E-4,1,1.643E-2,1,0.19148999999999999,0.178698,1.040389,1192.9807129999999
1952,18,Miscellaneous manufacturing,7288,4995,0.74186799999999997,0.74186799999999997,28.958978999999999,0.74186799999999997,516.401611,213.83042900000001,1531.583374,0.24360000000000001,0.40483999999999998,1.4999999999999999E-4,1,1.7809999999999999E-2,1,0.20866000000000001,0.18698100000000001,1.056724,1177.870361
1953,18,Miscellaneous manufacturing,7550,5061,0.67795000000000005,0.67795000000000005,28.597818,0.67795000000000005,445.89031999999997,260.597961,1751.880005,0.24870999999999999,0.40623999999999999,1.4999999999999999E-4,1,2.002E-2,1,0.2223,0.20918600000000001,1.121982,1252.1489260000001
1954,18,Miscellaneous manufacturing,7358,4922,0.49134299999999997,0.49134299999999997,22.936361000000002,0.49134299999999997,324.37692299999998,278.73083500000001,1808.481812,0.24016000000000001,0.39404,1.4999999999999999E-4,1,2.3199999999999998E-2,1,0.22719,0.20100699999999999,1.049113,1171.755249
1955,18,Miscellaneous manufacturing,7990,5354,0.33417599999999997,0.33417599999999997,19.312612999999999,0.33417599999999997,258.43704200000002,315.75552399999998,2041.4923100000001,0.25885000000000002,0.41809000000000002,1.4999999999999999E-4,1,2.6110000000000001E-2,1,0.23164000000000001,0.20253299999999999,1.0738970000000001,1198.917236
1956,18,Miscellaneous manufacturing,8550,5768,0.75669399999999998,0.75669399999999998,48.065403000000003,0.75669399999999998,588.61785899999995,290.81887799999998,1852.227783,0.26713999999999999,0.43152000000000001,1.4999999999999999E-4,1,2.7799999999999998E-2,1,0.24335999999999999,0.20628299999999999,1.0955280000000001,1216.9698490000001
1957,18,Miscellaneous manufacturing,8558,5686,0.65914399999999995,0.65914399999999995,44.473675,0.65914399999999995,511.081818,326.33334400000001,1988.1336670000001,0.26291999999999999,0.41641,1.4999999999999999E-4,1,3.0079999999999999E-2,1,0.25452000000000002,0.201623,1.069293,1146.3701169999999
1958,18,Miscellaneous manufacturing,7126,4254,0.551813,0.551813,40.250866000000002,0.551813,448.91037,352.30261200000001,2028.880737,0.21675,0.31119999999999998,1.4999999999999999E-4,1,3.3079999999999998E-2,1,0.25936999999999999,0.19906199999999999,1.01047,1077.2200929999999
1959,18,Miscellaneous manufacturing,8045,4865,0.642293,0.642293,51.795174000000003,0.642293,620.94592299999999,373.00610399999999,2132.3259280000002,0.24254000000000001,0.34655000000000002,1.4999999999999999E-4,1,3.5700000000000003E-2,1,0.26685999999999999,0.20963300000000001,1.0666739999999999,1138.0180660000001
1960,18,Miscellaneous manufacturing,8427,5211,0.50329000000000002,5.8970000000000002E-2,40.876682000000002,0.50329000000000002,451.82827800000001,392.00534099999999,2330.2241210000002,0.25197000000000003,0.36770999999999998,1.4999999999999999E-4,2.5000000000000001E-4,3.8949999999999999E-2,1,0.27606000000000003,0.21401700000000001,1.0612410000000001,1126.7486570000001
1961,18,Miscellaneous manufacturing,8762,5510,0.63249900000000003,0.76058700000000001,57.919460000000001,0.63249900000000003,575.00567599999999,386.937164,2230.1120609999998,0.26284000000000002,0.39063999999999999,1.4999999999999999E-4,8.4999999999999995E-4,4.2759999999999999E-2,1,0.28209000000000001,0.22584699999999999,1.0499099999999999,1090.810547
1962,18,Miscellaneous manufacturing,9103,5530,0.72071600000000002,2.2339609999999999,79.996819000000002,0.72071600000000002,768.33801300000005,406.19396999999998,2314.7958979999999,0.27273999999999998,0.39047999999999999,1.4999999999999999E-4,1.6299999999999999E-3,4.6699999999999998E-2,1,0.29170000000000001,0.247309,1.0969789999999999,1126.6369629999999
1963,18,Miscellaneous manufacturing,9685,6077,0.46499699999999999,2.2454510000000001,54.068103999999998,0.46499699999999999,466.66924999999998,464.48358200000001,2619.6035160000001,0.29181000000000001,0.42910999999999999,1.4999999999999999E-4,2.8400000000000001E-3,5.076E-2,1,0.29909000000000002,0.259963,1.1046210000000001,1117.1795649999999
1947,19,Food and beverage and tobacco products,45594,34512,2.2942079999999998,2.2942079999999998,119.632698,2.2942079999999998,5590.3955079999996,371.10205100000002,5000.8696289999998,0.31163999999999997,0.32733000000000001,1.0000000000000001E-5,1,5.3370000000000001E-2,1,0.32917999999999997,0.25662600000000002,1.2631920000000001,3971.1281739999999
1948,19,Food and beverage and tobacco products,45082,32994,1.9245559999999999,1.9245559999999999,124.812798,1.9245559999999999,6212.7153319999998,413.703644,5330.9946289999998,0.28421999999999997,0.29161999999999999,1.0000000000000001E-5,1,5.747E-2,1,0.34350000000000003,0.27009,1.234329,4028.048096
1949,19,Food and beverage and tobacco products,44531,32253,1.9970859999999999,1.9970859999999999,140.979904,1.9970859999999999,6271.7661129999997,431.72726399999999,5427.5356449999999,0.30975000000000003,0.31437999999999999,1.0000000000000001E-5,1,6.0979999999999999E-2,1,0.35145999999999999,0.26960099999999998,1.211303,3937.8344729999999
1950,19,Food and beverage and tobacco products,46134,33440,2.1334330000000001,2.1334330000000001,136.37354999999999,2.1334330000000001,6355.3061520000001,521.26324499999998,5674.65625,0.31320999999999999,0.31684000000000001,1.0000000000000001E-5,1,6.4229999999999995E-2,1,0.35366999999999998,0.305842,1.213789,4020.3889159999999
1951,19,Food and beverage and tobacco products,50719,37216,0.11594400000000001,2.1652650000000002,146.04771400000001,2.1652650000000002,6377.2377930000002,558.24432400000001,6417.0244140000004,0.30235000000000001,0.30590000000000001,1.0000000000000001E-5,1,6.8290000000000003E-2,1,0.36399999999999999,0.287547,1.265307,4084.9453119999998
1952,19,Food and beverage and tobacco products,51388,36586,0.53262399999999999,2.0759089999999998,159.30549600000001,2.0759089999999998,7210.6655270000001,610.99713099999997,6816.3476559999999,0.31093999999999999,0.30603000000000002,3.0000000000000001E-5,1,7.4709999999999999E-2,1,0.37212000000000001,0.290099,1.2646139999999999,4093.5744629999999
1953,19,Food and beverage and tobacco products,56555,41047,0.99815500000000001,2.0052949999999998,184.786362,2.0052949999999998,7375.1684569999998,665.86273200000005,7277.173828,0.36148999999999998,0.36310999999999999,6.0000000000000002E-5,1,8.4949999999999998E-2,1,0.37282999999999999,0.29061700000000001,1.262807,4097.1850590000004
1954,19,Food and beverage and tobacco products,58287,42833,1.080783,1.9455469999999999,198.44236799999999,1.9455469999999999,6937.1508789999998,692.75250200000005,7620.6821289999998,0.36165000000000003,0.37925999999999999,8.0000000000000007E-5,1,9.7280000000000005E-2,1,0.36914000000000002,0.27994799999999997,1.25051,4013.8610840000001
1955,19,Food and beverage and tobacco products,57392,40879,1.458796,1.8412470000000001,230.71559099999999,1.8412470000000001,7712.0742190000001,687.80761700000005,7877.2607420000004,0.37517,0.37301000000000001,1E-4,1,0.10897,1,0.36932999999999999,0.26838699999999999,1.252645,4070.7651369999999
1956,19,Food and beverage and tobacco products,58227,41556,1.694213,1.956788,262.35128800000001,1.956788,7198.5507809999999,726.41107199999999,8478.0791019999997,0.38334000000000001,0.37924999999999998,1.2E-4,1,0.11978999999999999,1,0.37558000000000002,0.26047399999999998,1.2616719999999999,4075.7097170000002
1957,19,Food and beverage and tobacco products,58800,41652,1.946871,1.8799380000000001,285.90429699999999,1.8799380000000001,7279.0302730000003,767.30926499999998,8810.0488280000009,0.37318000000000001,0.37040000000000001,1.2999999999999999E-4,1,0.13005,1,0.37942999999999999,0.25608900000000001,1.2369950000000001,3989.545654
1958,19,Food and beverage and tobacco products,65976,47877,2.163605,1.807215,305.02322400000003,1.807215,8050.9975590000004,807.82244900000001,8929.3789059999999,0.39744000000000002,0.41055999999999998,1.4999999999999999E-4,1,0.13789999999999999,1,0.37639,0.25272,1.210796,3849.4086910000001
1959,19,Food and beverage and tobacco products,69007,49865,2.261164,1.681821,298.62976099999997,1.681821,8471.8300780000009,837.09411599999999,9528.8212889999995,0.42346,0.43414999999999998,1.6000000000000001E-4,1,0.14369999999999999,1,0.37852999999999998,0.24935299999999999,1.2200610000000001,3950.435547
1960,19,Food and beverage and tobacco products,71328,51757,2.458853,0.51425299999999996,306.72268700000001,1.728523,8393.5097659999992,826.04931599999998,10040.015625,0.43872,0.44949,1.8000000000000001E-4,3.2000000000000003E-4,0.14982000000000001,1,0.38340999999999997,0.25362099999999999,1.235946,3954.5444339999999
1961,19,Food and beverage and tobacco products,73842,53688,2.8645420000000001,4.154401,334.35781900000001,1.7186319999999999,8620.5175780000009,930.31457499999999,10260.072265999999,0.44685000000000002,0.46237,2.0000000000000001E-4,1.1000000000000001E-3,0.15851000000000001,1,0.38463999999999998,0.28707700000000003,1.2269509999999999,3935.7697750000002
1962,19,Food and beverage and tobacco products,76558,55645,3.2899959999999999,9.0803039999999999,371.90670799999998,1.6978310000000001,8971.9775389999995,1042.0582280000001,10512.990234000001,0.46050000000000002,0.47015000000000001,2.4000000000000001E-4,1.91E-3,0.16869999999999999,1,0.39330999999999999,0.324019,1.2161230000000001,3958.8127439999998
1963,19,Food and beverage and tobacco products,76136,54344,3.7074880000000001,14.25666,400.99438500000002,1.6452850000000001,9542.1337889999995,1149.7578120000001,10679.504883,0.45782,0.46093000000000001,2.7E-4,3.6900000000000001E-3,0.17823,1,0.40314,0.35863600000000001,1.2045170000000001,3943.5417480000001
1947,20,Textile mills and textile product mills,13269,8844,1.125702,1.125702,11.00798,1.125702,1464.637207,78.188896,2871.1657709999999,0.78910000000000002,1.1107899999999999,1.2700000000000001E-3,1,7.1179999999999993E-2,1,0.92666000000000004,0.46347899999999997,4.3695550000000001,2598.342529
1948,20,Textile mills and textile product mills,13219,8239,1.1361859999999999,1.1361859999999999,12.527915999999999,1.1361859999999999,1572.9766850000001,91.703727999999998,3299.3833009999998,0.74617,0.97345999999999999,1.2700000000000001E-3,1,7.9570000000000002E-2,1,0.97272000000000003,0.49662699999999999,4.4332789999999997,2717.3620609999998
1949,20,Textile mills and textile product mills,13166,9054,1.2002679999999999,1.2002679999999999,8.9329959999999993,1.2002679999999999,1067.060913,84.732544000000004,2947.6728520000001,0.82113999999999998,1.16869,1.2700000000000001E-3,1,8.6809999999999998E-2,1,1.0123599999999999,0.45188800000000001,3.9065729999999999,2398.2307129999999
1950,20,Textile mills and textile product mills,15778,11316,1.227033,1.227033,8.5262100000000007,1.227033,992.36914100000001,109.128975,3348.2946780000002,0.91898000000000002,1.3956599999999999,1.2700000000000001E-3,1,9.4109999999999999E-2,1,1.03,0.54432999999999998,4.2805030000000004,2572.7041020000001
1951,20,Textile mills and textile product mills,16619,11515,1.1465190000000001,1.1465190000000001,12.209641,1.1465190000000001,1440.011841,110.63067599999999,3537.7082519999999,0.85675000000000001,1.24604,1.2700000000000001E-3,1,0.10227,1,1.0574600000000001,0.49545699999999998,4.1842420000000002,2515.7790530000002
1952,20,Textile mills and textile product mills,15030,10427,1.1126549999999999,1.1126549999999999,8.8811739999999997,1.1126549999999999,998.57208300000002,117.391121,3474.8176269999999,0.88060000000000005,1.20513,1.2700000000000001E-3,1,0.11403000000000001,1,1.07551,0.49549399999999999,4.0415900000000002,2365.0954590000001
1953,20,Textile mills and textile product mills,15258,10749,1.13731,1.13731,8.6779790000000006,1.13731,844.04852300000005,127.879509,3524.9821780000002,0.92457999999999996,1.28704,1.2700000000000001E-3,1,0.13239999999999999,1,1.0719000000000001,0.51802700000000002,4.055758,2345.1203609999998
1954,20,Textile mills and textile product mills,13698,9736,1.137581,1.137581,8.9117280000000001,1.137581,628.59710700000005,123.645538,3197.4328609999998,0.86704999999999999,1.1916199999999999,1.2700000000000001E-3,1,0.15495999999999999,1,1.0535099999999999,0.48903000000000002,3.6536240000000002,2102.5559079999998
1955,20,Textile mills and textile product mills,14755,10355,1.1559600000000001,1.1559600000000001,14.192707,1.1559600000000001,899.69262700000002,131.25718699999999,3351.3896479999999,0.93198999999999999,1.27441,1.2700000000000001E-3,1,0.16822000000000001,1,1.0401199999999999,0.497616,3.8507020000000001,2160.3054200000001
1956,20,Textile mills and textile product mills,14218,9763,1.0833680000000001,1.0833680000000001,12.816508000000001,1.0833680000000001,866.51318400000002,138.91253699999999,3433.507568,0.90024000000000004,1.19756,1.2700000000000001E-3,1,0.16707,1,1.03975,0.49236000000000002,3.7620499999999999,2104.338135
1957,20,Textile mills and textile product mills,13489,9187,1.0947610000000001,1.0947610000000001,10.895621999999999,1.0947610000000001,795.64880400000004,145.70747399999999,3346.4638669999999,0.85772999999999999,1.11467,1.2700000000000001E-3,1,0.16517000000000001,1,1.03352,0.49354799999999999,3.5515020000000002,1982.338501
1958,20,Textile mills and textile product mills,14277,10098,1.1391420000000001,1.1391420000000001,11.899316000000001,1.1391420000000001,856.78045699999996,150.63673399999999,3156.2661130000001,0.93515000000000004,1.2260599999999999,1.2700000000000001E-3,1,0.16874,1,1.0105500000000001,0.49613099999999999,3.3255620000000001,1844.4521480000001
1959,20,Textile mills and textile product mills,16121,11383,1.0884579999999999,1.0884579999999999,14.849601,1.0884579999999999,986.08355700000004,174.137619,3559.663818,1.03559,1.3752500000000001,1.2700000000000001E-3,1,0.17577000000000001,1,0.99448000000000003,0.52488800000000002,3.5835880000000002,1940.5823969999999
1960,20,Textile mills and textile product mills,15784,11011,1.1201319999999999,3.4206E-2,17.553187999999999,1.1201319999999999,1044.2529300000001,173.251801,3535.6677249999998,1.0037,1.31976,1.2700000000000001E-3,1.1299999999999999E-3,0.18612999999999999,1,0.98846000000000001,0.54768099999999997,3.4622139999999999,1887.2227780000001
1961,20,Textile mills and textile product mills,15886,11150,1.106249,0.43257099999999998,18.424621999999999,1.106249,1025.128052,185.21404999999999,3504.588135,1.0359,1.3492299999999999,1.2700000000000001E-3,3.2299999999999998E-3,0.1928,1,0.97977999999999998,0.61658299999999999,3.3661979999999998,1834.6545410000001
1962,20,Textile mills and textile product mills,17207,12091,1.125265,0.85562199999999999,21.037749999999999,1.125265,1138.217163,210.29350299999999,3743.3454590000001,1.1047499999999999,1.44136,1.2700000000000001E-3,4.9399999999999999E-3,0.19797000000000001,1,0.9819,0.68748600000000004,3.4648970000000001,1874.59375
1963,20,Textile mills and textile product mills,17841,12591,1.1155999999999999,1.2452620000000001,23.369154000000002,1.1155999999999999,1203.130981,225.294861,3794.7285160000001,1.1421600000000001,1.4982899999999999,1.2700000000000001E-3,8.4899999999999993E-3,0.21004999999999999,1,0.98709000000000002,0.73039699999999996,3.4145829999999999,1845.2917480000001
1947,21,Apparel and leather and allied products,14622,10478,2.2268140000000001,2.2268140000000001,34.308083000000003,2.2268140000000001,1211.5639650000001,76.233086,2821.8947750000002,2.7131099999999999,5.721241,7.7999999999999999E-4,1,7.1179999999999993E-2,1,0.38474999999999998,0.29247099999999998,7.2677269999999998,2556.4172359999998
1948,21,Apparel and leather and allied products,14314,9733,2.279121,2.279121,45.129264999999997,2.279121,1398.651001,84.174164000000005,3046.2082519999999,2.5883500000000002,5.0169899999999998,7.7999999999999999E-4,1,7.9570000000000002E-2,1,0.39215,0.31567699999999999,7.2872329999999996,2675.8500979999999
1949,21,Apparel and leather and allied products,14008,9735,2.4613459999999998,2.4613459999999998,42.839390000000002,2.4613459999999998,1205.155884,82.413230999999996,2935.2072750000002,2.72926,5.3253599999999999,7.7999999999999999E-4,1,8.6809999999999998E-2,1,0.39312999999999998,0.30959599999999998,6.9186569999999996,2579.5964359999998
1950,21,Apparel and leather and allied products,14563,10186,3.0911460000000002,3.0911460000000002,41.044209000000002,3.0911460000000002,1081.6911620000001,97.988784999999993,3147.0024410000001,2.76098,5.3736100000000002,7.7999999999999999E-4,1,9.4109999999999999E-2,1,0.38979999999999998,0.36696499999999999,7.2783870000000004,2684.5720209999999
1951,21,Apparel and leather and allied products,15396,10386,2.176444,2.176444,53.507686999999997,2.176444,1529.9654539999999,101.229668,3318.7678219999998,2.6063299999999998,4.87758,7.7999999999999999E-4,1,0.10227,1,0.41510000000000002,0.342364,7.1359320000000004,2649.3393550000001
1952,21,Apparel and leather and allied products,15378,10332,2.1467320000000001,2.1467320000000001,48.081263999999997,2.1467320000000001,1344.8900149999999,114.05564099999999,3532.5327149999998,2.8709500000000001,5.1298899999999996,7.7999999999999999E-4,1,0.11403000000000001,1,0.43803999999999998,0.36529899999999998,7.3281010000000002,2680.2104490000002
1953,21,Apparel and leather and allied products,16074,10899,2.2751329999999998,2.2751329999999998,51.942295000000001,2.2751329999999998,1249.7982179999999,127.515579,3738.9184570000002,3.0403899999999999,5.4885299999999999,7.7999999999999999E-4,1,0.13239999999999999,1,0.44501000000000002,0.38939200000000002,7.3892179999999996,2717.8442380000001
1954,21,Apparel and leather and allied products,16179,11240,2.3770159999999998,2.3770159999999998,66.401413000000005,2.3770159999999998,1107.9320070000001,128.175354,3629.360107,3.09809,5.6961110000000001,7.7999999999999999E-4,1,0.15495999999999999,1,0.44034000000000001,0.37846200000000002,6.875184,2562.720703
1955,21,Apparel and leather and allied products,17201,11994,2.457694,2.457694,76.284248000000005,2.457694,1169.8249510000001,135.83102400000001,3817.686768,3.3006000000000002,6.0707000000000004,7.7999999999999999E-4,1,0.16822000000000001,1,0.44553999999999999,0.39086100000000001,7.2365589999999997,2686.9001459999999
1956,21,Apparel and leather and allied products,17910,12442,2.1072099999999998,2.1072099999999998,68.923264000000003,2.1072099999999998,1192.5139160000001,147.50782799999999,4052.7333979999999,3.3201900000000002,6.1746999999999996,7.7999999999999999E-4,1,0.16707,1,0.46690999999999999,0.392627,7.1596659999999996,2676.2114259999998
1957,21,Apparel and leather and allied products,17890,12439,2.1317059999999999,2.1317059999999999,57.522705000000002,2.1317059999999999,1094.8325199999999,158.977844,4133.2714839999999,3.31779,6.1027810000000002,7.7999999999999999E-4,1,0.16517000000000001,1,0.48021999999999998,0.40363199999999999,6.9614979999999997,2606.2595209999999
1958,21,Apparel and leather and allied products,18732,13362,2.1322719999999999,2.1322719999999999,61.116539000000003,2.1322719999999999,1141.865601,165.04246499999999,3995.5786130000001,3.4814500000000002,6.5525200000000003,7.7999999999999999E-4,1,0.16874,1,0.47592000000000001,0.41112300000000002,6.554163,2476.811279
1959,21,Apparel and leather and allied products,20314,14451,2.1616559999999998,2.1616559999999998,69.414192,2.1616559999999998,1191.6788329999999,186.18150299999999,4409.2402339999999,3.62534,6.9468110000000003,7.7999999999999999E-4,1,0.17577000000000001,1,0.48393000000000003,0.441882,7.0663289999999996,2650.845703
1960,21,Apparel and leather and allied products,20313,14337,2.1349079999999998,2.1349079999999998,79.825912000000002,2.1349079999999998,1232.928345,187.12750199999999,4469.7133789999998,3.5967699999999998,6.8354999999999997,7.7999999999999999E-4,1,0.18612999999999999,1,0.49863000000000002,0.46939500000000001,6.9055869999999997,2624.0573730000001
1961,21,Apparel and leather and allied products,20042,14022,2.1017320000000002,2.1017320000000002,82.879974000000004,2.1017320000000002,1204.553711,226.713684,4499.5473629999997,3.5450200000000001,6.7256400000000003,7.7999999999999999E-4,1,0.1928,1,0.50305,0.65001200000000003,6.7202019999999996,2570.6552729999999
1962,21,Apparel and leather and allied products,21080,14548,2.0386519999999999,2.0386519999999999,85.692986000000005,2.0386519999999999,1296.2320560000001,283.88113399999997,4860.0776370000003,3.6840799999999998,6.90585,7.7999999999999999E-4,1,0.19797000000000001,1,0.52719000000000005,0.85673500000000002,6.92014,2659.2001949999999
1963,21,Apparel and leather and allied products,21858,15113,1.9143669999999999,1.9143669999999999,88.454123999999993,1.9143669999999999,1326.599731,330.86245700000001,4993.3408200000003,3.8270499999999998,7.1500300000000001,7.7999999999999999E-4,1,0.21004999999999999,1,0.56005000000000005,1.0355430000000001,6.8062760000000004,2638.8771969999998
1947,22,Paper products,7102,4512,1.1498250000000001,1.1498250000000001,17.526437999999999,1.1498250000000001,1390.9033199999999,70.636650000000003,1110.933716,0.33032,0.32912999999999998,7.3999999999999999E-4,1,1.8450000000000001E-2,1,0.24637999999999999,0.19545499999999999,1.078104,864.00988800000005
1948,22,Paper products,6941,4254,1.148055,1.148055,18.340107,1.148055,1332.782837,83.334686000000005,1249.0980219999999,0.30630000000000002,0.28909000000000001,7.3999999999999999E-4,1,2.0299999999999999E-2,1,0.26190000000000002,0.209341,1.0848249999999999,889.79559300000005
1949,22,Paper products,6778,4246,1.1790080000000001,1.1790080000000001,19.649052000000001,1.1790080000000001,1198.588135,83.769874999999999,1226.455811,0.30981999999999998,0.29470000000000002,7.3999999999999999E-4,1,2.206E-2,1,0.27109,0.20256399999999999,1.018662,845.40954599999998
1950,22,Paper products,8126,4976,1.161818,1.161818,22.073658000000002,1.161818,1619.8519289999999,111.009506,1393.5795900000001,0.36254999999999998,0.33501999999999998,7.3999999999999999E-4,1,2.3560000000000001E-2,1,0.27626000000000001,0.246195,1.1341619999999999,919.93292199999996
1951,22,Paper products,10401,6416,1.1232249999999999,1.1232249999999999,26.965508,1.1232249999999999,2197.6911620000001,132.66061400000001,1624.3129879999999,0.39291999999999999,0.37941000000000003,7.3999999999999999E-4,1,2.529E-2,1,0.29370000000000002,0.25533600000000001,1.1972100000000001,966.11529499999995
1952,22,Paper products,9655,5951,1.1407689999999999,1.1407689999999999,24.565200999999998,1.1407689999999999,1816.9091800000001,150.33248900000001,1708.7707519999999,0.37168000000000001,0.35488999999999998,7.3999999999999999E-4,1,2.792E-2,1,0.31091000000000002,0.26538299999999998,1.1814789999999999,960.75683600000002
1953,22,Paper products,10820,6861,1.155551,1.155551,28.980843,1.155551,1854.803711,176.68289200000001,1895.065918,0.42130000000000001,0.40938999999999998,7.3999999999999999E-4,1,3.2149999999999998E-2,1,0.32116,0.28825099999999998,1.2639389999999999,1013.208252
1954,22,Paper products,11007,6936,1.144379,1.144379,32.895870000000002,1.144379,1876.6136469999999,190.241364,1967.8160399999999,0.42612,0.41183999999999998,7.3999999999999999E-4,1,3.7589999999999998E-2,1,0.32773999999999998,0.29260999999999998,1.2517290000000001,1005.9784550000001
1955,22,Paper products,12473,7905,1.142949,1.142949,41.109622999999999,1.142949,2196.6198730000001,204.766403,2122.0749510000001,0.47165000000000001,0.46005000000000001,7.3999999999999999E-4,1,4.3139999999999998E-2,1,0.33881,0.30066999999999999,1.3125150000000001,1056.842163
1956,22,Paper products,13520,8424,1.109159,1.109159,49.55941,1.109159,2499.2021479999999,229.628006,2314.2829590000001,0.47838000000000003,0.46822000000000003,7.3999999999999999E-4,1,4.8820000000000002E-2,1,0.35993999999999998,0.31178699999999998,1.3509819999999999,1088.0760499999999
1957,22,Paper products,13094,8132,1.131143,1.131143,51.544784999999997,1.131143,2240.828857,252.655518,2413.577393,0.45243,0.44279000000000002,7.3999999999999999E-4,1,5.4339999999999999E-2,1,0.38146999999999998,0.31932500000000003,1.333863,1074.608643
1958,22,Paper products,12433,7476,1.1540619999999999,1.1540619999999999,53.642353,1.1540619999999999,2180.243164,276.144409,2443.508057,0.42736000000000002,0.40529999999999999,7.3999999999999999E-4,1,5.951E-2,1,0.39101999999999998,0.33002799999999999,1.3042739999999999,1051.5926509999999
1959,22,Paper products,14818,9276,1.1339490000000001,1.1339490000000001,57.930442999999997,1.1339490000000001,2464.4553219999998,309.50030500000003,2706.7121579999998,0.50805999999999996,0.49612000000000001,7.3999999999999999E-4,1,6.5269999999999995E-2,1,0.40028000000000002,0.35103400000000001,1.386487,1121.6022949999999
1960,22,Paper products,14480,8859,1.1476409999999999,1.1476409999999999,60.942523999999999,1.1476409999999999,2406.6142580000001,310.813019,2839.1875,0.49021999999999999,0.46978999999999999,7.3999999999999999E-4,1,7.1580000000000005E-2,1,0.41163,0.36385200000000001,1.3913120000000001,1126.9099120000001
1961,22,Paper products,14503,8638,1.13798,1.13798,65.641082999999995,1.13798,2452.1247560000002,320.53527800000001,3023.2846679999998,0.50551999999999997,0.46368999999999999,7.3999999999999999E-4,1,7.5109999999999996E-2,1,0.41997000000000001,0.41143099999999999,1.4261680000000001,1158.3063959999999
1962,22,Paper products,15490,9250,1.1454040000000001,9.9388000000000004E-2,71.807052999999996,1.1454040000000001,2586.1682129999999,330.41220099999998,3249.2224120000001,0.53534999999999999,0.49293999999999999,7.3999999999999999E-4,2.1000000000000001E-4,7.9640000000000002E-2,1,0.43429000000000001,0.463231,1.4649099999999999,1216.7615969999999
1963,22,Paper products,16445,9991,1.13479,0.92578099999999997,78.729713000000004,1.13479,2601.1313479999999,332.01464800000002,3438.9289549999999,0.57271000000000005,0.53320000000000001,7.3999999999999999E-4,1.24E-3,8.8150000000000006E-2,1,0.44879999999999998,0.50441999999999998,1.489838,1243.9501949999999
1947,23,Printing and related support activities,2718,1341,0.88597499999999996,0.88597499999999996,2.4208750000000001,0.88597499999999996,167.30435199999999,122.949585,1084.3251949999999,0.26047999999999999,0.22267000000000001,4.6999999999999999E-4,1,1.495E-2,1,0.20469999999999999,0.230239,0.77200299999999999,718.91656499999999
1948,23,Printing and related support activities,3275,1763,0.83907699999999996,0.83907699999999996,2.3958140000000001,0.83907699999999996,160.796921,141.12554900000001,1205.1645510000001,0.29582999999999998,0.27373999999999998,4.6999999999999999E-4,1,1.6119999999999999E-2,1,0.21879999999999999,0.243673,0.77107199999999998,744.02014199999996
1949,23,Printing and related support activities,3409,1813,0.86090500000000003,0.86090500000000003,2.670722,0.86090500000000003,174.84127799999999,152.21281400000001,1263.692505,0.29932999999999998,0.28122999999999998,4.6999999999999999E-4,1,1.7319999999999999E-2,1,0.23122999999999999,0.24651100000000001,0.76286200000000004,738.39074700000003
1950,23,Printing and related support activities,3582,1906,0.87760300000000002,0.87760300000000002,2.691576,0.87760300000000002,182.760941,180.80032299999999,1307.11438,0.30730000000000002,0.28803000000000001,4.6999999999999999E-4,1,1.848E-2,1,0.24110999999999999,0.28257199999999999,0.77288699999999999,760.665344
1951,23,Printing and related support activities,3741,1936,1.4996609999999999,1.4996609999999999,4.6056350000000004,1.4996609999999999,335.01123000000001,175.88265999999999,1285.0014650000001,0.30001,0.26190000000000002,4.6999999999999999E-4,1,1.9810000000000001E-2,1,0.25516,0.27662100000000001,0.79646899999999998,770.23425299999997
1952,23,Printing and related support activities,4083,2165,1.890312,1.890312,6.3689,1.890312,453.58175699999998,184.20739699999999,1268.1710210000001,0.31240000000000001,0.28936000000000001,4.6999999999999999E-4,1,2.171E-2,1,0.26367000000000002,0.289246,0.80768899999999999,779.71752900000001
1953,23,Printing and related support activities,4849,2761,1.303739,1.303739,5.2832090000000003,1.303739,333.83972199999999,231.905563,1513.060303,0.36070999999999998,0.36504999999999999,4.6999999999999999E-4,1,2.4639999999999999E-2,1,0.26577000000000001,0.30645499999999998,0.83442400000000005,800.51397699999995
1954,23,Printing and related support activities,5223,3068,0.84581600000000001,0.84581600000000001,4.2553219999999996,0.84581600000000001,208.70721399999999,265.13485700000001,1674.365112,0.38400000000000001,0.40227000000000002,4.6999999999999999E-4,1,2.8170000000000001E-2,1,0.26629000000000003,0.31190099999999998,0.82961200000000002,803.65270999999996
1955,23,Printing and related support activities,5736,3390,0.796705,0.796705,5.0028899999999998,0.796705,227.20709199999999,289.33517499999999,1822.064697,0.40926000000000001,0.43467,4.6999999999999999E-4,1,3.1629999999999998E-2,1,0.27085999999999999,0.317056,0.85477499999999995,833.63104199999998
1956,23,Printing and related support activities,6184,3709,1.6185400000000001,1.6185400000000001,10.750007,1.6185400000000001,486.00210600000003,276.55581699999999,1696.836548,0.42421999999999999,0.45502999999999999,4.6999999999999999E-4,1,3.4930000000000003E-2,1,0.28111000000000003,0.32476699999999997,0.87524199999999996,851.02593999999999
1957,23,Printing and related support activities,6511,3893,1.0925130000000001,1.0925130000000001,7.8161740000000002,1.0925130000000001,351.37918100000002,328.83300800000001,1926.694092,0.42947999999999997,0.46349000000000001,4.6999999999999999E-4,1,3.7780000000000001E-2,1,0.29044999999999999,0.33588099999999999,0.87744699999999998,855.509277
1958,23,Printing and related support activities,9588,6936,0.81420800000000004,0.81420800000000004,5.8552479999999996,0.81420800000000004,256.90206899999998,366.47491500000001,2020.3251949999999,0.62109000000000003,0.81401999999999997,4.6999999999999999E-4,1,4.0460000000000003E-2,1,0.29683999999999999,0.344356,0.854159,841.06750499999998
1959,23,Printing and related support activities,9945,7078,1.4721230000000001,1.4721230000000001,12.575540999999999,1.4721230000000001,521.42437700000005,359.56369000000001,1969.0200199999999,0.63200000000000001,0.81896999999999998,4.6999999999999999E-4,1,4.3729999999999998E-2,1,0.30643999999999999,0.35431600000000002,0.87982700000000003,871.98529099999996
1960,23,Printing and related support activities,10186,7177,0.81621600000000005,0.81621600000000005,7.6665130000000001,0.81621600000000005,290.78497299999998,407.08075000000002,2301.0190429999998,0.63056000000000001,0.81579999999999997,4.6999999999999999E-4,1,4.7559999999999998E-2,1,0.31691000000000003,0.36380600000000002,0.90998100000000004,878.52880900000002
1961,23,Printing and related support activities,10010,6931,1.3331470000000001,1.3331470000000001,13.155136000000001,1.3331470000000001,477.60760499999998,443.955963,2140.2817380000001,0.61931000000000003,0.79193999999999998,4.6999999999999999E-4,1,4.9739999999999999E-2,1,0.32539000000000001,0.40933399999999998,0.89885800000000005,867.41021699999999
1962,23,Printing and related support activities,10221,6931,1.3789689999999999,1.3789689999999999,15.357309000000001,1.3789689999999999,543.89178500000003,524.71752900000001,2201.8964839999999,0.62275000000000003,0.78468000000000004,4.6999999999999999E-4,1,5.2720000000000003E-2,1,0.33693000000000001,0.45352700000000001,0.89990599999999998,865.32214399999998
1963,23,Printing and related support activities,7548,4136,0.97234500000000001,2.3217999999999999E-2,12.163797000000001,0.97234500000000001,400.11291499999999,640.08325200000002,2357.6721189999998,0.45112999999999998,0.46678999999999998,4.6999999999999999E-4,1.3999999999999999E-4,5.8529999999999999E-2,1,0.34895999999999999,0.49018200000000001,0.88792899999999997,852.04467799999998
1947,24,Petroleum and coal products,8131,6388,2.1066159999999998,2.1066159999999998,140.672867,2.1066159999999998,824.13696300000004,79.336189000000005,698.85394299999996,0.30847999999999998,0.50368999999999997,1.4400000000000001E-3,1,0.14724000000000001,1,3.0413299999999999,0.41045500000000001,1.9474860000000001,441.70886200000001
1948,24,Petroleum and coal products,7864,5720,1.7243820000000001,1.7243820000000001,137.58938599999999,1.7243820000000001,1108.1030270000001,94.161323999999993,798.97314500000005,0.30823,0.37487999999999999,1.4400000000000001E-3,1,0.15512000000000001,1,3.2289300000000001,0.44363799999999998,2.0033150000000002,461.33047499999998
1949,24,Petroleum and coal products,8471,6628,2.776316,2.776316,204.552536,2.776316,702.77984600000002,99.775131000000002,827.56347700000003,0.29037000000000002,0.44062000000000001,1.4400000000000001E-3,1,0.16070000000000001,1,3.3991509999999998,0.43622300000000003,1.9347300000000001,444.68051100000002
1950,24,Petroleum and coal products,10538,8473,2.3297680000000001,2.3297680000000001,155.60627700000001,2.3297680000000001,956.83032200000002,115.56043200000001,830.01385500000004,0.36798999999999998,0.55823,1.4400000000000001E-3,1,0.16617999999999999,1,3.50156,0.49984200000000001,1.9726969999999999,456.74859600000002
1951,24,Petroleum and coal products,12934,10311,1.853953,1.853953,153.41876199999999,1.853953,1309.8770750000001,144.446304,1009.696045,0.40438000000000002,0.62958000000000003,1.4400000000000001E-3,1,0.17405000000000001,1,3.6707109999999998,0.53185300000000002,2.1186280000000002,481.61807299999998
1952,24,Petroleum and coal products,13534,11018,4.8295050000000002,4.8295050000000002,349.37252799999999,4.8295050000000002,1043.7701420000001,150.94572400000001,957.42303500000003,0.42079,0.67191999999999996,1.4400000000000001E-3,1,0.18704000000000001,1,3.8938299999999999,0.59164600000000001,2.152765,495.48663299999998
1953,24,Petroleum and coal products,13422,10642,3.2836280000000002,3.2836280000000002,295.04211400000003,3.2836280000000002,1099.6557620000001,202.18920900000001,1173.2619629999999,0.40887000000000001,0.62822999999999996,1.4400000000000001E-3,1,0.20891000000000001,1,4.1135210000000004,0.64747399999999999,2.2368260000000002,505.16909800000002
1954,24,Petroleum and coal products,13872,11097,4.1968439999999996,4.1968439999999996,363.64410400000003,4.1968439999999996,953.31317100000001,224.203506,1221.248779,0.41613,0.64766000000000001,1.4400000000000001E-3,1,0.23738999999999999,1,4.287471,0.66881699999999999,2.2196899999999999,494.53500400000001
1955,24,Petroleum and coal products,15398,12486,4.1701560000000004,4.1701560000000004,406.74136399999998,4.1701560000000004,1018.348999,237.07164,1237.3275149999999,0.45716000000000001,0.71604000000000001,1.4400000000000001E-3,1,0.26607999999999998,1,4.3860400000000004,0.70198400000000005,2.2431519999999998,504.50262500000002
1956,24,Petroleum and coal products,17220,13902,4.0968869999999997,4.0968869999999997,510.21343999999999,4.0968869999999997,1322.4876710000001,250.295547,1222.7126459999999,0.48887999999999998,0.77005000000000001,1.4400000000000001E-3,1,0.29554999999999998,1,4.4796399999999998,0.73542399999999997,2.2569520000000001,502.03518700000001
1957,24,Petroleum and coal products,18339,15434,8.7474620000000005,8.7474620000000005,1240.4592290000001,8.7474620000000005,391.20220899999998,227.50645399999999,1019.5896,0.49135000000000001,0.81537000000000004,1.4400000000000001E-3,1,0.33067999999999997,1,4.2500710000000002,0.79273199999999999,2.2672669999999999,502.38092
1958,24,Petroleum and coal products,16910,14016,6.011908,6.011908,898.22924799999998,6.011908,323.54388399999999,328.07153299999999,1326.119629,0.47209000000000001,0.74814000000000003,1.4400000000000001E-3,1,0.37319999999999998,1,3.3600699999999999,0.82195200000000002,2.1557379999999999,476.28753699999999
1959,24,Petroleum and coal products,17362,15318,4.3346309999999999,4.3346309999999999,633.59344499999997,4.3346309999999999,449.49249300000002,193.55126999999999,754.35882600000002,0.48693999999999998,0.81167,1.4400000000000001E-3,1,0.42041000000000001,1,2.7239499999999999,0.83643500000000004,2.0783160000000001,470.08648699999998
1960,24,Petroleum and coal products,17644,15429,2.6775899999999999,2.6775899999999999,435.50024400000001,2.6775899999999999,358.29992700000003,288.38287400000002,1124.784302,0.49619999999999997,0.80942999999999998,1.4400000000000001E-3,1.89E-3,0.46945999999999999,1,2.4723799999999998,0.86402000000000001,2.0252340000000002,458.72970600000002
1961,24,Petroleum and coal products,17356,15398,4.2972070000000002,14.726756999999999,795.86370799999997,4.2972070000000002,155.240036,210.34530599999999,773.22985800000004,0.48888999999999999,0.80720999999999998,1.4400000000000001E-3,6.0099999999999997E-3,0.51849000000000001,1,1.9912799999999999,0.90900700000000001,1.9556640000000001,438.02105699999998
1962,24,Petroleum and coal products,17446,15606,3.1200389999999998,25.291806999999999,698.65850799999998,3.1200389999999998,311.04904199999999,178.35879499999999,620.401611,0.49867,0.81201999999999996,1.4400000000000001E-3,1.158E-2,0.56499999999999995,1,1.4661,0.96351600000000004,1.909915,429.005066
1963,24,Petroleum and coal products,18003,15892,2.586681,36.402625999999998,664.58331299999998,2.586681,243.44790599999999,270.53478999999999,890.85803199999998,0.51961999999999997,0.83018000000000003,1.4400000000000001E-3,2.0240000000000001E-2,0.60936000000000001,1,1.25265,1.0066409999999999,1.8742380000000001,415.46862800000002
1947,25,Chemical products,9989,6265,1.0438179999999999,1.0438179999999999,218.02285800000001,1.0438179999999999,1766.1141359999999,283.49514799999997,1456.3679199999999,0.11448,0.15787000000000001,1.1E-4,1.0000009999999999,9.6200000000000001E-3,1,0.15153,0.15144299999999999,1.0849420000000001,1270.2022710000001
1948,25,Chemical products,11798,7348,1.018699,1.018699,277.80078099999997,1.018699,2257.2353520000001,319.48052999999999,1592.427246,0.12939999999999999,0.17265,1.1E-4,1.0000009999999999,1.0710000000000001E-2,1,0.15912999999999999,0.15951399999999999,1.0874280000000001,1293.0974120000001
1949,25,Chemical products,11899,7272,1.0077069999999999,1.0077069999999999,320.60125699999998,1.0077069999999999,2387.0478520000001,325.75106799999998,1590.5764160000001,0.13616,0.17765,1.1E-4,1.0000009999999999,1.159E-2,1,0.16278000000000001,0.15243999999999999,1.01816,1211.010986
1950,25,Chemical products,14175,8661,1.0132110000000001,1.0132110000000001,356.747772,1.0132110000000001,3044.1733399999998,395.149475,1714.8896480000001,0.16147,0.20493,1.1E-4,1.0000009999999999,1.242E-2,1,0.16475000000000001,0.17682999999999999,1.057642,1273.1617429999999
1951,25,Chemical products,16616,9890,1.01,1.01,409.67294299999998,1.01,3694.5522460000002,513.84448199999997,2104.900635,0.16877,0.20938999999999999,1.1E-4,1.0000009999999999,1.341E-2,1,0.17737,0.20358799999999999,1.1954100000000001,1416.4052730000001
1952,25,Chemical products,16437,9689,1.028689,1.028689,399.52368200000001,1.028689,3453.7595209999999,617.26495399999999,2274.366211,0.17247999999999999,0.21131,1.1E-4,1.0000009999999999,1.4800000000000001E-2,1,0.19172,0.231104,1.2171460000000001,1471.5614009999999
1953,25,Chemical products,17374,10037,1.048678,1.048678,472.46752900000001,1.048678,3606.4152829999998,746.42431599999998,2508.546875,0.18201000000000001,0.21942999999999999,1.1E-4,1.0000009999999999,1.6899999999999998E-2,1,0.20068,0.26205600000000001,1.2907090000000001,1549.358154
1954,25,Chemical products,16302,8682,1.0336380000000001,1.0336380000000001,531.77905299999998,1.0336380000000001,3696.8857419999999,817.82360800000004,2570.4106449999999,0.16980000000000001,0.18953999999999999,1.1E-4,1.0000009999999999,1.942E-2,1,0.2039,0.26869999999999999,1.259179,1506.3206789999999
1955,25,Chemical products,18262,9415,1.016834,1.016834,680.24352999999996,1.016834,4587.2290039999998,885.90033000000005,2690.5764159999999,0.18991,0.20380999999999999,1.1E-4,1.0000009999999999,2.2089999999999999E-2,1,0.20804,0.28453099999999998,1.2912600000000001,1570.1400149999999
1956,25,Chemical products,18904,9664,1.0304420000000001,1.0304420000000001,775.23126200000002,1.0304420000000001,4460.6879879999997,1027.7147219999999,2973.2741700000001,0.19542000000000001,0.20463999999999999,1.1E-4,1.0000009999999999,2.5399999999999999E-2,1,0.21761,0.304317,1.345467,1625.5002440000001
1957,25,Chemical products,19353,9514,1.0369139999999999,1.0369139999999999,899.23950200000002,1.0369139999999999,4578.5932620000003,1178.4338379999999,3179.6228030000002,0.19728999999999999,0.19769999999999999,1.1E-4,1.0000009999999999,2.9350000000000001E-2,1,0.22652,0.32505299999999998,1.362447,1641.7705080000001
1958,25,Chemical products,21354,11478,1.053993,1.053993,987.06616199999996,1.053993,4501.7578119999998,1258.1430660000001,3125.8710940000001,0.21637999999999999,0.23757,1.1E-4,1.0000009999999999,3.3439999999999998E-2,1,0.22914999999999999,0.33336399999999999,1.298073,1572.0926509999999
1959,25,Chemical products,24505,13051,1.025714,1.025714,1172.335693,1.025714,5524.9008789999998,1397.134399,3356.5520019999999,0.24829999999999999,0.26658999999999999,1.1E-4,1.0000009999999999,3.7780000000000001E-2,1,0.23308000000000001,0.35595300000000002,1.343475,1643.6865230000001
1960,25,Chemical products,25178,13748,1.046246,0.49907899999999999,1238.4295649999999,1.046246,5187.6411129999997,1454.4522710000001,3546.88501,0.25451000000000001,0.27816000000000002,1.1E-4,2.5000000000000001E-4,4.2369999999999998E-2,1,0.23915,0.37471399999999999,1.3745639999999999,1658.837769
1961,25,Chemical products,26189,14192,1.0405260000000001,3.84199,1412.236938,1.0405260000000001,5366.9125979999999,1577.2410890000001,3634.6865229999999,0.26576,0.28736,1.1E-4,1.01E-3,4.7230000000000001E-2,1,0.24465999999999999,0.418462,1.3564210000000001,1668.117432
1962,25,Chemical products,28534,15768,1.038967,9.4273430000000005,1625.1251219999999,1.038967,5595.3920900000003,1725.534302,3808.4426269999999,0.28903000000000001,0.31717000000000001,1.1E-4,1.81E-3,5.2339999999999998E-2,1,0.25448999999999999,0.46621600000000002,1.356236,1708.0251459999999
1963,25,Chemical products,31334,17728,1.026966,13.255335000000001,1821.932495,1.026966,5928.1757809999999,1870.415649,3970.1669919999999,0.32007000000000002,0.35749999999999998,1.1E-4,2.9299999999999999E-3,5.7639999999999997E-2,1,0.26307000000000003,0.512571,1.3575839999999999,1739.35376
1947,26,Plastics and rubber products,2683,917,1.3519140000000001,1.3519140000000001,52.528824,1.3519140000000001,701.00195299999996,130.54145800000001,881.92785600000002,9.3859999999999999E-2,6.0979999999999999E-2,4.2000000000000002E-4,1,5.4539999999999998E-2,1,0.12349,0.25463799999999998,0.49173800000000001,657.80853300000001
1948,26,Plastics and rubber products,2555,801,1.407845,1.407845,62.960056000000002,1.407845,688.41900599999997,131.72726399999999,866.67010500000004,8.5779999999999995E-2,4.8680000000000001E-2,4.2000000000000002E-4,1,5.7619999999999998E-2,1,0.13074,0.25022899999999998,0.47314099999999998,629.49017300000003
1949,26,Plastics and rubber products,2424,769,1.470574,1.470574,64.790458999999998,1.470574,643.132385,127.127747,815.53772000000004,8.2720000000000002E-2,4.8509999999999998E-2,4.2000000000000002E-4,1,6.0179999999999997E-2,1,0.13431999999999999,0.232539,0.42982700000000001,574.05767800000001
1950,26,Plastics and rubber products,3234,1317,1.6274040000000001,1.6274040000000001,72.291893000000002,1.6274040000000001,712.81481900000006,175.12004099999999,951.89105199999995,0.10145,7.8740000000000004E-2,4.2000000000000002E-4,1,6.2909999999999994E-2,1,0.13614999999999999,0.28512599999999999,0.49148900000000001,633.68646200000001
1951,26,Plastics and rubber products,4056,1414,1.1235919999999999,1.1235919999999999,82.542473000000001,1.1235919999999999,1219.3442379999999,191.337433,1145.4051509999999,0.10952000000000001,7.5649999999999995E-2,4.2000000000000002E-4,1,6.633E-2,1,0.14965999999999999,0.27400999999999998,0.53366199999999997,679.25830099999996
1952,26,Plastics and rubber products,3854,1116,1.1187119999999999,1.1187119999999999,79.440781000000001,1.1187119999999999,1197.5668949999999,211.18042,1246.455688,0.10816000000000001,6.132E-2,4.2000000000000002E-4,1,7.1830000000000005E-2,1,0.16319,0.27298699999999998,0.53921200000000002,685.47430399999996
1953,26,Plastics and rubber products,4112,1240,1.177756,1.177756,88.741348000000002,1.177756,1155.6674800000001,234.34355199999999,1389.7144780000001,0.11755,6.8430000000000005E-2,4.2000000000000002E-4,1,8.1040000000000001E-2,1,0.17025000000000001,0.28169899999999998,0.57036100000000001,725.77966300000003
1954,26,Plastics and rubber products,3726,1155,1.2924610000000001,1.2924610000000001,91.814278000000002,1.2924610000000001,927.389771,219.911057,1328.007568,0.10629,6.361E-2,4.2000000000000002E-4,1,9.2999999999999999E-2,1,0.17216000000000001,0.24685499999999999,0.52398199999999995,658.80609100000004
1955,26,Plastics and rubber products,4593,1542,1.2272940000000001,1.2272940000000001,112.445564,1.2272940000000001,1124.883057,246.049194,1563.940308,0.12309,8.4269999999999998E-2,4.2000000000000002E-4,1,0.1041,1,0.17709,0.25573699999999999,0.59502699999999997,730.19378700000004
1956,26,Plastics and rubber products,4537,1157,1.14476,1.14476,129.57382200000001,1.14476,1323.3358149999999,252.02754200000001,1671.628418,0.11652,6.1960000000000001E-2,4.2000000000000002E-4,1,0.11351,1,0.18834999999999999,0.24577399999999999,0.591665,741.083618
1957,26,Plastics and rubber products,5592,2065,1.218815,1.218815,141.413895,1.218815,1315.6138920000001,269.44348100000002,1796.872437,0.14180999999999999,0.10915999999999999,4.2000000000000002E-4,1,0.12313,1,0.19647000000000001,0.23891299999999999,0.59750000000000003,735.02508499999999
1958,26,Plastics and rubber products,6914,3444,1.210512,1.210512,148.64802599999999,1.210512,1343.4693600000001,259.31133999999997,1714.939697,0.17318,0.18148,4.2000000000000002E-4,1,0.13155,1,0.19650999999999999,0.220885,0.54654000000000003,683.36926300000005
1959,26,Plastics and rubber products,7991,4045,1.1794150000000001,1.1794150000000001,157.95074500000001,1.1794150000000001,1504.2227780000001,289.457764,1990.830322,0.20429,0.20985999999999999,4.2000000000000002E-4,1,0.13927,1,0.20125000000000001,0.230352,0.62248099999999995,748.97058100000004
1960,26,Plastics and rubber products,7905,3950,1.213117,0.11902500000000001,161.17984000000001,1.213117,1454.6906739999999,270.29116800000003,2066.2929690000001,0.20457,0.20369000000000001,4.2000000000000002E-4,1.9000000000000001E-4,0.14782999999999999,1,0.21063000000000001,0.22167999999999999,0.60738300000000001,749.88922100000002
1961,26,Plastics and rubber products,7866,3722,1.193818,0.68430000000000002,176.603027,1.193818,1560.0167240000001,237.375946,2166.9323730000001,0.20804,0.19297,4.2000000000000002E-4,3.4000000000000002E-4,0.15795999999999999,1,0.21757000000000001,0.213454,0.61041199999999995,755.60620100000006
1962,26,Plastics and rubber products,8567,3888,1.1974199999999999,0.732406,199.46919299999999,1.1974199999999999,1703.1381839999999,231.500214,2541.7651369999999,0.22861000000000001,0.20039999999999999,4.2000000000000002E-4,4.6999999999999999E-4,0.16994999999999999,1,0.23061999999999999,0.22411700000000001,0.68741200000000002,833.56964100000005
1963,26,Plastics and rubber products,9090,4286,1.202121,1.3138920000000001,206.90533400000001,1.202121,1672.210327,203.27784700000001,2717.8884280000002,0.24185000000000001,0.22101000000000001,4.2000000000000002E-4,9.3000000000000005E-4,0.18264,1,0.24171999999999999,0.22000400000000001,0.70084100000000005,862.69964600000003
1947,27,Wholesale trade,19601,4009,1.569475,1.569475,12.032323,1.569475,7894.0795900000003,829.14080799999999,6856.7475590000004,6.1780000000000002E-2,0.11283,2.0000000000000002E-5,1,1.46E-2,1,0.13635,9.7581000000000001E-2,0.52958000000000005,4860.5463870000003
1948,27,Wholesale trade,19223,2072,1.4801759999999999,1.4801759999999999,14.901254,1.4801759999999999,8525.6669920000004,956.73535200000003,7649.2558589999999,5.6809999999999999E-2,5.4559999999999997E-2,2.0000000000000002E-5,1,1.555E-2,1,0.13824,0.103119,0.55579599999999996,4982.3212890000004
1949,27,Wholesale trade,20348,3684,1.5696000000000001,1.5696000000000001,14.29468,1.5696000000000001,8060.7304690000001,972.26580799999999,7612,6.1629999999999997E-2,9.6140000000000003E-2,2.0000000000000002E-5,1,1.617E-2,1,0.14631,0.102174,0.54012199999999999,4839.3315430000002
1950,27,Wholesale trade,24753,6060,1.5443789999999999,1.5443789999999999,14.482132,1.5443789999999999,9709.7099610000005,1127.619019,7836.5556640000004,7.1150000000000005E-2,0.1542,2.0000000000000002E-5,1,1.6650000000000002E-2,1,0.15248999999999999,0.112557,0.54212899999999997,4849.7407229999999
1951,27,Wholesale trade,27070,5744,1.5240560000000001,1.5240560000000001,17.414852,1.5240560000000001,11126.025390999999,1279.0864260000001,8898.9013670000004,7.1510000000000004E-2,0.13463,2.0000000000000002E-5,1,1.7330000000000002E-2,1,0.15382999999999999,0.115913,0.57644499999999999,5090.5830079999996
1952,27,Wholesale trade,27234,5750,1.557196,1.557196,16.736692000000001,1.557196,10449.766602,1467.0139160000001,9545.8115230000003,7.2410000000000002E-2,0.13170000000000001,2.0000000000000002E-5,1,1.8550000000000001E-2,1,0.16592000000000001,0.123434,0.58894899999999994,5158.1015619999998
1953,27,Wholesale trade,27751,5677,1.595261,1.595261,18.225190999999999,1.595261,10109.941406,1673.037842,10268.009765999999,7.4219999999999994E-2,0.12725,2.0000000000000002E-5,1,2.0709999999999999E-2,1,0.17571000000000001,0.13034200000000001,0.595669,5213.8305659999996
1954,27,Wholesale trade,29855,7571,1.4661500000000001,1.4661500000000001,15.715094000000001,1.4661500000000001,9726.0742190000001,1813.9765620000001,10723.835938,7.9039999999999999E-2,0.1671,2.0000000000000002E-5,1,2.349E-2,1,0.17752999999999999,0.13300799999999999,0.59202100000000002,5172.4487300000001
1955,27,Wholesale trade,33358,8259,1.515863,1.515863,22.474851999999998,1.515863,12074.570312,1894.508057,11102.899414,8.6980000000000002E-2,0.17851,2.0000000000000002E-5,1,2.5899999999999999E-2,1,0.17768,0.13524800000000001,0.60631699999999999,5289.5722660000001
1956,27,Wholesale trade,35895,8850,1.5539799999999999,1.5539799999999999,28.272713,1.5539799999999999,12348.950194999999,2186.626221,12476.490234000001,9.0319999999999998E-2,0.18496000000000001,2.0000000000000002E-5,1,2.7519999999999999E-2,1,0.18268999999999999,0.14197399999999999,0.62760000000000005,5479.9345700000003
1957,27,Wholesale trade,36227,7693,1.556573,1.556573,29.179808000000001,1.556573,12812.169921999999,2444.3999020000001,13243.581055000001,8.8340000000000002E-2,0.15590999999999999,2.0000000000000002E-5,1,2.8320000000000001E-2,1,0.19281999999999999,0.14868000000000001,0.63080000000000003,5504.8579099999997
1958,27,Wholesale trade,35946,6755,1.5765480000000001,1.5765480000000001,27.410945999999999,1.5765480000000001,13079.826171999999,2653.1889649999998,13425.844727,8.7069999999999995E-2,0.13424,2.0000000000000002E-5,1,2.7619999999999999E-2,1,0.19764999999999999,0.156806,0.62913300000000005,5480.2553710000002
1959,27,Wholesale trade,40521,7097,1.8113779999999999,1.8113779999999999,30.936214,1.8113779999999999,16239.732421999999,2863.430664,14284.467773,9.6049999999999996E-2,0.13869000000000001,2.0000000000000002E-5,1,2.5860000000000001E-2,1,0.19639999999999999,0.162551,0.64838899999999999,5650.4125979999999
1960,27,Wholesale trade,41159,6314,1.9431689999999999,0.36146200000000001,31.550689999999999,1.9431689999999999,16568.931640999999,3009.1552729999999,15231.114258,9.7610000000000002E-2,0.12113,2.0000000000000002E-5,1.0000000000000001E-5,2.4070000000000001E-2,1,0.20213,0.17407,0.66290099999999996,5777.2490230000003
1961,27,Wholesale trade,42422,6554,7.5355000000000005E-2,3.1738249999999999,31.635117000000001,1.9504589999999999,16694.912109000001,3085.3989259999998,16050.855469,0.10045999999999999,0.12470000000000001,2.0000000000000002E-5,4.0000000000000003E-5,2.3009999999999999E-2,1,0.21073,0.17971699999999999,0.66786500000000004,5810.7304690000001
1962,27,Wholesale trade,44954,6622,0.354514,6.8555400000000004,31.439425,1.935325,18005.765625,3190.6076659999999,17095.041015999999,0.10609,0.12427000000000001,6.0000000000000002E-5,8.0000000000000007E-5,2.223E-2,1,0.21973999999999999,0.18634899999999999,0.68149800000000005,5900.6225590000004
1963,27,Wholesale trade,47628,7739,0.48727799999999999,11.613054,28.983694,1.939101,18356.070312,3288.204346,18201.701172000001,0.11175,0.14502000000000001,6.9999999999999994E-5,1.4999999999999999E-4,2.1129999999999999E-2,1,0.23252999999999999,0.191081,0.69295099999999998,5944.998047
1947,28,Retail trade,37140,13949,1.2208019999999999,1.2208019999999999,7.9660469999999997,1.2208019999999999,8872.3603519999997,1076.4580080000001,13234.215819999999,0.18637999999999999,0.32969999999999999,4.0000000000000003E-5,1,1.14E-2,1,0.12673000000000001,0.14685500000000001,0.58239300000000005,12842.087890999999
1948,28,Retail trade,40922,16412,1.0849679999999999,1.0849679999999999,7.3463700000000003,1.0849679999999999,8564.375,1236.213379,14698.809569999999,0.19020000000000001,0.36395,4.0000000000000003E-5,1,1.2149999999999999E-2,1,0.12859000000000001,0.15374499999999999,0.59260299999999999,13054.948242
1949,28,Retail trade,41138,16218,1.0892489999999999,1.0892489999999999,7.5127379999999997,1.0892489999999999,8352.0957030000009,1311.0814210000001,15246.043944999999,0.19467000000000001,0.35524,4.0000000000000003E-5,1,1.261E-2,1,0.13650999999999999,0.157388,0.59193099999999998,13131.556640999999
1950,28,Retail trade,45390,19361,1.0626960000000001,1.0626960000000001,6.4290900000000004,1.0626960000000001,8588.4775389999995,1551.991943,15878.912109000001,0.22098000000000001,0.41411999999999999,4.0000000000000003E-5,1,1.295E-2,1,0.14058000000000001,0.176066,0.59944500000000001,13291.329102
1951,28,Retail trade,48504,20059,1.2523230000000001,1.2523230000000001,7.9880750000000003,1.2523230000000001,10871.567383,1504.4063719999999,16057.28125,0.21801999999999999,0.39472000000000002,4.0000000000000003E-5,1,1.346E-2,1,0.14452000000000001,0.16702800000000001,0.62016499999999997,13595.907227
1952,28,Retail trade,50491,20599,1.388736,1.388736,9.0421329999999998,1.388736,12611.016602,1533.2873540000001,15734.488281,0.22170000000000001,0.39649000000000001,4.0000000000000003E-5,1,1.44E-2,1,0.15340999999999999,0.16961799999999999,0.62257899999999999,13495.986328000001
1953,28,Retail trade,52737,21923,1.2086479999999999,1.2086479999999999,9.5316170000000007,1.2086479999999999,10355.068359000001,1875.0073239999999,18570.765625,0.23265,0.41311999999999999,4.0000000000000003E-5,1,1.6060000000000001E-2,1,0.15265000000000001,0.174591,0.62249500000000002,13603.820312
1954,28,Retail trade,52909,21484,1.001879,1.001879,8.2151259999999997,1.001879,9855.9589840000008,2004.1982419999999,19553.621093999998,0.22939000000000001,0.39855000000000002,4.0000000000000003E-5,1,1.821E-2,1,0.15842000000000001,0.17652799999999999,0.62696300000000005,13662.124023
1955,28,Retail trade,57205,23790,1.003161,1.003161,10.081984,1.003161,9901.5488280000009,2151.593018,21348.767577999999,0.25096000000000002,0.43236999999999998,4.0000000000000003E-5,1,2.0070000000000001E-2,1,0.16258,0.17394499999999999,0.63714999999999999,13939.723633
1956,28,Retail trade,59251,24655,1.0982160000000001,1.0982160000000001,11.465241000000001,1.0982160000000001,10451.466796999999,2221.530518,21908.242188,0.25335000000000002,0.43301000000000001,4.0000000000000003E-5,1,2.1340000000000001E-2,1,0.16879,0.17673,0.64848899999999998,14327.945312
1957,28,Retail trade,62686,26137,1.205749,1.205749,13.770885,1.205749,11564.223633,2372.130615,22595.257812,0.25979000000000002,0.44451000000000002,4.0000000000000003E-5,1,2.198E-2,1,0.17512,0.181029,0.64859299999999998,14330.490234000001
1958,28,Retail trade,63022,25774,0.92665299999999995,0.92665299999999995,9.9938000000000002,0.92665299999999995,9415.5107420000004,2775.1809079999998,25044.533202999999,0.25538,0.43114999999999998,4.0000000000000003E-5,1,2.145E-2,1,0.17990999999999999,0.186802,0.64026700000000003,14180.862305000001
1959,28,Retail trade,68397,27782,0.99383299999999997,0.99383299999999997,10.408277999999999,0.99383299999999997,11663.821289,2859.2231449999999,26078.566406000002,0.27237,0.45745999999999998,4.0000000000000003E-5,1,2.009E-2,1,0.18411,0.18765799999999999,0.65334300000000001,14550.947265999999
1960,28,Retail trade,70358,28844,0.88995000000000002,0.105518,8.3991830000000007,0.88995000000000002,9893.6992190000001,3000.455078,28609.560547000001,0.27673999999999999,0.46578000000000003,4.0000000000000003E-5,2.0000000000000002E-5,1.8689999999999998E-2,1,0.19034999999999999,0.194663,0.65960399999999997,14793.038086
1961,28,Retail trade,70781,28173,0.91796500000000003,1.01248,8.2640770000000003,0.91796500000000003,10498.350586,2963.1311040000001,29135.40625,0.27232000000000001,0.45086999999999999,4.0000000000000003E-5,4.0000000000000003E-5,1.7860000000000001E-2,1,0.19788,0.19898099999999999,0.64384200000000003,14542.055664
1962,28,Retail trade,76830,31090,1.1544939999999999,2.4477790000000001,10.870191,1.1544939999999999,14015.379883,2840.686768,28868.306640999999,0.29376000000000002,0.49095,4.0000000000000003E-5,6.9999999999999994E-5,1.7270000000000001E-2,1,0.20118,0.20577400000000001,0.64333099999999999,14548.181640999999
1963,28,Retail trade,81182,33503,1.277414,4.3811049999999998,11.587832000000001,1.277414,15346.634765999999,2824.0620119999999,29489.779297000001,0.30602000000000001,0.52656999999999998,4.0000000000000003E-5,1.3999999999999999E-4,1.6449999999999999E-2,1,0.20766000000000001,0.213313,0.65335100000000002,14555.226562
1947,2936,Transportation and warehousing,23708,9539,57.717574999999997,16.483639,14.533512,16.483639,6101.9091799999997,306.66073599999999,7655.2124020000001,0.22419,0.21260999999999999,7.0270000000000003E-3,0.15614900000000001,3.7244060000000001,1,0.32897399999999999,0.119362,0.93366000000000005,6475.6616210000002
1948,2936,Transportation and warehousing,25300,9754,108.935089,14.712521000000001,13.004165,14.712522,6528.6035160000001,361.58517499999999,8504.4472659999992,0.21851000000000001,0.20064000000000001,6.8999999999999999E-3,0.15614900000000001,3.7263169999999999,1,0.34895199999999998,0.12798899999999999,0.91995800000000005,6643.1118159999996
1949,2936,Transportation and warehousing,25527,10454,72.315665999999993,11.469530000000001,10.129611000000001,11.469531,5029.1264650000003,415.48187300000001,9523.0078119999998,0.21149000000000001,0.20757,6.6759999999999996E-3,0.15614900000000001,3.7281430000000002,1,0.36594700000000002,0.11859,0.83303199999999999,6057.1181640000004
1950,2936,Transportation and warehousing,28638,11880,72.697143999999994,12.717661,11.267192,12.717662000000001,6654.970703,465.749573,9527.8798829999996,0.24060999999999999,0.23502999999999999,6.3819999999999997E-3,0.15614900000000001,3.7299069999999999,1,0.38086900000000001,0.128521,0.82611000000000001,5962.048828
1951,2936,Transportation and warehousing,31997,12999,85.541938999999999,14.615321,12.940713000000001,14.615322000000001,8389.9824219999991,484.84387199999998,9995.4609380000002,0.25714999999999999,0.23880999999999999,6.1009999999999997E-3,0.15614900000000001,3.7316189999999998,1,0.39509,0.129497,0.88003399999999998,6277.4746089999999
1952,2936,Transportation and warehousing,33229,13469,102.513474,15.439221,11.778912999999999,15.439221999999999,8889.3222659999992,515.41137700000002,10210.094727,0.25749,0.24081,5.8589999999999996E-3,0.15614900000000001,2.2858049999999999,1,0.40614499999999998,0.131021,0.87397899999999995,6196.0996089999999
1953,2936,Transportation and warehousing,34814,14221,109.153313,13.745108999999999,10.525660999999999,13.74511,8204.7099610000005,600.18432600000006,11640.936523,0.26190000000000002,0.24786,5.5970000000000004E-3,0.15614900000000001,2.2932510000000002,1,0.414354,0.132575,0.87817299999999998,6212.9931640000004
1954,2936,Transportation and warehousing,30416,11219,73.79007,13.684613000000001,10.519409,13.684614,7585.0966799999997,572.65667699999995,10927.568359000001,0.23122000000000001,0.19516,5.3109999999999997E-3,0.15614900000000001,2.3019379999999998,1,0.420213,0.124475,0.81899200000000005,5816.9331050000001
1955,2936,Transportation and warehousing,33365,12383,55.129714999999997,12.494747,9.6901550000000007,12.494748,7960.5102539999998,629.910034,12301.770508,0.24822,0.21071999999999999,5.0239999999999998E-3,0.15614900000000001,2.3108339999999998,1,0.42733399999999999,0.123616,0.84236200000000006,5952.0996089999999
1956,2936,Transportation and warehousing,35381,13377,64.585166999999998,13.463492,10.440956,13.463493,8585.4863280000009,659.44091800000001,12657.119140999999,0.26074999999999998,0.22153999999999999,4.7580000000000001E-3,0.15614900000000001,2.3177750000000001,1,0.43808900000000001,0.12562100000000001,0.85699499999999995,6040.0732420000004
1957,2936,Transportation and warehousing,36161,13306,71.321494999999999,13.771280000000001,10.677263999999999,13.771281,8760.4550780000009,721.05438200000003,13263.949219,0.25444,0.21099999999999999,4.5859999999999998E-3,0.15614900000000001,2.3223980000000002,1,0.449652,0.12787799999999999,0.84613799999999995,5964.486328
1958,2936,Transportation and warehousing,34189,12430,56.869770000000003,11.92801,9.2355210000000003,11.92801,7384.8173829999996,778.07745399999999,13506.144531,0.23633999999999999,0.19511000000000001,4.4600000000000004E-3,0.15614900000000001,2.3214679999999999,1,0.457874,0.122834,0.77626799999999996,5505.6586909999996
1959,2936,Transportation and warehousing,37556,14650,46.117668000000002,10.851243,9.6010670000000005,12.389747,8201.4794920000004,784.84191899999996,13840.71875,0.25294,0.22567999999999999,4.2659999999999998E-3,0.101135,2.3162280000000002,1,0.465308,0.12246,0.79267699999999996,5627.6679690000001
1960,2936,Transportation and warehousing,38205,14974,31.497461000000001,5.3204650000000004,7.72051,9.9757160000000002,6542.2285160000001,871.62622099999999,15762.631836,0.25341999999999998,0.22714000000000001,4.13E-3,8.2640000000000005E-3,2.3105730000000002,1,0.47475099999999998,0.126499,0.78589100000000001,5596.0131840000004
1961,2936,Transportation and warehousing,38738,15290,36.227908999999997,8.1260759999999994,8.9353079999999991,11.544033000000001,7912.5429690000001,879.20642099999998,14591.417969,0.25474999999999998,0.23033000000000001,4.1390000000000003E-3,5.5149999999999999E-3,2.3059560000000001,1,0.48351300000000003,0.15690599999999999,0.762853,5441.4658200000003
1962,2936,Transportation and warehousing,41897,16920,44.205368,16.233208000000001,9.3982759999999992,12.118696,9225.7666019999997,938.91430700000001,14730.364258,0.26946999999999999,0.25178,4.2700000000000004E-3,4.4010000000000004E-3,2.301021,1,0.49310900000000002,0.18185599999999999,0.76818299999999995,5459.9521480000003
1963,2936,Transportation and warehousing,43591,17690,46.932353999999997,24.035578000000001,8.699586,11.203951,9161.5556639999995,1039.9578859999999,15608.614258,0.28789999999999999,0.26507999999999998,4.5180000000000003E-3,7.8480000000000008E-3,2.2941039999999999,1,0.50211399999999995,0.20624700000000001,0.76776299999999997,5444.2509769999997
1947,3740,Information,11433,3711,357.88232399999998,7.1642409999999996,92.770981000000006,1617.2386469999999,1933.8073730000001,553.51599099999999,3159.6203609999998,5.3440000000000001E-2,4.675E-2,2.8609999999999998E-3,1.9689999999999999E-2,1.635E-2,0.102267,0.11133,0.103724,0.66171800000000003,2956.4365229999999
1948,3740,Information,12535,4119,589.29748500000005,6.8643150000000004,79.887253000000001,1573.54187,1982.230591,640.59405500000003,3543.5847170000002,5.4350000000000002E-2,4.8570000000000002E-2,3.6740000000000002E-3,1.9689999999999999E-2,1.7388000000000001E-2,0.107733,0.11995,0.110329,0.69651200000000002,3044.6235350000002
1949,3740,Information,13523,4436,694.98944100000006,6.3666530000000003,94.534255999999999,1546.091919,2123.9272460000002,719.16687000000002,3901.9233399999998,5.654E-2,5.1659999999999998E-2,4.3759999999999997E-3,1.9689999999999999E-2,1.8069999999999999E-2,0.11201700000000001,0.12856000000000001,0.110872,0.68862400000000001,2999.3554690000001
1950,3740,Information,14532,4822,792.20898399999999,6.1547280000000004,76.983054999999993,1620.631836,2445.969482,804.70550500000002,3963.3461910000001,5.7970000000000001E-2,5.4330000000000003E-2,4.9639999999999997E-3,1.9689999999999999E-2,1.8588E-2,0.117074,0.13625200000000001,0.119633,0.69148900000000002,2943.4838869999999
1951,3740,Information,15850,5324,1111.3957519999999,7.2074499999999997,100.01564,2179.4565429999998,3068.6672359999998,671.15362500000003,3388.1042480000001,6.0150000000000002E-2,5.441E-2,5.483E-3,1.9689999999999999E-2,1.9335999999999999E-2,0.121597,0.14264399999999999,0.119089,0.71677999999999997,3058.6376949999999
1952,3740,Information,17306,5932,1162.1910399999999,6.5174089999999998,94.783591999999999,2100.3432619999999,2957.8388669999999,855.72753899999998,4196.5986329999996,6.2780000000000002E-2,5.9409999999999998E-2,6.1799999999999997E-3,1.9689999999999999E-2,2.0681000000000001E-2,0.12589900000000001,0.14859800000000001,0.124124,0.73081600000000002,3115.41626
1953,3740,Information,18886,6345,1520.9381100000001,6.6552179999999996,113.248581,2355.1838379999999,3220.9436040000001,925.23040800000001,4398.8007809999999,6.6650000000000001E-2,6.2269999999999999E-2,7.0759999999999998E-3,1.9689999999999999E-2,2.3022000000000001E-2,0.13089899999999999,0.155199,0.13300799999999999,0.75691699999999995,3244.8271479999999
1954,3740,Information,19545,6700,1186.955811,5.2258639999999996,104.875511,2008.305664,2881.3823240000002,1170.1326899999999,5488.1225590000004,6.7849999999999994E-2,6.5100000000000005E-2,7.8320000000000004E-3,1.9689999999999999E-2,2.6079000000000001E-2,0.13622500000000001,0.161444,0.13483800000000001,0.75905999999999996,3257.7609859999998
1955,3740,Information,21182,7176,1290.6599120000001,5.101896,118.179565,2248.9401859999998,3320.3933109999998,1225.9964600000001,5796.7285160000001,7.2069999999999995E-2,6.7960000000000007E-2,8.4539999999999997E-3,1.9689999999999999E-2,2.8722000000000001E-2,0.14239499999999999,0.16838,0.13622600000000001,0.78837400000000002,3357.9555660000001
1956,3740,Information,22544,7739,1478.6906739999999,5.6161159999999999,142.539658,2768.0107419999999,3621.5832519999999,1190.5318600000001,5598.0273440000001,7.3789999999999994E-2,7.0129999999999998E-2,9.2890000000000004E-3,1.9689999999999999E-2,3.0516000000000001E-2,0.149585,0.177588,0.142342,0.82221500000000003,3534.8395999999998
1957,3740,Information,24297,8395,1423.3829350000001,5.0194559999999999,132.353409,2652.1728520000001,3565.2983399999998,1459.878418,6663.8945309999999,7.7509999999999996E-2,7.3830000000000007E-2,1.0375000000000001E-2,1.9689999999999999E-2,3.1426999999999997E-2,0.15698300000000001,0.18726599999999999,0.147589,0.82871499999999998,3566.2604980000001
1958,3740,Information,25730,9108,1552.571533,5.0358470000000004,132.77487199999999,2808.649414,4010.094971,1517.887939,6594.9848629999997,8.0089999999999995E-2,7.9009999999999997E-2,1.1311999999999999E-2,1.9689999999999999E-2,3.0661999999999998E-2,0.16439300000000001,0.19529299999999999,0.14483299999999999,0.79486999999999997,3334.798828
1959,3740,Information,27562,9281,1699.837524,3.7756780000000001,126.119621,3204.1721189999998,4665.9360349999997,1611.5645750000001,6969.5947269999997,8.2739999999999994E-2,7.85E-2,1.2122000000000001E-2,4.326E-3,2.8708999999999998E-2,0.17210300000000001,0.20247699999999999,0.14396500000000001,0.80023599999999995,3302.6599120000001
1960,3740,Information,28920,9798,1955.6264650000001,2.51878,118.5849,3397.961182,4576.4570309999999,1687.5810550000001,7383.2705079999996,8.5309999999999997E-2,8.1420000000000006E-2,1.3361E-2,9.2999999999999997E-5,2.6741000000000001E-2,0.17941299999999999,0.210785,0.15123200000000001,0.81723999999999997,3331.7919919999999
1961,3740,Information,30121,9567,2371.078857,8.4319140000000008,119.928513,3751.3015140000002,4850.8159180000002,1685.650879,7766.7915039999998,8.7929999999999994E-2,7.9280000000000003E-2,1.5154000000000001E-2,1.6699999999999999E-4,2.5555999999999999E-2,0.18712599999999999,0.21901200000000001,0.152451,0.814133,3269.2897950000001
1962,3740,Information,32240,10467,2637.1608890000002,13.080271,126.288971,4621.4672849999997,5886.5063479999999,1447.7691649999999,7040.7270509999998,9.3060000000000004E-2,8.5919999999999996E-2,1.7333000000000001E-2,1.2799999999999999E-4,2.4671999999999999E-2,0.19541,0.22726199999999999,0.15554499999999999,0.82033,3276.9748540000001
1963,3740,Information,34880,11442,2704.147461,19.436734999999999,113.11290700000001,4517.3789059999999,5826.4916990000002,1693.7224120000001,8563.7089840000008,0.10002,9.3189999999999995E-2,1.9615E-2,2.7300000000000002E-4,2.3470999999999999E-2,0.203406,0.237259,0.158527,0.82025400000000004,3280.1362300000001
1947,4144,Finance and insurance,10976,5104,6.7980429999999998,5.5192699999999997,5.5192699999999997,5.5192699999999997,2674.6596679999998,759.99761999999998,2413.9868160000001,5.7230000000000003E-2,5.3429999999999998E-2,1.8E-5,1.3374E-2,0.99698799999999999,1,4.8299000000000002E-2,5.6930000000000001E-2,0.32395600000000002,2365.5065920000002
1948,4144,Finance and insurance,11992,5274,8.6237519999999996,5.4849949999999996,5.4849949999999996,5.4849949999999996,3109.6716310000002,868.63122599999997,2714.618164,5.8700000000000002E-2,5.1790000000000003E-2,1.8E-5,1.3374E-2,0.99698799999999999,1,4.9785000000000003E-2,6.0016E-2,0.334783,2453.3874510000001
1949,4144,Finance and insurance,12514,4960,9.1842469999999992,5.3533660000000003,5.3533660000000003,5.3533660000000003,3495.7319339999999,982.96209699999997,3050.061768,5.9139999999999998E-2,4.7210000000000002E-2,1.8E-5,1.3374E-2,0.99698799999999999,1,5.1547000000000003E-2,6.2455999999999998E-2,0.34306700000000001,2534.0439449999999
1950,4144,Finance and insurance,14004,5818,8.07057,5.2458780000000003,5.2458780000000003,5.2458780000000003,3715.5898440000001,1172.669312,3273.9326169999999,6.4380000000000007E-2,5.3969999999999997E-2,1.8E-5,1.3374E-2,0.99698799999999999,1,5.3809999999999997E-2,6.8378999999999995E-2,0.353516,2613.758057
1951,4144,Finance and insurance,15923,6676,9.9213749999999994,5.1789880000000004,5.1789880000000004,5.1789880000000004,4220.1147460000002,1304.469971,3696.9572750000002,6.8919999999999995E-2,5.772E-2,2.0999999999999999E-5,1.3374E-2,0.99698799999999999,1,5.6183999999999998E-2,7.0389999999999994E-2,0.37400800000000001,2757.173096
1952,4144,Finance and insurance,16951,6604,11.507918999999999,5.1052590000000002,5.1052590000000002,5.1052590000000002,4749.3203119999998,1490.8660890000001,4079.9897460000002,6.9949999999999998E-2,5.4850000000000003E-2,2.0999999999999999E-5,1.3374E-2,0.99698799999999999,1,5.8457000000000002E-2,7.6113E-2,0.39003100000000002,2907.8732909999999
1953,4144,Finance and insurance,19629,8089,12.432983999999999,5.1144579999999999,5.1144579999999999,5.1144579999999999,5319.1835940000001,1702.946655,4490.0932620000003,7.7109999999999998E-2,6.4549999999999996E-2,2.4000000000000001E-5,1.3374E-2,0.99698799999999999,1,6.0942000000000003E-2,8.2573999999999995E-2,0.406974,3071.0520019999999
1954,4144,Finance and insurance,21317,8977,11.118389000000001,5.1523250000000003,5.1523250000000003,5.1523250000000003,5457.1831050000001,1927.76001,4928.4809569999998,8.1629999999999994E-2,7.0199999999999999E-2,1.5999999999999999E-5,1.3374E-2,0.99698799999999999,1,6.3839000000000007E-2,9.0106000000000006E-2,0.42137000000000002,3219.3393550000001
1955,4144,Finance and insurance,23500,10109,13.087403,5.2398490000000004,5.2398490000000004,5.2398490000000004,6054.6489259999998,2059.588135,5247.9570309999999,8.6929999999999993E-2,7.6630000000000004E-2,1.8E-5,1.3374E-2,0.99698799999999999,1,6.7488000000000006E-2,9.2938000000000007E-2,0.44173299999999999,3356.8229980000001
1956,4144,Finance and insurance,25407,10938,14.340845,5.0554800000000002,5.0554800000000002,5.0554800000000002,6417.6567379999997,2261.2639159999999,5760.5712890000004,9.0480000000000005E-2,7.9909999999999995E-2,1.9000000000000001E-5,1.3374E-2,0.99698799999999999,1,7.1376999999999996E-2,9.6999000000000002E-2,0.463009,3515.538086
1957,4144,Finance and insurance,26826,11223,15.875660999999999,4.993601,4.993601,4.993601,6833.689453,2504.1965329999998,6234.2573240000002,9.2299999999999993E-2,7.918E-2,2.0999999999999999E-5,1.3374E-2,0.99698799999999999,1,7.4834999999999999E-2,0.102339,0.47765800000000003,3656.7116700000001
1958,4144,Finance and insurance,27616,10784,18.975054,5.0860219999999998,5.0860219999999998,5.0860219999999998,7381.439453,2800.3007809999999,6616.0263670000004,9.2960000000000001E-2,7.4469999999999995E-2,2.3E-5,1.3374E-2,0.99698799999999999,1,7.8379000000000004E-2,0.10831499999999999,0.48759999999999998,3752.2141109999998
1959,4144,Finance and insurance,29974,11884,19.82686,4.1577599999999997,5.0856510000000004,5.0856510000000004,7682.4296880000002,3134.423828,7238.9902339999999,0.10356,8.2290000000000002E-2,2.5000000000000001E-5,2.366E-3,0.99698799999999999,1,8.1994999999999998E-2,0.11168699999999999,0.50157099999999999,3846.5749510000001
1960,4144,Finance and insurance,33299,13830,20.546875,8.2400070000000003,5.2057000000000002,5.2057000000000002,8405.2509769999997,3201.3811040000001,7823.169922,0.10664,9.1310000000000002E-2,2.5000000000000001E-5,1.54E-4,0.99698799999999999,1,8.566E-2,0.118765,0.52295899999999995,3987.7753910000001
1961,4144,Finance and insurance,36411,15800,20.090717000000001,43.969603999999997,5.1683500000000002,5.1683500000000002,8500.0820309999999,3416.3540039999998,8620.1669920000004,0.11322,0.10238999999999999,2.6999999999999999E-5,3.8099999999999999E-4,0.99698799999999999,1,8.8457999999999995E-2,0.12804599999999999,0.53806500000000002,4126.9018550000001
1962,4144,Finance and insurance,38676,17568,19.750788,76.104850999999996,5.0751280000000003,5.0751280000000003,8269.5449219999991,3460.5859380000002,9271.8642579999996,0.11613999999999999,0.11114,2.8E-5,5.9800000000000001E-4,0.99698799999999999,1,9.1313000000000005E-2,0.13486600000000001,0.54638900000000001,4220.6674800000001
1963,4144,Finance and insurance,40474,18496,19.545377999999999,115.52870900000001,5.0771389999999998,5.0771389999999998,8186.7460940000001,3568.9423830000001,10077.083008,0.11708,0.11433,2.8E-5,8.9400000000000005E-4,0.99698799999999999,1,9.4084000000000001E-2,0.14088300000000001,0.55607300000000004,4335.2626950000003
1947,45,Real estate,23118,4756,70.026176000000007,0.82283099999999998,0.82283099999999998,0.82283099999999998,17446.427734000001,117.04349499999999,728.50305200000003,0.10238,8.5919999999999996E-2,6.8399999999999997E-3,1,1,1,0.11685,4.6893999999999998E-2,0.44046000000000002,797.40399200000002
1948,45,Real estate,25667,5607,96.647980000000004,0.82670100000000002,0.82670100000000002,0.82670100000000002,18997.580077999999,136.244553,827.04614300000003,0.10516,9.2929999999999999E-2,6.7299999999999999E-3,1,1,1,0.12313,4.8467999999999997E-2,0.45545600000000003,798.93335000000002
1949,45,Real estate,28000,6520,91.746384000000006,0.83753,0.83753,0.83753,20438.458984000001,135.57655299999999,811.706726,0.11055,0.10653,6.6499999999999997E-3,1,1,1,0.12963,4.7850999999999998E-2,0.44719900000000001,778.06683299999997
1950,45,Real estate,30858,7191,97.518715,0.82889999999999997,0.82889999999999997,0.82889999999999997,22521.75,160.77995300000001,884.46331799999996,0.11885,0.11411,6.8700000000000002E-3,1,1,1,0.13708999999999999,5.5703000000000003E-2,0.45814500000000002,831.22363299999995
1951,45,Real estate,34364,8065,106.06337000000001,0.88964200000000004,0.88964200000000004,0.88964200000000004,25056.056640999999,172.867966,961.34356700000001,0.12519,0.11799,7.5599999999999999E-3,1,1,1,0.14498,5.5173E-2,0.46824100000000002,842.05389400000001
1952,45,Real estate,37947,9279,133.95216400000001,0.91920100000000005,0.91920100000000005,0.91920100000000005,27347.601562,188.958755,994.73327600000005,0.13161999999999999,0.13189999999999999,8.1600000000000006E-3,1,1,1,0.15165000000000001,5.7891999999999999E-2,0.46949600000000002,833.36614999999995
1953,45,Real estate,41671,10217,156.42266799999999,0.92236499999999999,0.92236499999999999,0.92236499999999999,30041.425781000002,209.21833799999999,1044.164673,0.13705000000000001,0.14172000000000001,8.9999999999999993E-3,1,1,1,0.15826000000000001,6.0845999999999997E-2,0.47198800000000002,832.29083300000002
1954,45,Real estate,44797,10634,159.53001399999999,0.95933100000000004,0.95933100000000004,0.95933100000000004,32636.326172000001,233.62560999999999,1130.638672,0.14538999999999999,0.14624999999999999,1.0240000000000001E-2,1,1,1,0.16542999999999999,6.2257E-2,0.48486899999999999,821.94189500000005
1955,45,Real estate,47480,10577,168.61030600000001,0.93085700000000005,0.93085700000000005,0.93085700000000005,35240.210937999997,258.57397500000002,1232.809082,0.14913000000000001,0.14172999999999999,1.1610000000000001E-2,1,1,1,0.17379,6.5819000000000003E-2,0.51022299999999998,863.60949700000003
1956,45,Real estate,50177,11070,176.36241100000001,0.93316100000000002,0.93316100000000002,0.93316100000000002,37303.414062000003,286.21896400000003,1338.2055660000001,0.15251999999999999,0.14216999999999999,1.299E-2,1,1,1,0.18243000000000001,6.8206000000000003E-2,0.52850299999999995,881.22582999999997
1957,45,Real estate,53160,11337,180.848816,0.89212400000000003,0.89212400000000003,0.89212400000000003,40001.980469000002,300.49838299999999,1336.998047,0.15659999999999999,0.14161000000000001,1.4160000000000001E-2,1,1,1,0.19020999999999999,6.8612999999999993E-2,0.51573400000000003,840.86047399999995
1958,45,Real estate,56559,11821,183.33097799999999,0.88900000000000001,0.88900000000000001,0.88900000000000001,42920.640625,314.08178700000002,1317.2795410000001,0.16336000000000001,0.14577999999999999,1.499E-2,1,1,1,0.19749,7.2015999999999997E-2,0.519181,829.65258800000004
1959,45,Real estate,59962,12149,193.36762999999999,3.1370000000000002E-2,0.92965900000000001,0.92965900000000001,45833.96875,349.04126000000002,1434.733154,0.1731,0.14879000000000001,1.609E-2,4.0000000000000003E-5,1,1,0.20604,7.5314999999999993E-2,0.54284100000000002,852.66711399999997
1960,45,Real estate,62797,11740,246.21238700000001,0.57460199999999995,0.94195499999999999,0.94195499999999999,48993.816405999998,341.107574,1473.4045410000001,0.17895,0.1409,1.7569999999999999E-2,1.6000000000000001E-4,1,1,0.21532999999999999,7.6240000000000002E-2,0.55593199999999998,850.53955099999996
1961,45,Real estate,65590,11263,279.09600799999998,1.6258779999999999,0.94517300000000004,0.94517300000000004,52152.101562000003,366.059235,1526.2303469999999,0.18467,0.13356999999999999,1.8890000000000001E-2,2.9999999999999997E-4,1,1,0.22416,8.1229999999999997E-2,0.55516299999999996,830.23937999999998
1962,45,Real estate,69090,10489,292.79760700000003,2.426599,0.94246099999999999,0.94246099999999999,56285.285155999998,399.37728900000002,1619.228149,0.19222,0.12265,2.0140000000000002E-2,4.4999999999999999E-4,1,1,0.2336,8.7030999999999997E-2,0.573411,841.11755400000004
1963,45,Real estate,71985,9743,280.61380000000003,3.600276,0.916134,0.916134,59781.703125,438.67340100000001,1735.5771480000001,0.19788,0.11246,2.0729999999999998E-2,8.4000000000000003E-4,1,1,0.24437999999999999,9.2608999999999997E-2,0.59397999999999995,850.10351600000001
1947,46,Rental and leasing services and lessors of intangible assets,1967,566,8.5204450000000005,0.98339200000000004,0.98339200000000004,0.98339200000000004,1074.0445560000001,19.488745000000002,298.946167,4.4010000000000001E-2,5.7729999999999997E-2,4.0000000000000003E-5,1,1,1,2.666E-2,4.4324000000000002E-2,0.31255300000000003,226.05860899999999
1948,46,Rental and leasing services and lessors of intangible assets,2147,622,8.4907380000000003,0.94891000000000003,0.94891000000000003,0.94891000000000003,1148.203857,23.299948000000001,342.15875199999999,4.4690000000000001E-2,5.9369999999999999E-2,4.0000000000000003E-5,1,1,1,2.8930000000000001E-2,4.6273000000000002E-2,0.32662799999999997,228.94103999999999
1949,46,Rental and leasing services and lessors of intangible assets,2266,660,7.1686069999999997,0.95788600000000002,0.95788600000000002,0.95788600000000002,1241.4097899999999,24.054832000000001,330.49301100000002,4.6350000000000002E-2,6.1339999999999999E-2,4.0000000000000003E-5,1,1,1,3.1019999999999999E-2,4.6691999999999997E-2,0.31702999999999998,221.6987
1950,46,Rental and leasing services and lessors of intangible assets,2501,728,6.7071949999999996,0.94791400000000003,0.94791400000000003,0.94791400000000003,1378.362427,31.633030000000002,353.45367399999998,4.972E-2,6.6049999999999998E-2,4.0000000000000003E-5,1,1,1,3.3689999999999998E-2,5.3844999999999997E-2,0.31656000000000001,224.208786
1951,46,Rental and leasing services and lessors of intangible assets,2799,813,6.7258680000000002,0.95127700000000004,0.95127700000000004,0.95127700000000004,1563.746216,31.237401999999999,381.43673699999999,5.2249999999999998E-2,6.8390000000000006E-2,3.0000000000000001E-5,1,1,1,3.7080000000000002E-2,4.9659000000000002E-2,0.31254399999999999,218.80630500000001
1952,46,Rental and leasing services and lessors of intangible assets,3047,886,6.3508380000000004,0.96105300000000005,0.96105300000000005,0.96105300000000005,1727.8554690000001,33.353062000000001,390.55755599999998,5.5109999999999999E-2,7.2230000000000003E-2,4.0000000000000003E-5,1,1,1,4.1259999999999998E-2,5.0317000000000001E-2,0.30551499999999998,215.44830300000001
1953,46,Rental and leasing services and lessors of intangible assets,3355,972,6.3710500000000003,0.97012799999999999,0.97012799999999999,0.97012799999999999,1927.0916749999999,35.767693000000001,410.859283,5.8479999999999997E-2,7.7310000000000004E-2,4.0000000000000003E-5,1,1,1,4.5949999999999998E-2,5.1877E-2,0.30062,216.943207
1954,46,Rental and leasing services and lessors of intangible assets,3632,1056,6.1029049999999998,0.98133700000000001,0.98133700000000001,0.98133700000000001,2081.790039,40.286952999999997,444.87579299999999,6.2570000000000001E-2,8.2430000000000003E-2,4.0000000000000003E-5,1,1,1,5.04E-2,5.3775999999999997E-2,0.29125099999999998,223.315933
1955,46,Rental and leasing services and lessors of intangible assets,3963,1148,6.4797070000000003,0.98586099999999999,0.98586099999999999,0.98586099999999999,2278.3464359999998,43.327491999999999,483.88894699999997,6.6449999999999995E-2,8.6910000000000001E-2,4.0000000000000003E-5,1,1,1,5.5590000000000001E-2,5.5371999999999998E-2,0.304064,235.892563
1956,46,Rental and leasing services and lessors of intangible assets,4326,1245,6.6110480000000003,0.98667400000000005,0.98667400000000005,0.98667400000000005,2497.288818,47.285355000000003,526.854919,7.0129999999999998E-2,9.0690000000000007E-2,4.0000000000000003E-5,1,1,1,6.105E-2,5.6047E-2,0.31289699999999998,240.11029099999999
1957,46,Rental and leasing services and lessors of intangible assets,4649,1335,7.0138499999999997,1.002993,1.002993,1.002993,2730.8691410000001,48.684116000000003,524.423767,7.2940000000000005E-2,9.4079999999999997E-2,5.0000000000000002E-5,1,1,1,6.5570000000000003E-2,5.5148000000000003E-2,0.31128499999999998,229.808029
1958,46,Rental and leasing services and lessors of intangible assets,4964,1429,8.5787460000000006,1.024322,1.024322,1.024322,2966.742432,51.733745999999996,504.87240600000001,7.6660000000000006E-2,9.8890000000000006E-2,6.0000000000000002E-5,1,1,1,6.8830000000000002E-2,5.7207000000000001E-2,0.307473,226.74674999999999
1959,46,Rental and leasing services and lessors of intangible assets,5367,1541,10.443053000000001,1.0394840000000001,1.0394840000000001,1.0394840000000001,3203.3640140000002,56.441527999999998,552.63311799999997,8.294E-2,0.10541,6.9999999999999994E-5,1,1,1,7.1319999999999995E-2,5.7430000000000002E-2,0.31304500000000002,230.204849
1960,46,Rental and leasing services and lessors of intangible assets,5777,1659,11.586233999999999,0.22291900000000001,1.073593,1.073593,3497.6904300000001,55.652790000000003,550.70001200000002,8.8550000000000004E-2,0.11112,6.9999999999999994E-5,3.1E-4,1,1,7.4120000000000005E-2,6.0328E-2,0.31854300000000002,228.90849299999999
1961,46,Rental and leasing services and lessors of intangible assets,6153,1767,13.36523,3.1257239999999999,1.0874029999999999,1.0874029999999999,3736.7609859999998,51.475861000000002,579.09741199999996,9.4450000000000006E-2,0.11751,8.0000000000000007E-5,1.0399999999999999E-3,1,1,7.6329999999999995E-2,5.7327000000000003E-2,0.31861400000000001,220.33004800000001
1962,46,Rental and leasing services and lessors of intangible assets,6685,1913,16.075400999999999,8.1851079999999996,1.1010310000000001,1.1010310000000001,4076.5620119999999,47.778416,621.19714399999998,0.10312,0.12570000000000001,1E-4,1.8600000000000001E-3,1,1,7.8509999999999996E-2,5.7013000000000001E-2,0.31751200000000002,221.66662600000001
1963,46,Rental and leasing services and lessors of intangible assets,7148,2041,19.277184999999999,12.408766,1.111521,1.111521,4357.1679690000001,45.375110999999997,670.54779099999996,0.1132,0.13317999999999999,1.2E-4,2.9399999999999999E-3,1,1,8.1839999999999996E-2,5.6708000000000001E-2,0.31967600000000002,225.63473500000001
1947,4749,"Professional, scientific, and technical services",5619,2327,16.128713999999999,8.2401599999999995,150.15628100000001,214.04702800000001,1610.7288820000001,518.85290499999996,773.84606900000006,4.3909999999999998E-2,3.7440000000000001E-2,4.0000000000000003E-5,1.8249999999999999E-2,7.5770000000000004E-3,0.12757499999999999,5.2340999999999999E-2,4.0383000000000002E-2,0.400731,1432.3236079999999
1948,4749,"Professional, scientific, and technical services",6228,2591,15.17755,7.1691019999999996,142.868088,192.81395000000001,1634.4448239999999,654.60607900000002,989.92040999999995,4.5929999999999999E-2,3.9370000000000002E-2,4.0000000000000003E-5,1.8249999999999999E-2,7.9799999999999992E-3,0.134408,5.5253999999999998E-2,4.3983000000000001E-2,0.40435900000000002,1639.3115230000001
1949,4749,"Professional, scientific, and technical services",6530,2714,13.670928,7.0102060000000002,151.619888,192.125214,1728.294189,693.10003700000004,1030.179932,4.6960000000000002E-2,3.9699999999999999E-2,4.0000000000000003E-5,1.8249999999999999E-2,8.4169999999999991E-3,0.14194699999999999,5.8722000000000003E-2,4.5504000000000003E-2,0.38433800000000001,1674.4331050000001
1950,4749,"Professional, scientific, and technical services",7233,3016,13.494942999999999,7.1504500000000002,157.560349,234.28486599999999,1903.177856,782.77685499999995,1118.5545649999999,5.0619999999999998E-2,4.3029999999999999E-2,4.0000000000000003E-5,1.8249999999999999E-2,8.9569999999999997E-3,0.15026400000000001,6.2771999999999994E-2,4.9562000000000002E-2,0.38956299999999999,1743.8668210000001
1951,4749,"Professional, scientific, and technical services",8326,3463,13.911508,6.9445259999999998,171.54200700000001,286.06219499999997,2204.844482,885.72430399999996,1293.9710689999999,5.4399999999999997E-2,4.5539999999999997E-2,4.0000000000000003E-5,1.8249999999999999E-2,9.5659999999999999E-3,0.15892200000000001,6.6637000000000002E-2,4.7895E-2,0.43899500000000002,1751.845703
1952,4749,"Professional, scientific, and technical services",9152,3784,14.066215,6.8834140000000001,188.720978,284.028412,2405.8332519999999,1037.835693,1430.6320800000001,5.7250000000000002E-2,4.836E-2,4.0000000000000003E-5,1.8249999999999999E-2,1.0269E-2,0.16744200000000001,7.0912000000000003E-2,4.9274999999999999E-2,0.46014699999999997,1751.991577
1953,4749,"Professional, scientific, and technical services",10011,4131,14.514759,6.9203049999999999,205.09217799999999,310.30633499999999,2563.8208009999998,1198.530029,1580.815186,6.0490000000000002E-2,5.1369999999999999E-2,4.0000000000000003E-5,1.8249999999999999E-2,1.1231E-2,0.17580200000000001,7.5346999999999997E-2,5.2553999999999997E-2,0.45572600000000002,1807.1811520000001
1954,4749,"Professional, scientific, and technical services",10664,4377,15.781555000000001,7.9901010000000001,243.214752,364.17086799999998,2641.0710450000001,1325.7783199999999,1688.993408,6.2859999999999999E-2,5.355E-2,4.0000000000000003E-5,1.8249999999999999E-2,1.2423E-2,0.18399399999999999,7.9773999999999998E-2,5.4560999999999998E-2,0.42969200000000002,1835.476807
1955,4749,"Professional, scientific, and technical services",11886,4909,17.779778,8.0699539999999992,275.04989599999999,420.06423999999998,2943.4670409999999,1455.5744629999999,1856.994629,6.7879999999999996E-2,5.8270000000000002E-2,4.8999999999999998E-5,1.8249999999999999E-2,1.358E-2,0.192001,8.4731000000000001E-2,5.7722000000000002E-2,0.45721499999999998,1970.423096
1956,4749,"Professional, scientific, and technical services",13302,5548,18.320550999999998,7.5787319999999996,291.90490699999998,443.99960299999998,3136.6994629999999,1725.3857419999999,2130.110596,7.2700000000000001E-2,6.3189999999999996E-2,5.1E-5,1.8249999999999999E-2,1.4661E-2,0.19983699999999999,8.9549000000000004E-2,6.1949999999999998E-2,0.49754399999999999,2104.9470209999999
1957,4749,"Professional, scientific, and technical services",14811,6205,18.942581000000001,7.156962,316.404449,466.90210000000002,3492.169922,1972.3256839999999,2332.0981449999999,7.8140000000000001E-2,6.8159999999999998E-2,5.1E-5,1.8249999999999999E-2,1.5871E-2,0.20750199999999999,9.4296000000000005E-2,6.6617999999999997E-2,0.49273699999999998,2198.2058109999998
1958,4749,"Professional, scientific, and technical services",15411,6420,20.309159999999999,6.7824939999999998,328.17422499999998,471.30175800000001,3544.9663089999999,2171.0288089999999,2448.4370119999999,7.9719999999999999E-2,6.9190000000000002E-2,6.3E-5,1.8249999999999999E-2,1.7160000000000002E-2,0.215001,9.9182000000000006E-2,7.3015999999999998E-2,0.45080399999999998,2326.5039059999999
1959,4749,"Professional, scientific, and technical services",17368,7274,24.832726000000001,4.913176,370.02340700000002,537.95880099999999,3898.0246579999998,2517.1184079999998,2741.1291500000002,8.7260000000000004E-2,7.6660000000000006E-2,6.4999999999999994E-5,1.8249999999999999E-2,1.8482999999999999E-2,0.22231400000000001,0.102993,7.6983999999999997E-2,0.44960299999999997,2442.0234380000002
1960,4749,"Professional, scientific, and technical services",18388,7788,37.567013000000003,5.3571400000000002,398.16769399999998,531.36639400000001,3767.764404,2791.8527829999998,3067.9245609999998,9.0389999999999998E-2,8.0360000000000001E-2,9.5000000000000005E-5,9.1000000000000003E-5,1.9865000000000001E-2,0.229487,0.106693,8.3336999999999994E-2,0.44258599999999998,2588.2543949999999
1961,4749,"Professional, scientific, and technical services",20165,8584,49.512816999999998,22.304245000000002,436.37304699999999,566.08477800000003,3977.6455080000001,3021.334961,3507.7441410000001,9.8150000000000001E-2,8.7709999999999996E-2,1.1400000000000001E-4,1.84E-4,2.1694000000000001E-2,0.23680699999999999,0.10992399999999999,8.0279000000000003E-2,0.45361800000000002,2691.224365
1962,4749,"Professional, scientific, and technical services",22189,9554,58.02026,41.824511999999999,487.45092799999998,626.35803199999998,4115.2802730000003,3167.911865,4138.1538090000004,0.10594000000000001,9.6280000000000004E-2,1.4100000000000001E-4,3.0600000000000001E-4,2.4235E-2,0.24462800000000001,0.11351799999999999,7.4676999999999993E-2,0.49893500000000002,2788.0261230000001
1963,4749,"Professional, scientific, and technical services",24046,10523,68.810974000000002,65.497292000000002,548.44097899999997,649.73584000000005,4292.2866210000002,3208.6723630000001,4689.5556640000004,0.11516,0.10539999999999999,1.63E-4,5.7799999999999995E-4,2.7361E-2,0.25297900000000001,0.117574,6.9327E-2,0.52758000000000005,2903.4746089999999
1947,50,Management of companies and enterprises,5198,1619,8.1728860000000001,3.8377849999999998,7.2723409999999999,3.8377849999999998,3198.9401859999998,34.990803,329.624054,0.15944,7.3219999999999993E-2,1.2999999999999999E-4,1,3.7789999999999997E-2,1,0.13217000000000001,6.8759000000000001E-2,0.82680699999999996,2681.882568
1948,50,Management of companies and enterprises,5781,1809,8.9061229999999991,3.5703870000000002,7.4364790000000003,3.5703870000000002,3534.3901369999999,41.209147999999999,372.917145,0.16866999999999999,7.6829999999999996E-2,1.2999999999999999E-4,1,4.0329999999999998E-2,1,0.13625999999999999,6.9513000000000005E-2,0.84185100000000002,2617.5654300000001
1949,50,Management of companies and enterprises,5779,1807,7.787458,3.5101209999999998,7.5023249999999999,3.5101209999999998,3514.875732,45.199680000000001,389.61456299999998,0.16367000000000001,7.4550000000000005E-2,1.2999999999999999E-4,1,4.2049999999999997E-2,1,0.14063999999999999,7.0069000000000006E-2,0.79453300000000004,2542.7143550000001
1950,50,Management of companies and enterprises,6442,2007,8.3743409999999994,3.4616090000000002,8.2875920000000001,3.4616090000000002,3930.6323240000002,55.495544000000002,425.28695699999997,0.17712,8.0500000000000002E-2,1.2E-4,1,4.3299999999999998E-2,1,0.14501,7.9570000000000002E-2,0.83159400000000006,2614.3579100000002
1951,50,Management of companies and enterprises,7425,2318,9.1573639999999994,3.5155509999999999,8.9675329999999995,3.5155509999999999,4517.6313479999999,65.312820000000002,498.89941399999998,0.19125,8.6540000000000006E-2,1.2999999999999999E-4,1,4.5010000000000001E-2,1,0.14882999999999999,7.9947000000000004E-2,0.91258099999999998,2665.313232
1952,50,Management of companies and enterprises,7816,2438,9.0305079999999993,3.6611280000000002,9.3853799999999996,3.6611280000000002,4696.1196289999998,81.436088999999996,574.70642099999998,0.19250999999999999,8.7040000000000006E-2,1.2999999999999999E-4,1,4.8079999999999998E-2,1,0.15267,8.2603999999999997E-2,0.943573,2594.35376
1953,50,Management of companies and enterprises,8345,2597,9.3339090000000002,3.8140429999999999,10.518697,3.8140429999999999,4967.017578,99.244286000000002,654.25714100000005,0.19705,8.9450000000000002E-2,1.3999999999999999E-4,1,5.3359999999999998E-2,1,0.15698999999999999,8.6462999999999998E-2,0.98494599999999999,2579.251221
1954,50,Management of companies and enterprises,8262,2573,9.5382940000000005,3.667427,13.382126,3.667427,4828.1186520000001,115.028915,715.59692399999994,0.18770000000000001,8.6459999999999995E-2,1.3999999999999999E-4,1,6.0389999999999999E-2,1,0.16242999999999999,8.591E-2,0.94436699999999996,2478.7871089999999
1955,50,Management of companies and enterprises,9149,2835,10.580867,3.4930870000000001,15.891766000000001,3.4930870000000001,5359.6245120000003,128.65945400000001,792.25762899999995,0.20066000000000001,9.2259999999999995E-2,1.4999999999999999E-4,1,6.6589999999999996E-2,1,0.16836999999999999,8.9018E-2,0.98389800000000005,2576.3686520000001
1956,50,Management of companies and enterprises,9590,2981,10.580199,3.5492650000000001,15.563812,3.5492650000000001,5462.8867190000001,159.37867700000001,953.49218800000006,0.20083999999999999,9.2990000000000003E-2,1.6000000000000001E-4,1,7.0739999999999997E-2,1,0.17563000000000001,9.1159000000000004E-2,1.016507,2596.6374510000001
1957,50,Management of companies and enterprises,10079,3127,10.67801,3.527771,15.035399999999999,3.527771,5649.2036129999997,191.323318,1078.703857,0.20308000000000001,9.4130000000000005E-2,1.7000000000000001E-4,1,7.2580000000000006E-2,1,0.18310000000000001,9.3651999999999999E-2,1.0187109999999999,2546.7883299999999
1958,50,Management of companies and enterprises,9928,3087,10.87255,3.466809,13.681694,3.466809,5424.2607420000004,223.356537,1161.894775,0.19564999999999999,9.1009999999999994E-2,1.8000000000000001E-4,1,7.0690000000000003E-2,1,0.18975,9.5661999999999997E-2,0.96145800000000003,2447.9985350000002
1959,50,Management of companies and enterprises,11019,3409,12.447729000000001,0.136013,14.703597,3.3212869999999999,5977.0483400000003,263.81588699999998,1338.5269780000001,0.20946000000000001,9.7729999999999997E-2,1.9000000000000001E-4,1.0000000000000001E-5,6.6199999999999995E-2,1,0.19585,9.7004000000000007E-2,1.016478,2459.0939939999998
1960,50,Management of companies and enterprises,11296,3494,13.167161,3.1749900000000002,14.246560000000001,3.3825229999999999,5938.642578,295.69101000000001,1533.6953120000001,0.20954,9.7900000000000001E-2,2.1000000000000001E-4,1.1E-4,6.1449999999999998E-2,1,0.20258000000000001,0.100346,1.035989,2435.967529
1961,50,Management of companies and enterprises,11570,3578,13.415665000000001,22.335104000000001,13.134111000000001,3.2479390000000001,5885.080078,334.95709199999999,1719.829956,0.21273,9.9150000000000002E-2,2.2000000000000001E-4,3.2000000000000003E-4,5.8659999999999997E-2,1,0.21018999999999999,0.106332,1.022705,2399.5749510000001
1962,50,Management of companies and enterprises,12571,3869,14.107498,47.027287000000001,13.030158,3.1442800000000002,6300.1049800000001,373.715057,1950.87085,0.22819999999999999,0.10552,2.5000000000000001E-4,6.0999999999999997E-4,5.6579999999999998E-2,1,0.21834000000000001,0.113718,1.057064,2427.3864749999998
1963,50,Management of companies and enterprises,13145,4066,15.215437,77.653357999999997,12.168405999999999,3.0846230000000001,6422.3002930000002,406.24325599999997,2142.3347170000002,0.24124000000000001,0.11026,2.7E-4,1.0499999999999999E-3,5.3679999999999999E-2,1,0.22674,0.11853,1.071682,2403.7236330000001
1947,5152,Administrative and waste management services,2046,732,6.9493460000000002,5.8694750000000004,3.1830180000000001,5.8694750000000004,734.29956100000004,97.270470000000003,460.55862400000001,2.2780000000000002E-2,3.1150000000000001E-2,4.0000000000000003E-5,6.019E-3,2.9918E-2,1,7.3747999999999994E-2,5.6883000000000003E-2,8.8371000000000005E-2,1243.6994629999999
1948,5152,Administrative and waste management services,2229,789,8.1215709999999994,5.4585900000000001,2.992569,5.4585900000000001,788.59521500000005,115.61306,513.76037599999995,2.3390000000000001E-2,3.1620000000000002E-2,4.0000000000000003E-5,6.019E-3,3.0519999999999999E-2,1,7.5172000000000003E-2,5.7433999999999999E-2,9.1725000000000001E-2,1221.545654
1949,5152,Administrative and waste management services,2364,833,7.1160829999999997,5.5367860000000002,3.1277189999999999,5.5367860000000002,858.92627000000005,122.20929,528.54699700000003,2.571E-2,3.2230000000000002E-2,4.0000000000000003E-5,6.019E-3,3.0695E-2,1,7.757E-2,5.9414000000000002E-2,8.9510999999999993E-2,1237.4049070000001
1950,5152,Administrative and waste management services,2666,942,7.036537,5.1989570000000001,2.8100109999999998,5.1989570000000001,990.25469999999996,152.96890300000001,560.53186000000005,2.8760000000000001E-2,3.551E-2,4.0000000000000003E-5,6.019E-3,3.0433999999999999E-2,1,8.0928E-2,6.6291000000000003E-2,9.3507000000000007E-2,1263.2929690000001
1951,5152,Administrative and waste management services,3088,1093,7.0715409999999999,5.1174179999999998,2.7726299999999999,5.1174179999999998,1150.9167480000001,167.761932,656.24237100000005,3.1859999999999999E-2,3.7999999999999999E-2,4.0000000000000003E-5,6.019E-3,3.0539E-2,1,8.4546999999999997E-2,6.2993999999999994E-2,0.100954,1271.330322
1952,5152,Administrative and waste management services,3392,1199,7.8617600000000003,5.1024479999999999,2.851642,5.1024479999999999,1241.04187,194.81710799999999,736.22265600000003,3.5810000000000002E-2,4.0489999999999998E-2,4.0000000000000003E-5,6.019E-3,3.0988000000000002E-2,1,8.6622000000000005E-2,6.4487000000000003E-2,0.10517700000000001,1288.5323490000001
1953,5152,Administrative and waste management services,3740,1322,7.8706360000000002,4.92903,2.8613499999999998,4.92903,1345.974121,226.50788900000001,824.92791699999998,3.9559999999999998E-2,4.3389999999999998E-2,4.0000000000000003E-5,6.019E-3,3.1475999999999997E-2,1,9.0857999999999994E-2,6.7839999999999998E-2,0.108754,1337.896606
1954,5152,Administrative and waste management services,3966,1395,7.2666449999999996,4.6068090000000002,2.6939410000000001,4.6068090000000002,1412.5670170000001,246.44705200000001,892.81176800000003,4.233E-2,4.4990000000000002E-2,4.0000000000000003E-5,6.019E-3,3.1941999999999998E-2,1,9.3140000000000001E-2,6.8908999999999998E-2,0.106973,1364.9064940000001
1955,5152,Administrative and waste management services,4369,1540,7.3815819999999999,4.5145249999999999,2.6093419999999998,4.5145249999999999,1552.368164,267.85763500000002,989.75414999999998,4.7E-2,4.82E-2,4.0000000000000003E-5,6.019E-3,3.2323999999999999E-2,1,9.6157999999999993E-2,7.2668999999999997E-2,0.11493,1483.51001
1956,5152,Administrative and waste management services,4839,1709,7.4827500000000002,4.418634,2.648015,4.418634,1639.491577,312.93356299999999,1158.606812,5.0930000000000003E-2,5.1319999999999998E-2,4.0000000000000003E-5,6.019E-3,3.2668000000000003E-2,1,0.100688,7.8274999999999997E-2,0.124399,1622.5390620000001
1957,5152,Administrative and waste management services,5304,1877,8.0114230000000006,4.3016040000000002,2.6822010000000001,4.3016040000000002,1748.654663,361.26641799999999,1297.7822269999999,5.6279999999999997E-2,5.4429999999999999E-2,5.3999999999999998E-5,6.019E-3,3.2549000000000002E-2,1,0.10498,8.4485000000000005E-2,0.12892300000000001,1727.070557
1958,5152,Administrative and waste management services,5648,1996,8.9845579999999998,4.1712290000000003,2.557858,4.1712290000000003,1854.399048,404.56674199999998,1373.149414,6.0310000000000002E-2,5.6710000000000003E-2,6.7000000000000002E-5,6.019E-3,3.1870000000000002E-2,1,0.108226,9.2230999999999994E-2,0.13008,1834.322144
1959,5152,Administrative and waste management services,6188,2143,10.034278,4.0388999999999999,2.3842210000000001,4.0388999999999999,1983.1129149999999,463.914154,1577.4765620000001,6.5189999999999998E-2,5.9549999999999999E-2,6.7000000000000002E-5,6.019E-3,3.1230000000000001E-2,1,0.112537,9.6008999999999997E-2,0.14013900000000001,1932.0516359999999
1960,5152,Administrative and waste management services,6517,2198,10.270422,2.2714279999999998,2.2950780000000002,4.034389,2004.8636469999999,507.89080799999999,1787.374268,6.9269999999999998E-2,5.9830000000000001E-2,8.0000000000000007E-5,1.7799999999999999E-4,3.0668000000000001E-2,1,0.116269,0.104431,0.14866799999999999,2062.7126459999999
1961,5152,Administrative and waste management services,6953,2293,11.494021,3.412706,2.1909010000000002,3.885195,2084.2236330000001,457.52233899999999,2097.27124,7.4139999999999998E-2,6.1870000000000001E-2,8.0000000000000007E-5,2.14E-4,3.0152000000000002E-2,1,0.119522,9.6218999999999999E-2,0.15443000000000001,2151.6801759999998
1962,5152,Administrative and waste management services,7471,2398,12.687798000000001,2.624053,2.1530770000000001,3.828586,2168.766846,408.11175500000002,2474.8278810000002,7.9079999999999998E-2,6.3969999999999999E-2,9.2999999999999997E-5,3.6999999999999998E-5,2.9623E-2,1,0.12285600000000001,8.7998999999999994E-2,0.16350799999999999,2236.6206050000001
1963,5152,Administrative and waste management services,8072,2528,14.817132000000001,5.8657250000000003,2.093019,3.7548650000000001,2334.4504390000002,339.66037,2843.3583979999999,8.5720000000000005E-2,6.6839999999999997E-2,1.06E-4,9.6000000000000002E-5,2.9083999999999999E-2,1,0.127604,7.9929E-2,0.16882900000000001,2320.6083979999999
1947,53,Educational services,1430,615,2.7188349999999999,0.86479499999999998,56.203071999999999,0.86479499999999998,210.34999099999999,304.57138099999997,241.15669299999999,8.0259999999999998E-2,5.697E-2,2.4000000000000001E-4,1,0.11094,1,0.10015,0.20291699999999999,0.113451,1611.54187
1948,53,Educational services,1612,621,3.108549,0.87955099999999997,57.037899000000003,0.87955099999999997,296.42214999999999,357.00109900000001,275.67120399999999,8.7639999999999996E-2,5.373E-2,2.3000000000000001E-4,1,0.10521999999999999,1,0.10532,0.22457099999999999,0.10983999999999999,1755.264893
1949,53,Educational services,1674,623,0.86973199999999995,0.26385900000000001,16.810566000000001,0.26385900000000001,93.998711,534.85467500000004,403.93862899999999,8.8039999999999993E-2,5.3859999999999998E-2,2.3000000000000001E-4,1,9.9279999999999993E-2,1,0.11208,0.22426499999999999,0.115795,1738.916138
1950,53,Educational services,1787,675,0.94794800000000001,0.30611899999999997,17.220168999999999,0.30611899999999997,110.432892,593.317139,389.469604,9.1399999999999995E-2,5.6959999999999997E-2,2.3000000000000001E-4,1,9.3049999999999994E-2,1,0.11952,0.23962700000000001,0.118723,1743.3129879999999
1951,53,Educational services,1929,750,4.5117289999999999,1.305518,72.410362000000006,1.305518,529.92999299999997,334.85998499999999,234.676895,9.2240000000000003E-2,5.79E-2,2.5000000000000001E-4,1,8.6510000000000004E-2,1,0.12637999999999999,0.22517300000000001,0.12739300000000001,1693.6206050000001
1952,53,Educational services,2138,920,3.6742659999999998,0.97861299999999996,52.950066,0.97861299999999996,425.090912,439.81185900000003,294.51565599999998,9.7280000000000005E-2,6.9540000000000005E-2,2.7E-4,1,7.9969999999999999E-2,1,0.13347000000000001,0.22350900000000001,0.126279,1646.5214840000001
1953,53,Educational services,2322,1028,5.2622049999999998,1.3507610000000001,66.749015999999997,1.3507610000000001,604.96209699999997,372.850525,241.474594,0.10199,7.6240000000000002E-2,3.1E-4,1,7.3889999999999997E-2,1,0.14129,0.22733100000000001,0.13112599999999999,1648.741943
1954,53,Educational services,2548,1158,2.2232430000000001,0.62983599999999995,26.121368,0.62983599999999995,249.80296300000001,675.52703899999995,435.065765,0.10799,8.4849999999999995E-2,3.4000000000000002E-4,1,6.8640000000000007E-2,1,0.15023,0.22259599999999999,0.13830100000000001,1613.1374510000001
1955,53,Educational services,2727,1226,2.4913780000000001,0.63002100000000005,24.541039999999999,0.63002100000000005,274.83654799999999,729.82470699999999,468.04629499999999,0.11169,8.8200000000000001E-2,3.8000000000000002E-4,1,6.4339999999999994E-2,1,0.15897,0.23391799999999999,0.15387000000000001,1709.6735839999999
1956,53,Educational services,3028,1347,5.3608710000000004,1.161279,45.077857999999999,1.161279,598.01580799999999,628.15417500000001,402.06869499999999,0.11990000000000001,9.3890000000000001E-2,4.0999999999999999E-4,1,6.087E-2,1,0.16761000000000001,0.24110100000000001,0.16411500000000001,1773.3039550000001
1957,53,Educational services,3317,1464,3.810543,0.73014500000000004,28.396129999999999,0.73014500000000004,420.51538099999999,864.34619099999998,534.47143600000004,0.12617,9.894E-2,4.6000000000000001E-4,1,5.8389999999999997E-2,1,0.17605000000000001,0.25321100000000002,0.17315,1834.294678
1958,53,Educational services,3693,1693,4.1812529999999999,0.70493600000000001,26.987658,0.70493600000000001,423.07086199999998,970.86914100000001,573.48120100000006,0.13589000000000001,0.11264,5.0000000000000001E-4,1,5.6959999999999997E-2,1,0.18432999999999999,0.262602,0.18701699999999999,1865.755249
1959,53,Educational services,4170,1993,9.1080310000000004,1.4563889999999999,53.299995000000003,1.4563889999999999,836.90588400000001,805.16522199999997,469.60818499999999,0.14843999999999999,0.13045000000000001,5.5999999999999995E-4,1,5.6259999999999998E-2,1,0.19291,0.26358999999999999,0.188945,1873.2364500000001
1960,53,Educational services,4553,2169,4.5950850000000001,0.12177200000000001,25.16114,0.71196000000000004,383.78942899999998,1215.9562989999999,753.66430700000001,0.15828999999999999,0.13941999999999999,6.2E-4,1.2999999999999999E-4,5.6210000000000003E-2,1,0.20008999999999999,0.26753500000000002,0.20158799999999999,1920.658936
1961,53,Educational services,4933,2282,7.5336069999999999,2.4309150000000002,38.385570999999999,1.084859,614.89288299999998,1185.2567140000001,801.415344,0.16904,0.14551,6.8999999999999997E-4,4.0000000000000002E-4,5.688E-2,1,0.20718,0.28447499999999998,0.21171999999999999,2006.5810550000001
1962,53,Educational services,5488,2510,14.122788,8.1808110000000003,65.325500000000005,1.7869349999999999,1063.7250979999999,1056.3264160000001,768.53241000000003,0.18476999999999999,0.1585,7.6999999999999996E-4,7.6999999999999996E-4,5.8200000000000002E-2,1,0.21461,0.305344,0.22084100000000001,2123.3078609999998
1963,53,Educational services,6128,2878,5.2994870000000001,4.765873,23.109891999999999,0.61900999999999995,373.89031999999997,1600.4696039999999,1241.8458250000001,0.20177,0.17988000000000001,8.3000000000000001E-4,1.3799999999999999E-3,6.0100000000000001E-2,1,0.22183,0.31701800000000002,0.229078,2179.7192380000001
1947,5456,Health care and social assistance,5713,1928,47.564480000000003,0.91695400000000005,18.201414,0.91695400000000005,1326.650879,1098.497192,1292.2520750000001,6.5210000000000004E-2,2.4989999999999998E-2,1.255E-3,1.9068000000000002E-2,1.7579000000000001E-2,1,3.4575000000000002E-2,0.14346200000000001,4.2851E-2,5095.0268550000001
1948,5456,Health care and social assistance,6460,2272,43.347107000000001,0.83904599999999996,15.498422,0.83904599999999996,1500.6324460000001,1226.7211910000001,1400.122803,7.1739999999999998E-2,2.751E-2,1.235E-3,1.9068000000000002E-2,1.8808999999999999E-2,1,3.6433E-2,0.15119299999999999,4.5727999999999998E-2,5152.4902339999999
1949,5456,Health care and social assistance,6688,2281,32.838486000000003,0.76265099999999997,14.177052,0.76265099999999997,1444.4233400000001,1375.5948490000001,1538.4410399999999,7.1419999999999997E-2,2.7660000000000001E-2,1.2099999999999999E-3,1.9068000000000002E-2,1.9897999999999999E-2,1,3.8429999999999999E-2,0.15434700000000001,4.7932000000000002E-2,5167.4331050000001
1950,5456,Health care and social assistance,7122,2296,35.472092000000004,0.82465599999999994,14.864262,0.82465599999999994,1583.856689,1521.268433,1668.8892820000001,7.3899999999999993E-2,2.7119999999999998E-2,1.23E-3,1.9068000000000002E-2,2.0965000000000001E-2,1,4.1148999999999998E-2,0.16247800000000001,5.3135000000000002E-2,5333.611328
1951,5456,Health care and social assistance,7664,2287,34.641289,0.83050800000000002,14.891999999999999,0.83050800000000002,1763.700317,1589.7080080000001,1972.397217,7.4200000000000002E-2,2.4660000000000001E-2,1.3209999999999999E-3,1.9068000000000002E-2,2.2120999999999998E-2,1,4.4532000000000002E-2,0.14957699999999999,5.9947E-2,5427.6518550000001
1952,5456,Health care and social assistance,8473,2597,37.874073000000003,0.83549099999999998,15.93347,0.83549099999999998,1854.029663,1758.999268,2207.4926759999998,7.7689999999999995E-2,2.743E-2,1.451E-3,1.9068000000000002E-2,2.3583E-2,1,4.7805E-2,0.14771300000000001,6.1788999999999997E-2,5404.8310549999997
1953,5456,Health care and social assistance,9179,2682,40.944107000000002,0.7994,16.919418,0.7994,1996.6098629999999,1998.746948,2442.180664,8.1000000000000003E-2,2.7810000000000001E-2,1.6119999999999999E-3,1.9068000000000002E-2,2.5552999999999999E-2,1,5.0763999999999997E-2,0.15364800000000001,6.4538999999999999E-2,5545.2119140000004
1954,5456,Health care and social assistance,10058,3367,36.075736999999997,0.73794099999999996,16.199738,0.73794099999999996,1693.7421879999999,2242.5161130000001,2700.9902339999999,8.5290000000000005E-2,3.4470000000000001E-2,1.787E-3,1.9068000000000002E-2,2.7938000000000001E-2,1,5.3723E-2,0.156191,6.7348000000000005E-2,5569.3920900000003
1955,5456,Health care and social assistance,10722,2808,52.805495999999998,0.81826500000000002,22.480350000000001,0.81826500000000002,2485.1389159999999,2367.6782229999999,2984.2602539999998,8.7569999999999995E-2,2.8240000000000001E-2,1.967E-3,1.9068000000000002E-2,3.0277999999999999E-2,1,5.7195999999999997E-2,0.159633,7.5192999999999996E-2,5918.9711909999996
1956,5456,Health care and social assistance,11884,3525,54.705139000000003,0.79618,23.020025,0.79618,2524.9829100000002,2521.8325199999999,3232.8671880000002,9.3679999999999999E-2,3.4320000000000003E-2,2.1380000000000001E-3,1.9068000000000002E-2,3.2240999999999999E-2,1,6.1177000000000002E-2,0.165912,8.1212999999999994E-2,6249.7563479999999
1957,5456,Health care and social assistance,12985,3757,54.895587999999996,0.74533300000000002,22.454269,0.74533300000000002,2664.1228030000002,2862.2229000000002,3622.813721,9.8089999999999997E-2,3.5459999999999998E-2,2.343E-3,1.9068000000000002E-2,3.3730999999999997E-2,1,6.5545000000000006E-2,0.17127999999999999,8.4890999999999994E-2,6395.3056640000004
1958,5456,Health care and social assistance,14370,4224,59.741706999999998,0.74023000000000005,22.276176,0.74023000000000005,2888.7719729999999,3211.251953,3962.477539,0.10468,3.9269999999999999E-2,2.5999999999999999E-3,1.9068000000000002E-2,3.4403999999999997E-2,1,7.0475999999999997E-2,0.17725199999999999,9.1204999999999994E-2,6542.3920900000003
1959,5456,Health care and social assistance,15976,4711,67.182029999999997,0.71477100000000005,22.512363000000001,0.71477100000000005,3067.2145999999998,3610.1127929999998,4496.548828,0.11241,4.3020000000000003E-2,2.8709999999999999E-3,1.9068000000000002E-2,3.4792999999999998E-2,1,7.5546000000000002E-2,0.18074399999999999,9.3868999999999994E-2,6802.8081050000001
1960,5456,Health care and social assistance,17135,5307,64.822593999999995,0.32350099999999998,20.273713999999998,0.65221799999999996,2798.821289,3833.953125,5109.1533200000003,0.11749,4.7710000000000002E-2,3.1419999999999998E-3,1.2999999999999999E-4,3.5659999999999997E-2,1,8.0429E-2,0.183923,9.4813999999999996E-2,7060.3891599999997
1961,5456,Health care and social assistance,18209,5607,82.940162999999998,0.72550300000000001,24.730779999999999,0.75261500000000003,3343.1213379999999,3674.7136230000001,5475.0161129999997,0.12279,5.0040000000000001E-2,3.473E-3,2.14E-4,3.7407000000000003E-2,1,8.5665000000000005E-2,0.204375,8.9816999999999994E-2,7164.0527339999999
1962,5456,Health care and social assistance,19964,6205,99.992103999999998,1.1507130000000001,28.312840999999999,0.77327199999999996,3829.4018550000001,3886.8488769999999,5912.5200199999999,0.13183,5.4919999999999997E-2,3.9090000000000001E-3,3.1799999999999998E-4,3.9952000000000001E-2,1,9.2057E-2,0.223,8.6387000000000005E-2,7326.8330079999996
1963,5456,Health care and social assistance,21974,7265,104.720551,1.8374809999999999,30.370173000000001,0.79076199999999996,4003.8562010000001,4155.265625,6412.1591799999997,0.14112,6.3969999999999999E-2,4.2319999999999997E-3,5.0699999999999996E-4,4.3469000000000001E-2,1,9.9338999999999997E-2,0.24828600000000001,8.6372000000000004E-2,7589.3076170000004
1947,5758,"Arts, entertainment, and recreation",3075,1477,9.7221039999999999,1.273811,0.14605799999999999,136.962524,331.00979599999999,333.33728000000002,785.54846199999997,0.14782000000000001,0.13374,8.4130000000000003E-3,0.27688299999999999,6.6039999999999996E-3,0.28212199999999998,0.165189,0.141377,0.46149400000000002,944.69781499999999
1948,5758,"Arts, entertainment, and recreation",3045,1363,10.218802,1.163287,0.125222,128.08964499999999,345.86190800000003,362.00048800000002,834.54064900000003,0.13830000000000001,0.11555,8.3759999999999998E-3,0.27688299999999999,7.4219999999999998E-3,0.28259099999999998,0.17278099999999999,0.14957200000000001,0.47428599999999999,969.77392599999996
1949,5758,"Arts, entertainment, and recreation",3003,1303,9.4601579999999998,1.1519790000000001,0.15180299999999999,129.25183100000001,351.47271699999999,371.25802599999997,837.25347899999997,0.13346,0.10909000000000001,8.201E-3,0.27688299999999999,8.0020000000000004E-3,0.28142499999999998,0.17921200000000001,0.15107300000000001,0.45525500000000002,955.52929700000004
1950,5758,"Arts, entertainment, and recreation",2942,1202,8.8964440000000007,1.1938029999999999,0.12441199999999999,145.11509699999999,345.19448899999998,399.43627900000001,840.03942900000004,0.12751999999999999,9.8199999999999996E-2,8.1609999999999999E-3,0.27688299999999999,8.2950000000000003E-3,0.27975100000000003,0.18569099999999999,0.15913099999999999,0.44925999999999999,928.66076699999996
1951,5758,"Arts, entertainment, and recreation",2994,1102,12.744232999999999,1.6035299999999999,0.18201899999999999,219.47020000000001,494.74520899999999,370.01217700000001,793.242615,0.12221,8.3419999999999994E-2,8.5109999999999995E-3,0.27688299999999999,8.5269999999999999E-3,0.27886300000000003,0.19098399999999999,0.13786499999999999,0.45625500000000002,849.31127900000001
1952,5758,"Arts, entertainment, and recreation",3104,1100,16.989993999999999,1.814659,0.233903,257.305542,592.45117200000004,363.11962899999997,772.08508300000005,0.12139999999999999,8.0990000000000006E-2,9.2079999999999992E-3,0.27688299999999999,8.9949999999999995E-3,0.27859400000000001,0.19463800000000001,0.13136400000000001,0.43965900000000002,803.92913799999997
1953,5758,"Arts, entertainment, and recreation",3218,1059,16.521811,1.498351,0.22514799999999999,233.38031000000001,535.91241500000001,441.06359900000001,930.39831500000003,0.12112000000000001,7.6009999999999994E-2,1.0048E-2,0.27688299999999999,9.6450000000000008E-3,0.27863399999999999,0.19871,0.13298599999999999,0.43816899999999998,815.13385000000005
1954,5758,"Arts, entertainment, and recreation",3384,1175,14.577229000000001,1.423773,0.22178899999999999,261.921356,491.21304300000003,463.43218999999999,976.21063200000003,0.12317,8.2830000000000001E-2,1.0876E-2,0.27688299999999999,1.0265E-2,0.27895300000000001,0.203624,0.133239,0.41739100000000001,816.45196499999997
1955,5758,"Arts, entertainment, and recreation",3646,1282,12.329492,1.1029359999999999,0.18301600000000001,217.78251599999999,407.56802399999998,551.13555899999994,1173.8984379999999,0.12939999999999999,8.8859999999999995E-2,1.1761000000000001E-2,0.27688299999999999,1.0847000000000001E-2,0.28060000000000002,0.20860000000000001,0.13567199999999999,0.44553300000000001,853.62097200000005
1956,5758,"Arts, entertainment, and recreation",3909,1381,15.267946,1.2429140000000001,0.229296,257.99237099999999,520.778503,550.97943099999998,1181.5095209999999,0.13358,9.2759999999999995E-2,1.2756999999999999E-2,0.27688299999999999,1.1372E-2,0.28465400000000002,0.21562700000000001,0.14003299999999999,0.45816699999999999,890.15283199999999
1957,5758,"Arts, entertainment, and recreation",3802,1147,18.164556999999999,1.307469,0.26188699999999998,275.01489299999997,570.99987799999997,574.01574700000003,1215.235596,0.12565999999999999,7.4810000000000001E-2,1.4227999999999999E-2,0.27688299999999999,1.1563E-2,0.29025499999999999,0.22248299999999999,0.146898,0.44617200000000001,914.99920699999996
1958,5758,"Arts, entertainment, and recreation",3846,1030,15.256227000000001,1.0131019999999999,0.190715,231.17794799999999,469.90841699999999,678.933899,1419.519775,0.12407,6.5970000000000001E-2,1.6031E-2,0.27688299999999999,1.0891E-2,0.29602600000000001,0.228682,0.15538399999999999,0.44100899999999998,945.52172900000005
1959,5758,"Arts, entertainment, and recreation",4284,1148,20.291771000000001,1.2427969999999999,0.20180999999999999,318.51599099999999,577.58435099999997,714.25842299999999,1503.9049070000001,0.13339000000000001,7.2679999999999995E-2,1.7745E-2,0.27688299999999999,9.6710000000000008E-3,0.30288700000000002,0.236674,0.15793499999999999,0.44973800000000003,967.728882
1960,5758,"Arts, entertainment, and recreation",4771,1368,20.457965999999999,1.1110599999999999,0.16040599999999999,315.67071499999997,513.21612500000003,825.76989700000001,1726.6138920000001,0.14491000000000001,8.5040000000000004E-2,1.9640999999999999E-2,0.27688299999999999,8.4919999999999995E-3,0.311417,0.245391,0.17113,0.45676800000000001,1011.861755
1961,5758,"Arts, entertainment, and recreation",5213,1600,23.279097,0.54465399999999997,0.14760499999999999,328.93042000000003,538.06567399999994,824.879456,1897.1530760000001,0.15487999999999999,9.8290000000000002E-2,2.2158000000000001E-2,4.5775999999999997E-2,7.8919999999999997E-3,0.32067800000000002,0.25409100000000001,0.15871299999999999,0.46935700000000002,1013.854858
1962,5758,"Arts, entertainment, and recreation",5719,1923,27.525980000000001,0.714368,0.163408,373.35531600000002,613.64160200000003,817.71539299999995,1962.8839109999999,0.16667000000000001,0.11651,2.5139000000000002E-2,5.0978999999999997E-2,7.3429999999999997E-3,0.33073799999999998,0.262069,0.16314100000000001,0.47002100000000002,1038.5760499999999
1963,5758,"Arts, entertainment, and recreation",6188,2127,24.023415,0.24168000000000001,0.115676,306.61962899999997,518.72192399999994,932.73925799999995,2278.5383299999999,0.17541999999999999,0.12767000000000001,2.7518999999999998E-2,3.202E-3,6.3150000000000003E-3,0.34153699999999998,0.27162700000000001,0.180587,0.459735,1097.790039
1947,59,Accommodation,2521,988,1.1120829999999999,1.1120829999999999,0.38720300000000002,1.1120829999999999,604.80810499999995,92.020767000000006,835.78393600000004,0.14182,0.1273,3.5E-4,1,6.4400000000000004E-3,1,0.11411,6.1539000000000003E-2,0.74804300000000001,1064.7423100000001
1948,59,Accommodation,2370,765,1.0282960000000001,1.0282960000000001,0.303033,1.0282960000000001,621.69549600000005,98.150429000000003,881.76617399999998,0.12623000000000001,9.2939999999999995E-2,3.5E-4,1,6.45E-3,1,0.11583,6.1699999999999998E-2,0.78129700000000002,1055.3908690000001
1949,59,Accommodation,2303,641,1.052754,1.052754,0.35514200000000001,1.052754,668.34960899999999,100.323509,889.81347700000003,0.1198,7.6960000000000001E-2,3.5E-4,1,6.45E-3,1,0.11738,6.0670000000000002E-2,0.75149500000000002,1026.1883539999999
1950,59,Accommodation,2350,662,1.0105869999999999,1.0105869999999999,0.25883200000000001,1.0105869999999999,693.381348,102.230118,889.09789999999998,0.11916,7.7380000000000004E-2,3.5E-4,1,6.45E-3,1,0.11928,6.2921000000000005E-2,0.75812900000000005,1028.652832
1951,59,Accommodation,2554,749,1.4554309999999999,1.4554309999999999,0.386689,1.4554309999999999,1059.4643550000001,66.306267000000005,674.47644000000003,0.12230000000000001,8.0320000000000003E-2,3.5E-4,1,6.45E-3,1,0.12143,5.0299999999999997E-2,0.77414000000000005,1030.5546879999999
1952,59,Accommodation,2702,808,1.3096559999999999,1.3096559999999999,0.38573400000000002,1.3096559999999999,976.030396,83.493881000000002,830.16094999999996,0.12378,8.5180000000000006E-2,3.5E-4,1,6.8300000000000001E-3,1,0.12313,5.1378E-2,0.76700299999999999,1023.629822
1953,59,Accommodation,2860,913,1.550478,1.550478,0.53941700000000004,1.550478,1132.511475,76.192374999999998,733.10534700000005,0.12601999999999999,9.3979999999999994E-2,3.5E-4,1,7.5799999999999999E-3,1,0.12534999999999999,5.3934000000000003E-2,0.76831099999999997,1042.457764
1954,59,Accommodation,2983,943,0.92063099999999998,0.92063099999999998,0.335231,0.92063099999999998,759.51214600000003,124.33300800000001,1153.0577390000001,0.12656999999999999,9.5869999999999997E-2,3.5E-4,1,8.2699999999999996E-3,1,0.12876000000000001,5.5382000000000001E-2,0.73541599999999996,1019.199646
1955,59,Accommodation,3113,987,0.967858,0.967858,0.37867400000000001,0.967858,831.71105999999997,117.653717,1173.3530270000001,0.12828999999999999,9.7989999999999994E-2,3.5E-4,1,8.9200000000000008E-3,1,0.13158,5.1898E-2,0.75785599999999997,1065.524048
1956,59,Accommodation,3306,1067,1.2328859999999999,1.2328859999999999,0.54332999999999998,1.2328859999999999,1121.7452390000001,99.709862000000001,1013.3029790000001,0.13098000000000001,0.10188999999999999,3.5E-4,1,9.5200000000000007E-3,1,0.13733999999999999,5.2056999999999999E-2,0.77483900000000006,1107.9803469999999
1957,59,Accommodation,3570,1130,0.98807199999999995,0.98807199999999995,0.49610500000000002,0.98807199999999995,977.21508800000004,131.227081,1328.097534,0.13639000000000001,0.10498,3.5E-4,1,9.6799999999999994E-3,1,0.14360999999999999,5.3793000000000001E-2,0.77698299999999998,1138.9470209999999
1958,59,Accommodation,3523,1091,0.99512500000000004,0.99512500000000004,0.44356899999999999,0.99512500000000004,965.72741699999995,136.00335699999999,1326.8402100000001,0.13172,0.10038,3.5E-4,1,9.0500000000000008E-3,1,0.14940999999999999,5.6741E-2,0.76538300000000004,1153.501953
1959,59,Accommodation,3671,1029,1.22454,1.22454,0.46359400000000001,1.22454,1315.193726,121.094696,1201.5742190000001,0.13292000000000001,9.2119999999999994E-2,3.5E-4,1,8.0400000000000003E-3,1,0.15689,5.5702000000000002E-2,0.76458000000000004,1169.0867920000001
1960,59,Accommodation,3880,1168,0.97583699999999995,0.97583699999999995,0.317861,0.97583699999999995,1037.7185059999999,150.55209400000001,1520.4841309999999,0.13772000000000001,0.10259,3.5E-4,1,7.0699999999999999E-3,1,0.16494,5.9774000000000001E-2,0.77794600000000003,1206.956177
1961,59,Accommodation,3991,1186,0.99111400000000005,0.99111400000000005,0.30291699999999999,0.99111400000000005,1087.977173,163.70254499999999,1550.044189,0.14002999999999999,0.10339,3.5E-4,1,6.5300000000000002E-3,1,0.17405999999999999,9.0211E-2,0.74954900000000002,1210.2844239999999
1962,59,Accommodation,4262,1238,1.417233,6.0657000000000003E-2,0.46185500000000002,1.417233,1662.6319579999999,132.988449,1225.0225829999999,0.14949000000000001,0.10661,3.5E-4,3.1E-4,6.4099999999999999E-3,1,0.18321000000000001,0.106101,0.74453599999999998,1235.9357910000001
1963,59,Accommodation,4586,1295,1.058413,0.64716300000000004,0.35761900000000002,1.058413,1365.497192,189.383804,1732.9975589999999,0.16062000000000001,0.11115,3.5E-4,1.83E-3,6.3E-3,1,0.19338,0.120974,0.76209499999999997,1264.2646480000001
1947,60,Food services and drinking places,11806,6887,0.735097,0.735097,0.41477000000000003,0.735097,1145.986572,82.857330000000005,3689.741211,0.24116000000000001,0.16979,5.5999999999999995E-4,1,8.4600000000000005E-3,1,0.19044,4.2271999999999997E-2,0.36643700000000001,4589.4204099999997
1948,60,Food services and drinking places,11976,6786,0.71403499999999998,0.71403499999999998,0.36050500000000002,0.71403499999999998,1226.259399,89.766388000000006,3871.4716800000001,0.22853000000000001,0.15396000000000001,5.5999999999999995E-4,1,9.2399999999999999E-3,1,0.20624999999999999,4.3973999999999999E-2,0.37109900000000001,4681.0747069999998
1949,60,Food services and drinking places,11768,6481,0.70678300000000005,0.70678300000000005,0.40166000000000002,0.70678300000000005,1178.5604249999999,95.473038000000003,4010.444336,0.22384999999999999,0.16034999999999999,5.5999999999999995E-4,1,9.9699999999999997E-3,1,0.22178999999999999,4.5033999999999998E-2,0.37256299999999998,4730.09375
1950,60,Food services and drinking places,12021,6516,0.689056,0.689056,0.32181599999999999,0.689056,1213.1218260000001,117.282349,4172.2070309999999,0.22772999999999999,0.15723000000000001,5.5999999999999995E-4,1,1.064E-2,1,0.23577000000000001,5.0860000000000002E-2,0.38107600000000003,4860.8686520000001
1951,60,Food services and drinking places,13748,7743,0.77460499999999999,0.77460499999999999,0.39626899999999998,0.77460499999999999,1465.330322,106.766273,4430.1835940000001,0.25635999999999998,0.16405,5.5999999999999995E-4,1,1.124E-2,1,0.24773999999999999,4.4276999999999997E-2,0.39280999999999999,4909.6865230000003
1952,60,Food services and drinking places,14688,8365,0.82607299999999995,0.82607299999999995,0.46590100000000001,0.82607299999999995,1631.7951660000001,114.59028600000001,4573.6704099999997,0.26258999999999999,0.17929999999999999,5.5999999999999995E-4,1,1.221E-2,1,0.25688,4.4150000000000002E-2,0.39647100000000002,4838.345703
1953,60,Food services and drinking places,15229,8711,0.73616599999999999,0.73616599999999999,0.47225800000000001,0.73616599999999999,1395.411987,130.279236,4989.6279299999997,0.26756999999999997,0.19594,5.5999999999999995E-4,1,1.3950000000000001E-2,1,0.26767999999999997,4.5443999999999998E-2,0.39843600000000001,4915.8710940000001
1954,60,Food services and drinking places,15496,8845,0.59249499999999999,0.59249499999999999,0.431315,0.59249499999999999,1240.4229740000001,141.03791799999999,5267.330078,0.26312000000000002,0.19399,5.5999999999999995E-4,1,1.5980000000000001E-2,1,0.27855999999999997,4.6186999999999999E-2,0.40169100000000002,4940.341797
1955,60,Food services and drinking places,16036,8982,0.71544200000000002,0.71544200000000002,0.56832800000000006,0.71544200000000002,1571.52063,135.27719099999999,5344.4873049999997,0.27045000000000002,0.20596999999999999,5.5999999999999995E-4,1,1.7420000000000001E-2,1,0.28961999999999999,4.5702E-2,0.40986400000000001,5189.8798829999996
1956,60,Food services and drinking places,16799,9509,0.87920600000000004,0.87920600000000004,0.75268199999999996,0.87920600000000004,1836.275879,132.28164699999999,5318.0522460000002,0.28545999999999999,0.21884000000000001,5.5999999999999995E-4,1,1.8290000000000001E-2,1,0.30192000000000002,4.6538999999999997E-2,0.41939599999999999,5433.6127930000002
1957,60,Food services and drinking places,17516,9815,0.80280399999999996,0.80280399999999996,0.74270000000000003,0.80280399999999996,1706.4879149999999,148.850449,5842.5102539999998,0.28782999999999997,0.21829000000000001,5.5999999999999995E-4,1,1.8610000000000002E-2,1,0.31223000000000001,4.7826E-2,0.41988300000000001,5531.9858400000003
1958,60,Food services and drinking places,17664,9816,0.64941800000000005,0.64941800000000005,0.56942400000000004,0.64941800000000005,1440.4094239999999,168.176331,6236.8964839999999,0.28414,0.20856,5.5999999999999995E-4,1,1.7989999999999999E-2,1,0.32124999999999998,5.0152000000000002E-2,0.41629100000000002,5620.6586909999996
1959,60,Food services and drinking places,18647,10110,0.65683499999999995,0.65683499999999995,0.54296800000000001,0.65683499999999995,1683.544678,173.60810900000001,6677.3339839999999,0.28898000000000001,0.21754999999999999,5.5999999999999995E-4,1,1.6910000000000001E-2,1,0.33033000000000001,5.0129E-2,0.429338,5814.7338870000003
1960,60,Food services and drinking places,19216,10499,0.69742199999999999,0.69742199999999999,0.51115299999999997,0.69742199999999999,1725.546509,158.98689300000001,6829.8632809999999,0.29088999999999998,0.2261,5.5999999999999995E-4,1,1.584E-2,1,0.33945999999999998,5.1351000000000001E-2,0.43880799999999998,5972.9243159999996
1961,60,Food services and drinking places,19471,10526,0.72767400000000004,0.72767400000000004,0.52241499999999996,0.72767400000000004,1819.0426030000001,156.69079600000001,6966.5610349999997,0.28993000000000002,0.22345999999999999,5.5999999999999995E-4,1,1.478E-2,1,0.34760999999999997,6.0509E-2,0.42916900000000002,6059.3027339999999
1962,60,Food services and drinking places,20507,10902,0.762069,0.762069,0.54884500000000003,0.762069,2005.2655030000001,157.044693,7439.8544920000004,0.29859000000000002,0.22991,5.5999999999999995E-4,1,1.376E-2,1,0.35570000000000002,6.7742999999999998E-2,0.43244300000000002,6095.314453
1963,60,Food services and drinking places,21309,11296,0.75472399999999995,4.1556999999999997E-2,0.51815800000000001,0.75472399999999995,1958.5267329999999,161.04806500000001,7891.3559569999998,0.30526999999999999,0.23801,5.5999999999999995E-4,2.7999999999999998E-4,1.2800000000000001E-2,1,0.36426999999999998,7.4388999999999997E-2,0.44007600000000002,6055.5288090000004
1947,61,"Other services, except government",11178,3708,22.061948999999998,3.709908,46.049343,3.709908,678.888733,406.365387,6316.6347660000001,0.20798,0.14197000000000001,1.66E-4,7.3999999999999996E-5,1.4126E-2,1,0.101508,4.6722E-2,1.0846370000000001,2848.7863769999999
1948,61,"Other services, except government",11776,3962,10.425376999999999,1.20566,14.555687000000001,1.20566,754.00799600000005,456.41711400000003,6576.1826170000004,0.20721999999999999,0.14268,1.63E-4,7.3999999999999996E-5,1.5089E-2,1,0.10957699999999999,5.0852000000000001E-2,1.120209,2915.9663089999999
1949,61,"Other services, except government",11877,3845,11.58878,1.593793,22.434759,1.593793,765.98907499999996,522.33715800000004,6706.4628910000001,0.20688999999999999,0.13569000000000001,1.5899999999999999E-4,7.3999999999999996E-5,1.6244000000000001E-2,1,0.115314,5.3933000000000002E-2,1.1140300000000001,2907.1228030000002
1950,61,"Other services, except government",12537,3946,6.2509730000000001,0.80433600000000005,10.344839,0.80433600000000005,840.89562999999998,651.49078399999996,7080.4091799999997,0.21571000000000001,0.13553000000000001,1.6100000000000001E-4,7.3999999999999996E-5,1.7599E-2,1,0.120758,6.2607999999999997E-2,1.1967859999999999,3000.9045409999999
1951,61,"Other services, except government",13520,4247,6.8843009999999998,0.858487,12.620333,0.858487,906.07824700000003,676.48962400000005,7669.2104490000002,0.21498,0.13392999999999999,1.73E-4,7.3999999999999996E-5,1.9019999999999999E-2,1,0.126666,6.1614000000000002E-2,1.1904710000000001,3043.5363769999999
1952,61,"Other services, except government",14136,4564,9.5498080000000005,0.99844299999999997,16.278257,0.99844299999999997,929.37530500000003,739.35949700000003,7875.4404299999997,0.21664,0.14112,1.9000000000000001E-4,7.3999999999999996E-5,2.0559999999999998E-2,1,0.133907,6.4725000000000005E-2,1.12181,3031.0976559999999
1953,61,"Other services, except government",15012,4858,12.706773,1.1499330000000001,20.69755,1.1499330000000001,979.69616699999995,825.75970500000005,8312.8398440000001,0.22339999999999999,0.14695,2.1100000000000001E-4,7.3999999999999996E-5,2.239E-2,1,0.14408199999999999,6.8773000000000001E-2,1.106481,3098.0734859999998
1954,61,"Other services, except government",15667,5264,8.687792,0.90894600000000003,17.018962999999999,0.90894600000000003,1012.7751459999999,874.05328399999996,8488.6464840000008,0.22725999999999999,0.15773000000000001,2.34E-4,7.3999999999999996E-5,2.4466999999999999E-2,1,0.15451500000000001,7.0094000000000004E-2,1.0448660000000001,3091.2077640000002
1955,61,"Other services, except government",16928,5522,9.3024319999999996,0.962704,18.989964000000001,0.962704,1110.3826899999999,954.58184800000004,9310.8173829999996,0.24240999999999999,0.16106999999999999,2.5700000000000001E-4,7.3999999999999996E-5,2.6631999999999999E-2,1,0.16488700000000001,7.4171000000000001E-2,1.170398,3285.2314449999999
1956,61,"Other services, except government",18360,5963,11.240805,1.022567,24.094255,1.022567,1202.320068,1035.8912350000001,10121.408203000001,0.25208999999999998,0.16703000000000001,2.81E-4,7.3999999999999996E-5,2.8891E-2,1,0.17639099999999999,7.8506999999999993E-2,1.234156,3445.586182
1957,61,"Other services, except government",19661,6504,13.956353,1.143316,30.914391999999999,1.143316,1268.542725,1148.2502440000001,10693.049805000001,0.26114999999999999,0.17660999999999999,3.0699999999999998E-4,7.3999999999999996E-5,3.1391000000000002E-2,1,0.18878700000000001,8.3794999999999994E-2,1.2201470000000001,3526.0383299999999
1958,61,"Other services, except government",20852,7189,13.218756000000001,1.1991989999999999,32.557620999999997,1.1991989999999999,1318.1259769999999,1279.424927,11017.274414,0.27167999999999998,0.19302,3.4000000000000002E-4,7.3999999999999996E-5,3.4141999999999999E-2,1,0.201821,9.0450000000000003E-2,1.2505329999999999,3604.7734380000002
1959,61,"Other services, except government",22509,7978,10.647948,1.072193,29.211361,1.072193,1411.096802,1341.017456,11736.881836,0.28836000000000001,0.20954999999999999,3.7800000000000003E-4,7.3999999999999996E-5,3.7052000000000002E-2,1,0.213057,9.4133999999999995E-2,1.2486280000000001,3723.4567870000001
1960,61,"Other services, except government",23873,8296,12.339065,1.2342000000000001E-2,31.55106,1.120252,1512.67749,1420.405029,12598.894531,0.30232999999999999,0.21468999999999999,4.1800000000000002E-4,7.3999999999999996E-5,4.011E-2,1,0.223052,0.101106,1.2372840000000001,3867.4814449999999
1961,61,"Other services, except government",25246,8986,16.925165,0.54770099999999999,40.660418999999997,1.2619910000000001,1566.604736,1490.267822,13143.732421999999,0.31556000000000001,0.23135,4.6500000000000003E-4,2.1100000000000001E-4,4.3593E-2,1,0.23288600000000001,0.118536,1.2361580000000001,3943.3874510000001
1962,61,"Other services, except government",26732,9423,22.293147999999999,1.2167159999999999,50.759869000000002,1.3535060000000001,1655.2769780000001,1595.722168,13982.376953000001,0.33172000000000001,0.24096000000000001,5.2599999999999999E-4,4.6799999999999999E-4,4.7682000000000002E-2,1,0.242507,0.13761899999999999,1.2241850000000001,4055.6357419999999
1963,61,"Other services, except government",28159,10183,26.56024,3.3661110000000001,63.658538999999998,1.5059359999999999,1702.5097659999999,1638.0539550000001,14540.345703000001,0.34332000000000001,0.25868999999999998,5.6899999999999995E-4,1.057E-3,5.2221999999999998E-2,1,0.25185099999999999,0.15423899999999999,1.1942630000000001,4135.7084960000002
1947,62,Federal,30560.115234000001,2795,298.26428199999998,2.044022,521.74890100000005,0.74708399999999997,16231.369140999999,3010.6247560000002,7700.3164059999999,0.32454899999999998,5.6129999999999999E-2,6.7010000000000004E-3,1.2310000000000001E-3,4.8558999999999998E-2,1,1.2085379999999999,0.42520200000000002,0.70726999999999995,3924.469482
1948,62,Federal,27618.158202999999,4296,269.21289100000001,1.753215,511.46847500000001,0.70750100000000005,13562.596680000001,2502.5227049999999,6473.8969729999999,0.31579499999999999,0.08,6.7010000000000004E-3,1.2310000000000001E-3,5.3254999999999997E-2,1,1.080525,0.45305099999999998,0.68178700000000003,4117.9125979999999
1949,62,Federal,28968.173827999999,5734,253.77410900000001,1.570959,518.30090299999995,0.68091699999999999,12073.608398,2916.4555660000001,7469.7827150000003,0.32135599999999998,0.10553999999999999,6.7010000000000004E-3,1.2310000000000001E-3,5.7940999999999999E-2,1,0.99054600000000004,0.51318299999999994,0.66878099999999996,4567.892578
1950,62,Federal,26533.828125,4958,248.88176000000001,1.4388749999999999,536.65716599999996,0.69147199999999998,10284.165039,3141.3012699999999,7362.6938479999999,0.30451600000000001,8.967E-2,6.7010000000000004E-3,1.2310000000000001E-3,6.2737000000000001E-2,1,0.93438600000000005,0.57093499999999997,0.65577300000000005,4734.1274409999996
1951,62,Federal,40510.03125,11671,259.510132,1.4602580000000001,625.38934300000005,0.68095399999999995,11483.263671999999,4825.0385740000002,11643.6875,0.40595799999999999,0.19858999999999999,6.7010000000000004E-3,1.2310000000000001E-3,6.7252000000000006E-2,1,0.97468100000000002,0.90810199999999996,0.71519600000000005,7515.3066410000001
1952,62,Federal,50636.359375,17813,262.36673000000002,1.3707640000000001,690.47692900000004,0.69559499999999996,12587.530273,5735.8847660000001,13545.033203000001,0.49085699999999999,0.31292999999999999,6.7010000000000004E-3,1.2310000000000001E-3,7.2703000000000004E-2,1,1.0683339999999999,1.06348,0.71816100000000005,8554.8427730000003
1953,62,Federal,54125.339844000002,21243,265.87560999999999,1.2939430000000001,734.09173599999997,0.69604100000000002,12763.900390999999,5768.8867190000001,13347.595703000001,0.52173099999999994,0.36840000000000001,6.7010000000000004E-3,1.2310000000000001E-3,7.9105999999999996E-2,1,1.1405000000000001,1.0477399999999999,0.67971000000000004,8291.7294920000004
1954,62,Federal,43163.203125,16897.001952999999,244.523865,0.93199200000000004,652.89959699999997,0.72655000000000003,9671.3496090000008,4751.482422,10944.287109000001,0.461505,0.28166000000000002,6.7010000000000004E-3,1.2310000000000001E-3,8.6829000000000003E-2,1,1.1767890000000001,0.99011499999999997,0.64577899999999999,7796.5209960000002
1955,62,Federal,47910.351562000003,16165,269.42794800000001,0.98552399999999996,768.52343800000006,0.74220699999999995,10696.831055000001,6101.2587890000004,13907.583008,0.451934,0.25597999999999999,6.7010000000000004E-3,1.2310000000000001E-3,9.6410999999999997E-2,1,1.207303,0.92158300000000004,0.671435,7279.1577150000003
1956,62,Federal,50264.546875,14854,300.99517800000001,1.112236,1001.768738,0.73187599999999997,12414.350586,6682.7539059999999,15008.833984000001,0.44167400000000001,0.22921,6.7010000000000004E-3,1.2310000000000001E-3,0.111785,1,1.2205969999999999,0.89105400000000001,0.69317099999999998,7019.779297
1957,62,Federal,56306.828125,17188,330.41021699999999,1.1358520000000001,1224.576172,0.72389999999999999,13792.092773,7454.9174800000001,16314.971680000001,0.45832899999999999,0.25441999999999998,6.7010000000000004E-3,1.2310000000000001E-3,0.130074,1,1.228154,0.90288400000000002,0.683809,6976.1831050000001
1958,62,Federal,58441.121094000002,17398,380.06826799999999,1.1176090000000001,1441.3082280000001,0.73112500000000002,14133.558594,8055.6020509999998,17030.734375,0.45768900000000001,0.25430999999999998,6.7010000000000004E-3,1.2310000000000001E-3,0.14746000000000001,1,1.2444729999999999,0.87131400000000003,0.68365600000000004,6591.2587890000004
1959,62,Federal,55491.222655999998,15497,457.97170999999997,0.99443899999999996,1555.7579350000001,0.74703600000000003,13293.958984000001,7964.0219729999999,16720.769531000002,0.45407799999999998,0.23882999999999999,6.7010000000000004E-3,1.2310000000000001E-3,0.16464200000000001,1,1.286959,0.84848599999999996,0.70999800000000002,6405.0859380000002
1960,62,Federal,53760.242187999997,13036,585.62652600000001,2.1246559999999999,1623.8286129999999,0.76756100000000005,11672.129883,8653.1435550000006,18186.621093999998,0.44075500000000001,0.20261000000000001,6.7010000000000004E-3,1.2310000000000001E-3,0.182944,1,1.3185739999999999,0.85385900000000003,0.72417299999999996,6382.2817379999997
1961,62,Federal,54613.488280999998,12903,759.88067599999999,5.6001479999999999,1796.575073,0.77410900000000005,11411.361328000001,8372.3125,19363.984375,0.44437700000000002,0.19806000000000001,6.7010000000000004E-3,2.336E-3,0.203566,1,1.3555470000000001,0.83524399999999999,0.74372400000000005,6532.0932620000003
1962,62,Federal,60422.460937999997,16618,952.95489499999996,8.2800530000000006,2090.4953609999998,0.774092,12356.834961,8033.328125,20361.794922000001,0.48435400000000001,0.25053999999999998,6.7010000000000004E-3,3.5929999999999998E-3,0.22654299999999999,1,1.4127909999999999,0.83433500000000005,0.77398500000000003,6838.6396480000003
1963,62,Federal,63074.820312000003,16835,1125.0548100000001,12.962878999999999,2334.5771479999999,0.78048399999999996,12622.314453000001,7988.1088870000003,22156.021484000001,0.48585299999999998,0.24759,6.7010000000000004E-3,5.6649999999999999E-3,0.255965,1,1.4536180000000001,0.77950399999999997,0.78692200000000001,6702.8525390000004
1947,63,State and local,19817.820312,3629,75.153335999999996,2.1666999999999999E-2,22.551065000000001,0.52461500000000005,9112.0439449999994,2466.2924800000001,4512.232422,0.106336,4.9849999999999998E-2,6.7010000000000004E-3,1.2310000000000001E-3,4.8558999999999998E-2,1,0.187194,8.7108000000000005E-2,0.213252,8387.9560550000006
1948,63,State and local,23220.5,3776,72.078850000000003,2.0778999999999999E-2,21.953044999999999,0.55549899999999997,11300.540039,2888.2875979999999,5161.0639650000003,0.109213,4.8120000000000003E-2,6.7010000000000004E-3,1.2310000000000001E-3,5.3254999999999997E-2,1,0.18856700000000001,9.1671000000000002E-2,0.22842199999999999,8654.1328119999998
1949,63,State and local,25283.351562,4413,69.076485000000005,1.9913E-2,21.299424999999999,0.57177199999999995,11960.691406,3217.8242190000001,5600.8671880000002,0.116232,5.6669999999999998E-2,6.7010000000000004E-3,1.2310000000000001E-3,5.7940999999999999E-2,1,0.19800799999999999,9.7578999999999999E-2,0.23310700000000001,9057.7548829999996
1950,63,State and local,24615.152343999998,5166,61.127296000000001,1.762E-2,19.804987000000001,0.56094200000000005,10178.90625,3662.6901859999998,5526.044922,0.121569,6.4509999999999998E-2,6.7010000000000004E-3,1.2310000000000001E-3,6.2737000000000001E-2,1,0.20200399999999999,0.11210199999999999,0.23372100000000001,9382.2236329999996
1951,63,State and local,27874.318359000001,5146,63.176411000000002,1.8211000000000001E-2,22.548497999999999,0.56257999999999997,11875.016602,4176.8310549999997,6590.1650390000004,0.12338200000000001,6.0100000000000001E-2,6.7010000000000004E-3,1.2310000000000001E-3,6.7252000000000006E-2,1,0.21124200000000001,0.12045599999999999,0.22637499999999999,10477.666992
1952,63,State and local,28793.921875,5139,57.420932999999998,1.6551E-2,22.429366999999999,0.55638799999999999,12144.130859000001,4630.2915039999998,6800.0776370000003,0.125088,5.8810000000000001E-2,6.7010000000000004E-3,1.2310000000000001E-3,7.2703000000000004E-2,1,0.21642600000000001,0.13281000000000001,0.221968,11018.165039
1953,63,State and local,29964.378906000002,5262,55.142147000000001,1.5893000000000001E-2,22.564043000000002,0.56636500000000001,12407.279296999999,5116.9047849999997,7099.9057620000003,0.12931400000000001,5.9150000000000001E-2,6.7010000000000004E-3,1.2310000000000001E-3,7.9105999999999996E-2,1,0.22683900000000001,0.13927600000000001,0.23016200000000001,11194.358398
1954,63,State and local,25753.972656000002,5566,40.037833999999997,1.1535E-2,19.856515999999999,0.59573799999999999,9057.5537110000005,4751.3271480000003,6318.5908200000003,0.132628,6.2140000000000001E-2,6.7010000000000004E-3,1.2310000000000001E-3,8.6829000000000003E-2,1,0.23819100000000001,0.14565600000000001,0.24465400000000001,11411.279296999999
1955,63,State and local,30818.101562,6434,40.521380999999998,1.1675E-2,21.672352,0.58249300000000004,9602.6152340000008,6385.5756840000004,8333.1230469999991,0.14166100000000001,7.0709999999999995E-2,6.7010000000000004E-3,1.2310000000000001E-3,9.6410999999999997E-2,1,0.246033,0.147318,0.25968400000000003,11545.032227
1956,63,State and local,36451.746094000002,6414,45.880394000000003,1.3221E-2,26.623408999999999,0.57634200000000002,12036.993164,7888.7265619999998,10038.933594,0.14960499999999999,6.8400000000000002E-2,6.7010000000000004E-3,1.2310000000000001E-3,0.111785,1,0.25760699999999997,0.15226899999999999,0.287437,11842.760742
1957,63,State and local,40779.117187999997,6968,47.280490999999998,1.3625E-2,30.471278999999999,0.57526100000000002,14079.348633,8938.6367190000001,10714.791015999999,0.15876699999999999,7.195E-2,6.7010000000000004E-3,1.2310000000000001E-3,0.130074,1,0.27196599999999999,0.16336300000000001,0.30343999999999999,12215.909180000001
1958,63,State and local,43899.464844000002,8123,46.306454000000002,2.8306000000000001E-2,32.883265999999999,0.57830700000000002,14508.247069999999,10021.061523,11167.360352,0.169518,8.2610000000000003E-2,6.7010000000000004E-3,1.2310000000000001E-3,0.14746000000000001,1,0.28642400000000001,0.17774999999999999,0.31261100000000003,12683.230469
1959,63,State and local,45397.820312000003,9067,40.752819000000002,3.5582000000000003E-2,33.872951999999998,0.58434699999999995,13608.826171999999,10807.287109000001,11839.460938,0.17625199999999999,8.795E-2,6.7010000000000004E-3,1.2310000000000001E-3,0.16464200000000001,1,0.299232,0.17836099999999999,0.33285599999999999,12709.151367
1960,63,State and local,47919.632812000003,9976,35.214550000000003,0.68093700000000001,34.846691,0.60277499999999995,12108.834961,12156.875,13606.576171999999,0.184921,9.5219999999999999E-2,6.7010000000000004E-3,1.2310000000000001E-3,0.182944,1,0.31268299999999999,0.18895400000000001,0.34373700000000001,13263.594727
1961,63,State and local,51484.375,11005,33.976275999999999,1.232396,37.467171,0.60868500000000003,12270.529296999999,13828.855469,14306.705078000001,0.19849900000000001,0.10413,6.7010000000000004E-3,2.336E-3,0.203566,1,0.32739099999999999,0.222243,0.34431099999999998,13833.432617
1962,63,State and local,54994.3125,11854,35.611716999999999,2.0038990000000001,42.362988000000001,0.59990299999999996,13618.036133,14767.019531,14674.677734000001,0.21041799999999999,0.11142000000000001,6.7010000000000004E-3,3.5929999999999998E-3,0.22654299999999999,1,0.341499,0.249334,0.34739100000000001,14445.139648
1963,63,State and local,59144.882812000003,13063,34.554679999999998,3.419257,45.938018999999997,0.59863100000000002,14201.198242,16183.301758,15612.874023,0.22295300000000001,0.12225999999999999,6.7010000000000004E-3,5.6649999999999999E-3,0.255965,1,0.357576,0.26847900000000002,0.35514600000000002,14948.168944999999
