year,sector,sector_order,row_type,nominal_value_added_millions,share_of_value_added_percent,hours_millions,share_of_hours_percent,measurable_group,va_source,hours_source,classification_note,source_note
1963,"Agriculture, forestry, fishing, and hunting",1,sector,20518.0,3.2362076559072577,14717.045258,10.219017367781982,Griliches measurable sectors,BEA-BLS historical KLEMS 1963-2016 sheet; nominal VA = go. - ii.,BEA-BLS historical KLEMS 1963-2016 sheet; hrs.,"Information is classified as unmeasurable because modern Information includes publishing/software, motion picture/sound, broadcasting/telecom, and data/internet/other information services.","BEA-BLS historical KLEMS 1963-2016, current BEA-BLS ILPA 1997-2024, and BLS detailed industry hours/employment 1987-2025."
1963,Mining,2,sector,10622.0,1.675358110978014,1310.765197,0.9101509221727755,Griliches measurable sectors,BEA-BLS historical KLEMS 1963-2016 sheet; nominal VA = go. - ii.,BEA-BLS historical KLEMS 1963-2016 sheet; hrs.,"Information is classified as unmeasurable because modern Information includes publishing/software, motion picture/sound, broadcasting/telecom, and data/internet/other information services.","BEA-BLS historical KLEMS 1963-2016, current BEA-BLS ILPA 1997-2024, and BLS detailed industry hours/employment 1987-2025."
1963,Utilities,3,sector,14046.0,2.215409529918771,860.629211,0.5975917516220705,Griliches measurable sectors,BEA-BLS historical KLEMS 1963-2016 sheet; nominal VA = go. - ii.,BEA-BLS historical KLEMS 1963-2016 sheet; hrs.,"Information is classified as unmeasurable because modern Information includes publishing/software, motion picture/sound, broadcasting/telecom, and data/internet/other information services.","BEA-BLS historical KLEMS 1963-2016, current BEA-BLS ILPA 1997-2024, and BLS detailed industry hours/employment 1987-2025."
1963,Construction,4,sector,27656.0,4.362050830089244,7814.166016,5.425892007013338,Other sectors,BEA-BLS historical KLEMS 1963-2016 sheet; nominal VA = go. - ii.,BEA-BLS historical KLEMS 1963-2016 sheet; hrs.,"Information is classified as unmeasurable because modern Information includes publishing/software, motion picture/sound, broadcasting/telecom, and data/internet/other information services.","BEA-BLS historical KLEMS 1963-2016, current BEA-BLS ILPA 1997-2024, and BLS detailed industry hours/employment 1987-2025."
1963,Manufacturing,5,sector,161169.0,25.420428486934245,32761.760374999998,22.748655888602862,Griliches measurable sectors,BEA-BLS historical KLEMS 1963-2016 sheet; nominal VA = go. - ii.,BEA-BLS historical KLEMS 1963-2016 sheet; hrs.,"Information is classified as unmeasurable because modern Information includes publishing/software, motion picture/sound, broadcasting/telecom, and data/internet/other information services.","BEA-BLS historical KLEMS 1963-2016, current BEA-BLS ILPA 1997-2024, and BLS detailed industry hours/employment 1987-2025."
1963,Wholesale trade,6,sector,39889.0,6.291504395481265,5944.998047,4.128005127978996,Other sectors,BEA-BLS historical KLEMS 1963-2016 sheet; nominal VA = go. - ii.,BEA-BLS historical KLEMS 1963-2016 sheet; hrs.,"Information is classified as unmeasurable because modern Information includes publishing/software, motion picture/sound, broadcasting/telecom, and data/internet/other information services.","BEA-BLS historical KLEMS 1963-2016, current BEA-BLS ILPA 1997-2024, and BLS detailed industry hours/employment 1987-2025."
1963,Retail trade,7,sector,47679.0,7.520184463690523,14555.226562,10.106655950400533,Other sectors,BEA-BLS historical KLEMS 1963-2016 sheet; nominal VA = go. - ii.,BEA-BLS historical KLEMS 1963-2016 sheet; hrs.,"Information is classified as unmeasurable because modern Information includes publishing/software, motion picture/sound, broadcasting/telecom, and data/internet/other information services.","BEA-BLS historical KLEMS 1963-2016, current BEA-BLS ILPA 1997-2024, and BLS detailed industry hours/employment 1987-2025."
1963,Transportation and warehousing,8,sector,25900.0,4.085085207525001,5736.746612,3.9834023905529015,Griliches measurable sectors,BEA-BLS historical KLEMS 1963-2016 sheet; nominal VA = go. - ii.,BEA-BLS historical KLEMS 1963-2016 sheet; hrs.,"Information is classified as unmeasurable because modern Information includes publishing/software, motion picture/sound, broadcasting/telecom, and data/internet/other information services.","BEA-BLS historical KLEMS 1963-2016, current BEA-BLS ILPA 1997-2024, and BLS detailed industry hours/employment 1987-2025."
1963,Information,9,sector,23437.0,3.6966077995661566,3253.918808,2.2594109231422768,Other sectors,BEA-BLS historical KLEMS 1963-2016 sheet; nominal VA = go. - ii.,BEA-BLS historical KLEMS 1963-2016 sheet; hrs.,"Information is classified as unmeasurable because modern Information includes publishing/software, motion picture/sound, broadcasting/telecom, and data/internet/other information services.","BEA-BLS historical KLEMS 1963-2016, current BEA-BLS ILPA 1997-2024, and BLS detailed industry hours/employment 1987-2025."
1963,"Finance, insurance, real estate, rental, and leasing",10,sector,89328.0,14.089285382926382,5453.006100999999,3.786382597583509,Other sectors,BEA-BLS historical KLEMS 1963-2016 sheet; nominal VA = go. - ii.,BEA-BLS historical KLEMS 1963-2016 sheet; hrs.,"Information is classified as unmeasurable because modern Information includes publishing/software, motion picture/sound, broadcasting/telecom, and data/internet/other information services.","BEA-BLS historical KLEMS 1963-2016, current BEA-BLS ILPA 1997-2024, and BLS detailed industry hours/employment 1987-2025."
1963,Professional and business services,11,service_detail,28146.0,4.439336225907285,7611.233185,5.284982327921681,Other sectors,BEA-BLS historical KLEMS 1963-2016 sheet; nominal VA = go. - ii.,BEA-BLS historical KLEMS 1963-2016 sheet; hrs.,"Information is classified as unmeasurable because modern Information includes publishing/software, motion picture/sound, broadcasting/telecom, and data/internet/other information services.","BEA-BLS historical KLEMS 1963-2016, current BEA-BLS ILPA 1997-2024, and BLS detailed industry hours/employment 1987-2025."
1963,"Educational services, health care, and social assistance",12,service_detail,17960.0,2.8327463446775685,9794.567504999999,6.801015671885625,Other sectors,BEA-BLS historical KLEMS 1963-2016 sheet; nominal VA = go. - ii.,BEA-BLS historical KLEMS 1963-2016 sheet; hrs.,"Information is classified as unmeasurable because modern Information includes publishing/software, motion picture/sound, broadcasting/telecom, and data/internet/other information services.","BEA-BLS historical KLEMS 1963-2016, current BEA-BLS ILPA 1997-2024, and BLS detailed industry hours/employment 1987-2025."
1963,"Arts, entertainment, recreation, accommodation, and food services",13,service_detail,17366.0,2.7390575179103926,8415.453797,5.843405860463912,Other sectors,BEA-BLS historical KLEMS 1963-2016 sheet; nominal VA = go. - ii.,BEA-BLS historical KLEMS 1963-2016 sheet; hrs.,"Information is classified as unmeasurable because modern Information includes publishing/software, motion picture/sound, broadcasting/telecom, and data/internet/other information services.","BEA-BLS historical KLEMS 1963-2016, current BEA-BLS ILPA 1997-2024, and BLS detailed industry hours/employment 1987-2025."
1963,"Other services, except government",14,service_detail,17976.0,2.835269949438974,4135.708496,2.8716957927226554,Other sectors,BEA-BLS historical KLEMS 1963-2016 sheet; nominal VA = go. - ii.,BEA-BLS historical KLEMS 1963-2016 sheet; hrs.,"Information is classified as unmeasurable because modern Information includes publishing/software, motion picture/sound, broadcasting/telecom, and data/internet/other information services.","BEA-BLS historical KLEMS 1963-2016, current BEA-BLS ILPA 1997-2024, and BLS detailed industry hours/employment 1987-2025."
1963,Services,15,services_total,81448.0,12.84641003793422,29956.962982999998,20.801099652993873,Other sectors,BEA-BLS historical KLEMS 1963-2016 sheet; nominal VA = go. - ii.,BEA-BLS historical KLEMS 1963-2016 sheet; hrs.,"Information is classified as unmeasurable because modern Information includes publishing/software, motion picture/sound, broadcasting/telecom, and data/internet/other information services.","BEA-BLS historical KLEMS 1963-2016, current BEA-BLS ILPA 1997-2024, and BLS detailed industry hours/employment 1987-2025."
1963,Government,16,sector,92321.703124,14.561468099048923,21651.021484,15.03373542015487,Other sectors,BEA-BLS historical KLEMS 1963-2016 sheet; nominal VA = go. - ii.,BEA-BLS historical KLEMS 1963-2016 sheet; hrs.,"Information is classified as unmeasurable because modern Information includes publishing/software, motion picture/sound, broadcasting/telecom, and data/internet/other information services.","BEA-BLS historical KLEMS 1963-2016, current BEA-BLS ILPA 1997-2024, and BLS detailed industry hours/employment 1987-2025."
1963,Total,17,total,634013.703124,100.0,144016.24665400002,100.0,Total,BEA-BLS historical KLEMS 1963-2016 sheet; nominal VA = go. - ii.,BEA-BLS historical KLEMS 1963-2016 sheet; hrs.,"Information is classified as unmeasurable because modern Information includes publishing/software, motion picture/sound, broadcasting/telecom, and data/internet/other information services.","BEA-BLS historical KLEMS 1963-2016, current BEA-BLS ILPA 1997-2024, and BLS detailed industry hours/employment 1987-2025."
1964,"Agriculture, forestry, fishing, and hunting",1,sector,19614.0,2.870287388470163,13736.780731,9.380448028281815,Griliches measurable sectors,BEA-BLS historical KLEMS 1963-2016 sheet; nominal VA = go. - ii.,BEA-BLS historical KLEMS 1963-2016 sheet; hrs.,"Information is classified as unmeasurable because modern Information includes publishing/software, motion picture/sound, broadcasting/telecom, and data/internet/other information services.","BEA-BLS historical KLEMS 1963-2016, current BEA-BLS ILPA 1997-2024, and BLS detailed industry hours/employment 1987-2025."
1964,Mining,2,sector,10999.0,1.6095794323331967,1309.381287,0.8941383976661987,Griliches measurable sectors,BEA-BLS historical KLEMS 1963-2016 sheet; nominal VA = go. - ii.,BEA-BLS historical KLEMS 1963-2016 sheet; hrs.,"Information is classified as unmeasurable because modern Information includes publishing/software, motion picture/sound, broadcasting/telecom, and data/internet/other information services.","BEA-BLS historical KLEMS 1963-2016, current BEA-BLS ILPA 1997-2024, and BLS detailed industry hours/employment 1987-2025."
1964,Utilities,3,sector,14956.0,2.188641693788098,866.316345,0.591582235274711,Griliches measurable sectors,BEA-BLS historical KLEMS 1963-2016 sheet; nominal VA = go. - ii.,BEA-BLS historical KLEMS 1963-2016 sheet; hrs.,"Information is classified as unmeasurable because modern Information includes publishing/software, motion picture/sound, broadcasting/telecom, and data/internet/other information services.","BEA-BLS historical KLEMS 1963-2016, current BEA-BLS ILPA 1997-2024, and BLS detailed industry hours/employment 1987-2025."
1964,Construction,4,sector,30317.0,4.436550563691747,8085.671387,5.521469819224331,Other sectors,BEA-BLS historical KLEMS 1963-2016 sheet; nominal VA = go. - ii.,BEA-BLS historical KLEMS 1963-2016 sheet; hrs.,"Information is classified as unmeasurable because modern Information includes publishing/software, motion picture/sound, broadcasting/telecom, and data/internet/other information services.","BEA-BLS historical KLEMS 1963-2016, current BEA-BLS ILPA 1997-2024, and BLS detailed industry hours/employment 1987-2025."
1964,Manufacturing,5,sector,173271.0,25.356254006710184,33430.111542,22.828450860521713,Griliches measurable sectors,BEA-BLS historical KLEMS 1963-2016 sheet; nominal VA = go. - ii.,BEA-BLS historical KLEMS 1963-2016 sheet; hrs.,"Information is classified as unmeasurable because modern Information includes publishing/software, motion picture/sound, broadcasting/telecom, and data/internet/other information services.","BEA-BLS historical KLEMS 1963-2016, current BEA-BLS ILPA 1997-2024, and BLS detailed industry hours/employment 1987-2025."
1964,Wholesale trade,6,sector,43035.0,6.297686232426504,6086.458984,4.156265816111973,Other sectors,BEA-BLS historical KLEMS 1963-2016 sheet; nominal VA = go. - ii.,BEA-BLS historical KLEMS 1963-2016 sheet; hrs.,"Information is classified as unmeasurable because modern Information includes publishing/software, motion picture/sound, broadcasting/telecom, and data/internet/other information services.","BEA-BLS historical KLEMS 1963-2016, current BEA-BLS ILPA 1997-2024, and BLS detailed industry hours/employment 1987-2025."
1964,Retail trade,7,sector,52434.0,7.67312373442666,14778.144531,10.091565079337993,Other sectors,BEA-BLS historical KLEMS 1963-2016 sheet; nominal VA = go. - ii.,BEA-BLS historical KLEMS 1963-2016 sheet; hrs.,"Information is classified as unmeasurable because modern Information includes publishing/software, motion picture/sound, broadcasting/telecom, and data/internet/other information services.","BEA-BLS historical KLEMS 1963-2016, current BEA-BLS ILPA 1997-2024, and BLS detailed industry hours/employment 1987-2025."
1964,Transportation and warehousing,8,sector,27457.0,4.018021863221437,5812.169357,3.9689614075205286,Griliches measurable sectors,BEA-BLS historical KLEMS 1963-2016 sheet; nominal VA = go. - ii.,BEA-BLS historical KLEMS 1963-2016 sheet; hrs.,"Information is classified as unmeasurable because modern Information includes publishing/software, motion picture/sound, broadcasting/telecom, and data/internet/other information services.","BEA-BLS historical KLEMS 1963-2016, current BEA-BLS ILPA 1997-2024, and BLS detailed industry hours/employment 1987-2025."
1964,Information,9,sector,25213.0,3.689637805929347,3350.417274,2.2879025098573242,Other sectors,BEA-BLS historical KLEMS 1963-2016 sheet; nominal VA = go. - ii.,BEA-BLS historical KLEMS 1963-2016 sheet; hrs.,"Information is classified as unmeasurable because modern Information includes publishing/software, motion picture/sound, broadcasting/telecom, and data/internet/other information services.","BEA-BLS historical KLEMS 1963-2016, current BEA-BLS ILPA 1997-2024, and BLS detailed industry hours/employment 1987-2025."
1964,"Finance, insurance, real estate, rental, and leasing",10,sector,95706.0,14.005492240283747,5618.422243,3.8366571384857058,Other sectors,BEA-BLS historical KLEMS 1963-2016 sheet; nominal VA = go. - ii.,BEA-BLS historical KLEMS 1963-2016 sheet; hrs.,"Information is classified as unmeasurable because modern Information includes publishing/software, motion picture/sound, broadcasting/telecom, and data/internet/other information services.","BEA-BLS historical KLEMS 1963-2016, current BEA-BLS ILPA 1997-2024, and BLS detailed industry hours/employment 1987-2025."
1964,Professional and business services,11,service_detail,30839.0,4.512939368462901,7871.048981999999,5.374910421121395,Other sectors,BEA-BLS historical KLEMS 1963-2016 sheet; nominal VA = go. - ii.,BEA-BLS historical KLEMS 1963-2016 sheet; hrs.,"Information is classified as unmeasurable because modern Information includes publishing/software, motion picture/sound, broadcasting/telecom, and data/internet/other information services.","BEA-BLS historical KLEMS 1963-2016, current BEA-BLS ILPA 1997-2024, and BLS detailed industry hours/employment 1987-2025."
1964,"Educational services, health care, and social assistance",12,service_detail,19913.0,2.9140426617011497,10248.391357,6.998328384239465,Other sectors,BEA-BLS historical KLEMS 1963-2016 sheet; nominal VA = go. - ii.,BEA-BLS historical KLEMS 1963-2016 sheet; hrs.,"Information is classified as unmeasurable because modern Information includes publishing/software, motion picture/sound, broadcasting/telecom, and data/internet/other information services.","BEA-BLS historical KLEMS 1963-2016, current BEA-BLS ILPA 1997-2024, and BLS detailed industry hours/employment 1987-2025."
1964,"Arts, entertainment, recreation, accommodation, and food services",13,service_detail,18880.0,2.7628747779298806,8606.310607,5.876999199821763,Other sectors,BEA-BLS historical KLEMS 1963-2016 sheet; nominal VA = go. - ii.,BEA-BLS historical KLEMS 1963-2016 sheet; hrs.,"Information is classified as unmeasurable because modern Information includes publishing/software, motion picture/sound, broadcasting/telecom, and data/internet/other information services.","BEA-BLS historical KLEMS 1963-2016, current BEA-BLS ILPA 1997-2024, and BLS detailed industry hours/employment 1987-2025."
1964,"Other services, except government",14,service_detail,19241.0,2.8157030509612726,4285.56543,2.9264879868974742,Other sectors,BEA-BLS historical KLEMS 1963-2016 sheet; nominal VA = go. - ii.,BEA-BLS historical KLEMS 1963-2016 sheet; hrs.,"Information is classified as unmeasurable because modern Information includes publishing/software, motion picture/sound, broadcasting/telecom, and data/internet/other information services.","BEA-BLS historical KLEMS 1963-2016, current BEA-BLS ILPA 1997-2024, and BLS detailed industry hours/employment 1987-2025."
1964,Services,15,services_total,88873.0,13.005559859055204,31011.316376,21.176725992080097,Other sectors,BEA-BLS historical KLEMS 1963-2016 sheet; nominal VA = go. - ii.,BEA-BLS historical KLEMS 1963-2016 sheet; hrs.,"Information is classified as unmeasurable because modern Information includes publishing/software, motion picture/sound, broadcasting/telecom, and data/internet/other information services.","BEA-BLS historical KLEMS 1963-2016, current BEA-BLS ILPA 1997-2024, and BLS detailed industry hours/employment 1987-2025."
1964,Government,16,sector,101471.207031,14.84916517966372,22355.371093,15.265832715637611,Other sectors,BEA-BLS historical KLEMS 1963-2016 sheet; nominal VA = go. - ii.,BEA-BLS historical KLEMS 1963-2016 sheet; hrs.,"Information is classified as unmeasurable because modern Information includes publishing/software, motion picture/sound, broadcasting/telecom, and data/internet/other information services.","BEA-BLS historical KLEMS 1963-2016, current BEA-BLS ILPA 1997-2024, and BLS detailed industry hours/employment 1987-2025."
1964,Total,17,total,683346.2070309999,100.0,146440.56115,100.0,Total,BEA-BLS historical KLEMS 1963-2016 sheet; nominal VA = go. - ii.,BEA-BLS historical KLEMS 1963-2016 sheet; hrs.,"Information is classified as unmeasurable because modern Information includes publishing/software, motion picture/sound, broadcasting/telecom, and data/internet/other information services.","BEA-BLS historical KLEMS 1963-2016, current BEA-BLS ILPA 1997-2024, and BLS detailed industry hours/employment 1987-2025."
1965,"Agriculture, forestry, fishing, and hunting",1,sector,22424.0,3.011069204564513,13282.986786,8.80095424491486,Griliches measurable sectors,BEA-BLS historical KLEMS 1963-2016 sheet; nominal VA = go. - ii.,BEA-BLS historical KLEMS 1963-2016 sheet; hrs.,"Information is classified as unmeasurable because modern Information includes publishing/software, motion picture/sound, broadcasting/telecom, and data/internet/other information services.","BEA-BLS historical KLEMS 1963-2016, current BEA-BLS ILPA 1997-2024, and BLS detailed industry hours/employment 1987-2025."
1965,Mining,2,sector,11170.0,1.4998948900724942,1332.175049,0.8826638045611478,Griliches measurable sectors,BEA-BLS historical KLEMS 1963-2016 sheet; nominal VA = go. - ii.,BEA-BLS historical KLEMS 1963-2016 sheet; hrs.,"Information is classified as unmeasurable because modern Information includes publishing/software, motion picture/sound, broadcasting/telecom, and data/internet/other information services.","BEA-BLS historical KLEMS 1963-2016, current BEA-BLS ILPA 1997-2024, and BLS detailed industry hours/employment 1987-2025."
1965,Utilities,3,sector,15594.0,2.093944576167455,881.409668,0.5839986355530805,Griliches measurable sectors,BEA-BLS historical KLEMS 1963-2016 sheet; nominal VA = go. - ii.,BEA-BLS historical KLEMS 1963-2016 sheet; hrs.,"Information is classified as unmeasurable because modern Information includes publishing/software, motion picture/sound, broadcasting/telecom, and data/internet/other information services.","BEA-BLS historical KLEMS 1963-2016, current BEA-BLS ILPA 1997-2024, and BLS detailed industry hours/employment 1987-2025."
1965,Construction,4,sector,33283.0,4.469203368512339,8488.794922,5.624450050776976,Other sectors,BEA-BLS historical KLEMS 1963-2016 sheet; nominal VA = go. - ii.,BEA-BLS historical KLEMS 1963-2016 sheet; hrs.,"Information is classified as unmeasurable because modern Information includes publishing/software, motion picture/sound, broadcasting/telecom, and data/internet/other information services.","BEA-BLS historical KLEMS 1963-2016, current BEA-BLS ILPA 1997-2024, and BLS detailed industry hours/employment 1987-2025."
1965,Manufacturing,5,sector,191498.0,25.714133541549014,35216.508088999995,23.333522900409143,Griliches measurable sectors,BEA-BLS historical KLEMS 1963-2016 sheet; nominal VA = go. - ii.,BEA-BLS historical KLEMS 1963-2016 sheet; hrs.,"Information is classified as unmeasurable because modern Information includes publishing/software, motion picture/sound, broadcasting/telecom, and data/internet/other information services.","BEA-BLS historical KLEMS 1963-2016, current BEA-BLS ILPA 1997-2024, and BLS detailed industry hours/employment 1987-2025."
1965,Wholesale trade,6,sector,46496.0,6.243429973931127,6320.213867,4.187605841795303,Other sectors,BEA-BLS historical KLEMS 1963-2016 sheet; nominal VA = go. - ii.,BEA-BLS historical KLEMS 1963-2016 sheet; hrs.,"Information is classified as unmeasurable because modern Information includes publishing/software, motion picture/sound, broadcasting/telecom, and data/internet/other information services.","BEA-BLS historical KLEMS 1963-2016, current BEA-BLS ILPA 1997-2024, and BLS detailed industry hours/employment 1987-2025."
1965,Retail trade,7,sector,56169.0,7.542309407384237,15044.023438,9.96777035695116,Other sectors,BEA-BLS historical KLEMS 1963-2016 sheet; nominal VA = go. - ii.,BEA-BLS historical KLEMS 1963-2016 sheet; hrs.,"Information is classified as unmeasurable because modern Information includes publishing/software, motion picture/sound, broadcasting/telecom, and data/internet/other information services.","BEA-BLS historical KLEMS 1963-2016, current BEA-BLS ILPA 1997-2024, and BLS detailed industry hours/employment 1987-2025."
1965,Transportation and warehousing,8,sector,29734.0,3.9926476867874254,5892.440811,3.904174776650269,Griliches measurable sectors,BEA-BLS historical KLEMS 1963-2016 sheet; nominal VA = go. - ii.,BEA-BLS historical KLEMS 1963-2016 sheet; hrs.,"Information is classified as unmeasurable because modern Information includes publishing/software, motion picture/sound, broadcasting/telecom, and data/internet/other information services.","BEA-BLS historical KLEMS 1963-2016, current BEA-BLS ILPA 1997-2024, and BLS detailed industry hours/employment 1987-2025."
1965,Information,9,sector,27463.0,3.68770039087385,3495.675293,2.316141603121847,Other sectors,BEA-BLS historical KLEMS 1963-2016 sheet; nominal VA = go. - ii.,BEA-BLS historical KLEMS 1963-2016 sheet; hrs.,"Information is classified as unmeasurable because modern Information includes publishing/software, motion picture/sound, broadcasting/telecom, and data/internet/other information services.","BEA-BLS historical KLEMS 1963-2016, current BEA-BLS ILPA 1997-2024, and BLS detailed industry hours/employment 1987-2025."
1965,"Finance, insurance, real estate, rental, and leasing",10,sector,102661.0,13.785202265866815,5830.277214000001,3.8629868283589284,Other sectors,BEA-BLS historical KLEMS 1963-2016 sheet; nominal VA = go. - ii.,BEA-BLS historical KLEMS 1963-2016 sheet; hrs.,"Information is classified as unmeasurable because modern Information includes publishing/software, motion picture/sound, broadcasting/telecom, and data/internet/other information services.","BEA-BLS historical KLEMS 1963-2016, current BEA-BLS ILPA 1997-2024, and BLS detailed industry hours/employment 1987-2025."
1965,Professional and business services,11,service_detail,33791.0,4.537417030478035,8174.258522000001,5.4160465863033185,Other sectors,BEA-BLS historical KLEMS 1963-2016 sheet; nominal VA = go. - ii.,BEA-BLS historical KLEMS 1963-2016 sheet; hrs.,"Information is classified as unmeasurable because modern Information includes publishing/software, motion picture/sound, broadcasting/telecom, and data/internet/other information services.","BEA-BLS historical KLEMS 1963-2016, current BEA-BLS ILPA 1997-2024, and BLS detailed industry hours/employment 1987-2025."
1965,"Educational services, health care, and social assistance",12,service_detail,21702.0,2.9141198661014567,10612.274048,7.031410919521893,Other sectors,BEA-BLS historical KLEMS 1963-2016 sheet; nominal VA = go. - ii.,BEA-BLS historical KLEMS 1963-2016 sheet; hrs.,"Information is classified as unmeasurable because modern Information includes publishing/software, motion picture/sound, broadcasting/telecom, and data/internet/other information services.","BEA-BLS historical KLEMS 1963-2016, current BEA-BLS ILPA 1997-2024, and BLS detailed industry hours/employment 1987-2025."
1965,"Arts, entertainment, recreation, accommodation, and food services",13,service_detail,20311.0,2.727337968868615,8765.872070000001,5.808034009802645,Other sectors,BEA-BLS historical KLEMS 1963-2016 sheet; nominal VA = go. - ii.,BEA-BLS historical KLEMS 1963-2016 sheet; hrs.,"Information is classified as unmeasurable because modern Information includes publishing/software, motion picture/sound, broadcasting/telecom, and data/internet/other information services.","BEA-BLS historical KLEMS 1963-2016, current BEA-BLS ILPA 1997-2024, and BLS detailed industry hours/employment 1987-2025."
1965,"Other services, except government",14,service_detail,20148.0,2.7054505143402516,4472.202148,2.9631623604445827,Other sectors,BEA-BLS historical KLEMS 1963-2016 sheet; nominal VA = go. - ii.,BEA-BLS historical KLEMS 1963-2016 sheet; hrs.,"Information is classified as unmeasurable because modern Information includes publishing/software, motion picture/sound, broadcasting/telecom, and data/internet/other information services.","BEA-BLS historical KLEMS 1963-2016, current BEA-BLS ILPA 1997-2024, and BLS detailed industry hours/employment 1987-2025."
1965,Services,15,services_total,95952.0,12.884325379788358,32024.606788,21.218653876072437,Other sectors,BEA-BLS historical KLEMS 1963-2016 sheet; nominal VA = go. - ii.,BEA-BLS historical KLEMS 1963-2016 sheet; hrs.,"Information is classified as unmeasurable because modern Information includes publishing/software, motion picture/sound, broadcasting/telecom, and data/internet/other information services.","BEA-BLS historical KLEMS 1963-2016, current BEA-BLS ILPA 1997-2024, and BLS detailed industry hours/employment 1987-2025."
1965,Government,16,sector,112274.851563,15.076139314502372,23117.553711,15.31707708083485,Other sectors,BEA-BLS historical KLEMS 1963-2016 sheet; nominal VA = go. - ii.,BEA-BLS historical KLEMS 1963-2016 sheet; hrs.,"Information is classified as unmeasurable because modern Information includes publishing/software, motion picture/sound, broadcasting/telecom, and data/internet/other information services.","BEA-BLS historical KLEMS 1963-2016, current BEA-BLS ILPA 1997-2024, and BLS detailed industry hours/employment 1987-2025."
1965,Total,17,total,744718.851563,99.99999999999999,150926.665636,100.0,Total,BEA-BLS historical KLEMS 1963-2016 sheet; nominal VA = go. - ii.,BEA-BLS historical KLEMS 1963-2016 sheet; hrs.,"Information is classified as unmeasurable because modern Information includes publishing/software, motion picture/sound, broadcasting/telecom, and data/internet/other information services.","BEA-BLS historical KLEMS 1963-2016, current BEA-BLS ILPA 1997-2024, and BLS detailed industry hours/employment 1987-2025."
1966,"Agriculture, forestry, fishing, and hunting",1,sector,23438.0,2.8520889140086845,12299.798218,7.873915785596661,Griliches measurable sectors,BEA-BLS historical KLEMS 1963-2016 sheet; nominal VA = go. - ii.,BEA-BLS historical KLEMS 1963-2016 sheet; hrs.,"Information is classified as unmeasurable because modern Information includes publishing/software, motion picture/sound, broadcasting/telecom, and data/internet/other information services.","BEA-BLS historical KLEMS 1963-2016, current BEA-BLS ILPA 1997-2024, and BLS detailed industry hours/employment 1987-2025."
1966,Mining,2,sector,11825.0,1.43894322929229,1331.728211,0.852527464017402,Griliches measurable sectors,BEA-BLS historical KLEMS 1963-2016 sheet; nominal VA = go. - ii.,BEA-BLS historical KLEMS 1963-2016 sheet; hrs.,"Information is classified as unmeasurable because modern Information includes publishing/software, motion picture/sound, broadcasting/telecom, and data/internet/other information services.","BEA-BLS historical KLEMS 1963-2016, current BEA-BLS ILPA 1997-2024, and BLS detailed industry hours/employment 1987-2025."
1966,Utilities,3,sector,16715.0,2.033990365972146,892.290405,0.5712142086188114,Griliches measurable sectors,BEA-BLS historical KLEMS 1963-2016 sheet; nominal VA = go. - ii.,BEA-BLS historical KLEMS 1963-2016 sheet; hrs.,"Information is classified as unmeasurable because modern Information includes publishing/software, motion picture/sound, broadcasting/telecom, and data/internet/other information services.","BEA-BLS historical KLEMS 1963-2016, current BEA-BLS ILPA 1997-2024, and BLS detailed industry hours/employment 1987-2025."
1966,Construction,4,sector,36626.0,4.45689088507902,8665.532227,5.547381329631816,Other sectors,BEA-BLS historical KLEMS 1963-2016 sheet; nominal VA = go. - ii.,BEA-BLS historical KLEMS 1963-2016 sheet; hrs.,"Information is classified as unmeasurable because modern Information includes publishing/software, motion picture/sound, broadcasting/telecom, and data/internet/other information services.","BEA-BLS historical KLEMS 1963-2016, current BEA-BLS ILPA 1997-2024, and BLS detailed industry hours/employment 1987-2025."
1966,Manufacturing,5,sector,212465.0,25.854128812819145,37602.93386800001,24.072129421984684,Griliches measurable sectors,BEA-BLS historical KLEMS 1963-2016 sheet; nominal VA = go. - ii.,BEA-BLS historical KLEMS 1963-2016 sheet; hrs.,"Information is classified as unmeasurable because modern Information includes publishing/software, motion picture/sound, broadcasting/telecom, and data/internet/other information services.","BEA-BLS historical KLEMS 1963-2016, current BEA-BLS ILPA 1997-2024, and BLS detailed industry hours/employment 1987-2025."
1966,Wholesale trade,6,sector,50984.0,6.204066097440855,6522.244141,4.175320618201644,Other sectors,BEA-BLS historical KLEMS 1963-2016 sheet; nominal VA = go. - ii.,BEA-BLS historical KLEMS 1963-2016 sheet; hrs.,"Information is classified as unmeasurable because modern Information includes publishing/software, motion picture/sound, broadcasting/telecom, and data/internet/other information services.","BEA-BLS historical KLEMS 1963-2016, current BEA-BLS ILPA 1997-2024, and BLS detailed industry hours/employment 1987-2025."
1966,Retail trade,7,sector,60553.0,7.36848451275569,15173.02832,9.713260745149013,Other sectors,BEA-BLS historical KLEMS 1963-2016 sheet; nominal VA = go. - ii.,BEA-BLS historical KLEMS 1963-2016 sheet; hrs.,"Information is classified as unmeasurable because modern Information includes publishing/software, motion picture/sound, broadcasting/telecom, and data/internet/other information services.","BEA-BLS historical KLEMS 1963-2016, current BEA-BLS ILPA 1997-2024, and BLS detailed industry hours/employment 1987-2025."
1966,Transportation and warehousing,8,sector,32398.0,3.9424002319333287,6024.341957,3.8565804407779734,Griliches measurable sectors,BEA-BLS historical KLEMS 1963-2016 sheet; nominal VA = go. - ii.,BEA-BLS historical KLEMS 1963-2016 sheet; hrs.,"Information is classified as unmeasurable because modern Information includes publishing/software, motion picture/sound, broadcasting/telecom, and data/internet/other information services.","BEA-BLS historical KLEMS 1963-2016, current BEA-BLS ILPA 1997-2024, and BLS detailed industry hours/employment 1987-2025."
1966,Information,9,sector,30275.0,3.6840597265813173,3685.9352260000005,2.3596113567306487,Other sectors,BEA-BLS historical KLEMS 1963-2016 sheet; nominal VA = go. - ii.,BEA-BLS historical KLEMS 1963-2016 sheet; hrs.,"Information is classified as unmeasurable because modern Information includes publishing/software, motion picture/sound, broadcasting/telecom, and data/internet/other information services.","BEA-BLS historical KLEMS 1963-2016, current BEA-BLS ILPA 1997-2024, and BLS detailed industry hours/employment 1987-2025."
1966,"Finance, insurance, real estate, rental, and leasing",10,sector,110457.0,13.4411291566967,5988.961459,3.833931039806763,Other sectors,BEA-BLS historical KLEMS 1963-2016 sheet; nominal VA = go. - ii.,BEA-BLS historical KLEMS 1963-2016 sheet; hrs.,"Information is classified as unmeasurable because modern Information includes publishing/software, motion picture/sound, broadcasting/telecom, and data/internet/other information services.","BEA-BLS historical KLEMS 1963-2016, current BEA-BLS ILPA 1997-2024, and BLS detailed industry hours/employment 1987-2025."
1966,Professional and business services,11,service_detail,37869.0,4.6081472431348605,8478.642990999999,5.4277411469705275,Other sectors,BEA-BLS historical KLEMS 1963-2016 sheet; nominal VA = go. - ii.,BEA-BLS historical KLEMS 1963-2016 sheet; hrs.,"Information is classified as unmeasurable because modern Information includes publishing/software, motion picture/sound, broadcasting/telecom, and data/internet/other information services.","BEA-BLS historical KLEMS 1963-2016, current BEA-BLS ILPA 1997-2024, and BLS detailed industry hours/employment 1987-2025."
1966,"Educational services, health care, and social assistance",12,service_detail,24414.0,2.9708549682826186,10938.600464,7.002522914544983,Other sectors,BEA-BLS historical KLEMS 1963-2016 sheet; nominal VA = go. - ii.,BEA-BLS historical KLEMS 1963-2016 sheet; hrs.,"Information is classified as unmeasurable because modern Information includes publishing/software, motion picture/sound, broadcasting/telecom, and data/internet/other information services.","BEA-BLS historical KLEMS 1963-2016, current BEA-BLS ILPA 1997-2024, and BLS detailed industry hours/employment 1987-2025."
1966,"Arts, entertainment, recreation, accommodation, and food services",13,service_detail,21935.0,2.669194057888066,8877.604675999999,5.6831429554955255,Other sectors,BEA-BLS historical KLEMS 1963-2016 sheet; nominal VA = go. - ii.,BEA-BLS historical KLEMS 1963-2016 sheet; hrs.,"Information is classified as unmeasurable because modern Information includes publishing/software, motion picture/sound, broadcasting/telecom, and data/internet/other information services.","BEA-BLS historical KLEMS 1963-2016, current BEA-BLS ILPA 1997-2024, and BLS detailed industry hours/employment 1987-2025."
1966,"Other services, except government",14,service_detail,21882.0,2.662744671744092,4657.552734,2.9816080999461065,Other sectors,BEA-BLS historical KLEMS 1963-2016 sheet; nominal VA = go. - ii.,BEA-BLS historical KLEMS 1963-2016 sheet; hrs.,"Information is classified as unmeasurable because modern Information includes publishing/software, motion picture/sound, broadcasting/telecom, and data/internet/other information services.","BEA-BLS historical KLEMS 1963-2016, current BEA-BLS ILPA 1997-2024, and BLS detailed industry hours/employment 1987-2025."
1966,Services,15,services_total,106100.0,12.910940941049638,32952.400864999996,21.095015116957143,Other sectors,BEA-BLS historical KLEMS 1963-2016 sheet; nominal VA = go. - ii.,BEA-BLS historical KLEMS 1963-2016 sheet; hrs.,"Information is classified as unmeasurable because modern Information includes publishing/software, motion picture/sound, broadcasting/telecom, and data/internet/other information services.","BEA-BLS historical KLEMS 1963-2016, current BEA-BLS ILPA 1997-2024, and BLS detailed industry hours/employment 1987-2025."
1966,Government,16,sector,129947.636719,15.81287712637118,25070.225586,16.04911247252745,Other sectors,BEA-BLS historical KLEMS 1963-2016 sheet; nominal VA = go. - ii.,BEA-BLS historical KLEMS 1963-2016 sheet; hrs.,"Information is classified as unmeasurable because modern Information includes publishing/software, motion picture/sound, broadcasting/telecom, and data/internet/other information services.","BEA-BLS historical KLEMS 1963-2016, current BEA-BLS ILPA 1997-2024, and BLS detailed industry hours/employment 1987-2025."
1966,Total,17,total,821783.6367190001,100.0,156209.420483,100.0,Total,BEA-BLS historical KLEMS 1963-2016 sheet; nominal VA = go. - ii.,BEA-BLS historical KLEMS 1963-2016 sheet; hrs.,"Information is classified as unmeasurable because modern Information includes publishing/software, motion picture/sound, broadcasting/telecom, and data/internet/other information services.","BEA-BLS historical KLEMS 1963-2016, current BEA-BLS ILPA 1997-2024, and BLS detailed industry hours/employment 1987-2025."
1967,"Agriculture, forestry, fishing, and hunting",1,sector,22855.0,2.6224621958576675,11512.649749,7.310461446785086,Griliches measurable sectors,BEA-BLS historical KLEMS 1963-2016 sheet; nominal VA = go. - ii.,BEA-BLS historical KLEMS 1963-2016 sheet; hrs.,"Information is classified as unmeasurable because modern Information includes publishing/software, motion picture/sound, broadcasting/telecom, and data/internet/other information services.","BEA-BLS historical KLEMS 1963-2016, current BEA-BLS ILPA 1997-2024, and BLS detailed industry hours/employment 1987-2025."
1967,Mining,2,sector,12052.0,1.382888400108362,1288.9156500000001,0.8184534727377939,Griliches measurable sectors,BEA-BLS historical KLEMS 1963-2016 sheet; nominal VA = go. - ii.,BEA-BLS historical KLEMS 1963-2016 sheet; hrs.,"Information is classified as unmeasurable because modern Information includes publishing/software, motion picture/sound, broadcasting/telecom, and data/internet/other information services.","BEA-BLS historical KLEMS 1963-2016, current BEA-BLS ILPA 1997-2024, and BLS detailed industry hours/employment 1987-2025."
1967,Utilities,3,sector,17559.0,2.014780734940485,907.781494,0.5764356389430159,Griliches measurable sectors,BEA-BLS historical KLEMS 1963-2016 sheet; nominal VA = go. - ii.,BEA-BLS historical KLEMS 1963-2016 sheet; hrs.,"Information is classified as unmeasurable because modern Information includes publishing/software, motion picture/sound, broadcasting/telecom, and data/internet/other information services.","BEA-BLS historical KLEMS 1963-2016, current BEA-BLS ILPA 1997-2024, and BLS detailed industry hours/employment 1987-2025."
1967,Construction,4,sector,38216.0,4.385036765560999,8560.21875,5.4356860073292435,Other sectors,BEA-BLS historical KLEMS 1963-2016 sheet; nominal VA = go. - ii.,BEA-BLS historical KLEMS 1963-2016 sheet; hrs.,"Information is classified as unmeasurable because modern Information includes publishing/software, motion picture/sound, broadcasting/telecom, and data/internet/other information services.","BEA-BLS historical KLEMS 1963-2016, current BEA-BLS ILPA 1997-2024, and BLS detailed industry hours/employment 1987-2025."
1967,Manufacturing,5,sector,217833.0,24.994916101958577,37460.337097,23.787082565851424,Griliches measurable sectors,BEA-BLS historical KLEMS 1963-2016 sheet; nominal VA = go. - ii.,BEA-BLS historical KLEMS 1963-2016 sheet; hrs.,"Information is classified as unmeasurable because modern Information includes publishing/software, motion picture/sound, broadcasting/telecom, and data/internet/other information services.","BEA-BLS historical KLEMS 1963-2016, current BEA-BLS ILPA 1997-2024, and BLS detailed industry hours/employment 1987-2025."
1967,Wholesale trade,6,sector,53939.0,6.189148474398019,6587.127441,4.182785219073775,Other sectors,BEA-BLS historical KLEMS 1963-2016 sheet; nominal VA = go. - ii.,BEA-BLS historical KLEMS 1963-2016 sheet; hrs.,"Information is classified as unmeasurable because modern Information includes publishing/software, motion picture/sound, broadcasting/telecom, and data/internet/other information services.","BEA-BLS historical KLEMS 1963-2016, current BEA-BLS ILPA 1997-2024, and BLS detailed industry hours/employment 1987-2025."
1967,Retail trade,7,sector,64911.0,7.448113917974932,15208.09375,9.657045550971032,Other sectors,BEA-BLS historical KLEMS 1963-2016 sheet; nominal VA = go. - ii.,BEA-BLS historical KLEMS 1963-2016 sheet; hrs.,"Information is classified as unmeasurable because modern Information includes publishing/software, motion picture/sound, broadcasting/telecom, and data/internet/other information services.","BEA-BLS historical KLEMS 1963-2016, current BEA-BLS ILPA 1997-2024, and BLS detailed industry hours/employment 1987-2025."
1967,Transportation and warehousing,8,sector,33120.0,3.800304000297788,5982.265267000001,3.798701476403701,Griliches measurable sectors,BEA-BLS historical KLEMS 1963-2016 sheet; nominal VA = go. - ii.,BEA-BLS historical KLEMS 1963-2016 sheet; hrs.,"Information is classified as unmeasurable because modern Information includes publishing/software, motion picture/sound, broadcasting/telecom, and data/internet/other information services.","BEA-BLS historical KLEMS 1963-2016, current BEA-BLS ILPA 1997-2024, and BLS detailed industry hours/employment 1987-2025."
1967,Information,9,sector,32367.0,3.713902161160583,3744.2494500000003,2.377575262701694,Other sectors,BEA-BLS historical KLEMS 1963-2016 sheet; nominal VA = go. - ii.,BEA-BLS historical KLEMS 1963-2016 sheet; hrs.,"Information is classified as unmeasurable because modern Information includes publishing/software, motion picture/sound, broadcasting/telecom, and data/internet/other information services.","BEA-BLS historical KLEMS 1963-2016, current BEA-BLS ILPA 1997-2024, and BLS detailed industry hours/employment 1987-2025."
1967,"Finance, insurance, real estate, rental, and leasing",10,sector,118797.0,13.631180988024648,6149.248573,3.9047348438198988,Other sectors,BEA-BLS historical KLEMS 1963-2016 sheet; nominal VA = go. - ii.,BEA-BLS historical KLEMS 1963-2016 sheet; hrs.,"Information is classified as unmeasurable because modern Information includes publishing/software, motion picture/sound, broadcasting/telecom, and data/internet/other information services.","BEA-BLS historical KLEMS 1963-2016, current BEA-BLS ILPA 1997-2024, and BLS detailed industry hours/employment 1987-2025."
1967,Professional and business services,11,service_detail,40759.0,4.676829430801255,8697.474526,5.522842576900356,Other sectors,BEA-BLS historical KLEMS 1963-2016 sheet; nominal VA = go. - ii.,BEA-BLS historical KLEMS 1963-2016 sheet; hrs.,"Information is classified as unmeasurable because modern Information includes publishing/software, motion picture/sound, broadcasting/telecom, and data/internet/other information services.","BEA-BLS historical KLEMS 1963-2016, current BEA-BLS ILPA 1997-2024, and BLS detailed industry hours/employment 1987-2025."
1967,"Educational services, health care, and social assistance",12,service_detail,27682.0,3.1763289654662854,11094.388916,7.044868402524158,Other sectors,BEA-BLS historical KLEMS 1963-2016 sheet; nominal VA = go. - ii.,BEA-BLS historical KLEMS 1963-2016 sheet; hrs.,"Information is classified as unmeasurable because modern Information includes publishing/software, motion picture/sound, broadcasting/telecom, and data/internet/other information services.","BEA-BLS historical KLEMS 1963-2016, current BEA-BLS ILPA 1997-2024, and BLS detailed industry hours/employment 1987-2025."
1967,"Arts, entertainment, recreation, accommodation, and food services",13,service_detail,23540.0,2.701061478472522,8971.876647000001,5.6970862280338235,Other sectors,BEA-BLS historical KLEMS 1963-2016 sheet; nominal VA = go. - ii.,BEA-BLS historical KLEMS 1963-2016 sheet; hrs.,"Information is classified as unmeasurable because modern Information includes publishing/software, motion picture/sound, broadcasting/telecom, and data/internet/other information services.","BEA-BLS historical KLEMS 1963-2016, current BEA-BLS ILPA 1997-2024, and BLS detailed industry hours/employment 1987-2025."
1967,"Other services, except government",14,service_detail,23219.0,2.664228821947897,4812.179688,3.0557043644259214,Other sectors,BEA-BLS historical KLEMS 1963-2016 sheet; nominal VA = go. - ii.,BEA-BLS historical KLEMS 1963-2016 sheet; hrs.,"Information is classified as unmeasurable because modern Information includes publishing/software, motion picture/sound, broadcasting/telecom, and data/internet/other information services.","BEA-BLS historical KLEMS 1963-2016, current BEA-BLS ILPA 1997-2024, and BLS detailed industry hours/employment 1987-2025."
1967,Services,15,services_total,115200.0,13.21844869668796,33575.919777,21.32050157188426,Other sectors,BEA-BLS historical KLEMS 1963-2016 sheet; nominal VA = go. - ii.,BEA-BLS historical KLEMS 1963-2016 sheet; hrs.,"Information is classified as unmeasurable because modern Information includes publishing/software, motion picture/sound, broadcasting/telecom, and data/internet/other information services.","BEA-BLS historical KLEMS 1963-2016, current BEA-BLS ILPA 1997-2024, and BLS detailed industry hours/employment 1987-2025."
1967,Government,16,sector,144660.226562,16.59881756302998,26505.040527,16.830536943499066,Other sectors,BEA-BLS historical KLEMS 1963-2016 sheet; nominal VA = go. - ii.,BEA-BLS historical KLEMS 1963-2016 sheet; hrs.,"Information is classified as unmeasurable because modern Information includes publishing/software, motion picture/sound, broadcasting/telecom, and data/internet/other information services.","BEA-BLS historical KLEMS 1963-2016, current BEA-BLS ILPA 1997-2024, and BLS detailed industry hours/employment 1987-2025."
1967,Total,17,total,871509.226562,100.00000000000001,157481.84752500002,100.0,Total,BEA-BLS historical KLEMS 1963-2016 sheet; nominal VA = go. - ii.,BEA-BLS historical KLEMS 1963-2016 sheet; hrs.,"Information is classified as unmeasurable because modern Information includes publishing/software, motion picture/sound, broadcasting/telecom, and data/internet/other information services.","BEA-BLS historical KLEMS 1963-2016, current BEA-BLS ILPA 1997-2024, and BLS detailed industry hours/employment 1987-2025."
1968,"Agriculture, forestry, fishing, and hunting",1,sector,23616.0,2.4653137060245394,10984.225922,6.8636316879234975,Griliches measurable sectors,BEA-BLS historical KLEMS 1963-2016 sheet; nominal VA = go. - ii.,BEA-BLS historical KLEMS 1963-2016 sheet; hrs.,"Information is classified as unmeasurable because modern Information includes publishing/software, motion picture/sound, broadcasting/telecom, and data/internet/other information services.","BEA-BLS historical KLEMS 1963-2016, current BEA-BLS ILPA 1997-2024, and BLS detailed industry hours/employment 1987-2025."
1968,Mining,2,sector,12888.0,1.345399857860953,1280.950989,0.8004183327264,Griliches measurable sectors,BEA-BLS historical KLEMS 1963-2016 sheet; nominal VA = go. - ii.,BEA-BLS historical KLEMS 1963-2016 sheet; hrs.,"Information is classified as unmeasurable because modern Information includes publishing/software, motion picture/sound, broadcasting/telecom, and data/internet/other information services.","BEA-BLS historical KLEMS 1963-2016, current BEA-BLS ILPA 1997-2024, and BLS detailed industry hours/employment 1987-2025."
1968,Utilities,3,sector,19036.0,1.9871998521291978,924.721497,0.5778238552614916,Griliches measurable sectors,BEA-BLS historical KLEMS 1963-2016 sheet; nominal VA = go. - ii.,BEA-BLS historical KLEMS 1963-2016 sheet; hrs.,"Information is classified as unmeasurable because modern Information includes publishing/software, motion picture/sound, broadcasting/telecom, and data/internet/other information services.","BEA-BLS historical KLEMS 1963-2016, current BEA-BLS ILPA 1997-2024, and BLS detailed industry hours/employment 1987-2025."
1968,Construction,4,sector,41823.0,4.365972862765258,8739.224609,5.460814387846423,Other sectors,BEA-BLS historical KLEMS 1963-2016 sheet; nominal VA = go. - ii.,BEA-BLS historical KLEMS 1963-2016 sheet; hrs.,"Information is classified as unmeasurable because modern Information includes publishing/software, motion picture/sound, broadcasting/telecom, and data/internet/other information services.","BEA-BLS historical KLEMS 1963-2016, current BEA-BLS ILPA 1997-2024, and BLS detailed industry hours/employment 1987-2025."
1968,Manufacturing,5,sector,237113.0,24.752622322857242,37913.799989,23.690914668178284,Griliches measurable sectors,BEA-BLS historical KLEMS 1963-2016 sheet; nominal VA = go. - ii.,BEA-BLS historical KLEMS 1963-2016 sheet; hrs.,"Information is classified as unmeasurable because modern Information includes publishing/software, motion picture/sound, broadcasting/telecom, and data/internet/other information services.","BEA-BLS historical KLEMS 1963-2016, current BEA-BLS ILPA 1997-2024, and BLS detailed industry hours/employment 1987-2025."
1968,Wholesale trade,6,sector,59207.0,6.180717674144432,6712.206055,4.1942063557430505,Other sectors,BEA-BLS historical KLEMS 1963-2016 sheet; nominal VA = go. - ii.,BEA-BLS historical KLEMS 1963-2016 sheet; hrs.,"Information is classified as unmeasurable because modern Information includes publishing/software, motion picture/sound, broadcasting/telecom, and data/internet/other information services.","BEA-BLS historical KLEMS 1963-2016, current BEA-BLS ILPA 1997-2024, and BLS detailed industry hours/employment 1987-2025."
1968,Retail trade,7,sector,71698.0,7.484674038556379,15499.856445,9.685280201774717,Other sectors,BEA-BLS historical KLEMS 1963-2016 sheet; nominal VA = go. - ii.,BEA-BLS historical KLEMS 1963-2016 sheet; hrs.,"Information is classified as unmeasurable because modern Information includes publishing/software, motion picture/sound, broadcasting/telecom, and data/internet/other information services.","BEA-BLS historical KLEMS 1963-2016, current BEA-BLS ILPA 1997-2024, and BLS detailed industry hours/employment 1987-2025."
1968,Transportation and warehousing,8,sector,35865.0,3.7440072860166884,6054.320137,3.783118067329436,Griliches measurable sectors,BEA-BLS historical KLEMS 1963-2016 sheet; nominal VA = go. - ii.,BEA-BLS historical KLEMS 1963-2016 sheet; hrs.,"Information is classified as unmeasurable because modern Information includes publishing/software, motion picture/sound, broadcasting/telecom, and data/internet/other information services.","BEA-BLS historical KLEMS 1963-2016, current BEA-BLS ILPA 1997-2024, and BLS detailed industry hours/employment 1987-2025."
1968,Information,9,sector,35254.0,3.680223974940257,3811.6339259999995,2.381747387848187,Other sectors,BEA-BLS historical KLEMS 1963-2016 sheet; nominal VA = go. - ii.,BEA-BLS historical KLEMS 1963-2016 sheet; hrs.,"Information is classified as unmeasurable because modern Information includes publishing/software, motion picture/sound, broadcasting/telecom, and data/internet/other information services.","BEA-BLS historical KLEMS 1963-2016, current BEA-BLS ILPA 1997-2024, and BLS detailed industry hours/employment 1987-2025."
1968,"Finance, insurance, real estate, rental, and leasing",10,sector,129459.0,13.514441356208962,6455.410454,4.03374439539564,Other sectors,BEA-BLS historical KLEMS 1963-2016 sheet; nominal VA = go. - ii.,BEA-BLS historical KLEMS 1963-2016 sheet; hrs.,"Information is classified as unmeasurable because modern Information includes publishing/software, motion picture/sound, broadcasting/telecom, and data/internet/other information services.","BEA-BLS historical KLEMS 1963-2016, current BEA-BLS ILPA 1997-2024, and BLS detailed industry hours/employment 1987-2025."
1968,Professional and business services,11,service_detail,44304.0,4.62496859890376,8939.164582,5.5857493941099765,Other sectors,BEA-BLS historical KLEMS 1963-2016 sheet; nominal VA = go. - ii.,BEA-BLS historical KLEMS 1963-2016 sheet; hrs.,"Information is classified as unmeasurable because modern Information includes publishing/software, motion picture/sound, broadcasting/telecom, and data/internet/other information services.","BEA-BLS historical KLEMS 1963-2016, current BEA-BLS ILPA 1997-2024, and BLS detailed industry hours/employment 1987-2025."
1968,"Educational services, health care, and social assistance",12,service_detail,31216.0,3.2586904068115694,11270.544312,7.04254133421029,Other sectors,BEA-BLS historical KLEMS 1963-2016 sheet; nominal VA = go. - ii.,BEA-BLS historical KLEMS 1963-2016 sheet; hrs.,"Information is classified as unmeasurable because modern Information includes publishing/software, motion picture/sound, broadcasting/telecom, and data/internet/other information services.","BEA-BLS historical KLEMS 1963-2016, current BEA-BLS ILPA 1997-2024, and BLS detailed industry hours/employment 1987-2025."
1968,"Arts, entertainment, recreation, accommodation, and food services",13,service_detail,25877.0,2.701343274508681,9126.440308000001,5.702770986389685,Other sectors,BEA-BLS historical KLEMS 1963-2016 sheet; nominal VA = go. - ii.,BEA-BLS historical KLEMS 1963-2016 sheet; hrs.,"Information is classified as unmeasurable because modern Information includes publishing/software, motion picture/sound, broadcasting/telecom, and data/internet/other information services.","BEA-BLS historical KLEMS 1963-2016, current BEA-BLS ILPA 1997-2024, and BLS detailed industry hours/employment 1987-2025."
1968,"Other services, except government",14,service_detail,24867.0,2.5959076866409307,4971.131836,3.106274236956186,Other sectors,BEA-BLS historical KLEMS 1963-2016 sheet; nominal VA = go. - ii.,BEA-BLS historical KLEMS 1963-2016 sheet; hrs.,"Information is classified as unmeasurable because modern Information includes publishing/software, motion picture/sound, broadcasting/telecom, and data/internet/other information services.","BEA-BLS historical KLEMS 1963-2016, current BEA-BLS ILPA 1997-2024, and BLS detailed industry hours/employment 1987-2025."
1968,Services,15,services_total,126264.0,13.180909966864942,34307.281038,21.43733595166614,Other sectors,BEA-BLS historical KLEMS 1963-2016 sheet; nominal VA = go. - ii.,BEA-BLS historical KLEMS 1963-2016 sheet; hrs.,"Information is classified as unmeasurable because modern Information includes publishing/software, motion picture/sound, broadcasting/telecom, and data/internet/other information services.","BEA-BLS historical KLEMS 1963-2016, current BEA-BLS ILPA 1997-2024, and BLS detailed industry hours/employment 1987-2025."
1968,Government,16,sector,165707.828125,17.29851710163115,27351.557618,17.090964708306746,Other sectors,BEA-BLS historical KLEMS 1963-2016 sheet; nominal VA = go. - ii.,BEA-BLS historical KLEMS 1963-2016 sheet; hrs.,"Information is classified as unmeasurable because modern Information includes publishing/software, motion picture/sound, broadcasting/telecom, and data/internet/other information services.","BEA-BLS historical KLEMS 1963-2016, current BEA-BLS ILPA 1997-2024, and BLS detailed industry hours/employment 1987-2025."
1968,Total,17,total,957930.828125,100.0,160035.18867899998,100.0,Total,BEA-BLS historical KLEMS 1963-2016 sheet; nominal VA = go. - ii.,BEA-BLS historical KLEMS 1963-2016 sheet; hrs.,"Information is classified as unmeasurable because modern Information includes publishing/software, motion picture/sound, broadcasting/telecom, and data/internet/other information services.","BEA-BLS historical KLEMS 1963-2016, current BEA-BLS ILPA 1997-2024, and BLS detailed industry hours/employment 1987-2025."
1969,"Agriculture, forestry, fishing, and hunting",1,sector,26311.0,2.536439732317732,10716.141876,6.542630288550914,Griliches measurable sectors,BEA-BLS historical KLEMS 1963-2016 sheet; nominal VA = go. - ii.,BEA-BLS historical KLEMS 1963-2016 sheet; hrs.,"Information is classified as unmeasurable because modern Information includes publishing/software, motion picture/sound, broadcasting/telecom, and data/internet/other information services.","BEA-BLS historical KLEMS 1963-2016, current BEA-BLS ILPA 1997-2024, and BLS detailed industry hours/employment 1987-2025."
1969,Mining,2,sector,13540.0,1.3052865332211658,1321.3849180000002,0.8067579813125988,Griliches measurable sectors,BEA-BLS historical KLEMS 1963-2016 sheet; nominal VA = go. - ii.,BEA-BLS historical KLEMS 1963-2016 sheet; hrs.,"Information is classified as unmeasurable because modern Information includes publishing/software, motion picture/sound, broadcasting/telecom, and data/internet/other information services.","BEA-BLS historical KLEMS 1963-2016, current BEA-BLS ILPA 1997-2024, and BLS detailed industry hours/employment 1987-2025."
1969,Utilities,3,sector,20433.0,1.969787277201483,948.454468,0.5790691278123055,Griliches measurable sectors,BEA-BLS historical KLEMS 1963-2016 sheet; nominal VA = go. - ii.,BEA-BLS historical KLEMS 1963-2016 sheet; hrs.,"Information is classified as unmeasurable because modern Information includes publishing/software, motion picture/sound, broadcasting/telecom, and data/internet/other information services.","BEA-BLS historical KLEMS 1963-2016, current BEA-BLS ILPA 1997-2024, and BLS detailed industry hours/employment 1987-2025."
1969,Construction,4,sector,46712.0,4.503142137357983,9231.893555,5.636437730345421,Other sectors,BEA-BLS historical KLEMS 1963-2016 sheet; nominal VA = go. - ii.,BEA-BLS historical KLEMS 1963-2016 sheet; hrs.,"Information is classified as unmeasurable because modern Information includes publishing/software, motion picture/sound, broadcasting/telecom, and data/internet/other information services.","BEA-BLS historical KLEMS 1963-2016, current BEA-BLS ILPA 1997-2024, and BLS detailed industry hours/employment 1987-2025."
1969,Manufacturing,5,sector,249150.0,24.018621842839988,38445.191222,23.472316384829178,Griliches measurable sectors,BEA-BLS historical KLEMS 1963-2016 sheet; nominal VA = go. - ii.,BEA-BLS historical KLEMS 1963-2016 sheet; hrs.,"Information is classified as unmeasurable because modern Information includes publishing/software, motion picture/sound, broadcasting/telecom, and data/internet/other information services.","BEA-BLS historical KLEMS 1963-2016, current BEA-BLS ILPA 1997-2024, and BLS detailed industry hours/employment 1987-2025."
1969,Wholesale trade,6,sector,63896.0,6.15971848793941,6927.887695,4.229750631661586,Other sectors,BEA-BLS historical KLEMS 1963-2016 sheet; nominal VA = go. - ii.,BEA-BLS historical KLEMS 1963-2016 sheet; hrs.,"Information is classified as unmeasurable because modern Information includes publishing/software, motion picture/sound, broadcasting/telecom, and data/internet/other information services.","BEA-BLS historical KLEMS 1963-2016, current BEA-BLS ILPA 1997-2024, and BLS detailed industry hours/employment 1987-2025."
1969,Retail trade,7,sector,77719.0,7.492286859336469,15892.661133,9.703100919867072,Other sectors,BEA-BLS historical KLEMS 1963-2016 sheet; nominal VA = go. - ii.,BEA-BLS historical KLEMS 1963-2016 sheet; hrs.,"Information is classified as unmeasurable because modern Information includes publishing/software, motion picture/sound, broadcasting/telecom, and data/internet/other information services.","BEA-BLS historical KLEMS 1963-2016, current BEA-BLS ILPA 1997-2024, and BLS detailed industry hours/employment 1987-2025."
1969,Transportation and warehousing,8,sector,38140.0,3.67678200716804,6095.706953000001,3.7216712322695455,Griliches measurable sectors,BEA-BLS historical KLEMS 1963-2016 sheet; nominal VA = go. - ii.,BEA-BLS historical KLEMS 1963-2016 sheet; hrs.,"Information is classified as unmeasurable because modern Information includes publishing/software, motion picture/sound, broadcasting/telecom, and data/internet/other information services.","BEA-BLS historical KLEMS 1963-2016, current BEA-BLS ILPA 1997-2024, and BLS detailed industry hours/employment 1987-2025."
1969,Information,9,sector,38412.0,3.7030034205385096,4139.888258999999,2.5275662293358856,Other sectors,BEA-BLS historical KLEMS 1963-2016 sheet; nominal VA = go. - ii.,BEA-BLS historical KLEMS 1963-2016 sheet; hrs.,"Information is classified as unmeasurable because modern Information includes publishing/software, motion picture/sound, broadcasting/telecom, and data/internet/other information services.","BEA-BLS historical KLEMS 1963-2016, current BEA-BLS ILPA 1997-2024, and BLS detailed industry hours/employment 1987-2025."
1969,"Finance, insurance, real estate, rental, and leasing",10,sector,142236.0,13.711871147654781,6742.8906099999995,4.116802562699809,Other sectors,BEA-BLS historical KLEMS 1963-2016 sheet; nominal VA = go. - ii.,BEA-BLS historical KLEMS 1963-2016 sheet; hrs.,"Information is classified as unmeasurable because modern Information includes publishing/software, motion picture/sound, broadcasting/telecom, and data/internet/other information services.","BEA-BLS historical KLEMS 1963-2016, current BEA-BLS ILPA 1997-2024, and BLS detailed industry hours/employment 1987-2025."
1969,Professional and business services,11,service_detail,48803.0,4.704719252643468,9302.551842,5.679577421291346,Other sectors,BEA-BLS historical KLEMS 1963-2016 sheet; nominal VA = go. - ii.,BEA-BLS historical KLEMS 1963-2016 sheet; hrs.,"Information is classified as unmeasurable because modern Information includes publishing/software, motion picture/sound, broadcasting/telecom, and data/internet/other information services.","BEA-BLS historical KLEMS 1963-2016, current BEA-BLS ILPA 1997-2024, and BLS detailed industry hours/employment 1987-2025."
1969,"Educational services, health care, and social assistance",12,service_detail,35806.0,3.4517791439082024,11566.406982,7.061750910523308,Other sectors,BEA-BLS historical KLEMS 1963-2016 sheet; nominal VA = go. - ii.,BEA-BLS historical KLEMS 1963-2016 sheet; hrs.,"Information is classified as unmeasurable because modern Information includes publishing/software, motion picture/sound, broadcasting/telecom, and data/internet/other information services.","BEA-BLS historical KLEMS 1963-2016, current BEA-BLS ILPA 1997-2024, and BLS detailed industry hours/employment 1987-2025."
1969,"Arts, entertainment, recreation, accommodation, and food services",13,service_detail,27870.0,2.6867308479227394,9406.818298,5.743236234416364,Other sectors,BEA-BLS historical KLEMS 1963-2016 sheet; nominal VA = go. - ii.,BEA-BLS historical KLEMS 1963-2016 sheet; hrs.,"Information is classified as unmeasurable because modern Information includes publishing/software, motion picture/sound, broadcasting/telecom, and data/internet/other information services.","BEA-BLS historical KLEMS 1963-2016, current BEA-BLS ILPA 1997-2024, and BLS detailed industry hours/employment 1987-2025."
1969,"Other services, except government",14,service_detail,26777.0,2.581363183165669,5210.544434,3.181244353443905,Other sectors,BEA-BLS historical KLEMS 1963-2016 sheet; nominal VA = go. - ii.,BEA-BLS historical KLEMS 1963-2016 sheet; hrs.,"Information is classified as unmeasurable because modern Information includes publishing/software, motion picture/sound, broadcasting/telecom, and data/internet/other information services.","BEA-BLS historical KLEMS 1963-2016, current BEA-BLS ILPA 1997-2024, and BLS detailed industry hours/employment 1987-2025."
1969,Services,15,services_total,139256.0,13.424592427640079,35486.321556,21.665808919674923,Other sectors,BEA-BLS historical KLEMS 1963-2016 sheet; nominal VA = go. - ii.,BEA-BLS historical KLEMS 1963-2016 sheet; hrs.,"Information is classified as unmeasurable because modern Information includes publishing/software, motion picture/sound, broadcasting/telecom, and data/internet/other information services.","BEA-BLS historical KLEMS 1963-2016, current BEA-BLS ILPA 1997-2024, and BLS detailed industry hours/employment 1987-2025."
1969,Government,16,sector,181515.132813,17.49846812678436,27841.084473000003,16.998087991640766,Other sectors,BEA-BLS historical KLEMS 1963-2016 sheet; nominal VA = go. - ii.,BEA-BLS historical KLEMS 1963-2016 sheet; hrs.,"Information is classified as unmeasurable because modern Information includes publishing/software, motion picture/sound, broadcasting/telecom, and data/internet/other information services.","BEA-BLS historical KLEMS 1963-2016, current BEA-BLS ILPA 1997-2024, and BLS detailed industry hours/employment 1987-2025."
1969,Total,17,total,1.037320132813e6,100.0,163789.506718,100.0,Total,BEA-BLS historical KLEMS 1963-2016 sheet; nominal VA = go. - ii.,BEA-BLS historical KLEMS 1963-2016 sheet; hrs.,"Information is classified as unmeasurable because modern Information includes publishing/software, motion picture/sound, broadcasting/telecom, and data/internet/other information services.","BEA-BLS historical KLEMS 1963-2016, current BEA-BLS ILPA 1997-2024, and BLS detailed industry hours/employment 1987-2025."
1970,"Agriculture, forestry, fishing, and hunting",1,sector,27263.0,2.469224154152458,10494.290986,6.522189550483,Griliches measurable sectors,BEA-BLS historical KLEMS 1963-2016 sheet; nominal VA = go. - ii.,BEA-BLS historical KLEMS 1963-2016 sheet; hrs.,"Information is classified as unmeasurable because modern Information includes publishing/software, motion picture/sound, broadcasting/telecom, and data/internet/other information services.","BEA-BLS historical KLEMS 1963-2016, current BEA-BLS ILPA 1997-2024, and BLS detailed industry hours/employment 1987-2025."
1970,Mining,2,sector,15069.0,1.3648072031296405,1321.067353,0.8210418118494544,Griliches measurable sectors,BEA-BLS historical KLEMS 1963-2016 sheet; nominal VA = go. - ii.,BEA-BLS historical KLEMS 1963-2016 sheet; hrs.,"Information is classified as unmeasurable because modern Information includes publishing/software, motion picture/sound, broadcasting/telecom, and data/internet/other information services.","BEA-BLS historical KLEMS 1963-2016, current BEA-BLS ILPA 1997-2024, and BLS detailed industry hours/employment 1987-2025."
1970,Utilities,3,sector,21692.0,1.964655773461289,981.493042,0.6099967754795562,Griliches measurable sectors,BEA-BLS historical KLEMS 1963-2016 sheet; nominal VA = go. - ii.,BEA-BLS historical KLEMS 1963-2016 sheet; hrs.,"Information is classified as unmeasurable because modern Information includes publishing/software, motion picture/sound, broadcasting/telecom, and data/internet/other information services.","BEA-BLS historical KLEMS 1963-2016, current BEA-BLS ILPA 1997-2024, and BLS detailed industry hours/employment 1987-2025."
1970,Construction,4,sector,49490.0,4.482335157136234,8975.143555,5.578041202268779,Other sectors,BEA-BLS historical KLEMS 1963-2016 sheet; nominal VA = go. - ii.,BEA-BLS historical KLEMS 1963-2016 sheet; hrs.,"Information is classified as unmeasurable because modern Information includes publishing/software, motion picture/sound, broadcasting/telecom, and data/internet/other information services.","BEA-BLS historical KLEMS 1963-2016, current BEA-BLS ILPA 1997-2024, and BLS detailed industry hours/employment 1987-2025."
1970,Manufacturing,5,sector,245872.0,22.26875550122045,35918.433961,22.323264617178392,Griliches measurable sectors,BEA-BLS historical KLEMS 1963-2016 sheet; nominal VA = go. - ii.,BEA-BLS historical KLEMS 1963-2016 sheet; hrs.,"Information is classified as unmeasurable because modern Information includes publishing/software, motion picture/sound, broadcasting/telecom, and data/internet/other information services.","BEA-BLS historical KLEMS 1963-2016, current BEA-BLS ILPA 1997-2024, and BLS detailed industry hours/employment 1987-2025."
1970,Wholesale trade,6,sector,67774.0,6.138326590013157,6996.629395,4.348396970271622,Other sectors,BEA-BLS historical KLEMS 1963-2016 sheet; nominal VA = go. - ii.,BEA-BLS historical KLEMS 1963-2016 sheet; hrs.,"Information is classified as unmeasurable because modern Information includes publishing/software, motion picture/sound, broadcasting/telecom, and data/internet/other information services.","BEA-BLS historical KLEMS 1963-2016, current BEA-BLS ILPA 1997-2024, and BLS detailed industry hours/employment 1987-2025."
1970,Retail trade,7,sector,83111.0,7.527406693165277,15901.699219,9.882887430837005,Other sectors,BEA-BLS historical KLEMS 1963-2016 sheet; nominal VA = go. - ii.,BEA-BLS historical KLEMS 1963-2016 sheet; hrs.,"Information is classified as unmeasurable because modern Information includes publishing/software, motion picture/sound, broadcasting/telecom, and data/internet/other information services.","BEA-BLS historical KLEMS 1963-2016, current BEA-BLS ILPA 1997-2024, and BLS detailed industry hours/employment 1987-2025."
1970,Transportation and warehousing,8,sector,40239.0,3.6444672537483314,5959.068671,3.7035541961297413,Griliches measurable sectors,BEA-BLS historical KLEMS 1963-2016 sheet; nominal VA = go. - ii.,BEA-BLS historical KLEMS 1963-2016 sheet; hrs.,"Information is classified as unmeasurable because modern Information includes publishing/software, motion picture/sound, broadcasting/telecom, and data/internet/other information services.","BEA-BLS historical KLEMS 1963-2016, current BEA-BLS ILPA 1997-2024, and BLS detailed industry hours/employment 1987-2025."
1970,Information,9,sector,41229.0,3.7341320709955506,4384.718598,2.7250974705995326,Other sectors,BEA-BLS historical KLEMS 1963-2016 sheet; nominal VA = go. - ii.,BEA-BLS historical KLEMS 1963-2016 sheet; hrs.,"Information is classified as unmeasurable because modern Information includes publishing/software, motion picture/sound, broadcasting/telecom, and data/internet/other information services.","BEA-BLS historical KLEMS 1963-2016, current BEA-BLS ILPA 1997-2024, and BLS detailed industry hours/employment 1987-2025."
1970,"Finance, insurance, real estate, rental, and leasing",10,sector,152963.0,13.853938828875123,7000.410817999999,4.350747120235012,Other sectors,BEA-BLS historical KLEMS 1963-2016 sheet; nominal VA = go. - ii.,BEA-BLS historical KLEMS 1963-2016 sheet; hrs.,"Information is classified as unmeasurable because modern Information includes publishing/software, motion picture/sound, broadcasting/telecom, and data/internet/other information services.","BEA-BLS historical KLEMS 1963-2016, current BEA-BLS ILPA 1997-2024, and BLS detailed industry hours/employment 1987-2025."
1970,Professional and business services,11,service_detail,52401.0,4.745985948052047,9306.347977,5.783884362433097,Other sectors,BEA-BLS historical KLEMS 1963-2016 sheet; nominal VA = go. - ii.,BEA-BLS historical KLEMS 1963-2016 sheet; hrs.,"Information is classified as unmeasurable because modern Information includes publishing/software, motion picture/sound, broadcasting/telecom, and data/internet/other information services.","BEA-BLS historical KLEMS 1963-2016, current BEA-BLS ILPA 1997-2024, and BLS detailed industry hours/employment 1987-2025."
1970,"Educational services, health care, and social assistance",12,service_detail,40464.0,3.6648456213045177,11485.885376000002,7.138464301907696,Other sectors,BEA-BLS historical KLEMS 1963-2016 sheet; nominal VA = go. - ii.,BEA-BLS historical KLEMS 1963-2016 sheet; hrs.,"Information is classified as unmeasurable because modern Information includes publishing/software, motion picture/sound, broadcasting/telecom, and data/internet/other information services.","BEA-BLS historical KLEMS 1963-2016, current BEA-BLS ILPA 1997-2024, and BLS detailed industry hours/employment 1987-2025."
1970,"Arts, entertainment, recreation, accommodation, and food services",13,service_detail,30063.0,2.722821617073886,9371.136352000001,5.824150261575927,Other sectors,BEA-BLS historical KLEMS 1963-2016 sheet; nominal VA = go. - ii.,BEA-BLS historical KLEMS 1963-2016 sheet; hrs.,"Information is classified as unmeasurable because modern Information includes publishing/software, motion picture/sound, broadcasting/telecom, and data/internet/other information services.","BEA-BLS historical KLEMS 1963-2016, current BEA-BLS ILPA 1997-2024, and BLS detailed industry hours/employment 1987-2025."
1970,"Other services, except government",14,service_detail,27889.0,2.5259213012198916,5238.159668,3.2555100955336806,Other sectors,BEA-BLS historical KLEMS 1963-2016 sheet; nominal VA = go. - ii.,BEA-BLS historical KLEMS 1963-2016 sheet; hrs.,"Information is classified as unmeasurable because modern Information includes publishing/software, motion picture/sound, broadcasting/telecom, and data/internet/other information services.","BEA-BLS historical KLEMS 1963-2016, current BEA-BLS ILPA 1997-2024, and BLS detailed industry hours/employment 1987-2025."
1970,Services,15,services_total,150817.0,13.659574487650342,35401.529373000005,22.0020090214504,Other sectors,BEA-BLS historical KLEMS 1963-2016 sheet; nominal VA = go. - ii.,BEA-BLS historical KLEMS 1963-2016 sheet; hrs.,"Information is classified as unmeasurable because modern Information includes publishing/software, motion picture/sound, broadcasting/telecom, and data/internet/other information services.","BEA-BLS historical KLEMS 1963-2016, current BEA-BLS ILPA 1997-2024, and BLS detailed industry hours/employment 1987-2025."
1970,Government,16,sector,208592.992188,18.892376286452137,27566.864258,17.132773833217485,Other sectors,BEA-BLS historical KLEMS 1963-2016 sheet; nominal VA = go. - ii.,BEA-BLS historical KLEMS 1963-2016 sheet; hrs.,"Information is classified as unmeasurable because modern Information includes publishing/software, motion picture/sound, broadcasting/telecom, and data/internet/other information services.","BEA-BLS historical KLEMS 1963-2016, current BEA-BLS ILPA 1997-2024, and BLS detailed industry hours/employment 1987-2025."
1970,Total,17,total,1.1041119921880001e6,100.0,160901.34922900004,100.0,Total,BEA-BLS historical KLEMS 1963-2016 sheet; nominal VA = go. - ii.,BEA-BLS historical KLEMS 1963-2016 sheet; hrs.,"Information is classified as unmeasurable because modern Information includes publishing/software, motion picture/sound, broadcasting/telecom, and data/internet/other information services.","BEA-BLS historical KLEMS 1963-2016, current BEA-BLS ILPA 1997-2024, and BLS detailed industry hours/employment 1987-2025."
1971,"Agriculture, forestry, fishing, and hunting",1,sector,29391.0,2.4474927766705,10275.871063,6.4194920769991395,Griliches measurable sectors,BEA-BLS historical KLEMS 1963-2016 sheet; nominal VA = go. - ii.,BEA-BLS historical KLEMS 1963-2016 sheet; hrs.,"Information is classified as unmeasurable because modern Information includes publishing/software, motion picture/sound, broadcasting/telecom, and data/internet/other information services.","BEA-BLS historical KLEMS 1963-2016, current BEA-BLS ILPA 1997-2024, and BLS detailed industry hours/employment 1987-2025."
1971,Mining,2,sector,15259.0,1.2706710312413718,1277.48523,0.7980643453183063,Griliches measurable sectors,BEA-BLS historical KLEMS 1963-2016 sheet; nominal VA = go. - ii.,BEA-BLS historical KLEMS 1963-2016 sheet; hrs.,"Information is classified as unmeasurable because modern Information includes publishing/software, motion picture/sound, broadcasting/telecom, and data/internet/other information services.","BEA-BLS historical KLEMS 1963-2016, current BEA-BLS ILPA 1997-2024, and BLS detailed industry hours/employment 1987-2025."
1971,Utilities,3,sector,24670.0,2.0543583682236477,995.877869,0.6221399675520907,Griliches measurable sectors,BEA-BLS historical KLEMS 1963-2016 sheet; nominal VA = go. - ii.,BEA-BLS historical KLEMS 1963-2016 sheet; hrs.,"Information is classified as unmeasurable because modern Information includes publishing/software, motion picture/sound, broadcasting/telecom, and data/internet/other information services.","BEA-BLS historical KLEMS 1963-2016, current BEA-BLS ILPA 1997-2024, and BLS detailed industry hours/employment 1987-2025."
1971,Construction,4,sector,54458.0,4.534910742469534,9119.067383,5.696819321290639,Other sectors,BEA-BLS historical KLEMS 1963-2016 sheet; nominal VA = go. - ii.,BEA-BLS historical KLEMS 1963-2016 sheet; hrs.,"Information is classified as unmeasurable because modern Information includes publishing/software, motion picture/sound, broadcasting/telecom, and data/internet/other information services.","BEA-BLS historical KLEMS 1963-2016, current BEA-BLS ILPA 1997-2024, and BLS detailed industry hours/employment 1987-2025."
1971,Manufacturing,5,sector,259355.0,21.597410400917884,34441.652282999996,21.516221115850506,Griliches measurable sectors,BEA-BLS historical KLEMS 1963-2016 sheet; nominal VA = go. - ii.,BEA-BLS historical KLEMS 1963-2016 sheet; hrs.,"Information is classified as unmeasurable because modern Information includes publishing/software, motion picture/sound, broadcasting/telecom, and data/internet/other information services.","BEA-BLS historical KLEMS 1963-2016, current BEA-BLS ILPA 1997-2024, and BLS detailed industry hours/employment 1987-2025."
1971,Wholesale trade,6,sector,73553.0,6.12501909436376,7010.89502,4.3798121597317206,Other sectors,BEA-BLS historical KLEMS 1963-2016 sheet; nominal VA = go. - ii.,BEA-BLS historical KLEMS 1963-2016 sheet; hrs.,"Information is classified as unmeasurable because modern Information includes publishing/software, motion picture/sound, broadcasting/telecom, and data/internet/other information services.","BEA-BLS historical KLEMS 1963-2016, current BEA-BLS ILPA 1997-2024, and BLS detailed industry hours/employment 1987-2025."
1971,Retail trade,7,sector,90967.0,7.575144616222155,16179.986328,10.107882183588508,Other sectors,BEA-BLS historical KLEMS 1963-2016 sheet; nominal VA = go. - ii.,BEA-BLS historical KLEMS 1963-2016 sheet; hrs.,"Information is classified as unmeasurable because modern Information includes publishing/software, motion picture/sound, broadcasting/telecom, and data/internet/other information services.","BEA-BLS historical KLEMS 1963-2016, current BEA-BLS ILPA 1997-2024, and BLS detailed industry hours/employment 1987-2025."
1971,Transportation and warehousing,8,sector,44320.0,3.690683537886991,5855.37162,3.657939214303629,Griliches measurable sectors,BEA-BLS historical KLEMS 1963-2016 sheet; nominal VA = go. - ii.,BEA-BLS historical KLEMS 1963-2016 sheet; hrs.,"Information is classified as unmeasurable because modern Information includes publishing/software, motion picture/sound, broadcasting/telecom, and data/internet/other information services.","BEA-BLS historical KLEMS 1963-2016, current BEA-BLS ILPA 1997-2024, and BLS detailed industry hours/employment 1987-2025."
1971,Information,9,sector,44609.0,3.714749592545144,4301.860855,2.687437542347182,Other sectors,BEA-BLS historical KLEMS 1963-2016 sheet; nominal VA = go. - ii.,BEA-BLS historical KLEMS 1963-2016 sheet; hrs.,"Information is classified as unmeasurable because modern Information includes publishing/software, motion picture/sound, broadcasting/telecom, and data/internet/other information services.","BEA-BLS historical KLEMS 1963-2016, current BEA-BLS ILPA 1997-2024, and BLS detailed industry hours/employment 1987-2025."
1971,"Finance, insurance, real estate, rental, and leasing",10,sector,169951.0,14.152422336359026,7238.905869999999,4.52225398642174,Other sectors,BEA-BLS historical KLEMS 1963-2016 sheet; nominal VA = go. - ii.,BEA-BLS historical KLEMS 1963-2016 sheet; hrs.,"Information is classified as unmeasurable because modern Information includes publishing/software, motion picture/sound, broadcasting/telecom, and data/internet/other information services.","BEA-BLS historical KLEMS 1963-2016, current BEA-BLS ILPA 1997-2024, and BLS detailed industry hours/employment 1987-2025."
1971,Professional and business services,11,service_detail,56776.0,4.727938821007938,9499.757415,5.934642142269388,Other sectors,BEA-BLS historical KLEMS 1963-2016 sheet; nominal VA = go. - ii.,BEA-BLS historical KLEMS 1963-2016 sheet; hrs.,"Information is classified as unmeasurable because modern Information includes publishing/software, motion picture/sound, broadcasting/telecom, and data/internet/other information services.","BEA-BLS historical KLEMS 1963-2016, current BEA-BLS ILPA 1997-2024, and BLS detailed industry hours/employment 1987-2025."
1971,"Educational services, health care, and social assistance",12,service_detail,44948.0,3.742979324479794,11612.738037,7.2546530959511735,Other sectors,BEA-BLS historical KLEMS 1963-2016 sheet; nominal VA = go. - ii.,BEA-BLS historical KLEMS 1963-2016 sheet; hrs.,"Information is classified as unmeasurable because modern Information includes publishing/software, motion picture/sound, broadcasting/telecom, and data/internet/other information services.","BEA-BLS historical KLEMS 1963-2016, current BEA-BLS ILPA 1997-2024, and BLS detailed industry hours/employment 1987-2025."
1971,"Arts, entertainment, recreation, accommodation, and food services",13,service_detail,32584.0,2.713385207547602,9531.55133,5.9545042818571625,Other sectors,BEA-BLS historical KLEMS 1963-2016 sheet; nominal VA = go. - ii.,BEA-BLS historical KLEMS 1963-2016 sheet; hrs.,"Information is classified as unmeasurable because modern Information includes publishing/software, motion picture/sound, broadcasting/telecom, and data/internet/other information services.","BEA-BLS historical KLEMS 1963-2016, current BEA-BLS ILPA 1997-2024, and BLS detailed industry hours/employment 1987-2025."
1971,"Other services, except government",14,service_detail,29846.0,2.485382239886623,5388.295898,3.3661499461866073,Other sectors,BEA-BLS historical KLEMS 1963-2016 sheet; nominal VA = go. - ii.,BEA-BLS historical KLEMS 1963-2016 sheet; hrs.,"Information is classified as unmeasurable because modern Information includes publishing/software, motion picture/sound, broadcasting/telecom, and data/internet/other information services.","BEA-BLS historical KLEMS 1963-2016, current BEA-BLS ILPA 1997-2024, and BLS detailed industry hours/employment 1987-2025."
1971,Services,15,services_total,164154.0,13.669685592921956,36032.34268,22.50994946626433,Other sectors,BEA-BLS historical KLEMS 1963-2016 sheet; nominal VA = go. - ii.,BEA-BLS historical KLEMS 1963-2016 sheet; hrs.,"Information is classified as unmeasurable because modern Information includes publishing/software, motion picture/sound, broadcasting/telecom, and data/internet/other information services.","BEA-BLS historical KLEMS 1963-2016, current BEA-BLS ILPA 1997-2024, and BLS detailed industry hours/employment 1987-2025."
1971,Government,16,sector,230174.5625,19.16745191017803,27343.64502,17.0819886203322,Other sectors,BEA-BLS historical KLEMS 1963-2016 sheet; nominal VA = go. - ii.,BEA-BLS historical KLEMS 1963-2016 sheet; hrs.,"Information is classified as unmeasurable because modern Information includes publishing/software, motion picture/sound, broadcasting/telecom, and data/internet/other information services.","BEA-BLS historical KLEMS 1963-2016, current BEA-BLS ILPA 1997-2024, and BLS detailed industry hours/employment 1987-2025."
1971,Total,17,total,1.2008615625e6,100.0,160072.961221,100.0,Total,BEA-BLS historical KLEMS 1963-2016 sheet; nominal VA = go. - ii.,BEA-BLS historical KLEMS 1963-2016 sheet; hrs.,"Information is classified as unmeasurable because modern Information includes publishing/software, motion picture/sound, broadcasting/telecom, and data/internet/other information services.","BEA-BLS historical KLEMS 1963-2016, current BEA-BLS ILPA 1997-2024, and BLS detailed industry hours/employment 1987-2025."
1972,"Agriculture, forestry, fishing, and hunting",1,sector,34356.0,2.611333716157748,10195.393736999999,6.220241168510907,Griliches measurable sectors,BEA-BLS historical KLEMS 1963-2016 sheet; nominal VA = go. - ii.,BEA-BLS historical KLEMS 1963-2016 sheet; hrs.,"Information is classified as unmeasurable because modern Information includes publishing/software, motion picture/sound, broadcasting/telecom, and data/internet/other information services.","BEA-BLS historical KLEMS 1963-2016, current BEA-BLS ILPA 1997-2024, and BLS detailed industry hours/employment 1987-2025."
1972,Mining,2,sector,15951.0,1.2124049396446686,1303.514068,0.7952779538156964,Griliches measurable sectors,BEA-BLS historical KLEMS 1963-2016 sheet; nominal VA = go. - ii.,BEA-BLS historical KLEMS 1963-2016 sheet; hrs.,"Information is classified as unmeasurable because modern Information includes publishing/software, motion picture/sound, broadcasting/telecom, and data/internet/other information services.","BEA-BLS historical KLEMS 1963-2016, current BEA-BLS ILPA 1997-2024, and BLS detailed industry hours/employment 1987-2025."
1972,Utilities,3,sector,27019.0,2.0536624076396026,1006.892639,0.6143083049994416,Griliches measurable sectors,BEA-BLS historical KLEMS 1963-2016 sheet; nominal VA = go. - ii.,BEA-BLS historical KLEMS 1963-2016 sheet; hrs.,"Information is classified as unmeasurable because modern Information includes publishing/software, motion picture/sound, broadcasting/telecom, and data/internet/other information services.","BEA-BLS historical KLEMS 1963-2016, current BEA-BLS ILPA 1997-2024, and BLS detailed industry hours/employment 1987-2025."
1972,Construction,4,sector,60144.0,4.571430173029211,9385.206055,5.725943164549786,Other sectors,BEA-BLS historical KLEMS 1963-2016 sheet; nominal VA = go. - ii.,BEA-BLS historical KLEMS 1963-2016 sheet; hrs.,"Information is classified as unmeasurable because modern Information includes publishing/software, motion picture/sound, broadcasting/telecom, and data/internet/other information services.","BEA-BLS historical KLEMS 1963-2016, current BEA-BLS ILPA 1997-2024, and BLS detailed industry hours/employment 1987-2025."
1972,Manufacturing,5,sector,285216.0,21.678721538818493,35866.603273,21.882325293991997,Griliches measurable sectors,BEA-BLS historical KLEMS 1963-2016 sheet; nominal VA = go. - ii.,BEA-BLS historical KLEMS 1963-2016 sheet; hrs.,"Information is classified as unmeasurable because modern Information includes publishing/software, motion picture/sound, broadcasting/telecom, and data/internet/other information services.","BEA-BLS historical KLEMS 1963-2016, current BEA-BLS ILPA 1997-2024, and BLS detailed industry hours/employment 1987-2025."
1972,Wholesale trade,6,sector,81779.0,6.215865059193866,7202.027344,4.3939790985524025,Other sectors,BEA-BLS historical KLEMS 1963-2016 sheet; nominal VA = go. - ii.,BEA-BLS historical KLEMS 1963-2016 sheet; hrs.,"Information is classified as unmeasurable because modern Information includes publishing/software, motion picture/sound, broadcasting/telecom, and data/internet/other information services.","BEA-BLS historical KLEMS 1963-2016, current BEA-BLS ILPA 1997-2024, and BLS detailed industry hours/employment 1987-2025."
1972,Retail trade,7,sector,98573.0,7.492344813215091,16517.761719,10.077537376836013,Other sectors,BEA-BLS historical KLEMS 1963-2016 sheet; nominal VA = go. - ii.,BEA-BLS historical KLEMS 1963-2016 sheet; hrs.,"Information is classified as unmeasurable because modern Information includes publishing/software, motion picture/sound, broadcasting/telecom, and data/internet/other information services.","BEA-BLS historical KLEMS 1963-2016, current BEA-BLS ILPA 1997-2024, and BLS detailed industry hours/employment 1987-2025."
1972,Transportation and warehousing,8,sector,48832.0,3.711626732664313,5893.329492,3.595538502127971,Griliches measurable sectors,BEA-BLS historical KLEMS 1963-2016 sheet; nominal VA = go. - ii.,BEA-BLS historical KLEMS 1963-2016 sheet; hrs.,"Information is classified as unmeasurable because modern Information includes publishing/software, motion picture/sound, broadcasting/telecom, and data/internet/other information services.","BEA-BLS historical KLEMS 1963-2016, current BEA-BLS ILPA 1997-2024, and BLS detailed industry hours/employment 1987-2025."
1972,Information,9,sector,49939.0,3.795767681080503,4431.732255,2.7038135192687633,Other sectors,BEA-BLS historical KLEMS 1963-2016 sheet; nominal VA = go. - ii.,BEA-BLS historical KLEMS 1963-2016 sheet; hrs.,"Information is classified as unmeasurable because modern Information includes publishing/software, motion picture/sound, broadcasting/telecom, and data/internet/other information services.","BEA-BLS historical KLEMS 1963-2016, current BEA-BLS ILPA 1997-2024, and BLS detailed industry hours/employment 1987-2025."
1972,"Finance, insurance, real estate, rental, and leasing",10,sector,185526.0,14.101475696352377,7534.892297,4.597061033160873,Other sectors,BEA-BLS historical KLEMS 1963-2016 sheet; nominal VA = go. - ii.,BEA-BLS historical KLEMS 1963-2016 sheet; hrs.,"Information is classified as unmeasurable because modern Information includes publishing/software, motion picture/sound, broadcasting/telecom, and data/internet/other information services.","BEA-BLS historical KLEMS 1963-2016, current BEA-BLS ILPA 1997-2024, and BLS detailed industry hours/employment 1987-2025."
1972,Professional and business services,11,service_detail,63123.0,4.797858253726438,9932.556549,6.059883389342459,Other sectors,BEA-BLS historical KLEMS 1963-2016 sheet; nominal VA = go. - ii.,BEA-BLS historical KLEMS 1963-2016 sheet; hrs.,"Information is classified as unmeasurable because modern Information includes publishing/software, motion picture/sound, broadcasting/telecom, and data/internet/other information services.","BEA-BLS historical KLEMS 1963-2016, current BEA-BLS ILPA 1997-2024, and BLS detailed industry hours/employment 1987-2025."
1972,"Educational services, health care, and social assistance",12,service_detail,50563.0,3.843196725174182,11884.151000999998,7.250557184559699,Other sectors,BEA-BLS historical KLEMS 1963-2016 sheet; nominal VA = go. - ii.,BEA-BLS historical KLEMS 1963-2016 sheet; hrs.,"Information is classified as unmeasurable because modern Information includes publishing/software, motion picture/sound, broadcasting/telecom, and data/internet/other information services.","BEA-BLS historical KLEMS 1963-2016, current BEA-BLS ILPA 1997-2024, and BLS detailed industry hours/employment 1987-2025."
1972,"Arts, entertainment, recreation, accommodation, and food services",13,service_detail,35370.0,2.688405912809976,9898.422363000001,6.039058017170683,Other sectors,BEA-BLS historical KLEMS 1963-2016 sheet; nominal VA = go. - ii.,BEA-BLS historical KLEMS 1963-2016 sheet; hrs.,"Information is classified as unmeasurable because modern Information includes publishing/software, motion picture/sound, broadcasting/telecom, and data/internet/other information services.","BEA-BLS historical KLEMS 1963-2016, current BEA-BLS ILPA 1997-2024, and BLS detailed industry hours/employment 1987-2025."
1972,"Other services, except government",14,service_detail,31847.0,2.420629434697747,5635.60791,3.4383017699601486,Other sectors,BEA-BLS historical KLEMS 1963-2016 sheet; nominal VA = go. - ii.,BEA-BLS historical KLEMS 1963-2016 sheet; hrs.,"Information is classified as unmeasurable because modern Information includes publishing/software, motion picture/sound, broadcasting/telecom, and data/internet/other information services.","BEA-BLS historical KLEMS 1963-2016, current BEA-BLS ILPA 1997-2024, and BLS detailed industry hours/employment 1987-2025."
1972,Services,15,services_total,180903.0,13.750090326408342,37350.737823,22.78780036103299,Other sectors,BEA-BLS historical KLEMS 1963-2016 sheet; nominal VA = go. - ii.,BEA-BLS historical KLEMS 1963-2016 sheet; hrs.,"Information is classified as unmeasurable because modern Information includes publishing/software, motion picture/sound, broadcasting/telecom, and data/internet/other information services.","BEA-BLS historical KLEMS 1963-2016, current BEA-BLS ILPA 1997-2024, and BLS detailed industry hours/employment 1987-2025."
1972,Government,16,sector,247411.539062,18.80527691579579,27218.636719000002,16.60617422315315,Other sectors,BEA-BLS historical KLEMS 1963-2016 sheet; nominal VA = go. - ii.,BEA-BLS historical KLEMS 1963-2016 sheet; hrs.,"Information is classified as unmeasurable because modern Information includes publishing/software, motion picture/sound, broadcasting/telecom, and data/internet/other information services.","BEA-BLS historical KLEMS 1963-2016, current BEA-BLS ILPA 1997-2024, and BLS detailed industry hours/employment 1987-2025."
1972,Total,17,total,1.3156495390619999e6,100.0,163906.72742100002,100.0,Total,BEA-BLS historical KLEMS 1963-2016 sheet; nominal VA = go. - ii.,BEA-BLS historical KLEMS 1963-2016 sheet; hrs.,"Information is classified as unmeasurable because modern Information includes publishing/software, motion picture/sound, broadcasting/telecom, and data/internet/other information services.","BEA-BLS historical KLEMS 1963-2016, current BEA-BLS ILPA 1997-2024, and BLS detailed industry hours/employment 1987-2025."
1973,"Agriculture, forestry, fishing, and hunting",1,sector,52217.0,3.545503651004486,10271.322022,6.032323651492895,Griliches measurable sectors,BEA-BLS historical KLEMS 1963-2016 sheet; nominal VA = go. - ii.,BEA-BLS historical KLEMS 1963-2016 sheet; hrs.,"Information is classified as unmeasurable because modern Information includes publishing/software, motion picture/sound, broadcasting/telecom, and data/internet/other information services.","BEA-BLS historical KLEMS 1963-2016, current BEA-BLS ILPA 1997-2024, and BLS detailed industry hours/employment 1987-2025."
1973,Mining,2,sector,19166.0,1.3013601504328471,1333.787231,0.7833301538387419,Griliches measurable sectors,BEA-BLS historical KLEMS 1963-2016 sheet; nominal VA = go. - ii.,BEA-BLS historical KLEMS 1963-2016 sheet; hrs.,"Information is classified as unmeasurable because modern Information includes publishing/software, motion picture/sound, broadcasting/telecom, and data/internet/other information services.","BEA-BLS historical KLEMS 1963-2016, current BEA-BLS ILPA 1997-2024, and BLS detailed industry hours/employment 1987-2025."
1973,Utilities,3,sector,28966.0,1.9667743982801758,1036.018188,0.6084510840438347,Griliches measurable sectors,BEA-BLS historical KLEMS 1963-2016 sheet; nominal VA = go. - ii.,BEA-BLS historical KLEMS 1963-2016 sheet; hrs.,"Information is classified as unmeasurable because modern Information includes publishing/software, motion picture/sound, broadcasting/telecom, and data/internet/other information services.","BEA-BLS historical KLEMS 1963-2016, current BEA-BLS ILPA 1997-2024, and BLS detailed industry hours/employment 1987-2025."
1973,Construction,4,sector,68141.0,4.626733904343349,10075.960938,5.91758853900491,Other sectors,BEA-BLS historical KLEMS 1963-2016 sheet; nominal VA = go. - ii.,BEA-BLS historical KLEMS 1963-2016 sheet; hrs.,"Information is classified as unmeasurable because modern Information includes publishing/software, motion picture/sound, broadcasting/telecom, and data/internet/other information services.","BEA-BLS historical KLEMS 1963-2016, current BEA-BLS ILPA 1997-2024, and BLS detailed industry hours/employment 1987-2025."
1973,Manufacturing,5,sector,315233.0,21.404135672618057,37922.896209000006,22.272029174499284,Griliches measurable sectors,BEA-BLS historical KLEMS 1963-2016 sheet; nominal VA = go. - ii.,BEA-BLS historical KLEMS 1963-2016 sheet; hrs.,"Information is classified as unmeasurable because modern Information includes publishing/software, motion picture/sound, broadcasting/telecom, and data/internet/other information services.","BEA-BLS historical KLEMS 1963-2016, current BEA-BLS ILPA 1997-2024, and BLS detailed industry hours/employment 1987-2025."
1973,Wholesale trade,6,sector,91934.0,6.2422646389384,7479.432129,4.392653178905713,Other sectors,BEA-BLS historical KLEMS 1963-2016 sheet; nominal VA = go. - ii.,BEA-BLS historical KLEMS 1963-2016 sheet; hrs.,"Information is classified as unmeasurable because modern Information includes publishing/software, motion picture/sound, broadcasting/telecom, and data/internet/other information services.","BEA-BLS historical KLEMS 1963-2016, current BEA-BLS ILPA 1997-2024, and BLS detailed industry hours/employment 1987-2025."
1973,Retail trade,7,sector,108577.0,7.372314570257082,17064.347656,10.02185188450965,Other sectors,BEA-BLS historical KLEMS 1963-2016 sheet; nominal VA = go. - ii.,BEA-BLS historical KLEMS 1963-2016 sheet; hrs.,"Information is classified as unmeasurable because modern Information includes publishing/software, motion picture/sound, broadcasting/telecom, and data/internet/other information services.","BEA-BLS historical KLEMS 1963-2016, current BEA-BLS ILPA 1997-2024, and BLS detailed industry hours/employment 1987-2025."
1973,Transportation and warehousing,8,sector,53837.0,3.655500700138432,6111.619331999999,3.589339888904206,Griliches measurable sectors,BEA-BLS historical KLEMS 1963-2016 sheet; nominal VA = go. - ii.,BEA-BLS historical KLEMS 1963-2016 sheet; hrs.,"Information is classified as unmeasurable because modern Information includes publishing/software, motion picture/sound, broadcasting/telecom, and data/internet/other information services.","BEA-BLS historical KLEMS 1963-2016, current BEA-BLS ILPA 1997-2024, and BLS detailed industry hours/employment 1987-2025."
1973,Information,9,sector,54514.0,3.7014686027703343,4583.05977,2.6916203958517646,Other sectors,BEA-BLS historical KLEMS 1963-2016 sheet; nominal VA = go. - ii.,BEA-BLS historical KLEMS 1963-2016 sheet; hrs.,"Information is classified as unmeasurable because modern Information includes publishing/software, motion picture/sound, broadcasting/telecom, and data/internet/other information services.","BEA-BLS historical KLEMS 1963-2016, current BEA-BLS ILPA 1997-2024, and BLS detailed industry hours/employment 1987-2025."
1973,"Finance, insurance, real estate, rental, and leasing",10,sector,204487.0,13.88454727546497,7981.323036,4.687412547006588,Other sectors,BEA-BLS historical KLEMS 1963-2016 sheet; nominal VA = go. - ii.,BEA-BLS historical KLEMS 1963-2016 sheet; hrs.,"Information is classified as unmeasurable because modern Information includes publishing/software, motion picture/sound, broadcasting/telecom, and data/internet/other information services.","BEA-BLS historical KLEMS 1963-2016, current BEA-BLS ILPA 1997-2024, and BLS detailed industry hours/employment 1987-2025."
1973,Professional and business services,11,service_detail,71816.0,4.876264247286097,10394.394654,6.104603923426237,Other sectors,BEA-BLS historical KLEMS 1963-2016 sheet; nominal VA = go. - ii.,BEA-BLS historical KLEMS 1963-2016 sheet; hrs.,"Information is classified as unmeasurable because modern Information includes publishing/software, motion picture/sound, broadcasting/telecom, and data/internet/other information services.","BEA-BLS historical KLEMS 1963-2016, current BEA-BLS ILPA 1997-2024, and BLS detailed industry hours/employment 1987-2025."
1973,"Educational services, health care, and social assistance",12,service_detail,56484.0,3.8352304464702565,12296.1781,7.221516939759613,Other sectors,BEA-BLS historical KLEMS 1963-2016 sheet; nominal VA = go. - ii.,BEA-BLS historical KLEMS 1963-2016 sheet; hrs.,"Information is classified as unmeasurable because modern Information includes publishing/software, motion picture/sound, broadcasting/telecom, and data/internet/other information services.","BEA-BLS historical KLEMS 1963-2016, current BEA-BLS ILPA 1997-2024, and BLS detailed industry hours/employment 1987-2025."
1973,"Arts, entertainment, recreation, accommodation, and food services",13,service_detail,39376.0,2.6736072880853485,10280.011413,6.037426910716401,Other sectors,BEA-BLS historical KLEMS 1963-2016 sheet; nominal VA = go. - ii.,BEA-BLS historical KLEMS 1963-2016 sheet; hrs.,"Information is classified as unmeasurable because modern Information includes publishing/software, motion picture/sound, broadcasting/telecom, and data/internet/other information services.","BEA-BLS historical KLEMS 1963-2016, current BEA-BLS ILPA 1997-2024, and BLS detailed industry hours/employment 1987-2025."
1973,"Other services, except government",14,service_detail,34599.0,2.3492517919662985,5921.386719,3.4776167155651474,Other sectors,BEA-BLS historical KLEMS 1963-2016 sheet; nominal VA = go. - ii.,BEA-BLS historical KLEMS 1963-2016 sheet; hrs.,"Information is classified as unmeasurable because modern Information includes publishing/software, motion picture/sound, broadcasting/telecom, and data/internet/other information services.","BEA-BLS historical KLEMS 1963-2016, current BEA-BLS ILPA 1997-2024, and BLS detailed industry hours/employment 1987-2025."
1973,Services,15,services_total,202275.0,13.734353773808001,38891.970886,22.841164489467403,Other sectors,BEA-BLS historical KLEMS 1963-2016 sheet; nominal VA = go. - ii.,BEA-BLS historical KLEMS 1963-2016 sheet; hrs.,"Information is classified as unmeasurable because modern Information includes publishing/software, motion picture/sound, broadcasting/telecom, and data/internet/other information services.","BEA-BLS historical KLEMS 1963-2016, current BEA-BLS ILPA 1997-2024, and BLS detailed industry hours/employment 1987-2025."
1973,Government,16,sector,273419.78125,18.565042661943867,27519.664063,16.162235012475005,Other sectors,BEA-BLS historical KLEMS 1963-2016 sheet; nominal VA = go. - ii.,BEA-BLS historical KLEMS 1963-2016 sheet; hrs.,"Information is classified as unmeasurable because modern Information includes publishing/software, motion picture/sound, broadcasting/telecom, and data/internet/other information services.","BEA-BLS historical KLEMS 1963-2016, current BEA-BLS ILPA 1997-2024, and BLS detailed industry hours/employment 1987-2025."
1973,Total,17,total,1.47276678125e6,100.0,170271.40146000002,100.0,Total,BEA-BLS historical KLEMS 1963-2016 sheet; nominal VA = go. - ii.,BEA-BLS historical KLEMS 1963-2016 sheet; hrs.,"Information is classified as unmeasurable because modern Information includes publishing/software, motion picture/sound, broadcasting/telecom, and data/internet/other information services.","BEA-BLS historical KLEMS 1963-2016, current BEA-BLS ILPA 1997-2024, and BLS detailed industry hours/employment 1987-2025."
1974,"Agriculture, forestry, fishing, and hunting",1,sector,50078.0,3.092271677884405,9588.252045,5.652499294883235,Griliches measurable sectors,BEA-BLS historical KLEMS 1963-2016 sheet; nominal VA = go. - ii.,BEA-BLS historical KLEMS 1963-2016 sheet; hrs.,"Information is classified as unmeasurable because modern Information includes publishing/software, motion picture/sound, broadcasting/telecom, and data/internet/other information services.","BEA-BLS historical KLEMS 1963-2016, current BEA-BLS ILPA 1997-2024, and BLS detailed industry hours/employment 1987-2025."
1974,Mining,2,sector,29710.0,1.834565908182149,1480.211975,0.8726196501403318,Griliches measurable sectors,BEA-BLS historical KLEMS 1963-2016 sheet; nominal VA = go. - ii.,BEA-BLS historical KLEMS 1963-2016 sheet; hrs.,"Information is classified as unmeasurable because modern Information includes publishing/software, motion picture/sound, broadcasting/telecom, and data/internet/other information services.","BEA-BLS historical KLEMS 1963-2016, current BEA-BLS ILPA 1997-2024, and BLS detailed industry hours/employment 1987-2025."
1974,Utilities,3,sector,30290.0,1.8703803890554458,1038.53479,0.6122405982483441,Griliches measurable sectors,BEA-BLS historical KLEMS 1963-2016 sheet; nominal VA = go. - ii.,BEA-BLS historical KLEMS 1963-2016 sheet; hrs.,"Information is classified as unmeasurable because modern Information includes publishing/software, motion picture/sound, broadcasting/telecom, and data/internet/other information services.","BEA-BLS historical KLEMS 1963-2016, current BEA-BLS ILPA 1997-2024, and BLS detailed industry hours/employment 1987-2025."
1974,Construction,4,sector,72996.0,4.507437665219258,9890.113281,5.8304535680536365,Other sectors,BEA-BLS historical KLEMS 1963-2016 sheet; nominal VA = go. - ii.,BEA-BLS historical KLEMS 1963-2016 sheet; hrs.,"Information is classified as unmeasurable because modern Information includes publishing/software, motion picture/sound, broadcasting/telecom, and data/internet/other information services.","BEA-BLS historical KLEMS 1963-2016, current BEA-BLS ILPA 1997-2024, and BLS detailed industry hours/employment 1987-2025."
1974,Manufacturing,5,sector,331929.0,20.49631865826296,37145.648867,21.89823056833273,Griliches measurable sectors,BEA-BLS historical KLEMS 1963-2016 sheet; nominal VA = go. - ii.,BEA-BLS historical KLEMS 1963-2016 sheet; hrs.,"Information is classified as unmeasurable because modern Information includes publishing/software, motion picture/sound, broadcasting/telecom, and data/internet/other information services.","BEA-BLS historical KLEMS 1963-2016, current BEA-BLS ILPA 1997-2024, and BLS detailed industry hours/employment 1987-2025."
1974,Wholesale trade,6,sector,104466.0,6.450681998120377,7477.619629,4.4082320199716385,Other sectors,BEA-BLS historical KLEMS 1963-2016 sheet; nominal VA = go. - ii.,BEA-BLS historical KLEMS 1963-2016 sheet; hrs.,"Information is classified as unmeasurable because modern Information includes publishing/software, motion picture/sound, broadcasting/telecom, and data/internet/other information services.","BEA-BLS historical KLEMS 1963-2016, current BEA-BLS ILPA 1997-2024, and BLS detailed industry hours/employment 1987-2025."
1974,Retail trade,7,sector,114183.0,7.050698050958005,16929.693359,9.980451006629426,Other sectors,BEA-BLS historical KLEMS 1963-2016 sheet; nominal VA = go. - ii.,BEA-BLS historical KLEMS 1963-2016 sheet; hrs.,"Information is classified as unmeasurable because modern Information includes publishing/software, motion picture/sound, broadcasting/telecom, and data/internet/other information services.","BEA-BLS historical KLEMS 1963-2016, current BEA-BLS ILPA 1997-2024, and BLS detailed industry hours/employment 1987-2025."
1974,Transportation and warehousing,8,sector,59116.0,3.6503600884582945,6064.228303,3.5750047084539758,Griliches measurable sectors,BEA-BLS historical KLEMS 1963-2016 sheet; nominal VA = go. - ii.,BEA-BLS historical KLEMS 1963-2016 sheet; hrs.,"Information is classified as unmeasurable because modern Information includes publishing/software, motion picture/sound, broadcasting/telecom, and data/internet/other information services.","BEA-BLS historical KLEMS 1963-2016, current BEA-BLS ILPA 1997-2024, and BLS detailed industry hours/employment 1987-2025."
1974,Information,9,sector,58901.0,3.637084030893193,4609.793808,2.7175814869056363,Other sectors,BEA-BLS historical KLEMS 1963-2016 sheet; nominal VA = go. - ii.,BEA-BLS historical KLEMS 1963-2016 sheet; hrs.,"Information is classified as unmeasurable because modern Information includes publishing/software, motion picture/sound, broadcasting/telecom, and data/internet/other information services.","BEA-BLS historical KLEMS 1963-2016, current BEA-BLS ILPA 1997-2024, and BLS detailed industry hours/employment 1987-2025."
1974,"Finance, insurance, real estate, rental, and leasing",10,sector,225020.0,13.89478359674006,8255.46014,4.866787231007407,Other sectors,BEA-BLS historical KLEMS 1963-2016 sheet; nominal VA = go. - ii.,BEA-BLS historical KLEMS 1963-2016 sheet; hrs.,"Information is classified as unmeasurable because modern Information includes publishing/software, motion picture/sound, broadcasting/telecom, and data/internet/other information services.","BEA-BLS historical KLEMS 1963-2016, current BEA-BLS ILPA 1997-2024, and BLS detailed industry hours/employment 1987-2025."
1974,Professional and business services,11,service_detail,79318.0,4.897815506738192,10517.694198,6.20042722687861,Other sectors,BEA-BLS historical KLEMS 1963-2016 sheet; nominal VA = go. - ii.,BEA-BLS historical KLEMS 1963-2016 sheet; hrs.,"Information is classified as unmeasurable because modern Information includes publishing/software, motion picture/sound, broadcasting/telecom, and data/internet/other information services.","BEA-BLS historical KLEMS 1963-2016, current BEA-BLS ILPA 1997-2024, and BLS detailed industry hours/employment 1987-2025."
1974,"Educational services, health care, and social assistance",12,service_detail,63486.0,3.920203677107099,12359.515014,7.286223763607141,Other sectors,BEA-BLS historical KLEMS 1963-2016 sheet; nominal VA = go. - ii.,BEA-BLS historical KLEMS 1963-2016 sheet; hrs.,"Information is classified as unmeasurable because modern Information includes publishing/software, motion picture/sound, broadcasting/telecom, and data/internet/other information services.","BEA-BLS historical KLEMS 1963-2016, current BEA-BLS ILPA 1997-2024, and BLS detailed industry hours/employment 1987-2025."
1974,"Arts, entertainment, recreation, accommodation, and food services",13,service_detail,41887.0,2.586484759206519,10313.914551,6.080294349105572,Other sectors,BEA-BLS historical KLEMS 1963-2016 sheet; nominal VA = go. - ii.,BEA-BLS historical KLEMS 1963-2016 sheet; hrs.,"Information is classified as unmeasurable because modern Information includes publishing/software, motion picture/sound, broadcasting/telecom, and data/internet/other information services.","BEA-BLS historical KLEMS 1963-2016, current BEA-BLS ILPA 1997-2024, and BLS detailed industry hours/employment 1987-2025."
1974,"Other services, except government",14,service_detail,37290.0,2.3026241237331653,6045.458496,3.563939467330291,Other sectors,BEA-BLS historical KLEMS 1963-2016 sheet; nominal VA = go. - ii.,BEA-BLS historical KLEMS 1963-2016 sheet; hrs.,"Information is classified as unmeasurable because modern Information includes publishing/software, motion picture/sound, broadcasting/telecom, and data/internet/other information services.","BEA-BLS historical KLEMS 1963-2016, current BEA-BLS ILPA 1997-2024, and BLS detailed industry hours/employment 1987-2025."
1974,Services,15,services_total,221981.0,13.707128066784977,39236.582259,23.130884806921614,Other sectors,BEA-BLS historical KLEMS 1963-2016 sheet; nominal VA = go. - ii.,BEA-BLS historical KLEMS 1963-2016 sheet; hrs.,"Information is classified as unmeasurable because modern Information includes publishing/software, motion picture/sound, broadcasting/telecom, and data/internet/other information services.","BEA-BLS historical KLEMS 1963-2016, current BEA-BLS ILPA 1997-2024, and BLS detailed industry hours/employment 1987-2025."
1974,Government,16,sector,320786.671875,19.808289869440877,27912.401855,16.455015060452038,Other sectors,BEA-BLS historical KLEMS 1963-2016 sheet; nominal VA = go. - ii.,BEA-BLS historical KLEMS 1963-2016 sheet; hrs.,"Information is classified as unmeasurable because modern Information includes publishing/software, motion picture/sound, broadcasting/telecom, and data/internet/other information services.","BEA-BLS historical KLEMS 1963-2016, current BEA-BLS ILPA 1997-2024, and BLS detailed industry hours/employment 1987-2025."
1974,Total,17,total,1.619456671875e6,100.0,169628.540311,99.99999999999999,Total,BEA-BLS historical KLEMS 1963-2016 sheet; nominal VA = go. - ii.,BEA-BLS historical KLEMS 1963-2016 sheet; hrs.,"Information is classified as unmeasurable because modern Information includes publishing/software, motion picture/sound, broadcasting/telecom, and data/internet/other information services.","BEA-BLS historical KLEMS 1963-2016, current BEA-BLS ILPA 1997-2024, and BLS detailed industry hours/employment 1987-2025."
1975,"Agriculture, forestry, fishing, and hunting",1,sector,51401.0,2.846464299533038,9468.320343,5.724649970797076,Griliches measurable sectors,BEA-BLS historical KLEMS 1963-2016 sheet; nominal VA = go. - ii.,BEA-BLS historical KLEMS 1963-2016 sheet; hrs.,"Information is classified as unmeasurable because modern Information includes publishing/software, motion picture/sound, broadcasting/telecom, and data/internet/other information services.","BEA-BLS historical KLEMS 1963-2016, current BEA-BLS ILPA 1997-2024, and BLS detailed industry hours/employment 1987-2025."
1975,Mining,2,sector,34299.0,1.8993964905290492,1562.982239,0.9449961455373308,Griliches measurable sectors,BEA-BLS historical KLEMS 1963-2016 sheet; nominal VA = go. - ii.,BEA-BLS historical KLEMS 1963-2016 sheet; hrs.,"Information is classified as unmeasurable because modern Information includes publishing/software, motion picture/sound, broadcasting/telecom, and data/internet/other information services.","BEA-BLS historical KLEMS 1963-2016, current BEA-BLS ILPA 1997-2024, and BLS detailed industry hours/employment 1987-2025."
1975,Utilities,3,sector,38520.0,2.1331453632811157,1018.187561,0.615607328458616,Griliches measurable sectors,BEA-BLS historical KLEMS 1963-2016 sheet; nominal VA = go. - ii.,BEA-BLS historical KLEMS 1963-2016 sheet; hrs.,"Information is classified as unmeasurable because modern Information includes publishing/software, motion picture/sound, broadcasting/telecom, and data/internet/other information services.","BEA-BLS historical KLEMS 1963-2016, current BEA-BLS ILPA 1997-2024, and BLS detailed industry hours/employment 1987-2025."
1975,Construction,4,sector,73772.0,4.0853167118373435,8929.535156,5.3988945576623975,Other sectors,BEA-BLS historical KLEMS 1963-2016 sheet; nominal VA = go. - ii.,BEA-BLS historical KLEMS 1963-2016 sheet; hrs.,"Information is classified as unmeasurable because modern Information includes publishing/software, motion picture/sound, broadcasting/telecom, and data/internet/other information services.","BEA-BLS historical KLEMS 1963-2016, current BEA-BLS ILPA 1997-2024, and BLS detailed industry hours/employment 1987-2025."
1975,Manufacturing,5,sector,352311.0,19.510139566015916,33532.687472000005,20.27422936732933,Griliches measurable sectors,BEA-BLS historical KLEMS 1963-2016 sheet; nominal VA = go. - ii.,BEA-BLS historical KLEMS 1963-2016 sheet; hrs.,"Information is classified as unmeasurable because modern Information includes publishing/software, motion picture/sound, broadcasting/telecom, and data/internet/other information services.","BEA-BLS historical KLEMS 1963-2016, current BEA-BLS ILPA 1997-2024, and BLS detailed industry hours/employment 1987-2025."
1975,Wholesale trade,6,sector,114239.0,6.326282272997699,7322.127441,4.42703828375245,Other sectors,BEA-BLS historical KLEMS 1963-2016 sheet; nominal VA = go. - ii.,BEA-BLS historical KLEMS 1963-2016 sheet; hrs.,"Information is classified as unmeasurable because modern Information includes publishing/software, motion picture/sound, broadcasting/telecom, and data/internet/other information services.","BEA-BLS historical KLEMS 1963-2016, current BEA-BLS ILPA 1997-2024, and BLS detailed industry hours/employment 1987-2025."
1975,Retail trade,7,sector,128050.0,7.091102382350645,16899.326172,10.217517318005902,Other sectors,BEA-BLS historical KLEMS 1963-2016 sheet; nominal VA = go. - ii.,BEA-BLS historical KLEMS 1963-2016 sheet; hrs.,"Information is classified as unmeasurable because modern Information includes publishing/software, motion picture/sound, broadcasting/telecom, and data/internet/other information services.","BEA-BLS historical KLEMS 1963-2016, current BEA-BLS ILPA 1997-2024, and BLS detailed industry hours/employment 1987-2025."
1975,Transportation and warehousing,8,sector,60074.0,3.3267542719041985,5685.74141,3.4376614032477106,Griliches measurable sectors,BEA-BLS historical KLEMS 1963-2016 sheet; nominal VA = go. - ii.,BEA-BLS historical KLEMS 1963-2016 sheet; hrs.,"Information is classified as unmeasurable because modern Information includes publishing/software, motion picture/sound, broadcasting/telecom, and data/internet/other information services.","BEA-BLS historical KLEMS 1963-2016, current BEA-BLS ILPA 1997-2024, and BLS detailed industry hours/employment 1987-2025."
1975,Information,9,sector,65388.0,3.621030867451339,4481.296005,2.7094405464557805,Other sectors,BEA-BLS historical KLEMS 1963-2016 sheet; nominal VA = go. - ii.,BEA-BLS historical KLEMS 1963-2016 sheet; hrs.,"Information is classified as unmeasurable because modern Information includes publishing/software, motion picture/sound, broadcasting/telecom, and data/internet/other information services.","BEA-BLS historical KLEMS 1963-2016, current BEA-BLS ILPA 1997-2024, and BLS detailed industry hours/employment 1987-2025."
1975,"Finance, insurance, real estate, rental, and leasing",10,sector,249817.0,13.834267269439211,8311.145821999999,5.025009607155677,Other sectors,BEA-BLS historical KLEMS 1963-2016 sheet; nominal VA = go. - ii.,BEA-BLS historical KLEMS 1963-2016 sheet; hrs.,"Information is classified as unmeasurable because modern Information includes publishing/software, motion picture/sound, broadcasting/telecom, and data/internet/other information services.","BEA-BLS historical KLEMS 1963-2016, current BEA-BLS ILPA 1997-2024, and BLS detailed industry hours/employment 1987-2025."
1975,Professional and business services,11,service_detail,87207.0,4.82931484152794,10710.510055,6.475691448157157,Other sectors,BEA-BLS historical KLEMS 1963-2016 sheet; nominal VA = go. - ii.,BEA-BLS historical KLEMS 1963-2016 sheet; hrs.,"Information is classified as unmeasurable because modern Information includes publishing/software, motion picture/sound, broadcasting/telecom, and data/internet/other information services.","BEA-BLS historical KLEMS 1963-2016, current BEA-BLS ILPA 1997-2024, and BLS detailed industry hours/employment 1987-2025."
1975,"Educational services, health care, and social assistance",12,service_detail,73293.0,4.058790838810041,12503.818480999998,7.559945323885054,Other sectors,BEA-BLS historical KLEMS 1963-2016 sheet; nominal VA = go. - ii.,BEA-BLS historical KLEMS 1963-2016 sheet; hrs.,"Information is classified as unmeasurable because modern Information includes publishing/software, motion picture/sound, broadcasting/telecom, and data/internet/other information services.","BEA-BLS historical KLEMS 1963-2016, current BEA-BLS ILPA 1997-2024, and BLS detailed industry hours/employment 1987-2025."
1975,"Arts, entertainment, recreation, accommodation, and food services",13,service_detail,46748.0,2.588792301211464,10383.444824999999,6.277944235183689,Other sectors,BEA-BLS historical KLEMS 1963-2016 sheet; nominal VA = go. - ii.,BEA-BLS historical KLEMS 1963-2016 sheet; hrs.,"Information is classified as unmeasurable because modern Information includes publishing/software, motion picture/sound, broadcasting/telecom, and data/internet/other information services.","BEA-BLS historical KLEMS 1963-2016, current BEA-BLS ILPA 1997-2024, and BLS detailed industry hours/employment 1987-2025."
1975,"Other services, except government",14,service_detail,39930.0,2.2112277870149257,6176.606445,3.7344437687023753,Other sectors,BEA-BLS historical KLEMS 1963-2016 sheet; nominal VA = go. - ii.,BEA-BLS historical KLEMS 1963-2016 sheet; hrs.,"Information is classified as unmeasurable because modern Information includes publishing/software, motion picture/sound, broadcasting/telecom, and data/internet/other information services.","BEA-BLS historical KLEMS 1963-2016, current BEA-BLS ILPA 1997-2024, and BLS detailed industry hours/employment 1987-2025."
1975,Services,15,services_total,247178.0,13.68812576856437,39774.379806,24.048024775928276,Other sectors,BEA-BLS historical KLEMS 1963-2016 sheet; nominal VA = go. - ii.,BEA-BLS historical KLEMS 1963-2016 sheet; hrs.,"Information is classified as unmeasurable because modern Information includes publishing/software, motion picture/sound, broadcasting/telecom, and data/internet/other information services.","BEA-BLS historical KLEMS 1963-2016, current BEA-BLS ILPA 1997-2024, and BLS detailed industry hours/employment 1987-2025."
1975,Government,16,sector,390735.109375,21.637974736096073,28409.891114,17.17693069566945,Other sectors,BEA-BLS historical KLEMS 1963-2016 sheet; nominal VA = go. - ii.,BEA-BLS historical KLEMS 1963-2016 sheet; hrs.,"Information is classified as unmeasurable because modern Information includes publishing/software, motion picture/sound, broadcasting/telecom, and data/internet/other information services.","BEA-BLS historical KLEMS 1963-2016, current BEA-BLS ILPA 1997-2024, and BLS detailed industry hours/employment 1987-2025."
1975,Total,17,total,1.805784109375e6,100.0,165395.620541,100.0,Total,BEA-BLS historical KLEMS 1963-2016 sheet; nominal VA = go. - ii.,BEA-BLS historical KLEMS 1963-2016 sheet; hrs.,"Information is classified as unmeasurable because modern Information includes publishing/software, motion picture/sound, broadcasting/telecom, and data/internet/other information services.","BEA-BLS historical KLEMS 1963-2016, current BEA-BLS ILPA 1997-2024, and BLS detailed industry hours/employment 1987-2025."
1976,"Agriculture, forestry, fishing, and hunting",1,sector,50138.0,2.533452962155542,9428.638489,5.556735351244892,Griliches measurable sectors,BEA-BLS historical KLEMS 1963-2016 sheet; nominal VA = go. - ii.,BEA-BLS historical KLEMS 1963-2016 sheet; hrs.,"Information is classified as unmeasurable because modern Information includes publishing/software, motion picture/sound, broadcasting/telecom, and data/internet/other information services.","BEA-BLS historical KLEMS 1963-2016, current BEA-BLS ILPA 1997-2024, and BLS detailed industry hours/employment 1987-2025."
1976,Mining,2,sector,38060.0,1.9231564828999947,1627.004425,0.9588694078765382,Griliches measurable sectors,BEA-BLS historical KLEMS 1963-2016 sheet; nominal VA = go. - ii.,BEA-BLS historical KLEMS 1963-2016 sheet; hrs.,"Information is classified as unmeasurable because modern Information includes publishing/software, motion picture/sound, broadcasting/telecom, and data/internet/other information services.","BEA-BLS historical KLEMS 1963-2016, current BEA-BLS ILPA 1997-2024, and BLS detailed industry hours/employment 1987-2025."
1976,Utilities,3,sector,42979.0,2.1717115732674426,1014.643677,0.5979767275498734,Griliches measurable sectors,BEA-BLS historical KLEMS 1963-2016 sheet; nominal VA = go. - ii.,BEA-BLS historical KLEMS 1963-2016 sheet; hrs.,"Information is classified as unmeasurable because modern Information includes publishing/software, motion picture/sound, broadcasting/telecom, and data/internet/other information services.","BEA-BLS historical KLEMS 1963-2016, current BEA-BLS ILPA 1997-2024, and BLS detailed industry hours/employment 1987-2025."
1976,Construction,4,sector,84386.0,4.263990619180214,9227.262695,5.438055226356203,Other sectors,BEA-BLS historical KLEMS 1963-2016 sheet; nominal VA = go. - ii.,BEA-BLS historical KLEMS 1963-2016 sheet; hrs.,"Information is classified as unmeasurable because modern Information includes publishing/software, motion picture/sound, broadcasting/telecom, and data/internet/other information services.","BEA-BLS historical KLEMS 1963-2016, current BEA-BLS ILPA 1997-2024, and BLS detailed industry hours/employment 1987-2025."
1976,Manufacturing,5,sector,402687.0,20.3476120501721,35209.50781,20.750601157952627,Griliches measurable sectors,BEA-BLS historical KLEMS 1963-2016 sheet; nominal VA = go. - ii.,BEA-BLS historical KLEMS 1963-2016 sheet; hrs.,"Information is classified as unmeasurable because modern Information includes publishing/software, motion picture/sound, broadcasting/telecom, and data/internet/other information services.","BEA-BLS historical KLEMS 1963-2016, current BEA-BLS ILPA 1997-2024, and BLS detailed industry hours/employment 1987-2025."
1976,Wholesale trade,6,sector,122527.0,6.191239999482072,7545.524902,4.446928898118033,Other sectors,BEA-BLS historical KLEMS 1963-2016 sheet; nominal VA = go. - ii.,BEA-BLS historical KLEMS 1963-2016 sheet; hrs.,"Information is classified as unmeasurable because modern Information includes publishing/software, motion picture/sound, broadcasting/telecom, and data/internet/other information services.","BEA-BLS historical KLEMS 1963-2016, current BEA-BLS ILPA 1997-2024, and BLS detailed industry hours/employment 1987-2025."
1976,Retail trade,7,sector,144953.0,7.324416754224985,17419.150391,10.265915792534207,Other sectors,BEA-BLS historical KLEMS 1963-2016 sheet; nominal VA = go. - ii.,BEA-BLS historical KLEMS 1963-2016 sheet; hrs.,"Information is classified as unmeasurable because modern Information includes publishing/software, motion picture/sound, broadcasting/telecom, and data/internet/other information services.","BEA-BLS historical KLEMS 1963-2016, current BEA-BLS ILPA 1997-2024, and BLS detailed industry hours/employment 1987-2025."
1976,Transportation and warehousing,8,sector,69535.0,3.5135755659078067,5734.198343,3.379429880652621,Griliches measurable sectors,BEA-BLS historical KLEMS 1963-2016 sheet; nominal VA = go. - ii.,BEA-BLS historical KLEMS 1963-2016 sheet; hrs.,"Information is classified as unmeasurable because modern Information includes publishing/software, motion picture/sound, broadcasting/telecom, and data/internet/other information services.","BEA-BLS historical KLEMS 1963-2016, current BEA-BLS ILPA 1997-2024, and BLS detailed industry hours/employment 1987-2025."
1976,Information,9,sector,74716.0,3.775369410834367,4460.623962000001,2.628853241872921,Other sectors,BEA-BLS historical KLEMS 1963-2016 sheet; nominal VA = go. - ii.,BEA-BLS historical KLEMS 1963-2016 sheet; hrs.,"Information is classified as unmeasurable because modern Information includes publishing/software, motion picture/sound, broadcasting/telecom, and data/internet/other information services.","BEA-BLS historical KLEMS 1963-2016, current BEA-BLS ILPA 1997-2024, and BLS detailed industry hours/employment 1987-2025."
1976,"Finance, insurance, real estate, rental, and leasing",10,sector,274717.0,13.881339451204358,8512.714169,5.016938533926389,Other sectors,BEA-BLS historical KLEMS 1963-2016 sheet; nominal VA = go. - ii.,BEA-BLS historical KLEMS 1963-2016 sheet; hrs.,"Information is classified as unmeasurable because modern Information includes publishing/software, motion picture/sound, broadcasting/telecom, and data/internet/other information services.","BEA-BLS historical KLEMS 1963-2016, current BEA-BLS ILPA 1997-2024, and BLS detailed industry hours/employment 1987-2025."
1976,Professional and business services,11,service_detail,98613.0,4.982875203579011,11060.839066,6.5186670932582755,Other sectors,BEA-BLS historical KLEMS 1963-2016 sheet; nominal VA = go. - ii.,BEA-BLS historical KLEMS 1963-2016 sheet; hrs.,"Information is classified as unmeasurable because modern Information includes publishing/software, motion picture/sound, broadcasting/telecom, and data/internet/other information services.","BEA-BLS historical KLEMS 1963-2016, current BEA-BLS ILPA 1997-2024, and BLS detailed industry hours/employment 1987-2025."
1976,"Educational services, health care, and social assistance",12,service_detail,82852.0,4.186478216532589,12833.505737,7.563382039982679,Other sectors,BEA-BLS historical KLEMS 1963-2016 sheet; nominal VA = go. - ii.,BEA-BLS historical KLEMS 1963-2016 sheet; hrs.,"Information is classified as unmeasurable because modern Information includes publishing/software, motion picture/sound, broadcasting/telecom, and data/internet/other information services.","BEA-BLS historical KLEMS 1963-2016, current BEA-BLS ILPA 1997-2024, and BLS detailed industry hours/employment 1987-2025."
1976,"Arts, entertainment, recreation, accommodation, and food services",13,service_detail,53210.0,2.688679885841007,10606.115967,6.250677613951287,Other sectors,BEA-BLS historical KLEMS 1963-2016 sheet; nominal VA = go. - ii.,BEA-BLS historical KLEMS 1963-2016 sheet; hrs.,"Information is classified as unmeasurable because modern Information includes publishing/software, motion picture/sound, broadcasting/telecom, and data/internet/other information services.","BEA-BLS historical KLEMS 1963-2016, current BEA-BLS ILPA 1997-2024, and BLS detailed industry hours/employment 1987-2025."
1976,"Other services, except government",14,service_detail,44534.0,2.2502850974636983,6395.265137,3.769027300050925,Other sectors,BEA-BLS historical KLEMS 1963-2016 sheet; nominal VA = go. - ii.,BEA-BLS historical KLEMS 1963-2016 sheet; hrs.,"Information is classified as unmeasurable because modern Information includes publishing/software, motion picture/sound, broadcasting/telecom, and data/internet/other information services.","BEA-BLS historical KLEMS 1963-2016, current BEA-BLS ILPA 1997-2024, and BLS detailed industry hours/employment 1987-2025."
1976,Services,15,services_total,279209.0,14.108318403416305,40895.725907,24.101754047243166,Other sectors,BEA-BLS historical KLEMS 1963-2016 sheet; nominal VA = go. - ii.,BEA-BLS historical KLEMS 1963-2016 sheet; hrs.,"Information is classified as unmeasurable because modern Information includes publishing/software, motion picture/sound, broadcasting/telecom, and data/internet/other information services.","BEA-BLS historical KLEMS 1963-2016, current BEA-BLS ILPA 1997-2024, and BLS detailed industry hours/employment 1987-2025."
1976,Government,16,sector,395131.125,19.96581672725481,28604.464355,16.857941734672536,Other sectors,BEA-BLS historical KLEMS 1963-2016 sheet; nominal VA = go. - ii.,BEA-BLS historical KLEMS 1963-2016 sheet; hrs.,"Information is classified as unmeasurable because modern Information includes publishing/software, motion picture/sound, broadcasting/telecom, and data/internet/other information services.","BEA-BLS historical KLEMS 1963-2016, current BEA-BLS ILPA 1997-2024, and BLS detailed industry hours/employment 1987-2025."
1976,Total,17,total,1.979038125e6,100.0,169679.459125,99.99999999999999,Total,BEA-BLS historical KLEMS 1963-2016 sheet; nominal VA = go. - ii.,BEA-BLS historical KLEMS 1963-2016 sheet; hrs.,"Information is classified as unmeasurable because modern Information includes publishing/software, motion picture/sound, broadcasting/telecom, and data/internet/other information services.","BEA-BLS historical KLEMS 1963-2016, current BEA-BLS ILPA 1997-2024, and BLS detailed industry hours/employment 1987-2025."
1977,"Agriculture, forestry, fishing, and hunting",1,sector,51254.0,2.352209534420548,9190.599853,5.245239760204254,Griliches measurable sectors,BEA-BLS historical KLEMS 1963-2016 sheet; nominal VA = go. - ii.,BEA-BLS historical KLEMS 1963-2016 sheet; hrs.,"Information is classified as unmeasurable because modern Information includes publishing/software, motion picture/sound, broadcasting/telecom, and data/internet/other information services.","BEA-BLS historical KLEMS 1963-2016, current BEA-BLS ILPA 1997-2024, and BLS detailed industry hours/employment 1987-2025."
1977,Mining,2,sector,44111.0,2.0243944818516564,1754.9234009999998,1.001566181344885,Griliches measurable sectors,BEA-BLS historical KLEMS 1963-2016 sheet; nominal VA = go. - ii.,BEA-BLS historical KLEMS 1963-2016 sheet; hrs.,"Information is classified as unmeasurable because modern Information includes publishing/software, motion picture/sound, broadcasting/telecom, and data/internet/other information services.","BEA-BLS historical KLEMS 1963-2016, current BEA-BLS ILPA 1997-2024, and BLS detailed industry hours/employment 1987-2025."
1977,Utilities,3,sector,47575.0,2.183368490265298,1035.509277,0.5909836701254936,Griliches measurable sectors,BEA-BLS historical KLEMS 1963-2016 sheet; nominal VA = go. - ii.,BEA-BLS historical KLEMS 1963-2016 sheet; hrs.,"Information is classified as unmeasurable because modern Information includes publishing/software, motion picture/sound, broadcasting/telecom, and data/internet/other information services.","BEA-BLS historical KLEMS 1963-2016, current BEA-BLS ILPA 1997-2024, and BLS detailed industry hours/employment 1987-2025."
1977,Construction,4,sector,93083.0,4.271875757842664,9831.923828,5.611254826320336,Other sectors,BEA-BLS historical KLEMS 1963-2016 sheet; nominal VA = go. - ii.,BEA-BLS historical KLEMS 1963-2016 sheet; hrs.,"Information is classified as unmeasurable because modern Information includes publishing/software, motion picture/sound, broadcasting/telecom, and data/internet/other information services.","BEA-BLS historical KLEMS 1963-2016, current BEA-BLS ILPA 1997-2024, and BLS detailed industry hours/employment 1987-2025."
1977,Manufacturing,5,sector,456671.0,20.958088740261562,36629.63638299999,20.9051888049745,Griliches measurable sectors,BEA-BLS historical KLEMS 1963-2016 sheet; nominal VA = go. - ii.,BEA-BLS historical KLEMS 1963-2016 sheet; hrs.,"Information is classified as unmeasurable because modern Information includes publishing/software, motion picture/sound, broadcasting/telecom, and data/internet/other information services.","BEA-BLS historical KLEMS 1963-2016, current BEA-BLS ILPA 1997-2024, and BLS detailed industry hours/employment 1987-2025."
1977,Wholesale trade,6,sector,134716.0,6.1825469161235915,7844.352051,4.476912054604821,Other sectors,BEA-BLS historical KLEMS 1963-2016 sheet; nominal VA = go. - ii.,BEA-BLS historical KLEMS 1963-2016 sheet; hrs.,"Information is classified as unmeasurable because modern Information includes publishing/software, motion picture/sound, broadcasting/telecom, and data/internet/other information services.","BEA-BLS historical KLEMS 1963-2016, current BEA-BLS ILPA 1997-2024, and BLS detailed industry hours/employment 1987-2025."
1977,Retail trade,7,sector,159679.0,7.328178605508619,17928.626953,10.232188153534796,Other sectors,BEA-BLS historical KLEMS 1963-2016 sheet; nominal VA = go. - ii.,BEA-BLS historical KLEMS 1963-2016 sheet; hrs.,"Information is classified as unmeasurable because modern Information includes publishing/software, motion picture/sound, broadcasting/telecom, and data/internet/other information services.","BEA-BLS historical KLEMS 1963-2016, current BEA-BLS ILPA 1997-2024, and BLS detailed industry hours/employment 1987-2025."
1977,Transportation and warehousing,8,sector,77162.0,3.541210287879158,5917.060266,3.376972152760741,Griliches measurable sectors,BEA-BLS historical KLEMS 1963-2016 sheet; nominal VA = go. - ii.,BEA-BLS historical KLEMS 1963-2016 sheet; hrs.,"Information is classified as unmeasurable because modern Information includes publishing/software, motion picture/sound, broadcasting/telecom, and data/internet/other information services.","BEA-BLS historical KLEMS 1963-2016, current BEA-BLS ILPA 1997-2024, and BLS detailed industry hours/employment 1987-2025."
1977,Information,9,sector,84057.0,3.8576438294530773,4621.073394999999,2.637329259674391,Other sectors,BEA-BLS historical KLEMS 1963-2016 sheet; nominal VA = go. - ii.,BEA-BLS historical KLEMS 1963-2016 sheet; hrs.,"Information is classified as unmeasurable because modern Information includes publishing/software, motion picture/sound, broadcasting/telecom, and data/internet/other information services.","BEA-BLS historical KLEMS 1963-2016, current BEA-BLS ILPA 1997-2024, and BLS detailed industry hours/employment 1987-2025."
1977,"Finance, insurance, real estate, rental, and leasing",10,sector,306747.0,14.07759819828501,8967.344136000002,5.117823728363955,Other sectors,BEA-BLS historical KLEMS 1963-2016 sheet; nominal VA = go. - ii.,BEA-BLS historical KLEMS 1963-2016 sheet; hrs.,"Information is classified as unmeasurable because modern Information includes publishing/software, motion picture/sound, broadcasting/telecom, and data/internet/other information services.","BEA-BLS historical KLEMS 1963-2016, current BEA-BLS ILPA 1997-2024, and BLS detailed industry hours/employment 1987-2025."
1977,Professional and business services,11,service_detail,115299.0,5.291438855682577,11577.05838,6.607234336413868,Other sectors,BEA-BLS historical KLEMS 1963-2016 sheet; nominal VA = go. - ii.,BEA-BLS historical KLEMS 1963-2016 sheet; hrs.,"Information is classified as unmeasurable because modern Information includes publishing/software, motion picture/sound, broadcasting/telecom, and data/internet/other information services.","BEA-BLS historical KLEMS 1963-2016, current BEA-BLS ILPA 1997-2024, and BLS detailed industry hours/employment 1987-2025."
1977,"Educational services, health care, and social assistance",12,service_detail,92509.0,4.245533067072043,13333.918091,7.609905604517238,Other sectors,BEA-BLS historical KLEMS 1963-2016 sheet; nominal VA = go. - ii.,BEA-BLS historical KLEMS 1963-2016 sheet; hrs.,"Information is classified as unmeasurable because modern Information includes publishing/software, motion picture/sound, broadcasting/telecom, and data/internet/other information services.","BEA-BLS historical KLEMS 1963-2016, current BEA-BLS ILPA 1997-2024, and BLS detailed industry hours/employment 1987-2025."
1977,"Arts, entertainment, recreation, accommodation, and food services",13,service_detail,60192.0,2.7624028621344996,11023.22699,6.291152853840242,Other sectors,BEA-BLS historical KLEMS 1963-2016 sheet; nominal VA = go. - ii.,BEA-BLS historical KLEMS 1963-2016 sheet; hrs.,"Information is classified as unmeasurable because modern Information includes publishing/software, motion picture/sound, broadcasting/telecom, and data/internet/other information services.","BEA-BLS historical KLEMS 1963-2016, current BEA-BLS ILPA 1997-2024, and BLS detailed industry hours/employment 1987-2025."
1977,"Other services, except government",14,service_detail,48099.0,2.207416521561126,6727.703125,3.8396205351690456,Other sectors,BEA-BLS historical KLEMS 1963-2016 sheet; nominal VA = go. - ii.,BEA-BLS historical KLEMS 1963-2016 sheet; hrs.,"Information is classified as unmeasurable because modern Information includes publishing/software, motion picture/sound, broadcasting/telecom, and data/internet/other information services.","BEA-BLS historical KLEMS 1963-2016, current BEA-BLS ILPA 1997-2024, and BLS detailed industry hours/employment 1987-2025."
1977,Services,15,services_total,316099.0,14.506791306450246,42661.906586,24.347913329940393,Other sectors,BEA-BLS historical KLEMS 1963-2016 sheet; nominal VA = go. - ii.,BEA-BLS historical KLEMS 1963-2016 sheet; hrs.,"Information is classified as unmeasurable because modern Information includes publishing/software, motion picture/sound, broadcasting/telecom, and data/internet/other information services.","BEA-BLS historical KLEMS 1963-2016, current BEA-BLS ILPA 1997-2024, and BLS detailed industry hours/employment 1987-2025."
1977,Government,16,sector,407818.546875,18.71609385165857,28834.960937999997,16.45662807815142,Other sectors,BEA-BLS historical KLEMS 1963-2016 sheet; nominal VA = go. - ii.,BEA-BLS historical KLEMS 1963-2016 sheet; hrs.,"Information is classified as unmeasurable because modern Information includes publishing/software, motion picture/sound, broadcasting/telecom, and data/internet/other information services.","BEA-BLS historical KLEMS 1963-2016, current BEA-BLS ILPA 1997-2024, and BLS detailed industry hours/employment 1987-2025."
1977,Total,17,total,2.178972546875e6,100.0,175217.917067,100.0,Total,BEA-BLS historical KLEMS 1963-2016 sheet; nominal VA = go. - ii.,BEA-BLS historical KLEMS 1963-2016 sheet; hrs.,"Information is classified as unmeasurable because modern Information includes publishing/software, motion picture/sound, broadcasting/telecom, and data/internet/other information services.","BEA-BLS historical KLEMS 1963-2016, current BEA-BLS ILPA 1997-2024, and BLS detailed industry hours/employment 1987-2025."
1978,"Agriculture, forestry, fishing, and hunting",1,sector,59530.0,2.435938678374115,8837.658325,4.8360208453702995,Griliches measurable sectors,BEA-BLS historical KLEMS 1963-2016 sheet; nominal VA = go. - ii.,BEA-BLS historical KLEMS 1963-2016 sheet; hrs.,"Information is classified as unmeasurable because modern Information includes publishing/software, motion picture/sound, broadcasting/telecom, and data/internet/other information services.","BEA-BLS historical KLEMS 1963-2016, current BEA-BLS ILPA 1997-2024, and BLS detailed industry hours/employment 1987-2025."
1978,Mining,2,sector,50538.0,2.0679904069825468,1866.726288,1.0214840752364933,Griliches measurable sectors,BEA-BLS historical KLEMS 1963-2016 sheet; nominal VA = go. - ii.,BEA-BLS historical KLEMS 1963-2016 sheet; hrs.,"Information is classified as unmeasurable because modern Information includes publishing/software, motion picture/sound, broadcasting/telecom, and data/internet/other information services.","BEA-BLS historical KLEMS 1963-2016, current BEA-BLS ILPA 1997-2024, and BLS detailed industry hours/employment 1987-2025."
1978,Utilities,3,sector,52127.0,2.133011514994246,1086.066162,0.5943020657435653,Griliches measurable sectors,BEA-BLS historical KLEMS 1963-2016 sheet; nominal VA = go. - ii.,BEA-BLS historical KLEMS 1963-2016 sheet; hrs.,"Information is classified as unmeasurable because modern Information includes publishing/software, motion picture/sound, broadcasting/telecom, and data/internet/other information services.","BEA-BLS historical KLEMS 1963-2016, current BEA-BLS ILPA 1997-2024, and BLS detailed industry hours/employment 1987-2025."
1978,Construction,4,sector,110131.0,4.506507014749196,10884.262695,5.9559353104439365,Other sectors,BEA-BLS historical KLEMS 1963-2016 sheet; nominal VA = go. - ii.,BEA-BLS historical KLEMS 1963-2016 sheet; hrs.,"Information is classified as unmeasurable because modern Information includes publishing/software, motion picture/sound, broadcasting/telecom, and data/internet/other information services.","BEA-BLS historical KLEMS 1963-2016, current BEA-BLS ILPA 1997-2024, and BLS detailed industry hours/employment 1987-2025."
1978,Manufacturing,5,sector,510012.0,20.869443259447994,38285.236419,20.94991620896525,Griliches measurable sectors,BEA-BLS historical KLEMS 1963-2016 sheet; nominal VA = go. - ii.,BEA-BLS historical KLEMS 1963-2016 sheet; hrs.,"Information is classified as unmeasurable because modern Information includes publishing/software, motion picture/sound, broadcasting/telecom, and data/internet/other information services.","BEA-BLS historical KLEMS 1963-2016, current BEA-BLS ILPA 1997-2024, and BLS detailed industry hours/employment 1987-2025."
1978,Wholesale trade,6,sector,153036.0,6.262158770093415,8301.392578,4.542572939173941,Other sectors,BEA-BLS historical KLEMS 1963-2016 sheet; nominal VA = go. - ii.,BEA-BLS historical KLEMS 1963-2016 sheet; hrs.,"Information is classified as unmeasurable because modern Information includes publishing/software, motion picture/sound, broadcasting/telecom, and data/internet/other information services.","BEA-BLS historical KLEMS 1963-2016, current BEA-BLS ILPA 1997-2024, and BLS detailed industry hours/employment 1987-2025."
1978,Retail trade,7,sector,178622.0,7.309125459575695,18563.460938,10.158039692984543,Other sectors,BEA-BLS historical KLEMS 1963-2016 sheet; nominal VA = go. - ii.,BEA-BLS historical KLEMS 1963-2016 sheet; hrs.,"Information is classified as unmeasurable because modern Information includes publishing/software, motion picture/sound, broadcasting/telecom, and data/internet/other information services.","BEA-BLS historical KLEMS 1963-2016, current BEA-BLS ILPA 1997-2024, and BLS detailed industry hours/employment 1987-2025."
1978,Transportation and warehousing,8,sector,87742.0,3.5903600120594925,6129.802025,3.3542652681012166,Griliches measurable sectors,BEA-BLS historical KLEMS 1963-2016 sheet; nominal VA = go. - ii.,BEA-BLS historical KLEMS 1963-2016 sheet; hrs.,"Information is classified as unmeasurable because modern Information includes publishing/software, motion picture/sound, broadcasting/telecom, and data/internet/other information services.","BEA-BLS historical KLEMS 1963-2016, current BEA-BLS ILPA 1997-2024, and BLS detailed industry hours/employment 1987-2025."
1978,Information,9,sector,96314.0,3.9411220875008315,4852.097504,2.6550975168089224,Other sectors,BEA-BLS historical KLEMS 1963-2016 sheet; nominal VA = go. - ii.,BEA-BLS historical KLEMS 1963-2016 sheet; hrs.,"Information is classified as unmeasurable because modern Information includes publishing/software, motion picture/sound, broadcasting/telecom, and data/internet/other information services.","BEA-BLS historical KLEMS 1963-2016, current BEA-BLS ILPA 1997-2024, and BLS detailed industry hours/employment 1987-2025."
1978,"Finance, insurance, real estate, rental, and leasing",10,sector,352006.0,14.403914503943534,9578.577202,5.241456199638803,Other sectors,BEA-BLS historical KLEMS 1963-2016 sheet; nominal VA = go. - ii.,BEA-BLS historical KLEMS 1963-2016 sheet; hrs.,"Information is classified as unmeasurable because modern Information includes publishing/software, motion picture/sound, broadcasting/telecom, and data/internet/other information services.","BEA-BLS historical KLEMS 1963-2016, current BEA-BLS ILPA 1997-2024, and BLS detailed industry hours/employment 1987-2025."
1978,Professional and business services,11,service_detail,133280.0,5.453752848205981,12208.730759000002,6.6806923593119985,Other sectors,BEA-BLS historical KLEMS 1963-2016 sheet; nominal VA = go. - ii.,BEA-BLS historical KLEMS 1963-2016 sheet; hrs.,"Information is classified as unmeasurable because modern Information includes publishing/software, motion picture/sound, broadcasting/telecom, and data/internet/other information services.","BEA-BLS historical KLEMS 1963-2016, current BEA-BLS ILPA 1997-2024, and BLS detailed industry hours/employment 1987-2025."
1978,"Educational services, health care, and social assistance",12,service_detail,104622.0,4.281081411202027,13991.88086,7.656443032368273,Other sectors,BEA-BLS historical KLEMS 1963-2016 sheet; nominal VA = go. - ii.,BEA-BLS historical KLEMS 1963-2016 sheet; hrs.,"Information is classified as unmeasurable because modern Information includes publishing/software, motion picture/sound, broadcasting/telecom, and data/internet/other information services.","BEA-BLS historical KLEMS 1963-2016, current BEA-BLS ILPA 1997-2024, and BLS detailed industry hours/employment 1987-2025."
1978,"Arts, entertainment, recreation, accommodation, and food services",13,service_detail,69555.0,2.8461568079004125,11547.658752,6.318949702085792,Other sectors,BEA-BLS historical KLEMS 1963-2016 sheet; nominal VA = go. - ii.,BEA-BLS historical KLEMS 1963-2016 sheet; hrs.,"Information is classified as unmeasurable because modern Information includes publishing/software, motion picture/sound, broadcasting/telecom, and data/internet/other information services.","BEA-BLS historical KLEMS 1963-2016, current BEA-BLS ILPA 1997-2024, and BLS detailed industry hours/employment 1987-2025."
1978,"Other services, except government",14,service_detail,55960.0,2.289856012797169,7180.21875,3.9290597432458076,Other sectors,BEA-BLS historical KLEMS 1963-2016 sheet; nominal VA = go. - ii.,BEA-BLS historical KLEMS 1963-2016 sheet; hrs.,"Information is classified as unmeasurable because modern Information includes publishing/software, motion picture/sound, broadcasting/telecom, and data/internet/other information services.","BEA-BLS historical KLEMS 1963-2016, current BEA-BLS ILPA 1997-2024, and BLS detailed industry hours/employment 1987-2025."
1978,Services,15,services_total,363417.0,14.870847080105587,44928.489121000006,24.58514483701187,Other sectors,BEA-BLS historical KLEMS 1963-2016 sheet; nominal VA = go. - ii.,BEA-BLS historical KLEMS 1963-2016 sheet; hrs.,"Information is classified as unmeasurable because modern Information includes publishing/software, motion picture/sound, broadcasting/telecom, and data/internet/other information services.","BEA-BLS historical KLEMS 1963-2016, current BEA-BLS ILPA 1997-2024, and BLS detailed industry hours/employment 1987-2025."
1978,Government,16,sector,430346.78125,17.609581212173346,29432.720214,16.10576504052116,Other sectors,BEA-BLS historical KLEMS 1963-2016 sheet; nominal VA = go. - ii.,BEA-BLS historical KLEMS 1963-2016 sheet; hrs.,"Information is classified as unmeasurable because modern Information includes publishing/software, motion picture/sound, broadcasting/telecom, and data/internet/other information services.","BEA-BLS historical KLEMS 1963-2016, current BEA-BLS ILPA 1997-2024, and BLS detailed industry hours/employment 1987-2025."
1978,Total,17,total,2.44382178125e6,100.0,182746.489471,100.00000000000001,Total,BEA-BLS historical KLEMS 1963-2016 sheet; nominal VA = go. - ii.,BEA-BLS historical KLEMS 1963-2016 sheet; hrs.,"Information is classified as unmeasurable because modern Information includes publishing/software, motion picture/sound, broadcasting/telecom, and data/internet/other information services.","BEA-BLS historical KLEMS 1963-2016, current BEA-BLS ILPA 1997-2024, and BLS detailed industry hours/employment 1987-2025."
1979,"Agriculture, forestry, fishing, and hunting",1,sector,70259.0,2.5519914709022724,8625.76654,4.59377037322403,Griliches measurable sectors,BEA-BLS historical KLEMS 1963-2016 sheet; nominal VA = go. - ii.,BEA-BLS historical KLEMS 1963-2016 sheet; hrs.,"Information is classified as unmeasurable because modern Information includes publishing/software, motion picture/sound, broadcasting/telecom, and data/internet/other information services.","BEA-BLS historical KLEMS 1963-2016, current BEA-BLS ILPA 1997-2024, and BLS detailed industry hours/employment 1987-2025."
1979,Mining,2,sector,59406.0,2.157781996903178,2013.319886,1.072221141302716,Griliches measurable sectors,BEA-BLS historical KLEMS 1963-2016 sheet; nominal VA = go. - ii.,BEA-BLS historical KLEMS 1963-2016 sheet; hrs.,"Information is classified as unmeasurable because modern Information includes publishing/software, motion picture/sound, broadcasting/telecom, and data/internet/other information services.","BEA-BLS historical KLEMS 1963-2016, current BEA-BLS ILPA 1997-2024, and BLS detailed industry hours/employment 1987-2025."
1979,Utilities,3,sector,53782.0,1.953503541013479,1118.101196,0.59546013964472,Griliches measurable sectors,BEA-BLS historical KLEMS 1963-2016 sheet; nominal VA = go. - ii.,BEA-BLS historical KLEMS 1963-2016 sheet; hrs.,"Information is classified as unmeasurable because modern Information includes publishing/software, motion picture/sound, broadcasting/telecom, and data/internet/other information services.","BEA-BLS historical KLEMS 1963-2016, current BEA-BLS ILPA 1997-2024, and BLS detailed industry hours/employment 1987-2025."
1979,Construction,4,sector,125326.0,4.552169587985855,11573.621094,6.163690779942889,Other sectors,BEA-BLS historical KLEMS 1963-2016 sheet; nominal VA = go. - ii.,BEA-BLS historical KLEMS 1963-2016 sheet; hrs.,"Information is classified as unmeasurable because modern Information includes publishing/software, motion picture/sound, broadcasting/telecom, and data/internet/other information services.","BEA-BLS historical KLEMS 1963-2016, current BEA-BLS ILPA 1997-2024, and BLS detailed industry hours/employment 1987-2025."
1979,Manufacturing,5,sector,568047.0,20.63295946528734,39045.00158499999,20.79395154875803,Griliches measurable sectors,BEA-BLS historical KLEMS 1963-2016 sheet; nominal VA = go. - ii.,BEA-BLS historical KLEMS 1963-2016 sheet; hrs.,"Information is classified as unmeasurable because modern Information includes publishing/software, motion picture/sound, broadcasting/telecom, and data/internet/other information services.","BEA-BLS historical KLEMS 1963-2016, current BEA-BLS ILPA 1997-2024, and BLS detailed industry hours/employment 1987-2025."
1979,Wholesale trade,6,sector,175353.0,6.369281663518214,8681.105469,4.62324187947768,Other sectors,BEA-BLS historical KLEMS 1963-2016 sheet; nominal VA = go. - ii.,BEA-BLS historical KLEMS 1963-2016 sheet; hrs.,"Information is classified as unmeasurable because modern Information includes publishing/software, motion picture/sound, broadcasting/telecom, and data/internet/other information services.","BEA-BLS historical KLEMS 1963-2016, current BEA-BLS ILPA 1997-2024, and BLS detailed industry hours/employment 1987-2025."
1979,Retail trade,7,sector,194322.0,7.0582855806184455,18817.345703,10.021435752092112,Other sectors,BEA-BLS historical KLEMS 1963-2016 sheet; nominal VA = go. - ii.,BEA-BLS historical KLEMS 1963-2016 sheet; hrs.,"Information is classified as unmeasurable because modern Information includes publishing/software, motion picture/sound, broadcasting/telecom, and data/internet/other information services.","BEA-BLS historical KLEMS 1963-2016, current BEA-BLS ILPA 1997-2024, and BLS detailed industry hours/employment 1987-2025."
1979,Transportation and warehousing,8,sector,97677.0,3.547885265991848,6270.289618999999,3.3393288062832704,Griliches measurable sectors,BEA-BLS historical KLEMS 1963-2016 sheet; nominal VA = go. - ii.,BEA-BLS historical KLEMS 1963-2016 sheet; hrs.,"Information is classified as unmeasurable because modern Information includes publishing/software, motion picture/sound, broadcasting/telecom, and data/internet/other information services.","BEA-BLS historical KLEMS 1963-2016, current BEA-BLS ILPA 1997-2024, and BLS detailed industry hours/employment 1987-2025."
1979,Information,9,sector,107633.0,3.9095133433100995,5136.336395,2.735426451532888,Other sectors,BEA-BLS historical KLEMS 1963-2016 sheet; nominal VA = go. - ii.,BEA-BLS historical KLEMS 1963-2016 sheet; hrs.,"Information is classified as unmeasurable because modern Information includes publishing/software, motion picture/sound, broadcasting/telecom, and data/internet/other information services.","BEA-BLS historical KLEMS 1963-2016, current BEA-BLS ILPA 1997-2024, and BLS detailed industry hours/employment 1987-2025."
1979,"Finance, insurance, real estate, rental, and leasing",10,sector,395905.0,14.380309758003447,10033.16324,5.343298804564261,Other sectors,BEA-BLS historical KLEMS 1963-2016 sheet; nominal VA = go. - ii.,BEA-BLS historical KLEMS 1963-2016 sheet; hrs.,"Information is classified as unmeasurable because modern Information includes publishing/software, motion picture/sound, broadcasting/telecom, and data/internet/other information services.","BEA-BLS historical KLEMS 1963-2016, current BEA-BLS ILPA 1997-2024, and BLS detailed industry hours/employment 1987-2025."
1979,Professional and business services,11,service_detail,153960.0,5.592231697862393,12720.507491999999,6.774480874035329,Other sectors,BEA-BLS historical KLEMS 1963-2016 sheet; nominal VA = go. - ii.,BEA-BLS historical KLEMS 1963-2016 sheet; hrs.,"Information is classified as unmeasurable because modern Information includes publishing/software, motion picture/sound, broadcasting/telecom, and data/internet/other information services.","BEA-BLS historical KLEMS 1963-2016, current BEA-BLS ILPA 1997-2024, and BLS detailed industry hours/employment 1987-2025."
1979,"Educational services, health care, and social assistance",12,service_detail,118443.0,4.3021609443356414,14503.415039000001,7.723992761428253,Other sectors,BEA-BLS historical KLEMS 1963-2016 sheet; nominal VA = go. - ii.,BEA-BLS historical KLEMS 1963-2016 sheet; hrs.,"Information is classified as unmeasurable because modern Information includes publishing/software, motion picture/sound, broadcasting/telecom, and data/internet/other information services.","BEA-BLS historical KLEMS 1963-2016, current BEA-BLS ILPA 1997-2024, and BLS detailed industry hours/employment 1987-2025."
1979,"Arts, entertainment, recreation, accommodation, and food services",13,service_detail,78866.0,2.864620324003738,12013.874206999999,6.398153618444317,Other sectors,BEA-BLS historical KLEMS 1963-2016 sheet; nominal VA = go. - ii.,BEA-BLS historical KLEMS 1963-2016 sheet; hrs.,"Information is classified as unmeasurable because modern Information includes publishing/software, motion picture/sound, broadcasting/telecom, and data/internet/other information services.","BEA-BLS historical KLEMS 1963-2016, current BEA-BLS ILPA 1997-2024, and BLS detailed industry hours/employment 1987-2025."
1979,"Other services, except government",14,service_detail,61205.0,2.2231264034013236,7565.622559,4.0291761439823945,Other sectors,BEA-BLS historical KLEMS 1963-2016 sheet; nominal VA = go. - ii.,BEA-BLS historical KLEMS 1963-2016 sheet; hrs.,"Information is classified as unmeasurable because modern Information includes publishing/software, motion picture/sound, broadcasting/telecom, and data/internet/other information services.","BEA-BLS historical KLEMS 1963-2016, current BEA-BLS ILPA 1997-2024, and BLS detailed industry hours/employment 1987-2025."
1979,Services,15,services_total,412474.0,14.982139369603097,46803.419297,24.925803397890295,Other sectors,BEA-BLS historical KLEMS 1963-2016 sheet; nominal VA = go. - ii.,BEA-BLS historical KLEMS 1963-2016 sheet; hrs.,"Information is classified as unmeasurable because modern Information includes publishing/software, motion picture/sound, broadcasting/telecom, and data/internet/other information services.","BEA-BLS historical KLEMS 1963-2016, current BEA-BLS ILPA 1997-2024, and BLS detailed industry hours/employment 1987-2025."
1979,Government,16,sector,492920.8125,17.904178956862726,29653.48584,15.792370925287095,Other sectors,BEA-BLS historical KLEMS 1963-2016 sheet; nominal VA = go. - ii.,BEA-BLS historical KLEMS 1963-2016 sheet; hrs.,"Information is classified as unmeasurable because modern Information includes publishing/software, motion picture/sound, broadcasting/telecom, and data/internet/other information services.","BEA-BLS historical KLEMS 1963-2016, current BEA-BLS ILPA 1997-2024, and BLS detailed industry hours/employment 1987-2025."
1979,Total,17,total,2.7531048125e6,100.0,187770.95586400002,100.0,Total,BEA-BLS historical KLEMS 1963-2016 sheet; nominal VA = go. - ii.,BEA-BLS historical KLEMS 1963-2016 sheet; hrs.,"Information is classified as unmeasurable because modern Information includes publishing/software, motion picture/sound, broadcasting/telecom, and data/internet/other information services.","BEA-BLS historical KLEMS 1963-2016, current BEA-BLS ILPA 1997-2024, and BLS detailed industry hours/employment 1987-2025."
1980,"Agriculture, forestry, fishing, and hunting",1,sector,62196.0,2.0606320335082966,8548.147644,4.577412169944315,Griliches measurable sectors,BEA-BLS historical KLEMS 1963-2016 sheet; nominal VA = go. - ii.,BEA-BLS historical KLEMS 1963-2016 sheet; hrs.,"Information is classified as unmeasurable because modern Information includes publishing/software, motion picture/sound, broadcasting/telecom, and data/internet/other information services.","BEA-BLS historical KLEMS 1963-2016, current BEA-BLS ILPA 1997-2024, and BLS detailed industry hours/employment 1987-2025."
1980,Mining,2,sector,91323.0,3.0256463308907033,2213.29184,1.185186478519187,Griliches measurable sectors,BEA-BLS historical KLEMS 1963-2016 sheet; nominal VA = go. - ii.,BEA-BLS historical KLEMS 1963-2016 sheet; hrs.,"Information is classified as unmeasurable because modern Information includes publishing/software, motion picture/sound, broadcasting/telecom, and data/internet/other information services.","BEA-BLS historical KLEMS 1963-2016, current BEA-BLS ILPA 1997-2024, and BLS detailed industry hours/employment 1987-2025."
1980,Utilities,3,sector,61054.0,2.022796131163026,1138.967651,0.6099010690953256,Griliches measurable sectors,BEA-BLS historical KLEMS 1963-2016 sheet; nominal VA = go. - ii.,BEA-BLS historical KLEMS 1963-2016 sheet; hrs.,"Information is classified as unmeasurable because modern Information includes publishing/software, motion picture/sound, broadcasting/telecom, and data/internet/other information services.","BEA-BLS historical KLEMS 1963-2016, current BEA-BLS ILPA 1997-2024, and BLS detailed industry hours/employment 1987-2025."
1980,Construction,4,sector,131905.0,4.370179245930798,11137.006836,5.963709653943763,Other sectors,BEA-BLS historical KLEMS 1963-2016 sheet; nominal VA = go. - ii.,BEA-BLS historical KLEMS 1963-2016 sheet; hrs.,"Information is classified as unmeasurable because modern Information includes publishing/software, motion picture/sound, broadcasting/telecom, and data/internet/other information services.","BEA-BLS historical KLEMS 1963-2016, current BEA-BLS ILPA 1997-2024, and BLS detailed industry hours/employment 1987-2025."
1980,Manufacturing,5,sector,585596.0,19.40153508737418,36990.225587,19.807742662208913,Griliches measurable sectors,BEA-BLS historical KLEMS 1963-2016 sheet; nominal VA = go. - ii.,BEA-BLS historical KLEMS 1963-2016 sheet; hrs.,"Information is classified as unmeasurable because modern Information includes publishing/software, motion picture/sound, broadcasting/telecom, and data/internet/other information services.","BEA-BLS historical KLEMS 1963-2016, current BEA-BLS ILPA 1997-2024, and BLS detailed industry hours/employment 1987-2025."
1980,Wholesale trade,6,sector,187292.0,6.205220509676441,8664.27832,4.639598504547388,Other sectors,BEA-BLS historical KLEMS 1963-2016 sheet; nominal VA = go. - ii.,BEA-BLS historical KLEMS 1963-2016 sheet; hrs.,"Information is classified as unmeasurable because modern Information includes publishing/software, motion picture/sound, broadcasting/telecom, and data/internet/other information services.","BEA-BLS historical KLEMS 1963-2016, current BEA-BLS ILPA 1997-2024, and BLS detailed industry hours/employment 1987-2025."
1980,Retail trade,7,sector,199515.0,6.610183937317638,18433.191406,9.87071330383041,Other sectors,BEA-BLS historical KLEMS 1963-2016 sheet; nominal VA = go. - ii.,BEA-BLS historical KLEMS 1963-2016 sheet; hrs.,"Information is classified as unmeasurable because modern Information includes publishing/software, motion picture/sound, broadcasting/telecom, and data/internet/other information services.","BEA-BLS historical KLEMS 1963-2016, current BEA-BLS ILPA 1997-2024, and BLS detailed industry hours/employment 1987-2025."
1980,Transportation and warehousing,8,sector,102821.0,3.4065895928573635,6031.847306,3.2299689260877527,Griliches measurable sectors,BEA-BLS historical KLEMS 1963-2016 sheet; nominal VA = go. - ii.,BEA-BLS historical KLEMS 1963-2016 sheet; hrs.,"Information is classified as unmeasurable because modern Information includes publishing/software, motion picture/sound, broadcasting/telecom, and data/internet/other information services.","BEA-BLS historical KLEMS 1963-2016, current BEA-BLS ILPA 1997-2024, and BLS detailed industry hours/employment 1987-2025."
1980,Information,9,sector,118908.0,3.939572220728094,5295.3621219999995,2.83559152590427,Other sectors,BEA-BLS historical KLEMS 1963-2016 sheet; nominal VA = go. - ii.,BEA-BLS historical KLEMS 1963-2016 sheet; hrs.,"Information is classified as unmeasurable because modern Information includes publishing/software, motion picture/sound, broadcasting/telecom, and data/internet/other information services.","BEA-BLS historical KLEMS 1963-2016, current BEA-BLS ILPA 1997-2024, and BLS detailed industry hours/employment 1987-2025."
1980,"Finance, insurance, real estate, rental, and leasing",10,sector,449496.0,14.892370193161062,10364.631989,5.550113846798544,Other sectors,BEA-BLS historical KLEMS 1963-2016 sheet; nominal VA = go. - ii.,BEA-BLS historical KLEMS 1963-2016 sheet; hrs.,"Information is classified as unmeasurable because modern Information includes publishing/software, motion picture/sound, broadcasting/telecom, and data/internet/other information services.","BEA-BLS historical KLEMS 1963-2016, current BEA-BLS ILPA 1997-2024, and BLS detailed industry hours/employment 1987-2025."
1980,Professional and business services,11,service_detail,175238.0,5.805856265482135,13064.54898,6.995881211511464,Other sectors,BEA-BLS historical KLEMS 1963-2016 sheet; nominal VA = go. - ii.,BEA-BLS historical KLEMS 1963-2016 sheet; hrs.,"Information is classified as unmeasurable because modern Information includes publishing/software, motion picture/sound, broadcasting/telecom, and data/internet/other information services.","BEA-BLS historical KLEMS 1963-2016, current BEA-BLS ILPA 1997-2024, and BLS detailed industry hours/employment 1987-2025."
1980,"Educational services, health care, and social assistance",12,service_detail,134298.0,4.44946235828827,14813.850464,7.932607416443547,Other sectors,BEA-BLS historical KLEMS 1963-2016 sheet; nominal VA = go. - ii.,BEA-BLS historical KLEMS 1963-2016 sheet; hrs.,"Information is classified as unmeasurable because modern Information includes publishing/software, motion picture/sound, broadcasting/telecom, and data/internet/other information services.","BEA-BLS historical KLEMS 1963-2016, current BEA-BLS ILPA 1997-2024, and BLS detailed industry hours/employment 1987-2025."
1980,"Arts, entertainment, recreation, accommodation, and food services",13,service_detail,83964.0,2.781833366478401,12298.718506,6.585789823553001,Other sectors,BEA-BLS historical KLEMS 1963-2016 sheet; nominal VA = go. - ii.,BEA-BLS historical KLEMS 1963-2016 sheet; hrs.,"Information is classified as unmeasurable because modern Information includes publishing/software, motion picture/sound, broadcasting/telecom, and data/internet/other information services.","BEA-BLS historical KLEMS 1963-2016, current BEA-BLS ILPA 1997-2024, and BLS detailed industry hours/employment 1987-2025."
1980,"Other services, except government",14,service_detail,69260.0,2.2946712753357876,7811.582031,4.182991701168812,Other sectors,BEA-BLS historical KLEMS 1963-2016 sheet; nominal VA = go. - ii.,BEA-BLS historical KLEMS 1963-2016 sheet; hrs.,"Information is classified as unmeasurable because modern Information includes publishing/software, motion picture/sound, broadcasting/telecom, and data/internet/other information services.","BEA-BLS historical KLEMS 1963-2016, current BEA-BLS ILPA 1997-2024, and BLS detailed industry hours/employment 1987-2025."
1980,Services,15,services_total,462760.0,15.331823265584594,47988.699981,25.697270152676822,Other sectors,BEA-BLS historical KLEMS 1963-2016 sheet; nominal VA = go. - ii.,BEA-BLS historical KLEMS 1963-2016 sheet; hrs.,"Information is classified as unmeasurable because modern Information includes publishing/software, motion picture/sound, broadcasting/telecom, and data/internet/other information services.","BEA-BLS historical KLEMS 1963-2016, current BEA-BLS ILPA 1997-2024, and BLS detailed industry hours/employment 1987-2025."
1980,Government,16,sector,565431.25,18.733451451807802,29940.644530999998,16.032791706443305,Other sectors,BEA-BLS historical KLEMS 1963-2016 sheet; nominal VA = go. - ii.,BEA-BLS historical KLEMS 1963-2016 sheet; hrs.,"Information is classified as unmeasurable because modern Information includes publishing/software, motion picture/sound, broadcasting/telecom, and data/internet/other information services.","BEA-BLS historical KLEMS 1963-2016, current BEA-BLS ILPA 1997-2024, and BLS detailed industry hours/employment 1987-2025."
1980,Total,17,total,3.01829725e6,100.0,186746.295213,100.0,Total,BEA-BLS historical KLEMS 1963-2016 sheet; nominal VA = go. - ii.,BEA-BLS historical KLEMS 1963-2016 sheet; hrs.,"Information is classified as unmeasurable because modern Information includes publishing/software, motion picture/sound, broadcasting/telecom, and data/internet/other information services.","BEA-BLS historical KLEMS 1963-2016, current BEA-BLS ILPA 1997-2024, and BLS detailed industry hours/employment 1987-2025."
1981,"Agriculture, forestry, fishing, and hunting",1,sector,75671.0,2.1579091613736012,8513.860107,4.528432792166486,Griliches measurable sectors,BEA-BLS historical KLEMS 1963-2016 sheet; nominal VA = go. - ii.,BEA-BLS historical KLEMS 1963-2016 sheet; hrs.,"Information is classified as unmeasurable because modern Information includes publishing/software, motion picture/sound, broadcasting/telecom, and data/internet/other information services.","BEA-BLS historical KLEMS 1963-2016, current BEA-BLS ILPA 1997-2024, and BLS detailed industry hours/employment 1987-2025."
1981,Mining,2,sector,122201.0,3.4848047128888937,2499.505677,1.3294608238426266,Griliches measurable sectors,BEA-BLS historical KLEMS 1963-2016 sheet; nominal VA = go. - ii.,BEA-BLS historical KLEMS 1963-2016 sheet; hrs.,"Information is classified as unmeasurable because modern Information includes publishing/software, motion picture/sound, broadcasting/telecom, and data/internet/other information services.","BEA-BLS historical KLEMS 1963-2016, current BEA-BLS ILPA 1997-2024, and BLS detailed industry hours/employment 1987-2025."
1981,Utilities,3,sector,72095.0,2.0559324046098215,1165.391357,0.6198594257388824,Griliches measurable sectors,BEA-BLS historical KLEMS 1963-2016 sheet; nominal VA = go. - ii.,BEA-BLS historical KLEMS 1963-2016 sheet; hrs.,"Information is classified as unmeasurable because modern Information includes publishing/software, motion picture/sound, broadcasting/telecom, and data/internet/other information services.","BEA-BLS historical KLEMS 1963-2016, current BEA-BLS ILPA 1997-2024, and BLS detailed industry hours/employment 1987-2025."
1981,Construction,4,sector,133359.0,3.802997288943216,10707.547852,5.695232269182106,Other sectors,BEA-BLS historical KLEMS 1963-2016 sheet; nominal VA = go. - ii.,BEA-BLS historical KLEMS 1963-2016 sheet; hrs.,"Information is classified as unmeasurable because modern Information includes publishing/software, motion picture/sound, broadcasting/telecom, and data/internet/other information services.","BEA-BLS historical KLEMS 1963-2016, current BEA-BLS ILPA 1997-2024, and BLS detailed industry hours/employment 1987-2025."
1981,Manufacturing,5,sector,651190.0,18.5699788134804,36857.06286600001,19.603884725344372,Griliches measurable sectors,BEA-BLS historical KLEMS 1963-2016 sheet; nominal VA = go. - ii.,BEA-BLS historical KLEMS 1963-2016 sheet; hrs.,"Information is classified as unmeasurable because modern Information includes publishing/software, motion picture/sound, broadcasting/telecom, and data/internet/other information services.","BEA-BLS historical KLEMS 1963-2016, current BEA-BLS ILPA 1997-2024, and BLS detailed industry hours/employment 1987-2025."
1981,Wholesale trade,6,sector,207181.0,5.908178535535993,8871.606445,4.718714312877015,Other sectors,BEA-BLS historical KLEMS 1963-2016 sheet; nominal VA = go. - ii.,BEA-BLS historical KLEMS 1963-2016 sheet; hrs.,"Information is classified as unmeasurable because modern Information includes publishing/software, motion picture/sound, broadcasting/telecom, and data/internet/other information services.","BEA-BLS historical KLEMS 1963-2016, current BEA-BLS ILPA 1997-2024, and BLS detailed industry hours/employment 1987-2025."
1981,Retail trade,7,sector,219259.0,6.252606742525068,18462.257812,9.819881069522568,Other sectors,BEA-BLS historical KLEMS 1963-2016 sheet; nominal VA = go. - ii.,BEA-BLS historical KLEMS 1963-2016 sheet; hrs.,"Information is classified as unmeasurable because modern Information includes publishing/software, motion picture/sound, broadcasting/telecom, and data/internet/other information services.","BEA-BLS historical KLEMS 1963-2016, current BEA-BLS ILPA 1997-2024, and BLS detailed industry hours/employment 1987-2025."
1981,Transportation and warehousing,8,sector,110378.0,3.147648338387168,5878.624925,3.126778869825427,Griliches measurable sectors,BEA-BLS historical KLEMS 1963-2016 sheet; nominal VA = go. - ii.,BEA-BLS historical KLEMS 1963-2016 sheet; hrs.,"Information is classified as unmeasurable because modern Information includes publishing/software, motion picture/sound, broadcasting/telecom, and data/internet/other information services.","BEA-BLS historical KLEMS 1963-2016, current BEA-BLS ILPA 1997-2024, and BLS detailed industry hours/employment 1987-2025."
1981,Information,9,sector,137354.0,3.9169226645783675,5428.666688,2.8874508082965646,Other sectors,BEA-BLS historical KLEMS 1963-2016 sheet; nominal VA = go. - ii.,BEA-BLS historical KLEMS 1963-2016 sheet; hrs.,"Information is classified as unmeasurable because modern Information includes publishing/software, motion picture/sound, broadcasting/telecom, and data/internet/other information services.","BEA-BLS historical KLEMS 1963-2016, current BEA-BLS ILPA 1997-2024, and BLS detailed industry hours/employment 1987-2025."
1981,"Finance, insurance, real estate, rental, and leasing",10,sector,505500.0,14.415338519041052,10617.469469,5.647320523121449,Other sectors,BEA-BLS historical KLEMS 1963-2016 sheet; nominal VA = go. - ii.,BEA-BLS historical KLEMS 1963-2016 sheet; hrs.,"Information is classified as unmeasurable because modern Information includes publishing/software, motion picture/sound, broadcasting/telecom, and data/internet/other information services.","BEA-BLS historical KLEMS 1963-2016, current BEA-BLS ILPA 1997-2024, and BLS detailed industry hours/employment 1987-2025."
1981,Professional and business services,11,service_detail,199630.0,5.692846742939991,13510.641724000001,7.18616846615452,Other sectors,BEA-BLS historical KLEMS 1963-2016 sheet; nominal VA = go. - ii.,BEA-BLS historical KLEMS 1963-2016 sheet; hrs.,"Information is classified as unmeasurable because modern Information includes publishing/software, motion picture/sound, broadcasting/telecom, and data/internet/other information services.","BEA-BLS historical KLEMS 1963-2016, current BEA-BLS ILPA 1997-2024, and BLS detailed industry hours/employment 1987-2025."
1981,"Educational services, health care, and social assistance",12,service_detail,152796.0,4.3572820264201715,15258.360718999998,8.115761847885457,Other sectors,BEA-BLS historical KLEMS 1963-2016 sheet; nominal VA = go. - ii.,BEA-BLS historical KLEMS 1963-2016 sheet; hrs.,"Information is classified as unmeasurable because modern Information includes publishing/software, motion picture/sound, broadcasting/telecom, and data/internet/other information services.","BEA-BLS historical KLEMS 1963-2016, current BEA-BLS ILPA 1997-2024, and BLS detailed industry hours/employment 1987-2025."
1981,"Arts, entertainment, recreation, accommodation, and food services",13,service_detail,94025.0,2.681309998521929,12628.577697,6.71700787219866,Other sectors,BEA-BLS historical KLEMS 1963-2016 sheet; nominal VA = go. - ii.,BEA-BLS historical KLEMS 1963-2016 sheet; hrs.,"Information is classified as unmeasurable because modern Information includes publishing/software, motion picture/sound, broadcasting/telecom, and data/internet/other information services.","BEA-BLS historical KLEMS 1963-2016, current BEA-BLS ILPA 1997-2024, and BLS detailed industry hours/employment 1987-2025."
1981,"Other services, except government",14,service_detail,76703.0,2.1873386952047595,8052.209961,4.282885927009985,Other sectors,BEA-BLS historical KLEMS 1963-2016 sheet; nominal VA = go. - ii.,BEA-BLS historical KLEMS 1963-2016 sheet; hrs.,"Information is classified as unmeasurable because modern Information includes publishing/software, motion picture/sound, broadcasting/telecom, and data/internet/other information services.","BEA-BLS historical KLEMS 1963-2016, current BEA-BLS ILPA 1997-2024, and BLS detailed industry hours/employment 1987-2025."
1981,Services,15,services_total,523154.0,14.918777463086851,49449.790101,26.301824113248617,Other sectors,BEA-BLS historical KLEMS 1963-2016 sheet; nominal VA = go. - ii.,BEA-BLS historical KLEMS 1963-2016 sheet; hrs.,"Information is classified as unmeasurable because modern Information includes publishing/software, motion picture/sound, broadcasting/telecom, and data/internet/other information services.","BEA-BLS historical KLEMS 1963-2016, current BEA-BLS ILPA 1997-2024, and BLS detailed industry hours/employment 1987-2025."
1981,Government,16,sector,749339.4375,21.368905355549565,29557.192382999998,15.721160266833905,Other sectors,BEA-BLS historical KLEMS 1963-2016 sheet; nominal VA = go. - ii.,BEA-BLS historical KLEMS 1963-2016 sheet; hrs.,"Information is classified as unmeasurable because modern Information includes publishing/software, motion picture/sound, broadcasting/telecom, and data/internet/other information services.","BEA-BLS historical KLEMS 1963-2016, current BEA-BLS ILPA 1997-2024, and BLS detailed industry hours/employment 1987-2025."
1981,Total,17,total,3.5066814375e6,100.0,188008.97568199996,100.0,Total,BEA-BLS historical KLEMS 1963-2016 sheet; nominal VA = go. - ii.,BEA-BLS historical KLEMS 1963-2016 sheet; hrs.,"Information is classified as unmeasurable because modern Information includes publishing/software, motion picture/sound, broadcasting/telecom, and data/internet/other information services.","BEA-BLS historical KLEMS 1963-2016, current BEA-BLS ILPA 1997-2024, and BLS detailed industry hours/employment 1987-2025."
1982,"Agriculture, forestry, fishing, and hunting",1,sector,71701.0,2.0444982254352206,8181.168762,4.444145369800956,Griliches measurable sectors,BEA-BLS historical KLEMS 1963-2016 sheet; nominal VA = go. - ii.,BEA-BLS historical KLEMS 1963-2016 sheet; hrs.,"Information is classified as unmeasurable because modern Information includes publishing/software, motion picture/sound, broadcasting/telecom, and data/internet/other information services.","BEA-BLS historical KLEMS 1963-2016, current BEA-BLS ILPA 1997-2024, and BLS detailed industry hours/employment 1987-2025."
1982,Mining,2,sector,119265.0,3.400748676539122,2372.21643,1.2886269639758656,Griliches measurable sectors,BEA-BLS historical KLEMS 1963-2016 sheet; nominal VA = go. - ii.,BEA-BLS historical KLEMS 1963-2016 sheet; hrs.,"Information is classified as unmeasurable because modern Information includes publishing/software, motion picture/sound, broadcasting/telecom, and data/internet/other information services.","BEA-BLS historical KLEMS 1963-2016, current BEA-BLS ILPA 1997-2024, and BLS detailed industry hours/employment 1987-2025."
1982,Utilities,3,sector,83268.0,2.3743222303111526,1185.032227,0.6437289876171075,Griliches measurable sectors,BEA-BLS historical KLEMS 1963-2016 sheet; nominal VA = go. - ii.,BEA-BLS historical KLEMS 1963-2016 sheet; hrs.,"Information is classified as unmeasurable because modern Information includes publishing/software, motion picture/sound, broadcasting/telecom, and data/internet/other information services.","BEA-BLS historical KLEMS 1963-2016, current BEA-BLS ILPA 1997-2024, and BLS detailed industry hours/employment 1987-2025."
1982,Construction,4,sector,131177.0,3.7404100879752855,10109.655273,5.491730946863306,Other sectors,BEA-BLS historical KLEMS 1963-2016 sheet; nominal VA = go. - ii.,BEA-BLS historical KLEMS 1963-2016 sheet; hrs.,"Information is classified as unmeasurable because modern Information includes publishing/software, motion picture/sound, broadcasting/telecom, and data/internet/other information services.","BEA-BLS historical KLEMS 1963-2016, current BEA-BLS ILPA 1997-2024, and BLS detailed industry hours/employment 1987-2025."
1982,Manufacturing,5,sector,641780.0,18.29985733978349,33462.61251900001,18.177441245131153,Griliches measurable sectors,BEA-BLS historical KLEMS 1963-2016 sheet; nominal VA = go. - ii.,BEA-BLS historical KLEMS 1963-2016 sheet; hrs.,"Information is classified as unmeasurable because modern Information includes publishing/software, motion picture/sound, broadcasting/telecom, and data/internet/other information services.","BEA-BLS historical KLEMS 1963-2016, current BEA-BLS ILPA 1997-2024, and BLS detailed industry hours/employment 1987-2025."
1982,Wholesale trade,6,sector,207865.0,5.927108738094199,8633.064453,4.689622538310031,Other sectors,BEA-BLS historical KLEMS 1963-2016 sheet; nominal VA = go. - ii.,BEA-BLS historical KLEMS 1963-2016 sheet; hrs.,"Information is classified as unmeasurable because modern Information includes publishing/software, motion picture/sound, broadcasting/telecom, and data/internet/other information services.","BEA-BLS historical KLEMS 1963-2016, current BEA-BLS ILPA 1997-2024, and BLS detailed industry hours/employment 1987-2025."
1982,Retail trade,7,sector,228163.0,6.505890414498769,18261.294922,9.919835617024521,Other sectors,BEA-BLS historical KLEMS 1963-2016 sheet; nominal VA = go. - ii.,BEA-BLS historical KLEMS 1963-2016 sheet; hrs.,"Information is classified as unmeasurable because modern Information includes publishing/software, motion picture/sound, broadcasting/telecom, and data/internet/other information services.","BEA-BLS historical KLEMS 1963-2016, current BEA-BLS ILPA 1997-2024, and BLS detailed industry hours/employment 1987-2025."
1982,Transportation and warehousing,8,sector,106475.0,3.0360517782627174,5466.821527,2.9696673279241708,Griliches measurable sectors,BEA-BLS historical KLEMS 1963-2016 sheet; nominal VA = go. - ii.,BEA-BLS historical KLEMS 1963-2016 sheet; hrs.,"Information is classified as unmeasurable because modern Information includes publishing/software, motion picture/sound, broadcasting/telecom, and data/internet/other information services.","BEA-BLS historical KLEMS 1963-2016, current BEA-BLS ILPA 1997-2024, and BLS detailed industry hours/employment 1987-2025."
1982,Information,9,sector,150122.0,4.2806120221306,5505.81369,2.990848511896302,Other sectors,BEA-BLS historical KLEMS 1963-2016 sheet; nominal VA = go. - ii.,BEA-BLS historical KLEMS 1963-2016 sheet; hrs.,"Information is classified as unmeasurable because modern Information includes publishing/software, motion picture/sound, broadcasting/telecom, and data/internet/other information services.","BEA-BLS historical KLEMS 1963-2016, current BEA-BLS ILPA 1997-2024, and BLS detailed industry hours/employment 1987-2025."
1982,"Finance, insurance, real estate, rental, and leasing",10,sector,547564.0,15.613361407960992,10552.921137,5.7325202514717635,Other sectors,BEA-BLS historical KLEMS 1963-2016 sheet; nominal VA = go. - ii.,BEA-BLS historical KLEMS 1963-2016 sheet; hrs.,"Information is classified as unmeasurable because modern Information includes publishing/software, motion picture/sound, broadcasting/telecom, and data/internet/other information services.","BEA-BLS historical KLEMS 1963-2016, current BEA-BLS ILPA 1997-2024, and BLS detailed industry hours/employment 1987-2025."
1982,Professional and business services,11,service_detail,215759.0,6.152200005881058,13958.531189000001,7.582503619892517,Other sectors,BEA-BLS historical KLEMS 1963-2016 sheet; nominal VA = go. - ii.,BEA-BLS historical KLEMS 1963-2016 sheet; hrs.,"Information is classified as unmeasurable because modern Information includes publishing/software, motion picture/sound, broadcasting/telecom, and data/internet/other information services.","BEA-BLS historical KLEMS 1963-2016, current BEA-BLS ILPA 1997-2024, and BLS detailed industry hours/employment 1987-2025."
1982,"Educational services, health care, and social assistance",12,service_detail,169310.0,4.827742912210948,15747.684205,8.554400951830456,Other sectors,BEA-BLS historical KLEMS 1963-2016 sheet; nominal VA = go. - ii.,BEA-BLS historical KLEMS 1963-2016 sheet; hrs.,"Information is classified as unmeasurable because modern Information includes publishing/software, motion picture/sound, broadcasting/telecom, and data/internet/other information services.","BEA-BLS historical KLEMS 1963-2016, current BEA-BLS ILPA 1997-2024, and BLS detailed industry hours/employment 1987-2025."
1982,"Arts, entertainment, recreation, accommodation, and food services",13,service_detail,101129.0,2.8836147479120013,12979.221008,7.050526229729729,Other sectors,BEA-BLS historical KLEMS 1963-2016 sheet; nominal VA = go. - ii.,BEA-BLS historical KLEMS 1963-2016 sheet; hrs.,"Information is classified as unmeasurable because modern Information includes publishing/software, motion picture/sound, broadcasting/telecom, and data/internet/other information services.","BEA-BLS historical KLEMS 1963-2016, current BEA-BLS ILPA 1997-2024, and BLS detailed industry hours/employment 1987-2025."
1982,"Other services, except government",14,service_detail,79046.0,2.2539351853914513,8304.897461,4.511356833195573,Other sectors,BEA-BLS historical KLEMS 1963-2016 sheet; nominal VA = go. - ii.,BEA-BLS historical KLEMS 1963-2016 sheet; hrs.,"Information is classified as unmeasurable because modern Information includes publishing/software, motion picture/sound, broadcasting/telecom, and data/internet/other information services.","BEA-BLS historical KLEMS 1963-2016, current BEA-BLS ILPA 1997-2024, and BLS detailed industry hours/employment 1987-2025."
1982,Services,15,services_total,565244.0,16.117492851395458,50990.333863,27.698787634648273,Other sectors,BEA-BLS historical KLEMS 1963-2016 sheet; nominal VA = go. - ii.,BEA-BLS historical KLEMS 1963-2016 sheet; hrs.,"Information is classified as unmeasurable because modern Information includes publishing/software, motion picture/sound, broadcasting/telecom, and data/internet/other information services.","BEA-BLS historical KLEMS 1963-2016, current BEA-BLS ILPA 1997-2024, and BLS detailed industry hours/employment 1987-2025."
1982,Government,16,sector,654397.875,18.659646227612996,29367.75,15.95304460533655,Other sectors,BEA-BLS historical KLEMS 1963-2016 sheet; nominal VA = go. - ii.,BEA-BLS historical KLEMS 1963-2016 sheet; hrs.,"Information is classified as unmeasurable because modern Information includes publishing/software, motion picture/sound, broadcasting/telecom, and data/internet/other information services.","BEA-BLS historical KLEMS 1963-2016, current BEA-BLS ILPA 1997-2024, and BLS detailed industry hours/employment 1987-2025."
1982,Total,17,total,3.507021875e6,100.0,184088.684803,100.0,Total,BEA-BLS historical KLEMS 1963-2016 sheet; nominal VA = go. - ii.,BEA-BLS historical KLEMS 1963-2016 sheet; hrs.,"Information is classified as unmeasurable because modern Information includes publishing/software, motion picture/sound, broadcasting/telecom, and data/internet/other information services.","BEA-BLS historical KLEMS 1963-2016, current BEA-BLS ILPA 1997-2024, and BLS detailed industry hours/employment 1987-2025."
1983,"Agriculture, forestry, fishing, and hunting",1,sector,57282.0,1.528907732214491,8068.412292,4.315971203293982,Griliches measurable sectors,BEA-BLS historical KLEMS 1963-2016 sheet; nominal VA = go. - ii.,BEA-BLS historical KLEMS 1963-2016 sheet; hrs.,"Information is classified as unmeasurable because modern Information includes publishing/software, motion picture/sound, broadcasting/telecom, and data/internet/other information services.","BEA-BLS historical KLEMS 1963-2016, current BEA-BLS ILPA 1997-2024, and BLS detailed industry hours/employment 1987-2025."
1983,Mining,2,sector,103315.0,2.75756960919207,1970.7730109999998,1.0542098316094546,Griliches measurable sectors,BEA-BLS historical KLEMS 1963-2016 sheet; nominal VA = go. - ii.,BEA-BLS historical KLEMS 1963-2016 sheet; hrs.,"Information is classified as unmeasurable because modern Information includes publishing/software, motion picture/sound, broadcasting/telecom, and data/internet/other information services.","BEA-BLS historical KLEMS 1963-2016, current BEA-BLS ILPA 1997-2024, and BLS detailed industry hours/employment 1987-2025."
1983,Utilities,3,sector,94746.0,2.5288553471665476,1204.792603,0.6444700632918028,Griliches measurable sectors,BEA-BLS historical KLEMS 1963-2016 sheet; nominal VA = go. - ii.,BEA-BLS historical KLEMS 1963-2016 sheet; hrs.,"Information is classified as unmeasurable because modern Information includes publishing/software, motion picture/sound, broadcasting/telecom, and data/internet/other information services.","BEA-BLS historical KLEMS 1963-2016, current BEA-BLS ILPA 1997-2024, and BLS detailed industry hours/employment 1987-2025."
1983,Construction,4,sector,139473.0,3.7226589179000684,10349.693359,5.536278623820104,Other sectors,BEA-BLS historical KLEMS 1963-2016 sheet; nominal VA = go. - ii.,BEA-BLS historical KLEMS 1963-2016 sheet; hrs.,"Information is classified as unmeasurable because modern Information includes publishing/software, motion picture/sound, broadcasting/telecom, and data/internet/other information services.","BEA-BLS historical KLEMS 1963-2016, current BEA-BLS ILPA 1997-2024, and BLS detailed industry hours/employment 1987-2025."
1983,Manufacturing,5,sector,698093.0,18.632725559596572,33805.556516000004,18.083335748601986,Griliches measurable sectors,BEA-BLS historical KLEMS 1963-2016 sheet; nominal VA = go. - ii.,BEA-BLS historical KLEMS 1963-2016 sheet; hrs.,"Information is classified as unmeasurable because modern Information includes publishing/software, motion picture/sound, broadcasting/telecom, and data/internet/other information services.","BEA-BLS historical KLEMS 1963-2016, current BEA-BLS ILPA 1997-2024, and BLS detailed industry hours/employment 1987-2025."
1983,Wholesale trade,6,sector,223869.0,5.975263522627107,8567.746094,4.583075837051994,Other sectors,BEA-BLS historical KLEMS 1963-2016 sheet; nominal VA = go. - ii.,BEA-BLS historical KLEMS 1963-2016 sheet; hrs.,"Information is classified as unmeasurable because modern Information includes publishing/software, motion picture/sound, broadcasting/telecom, and data/internet/other information services.","BEA-BLS historical KLEMS 1963-2016, current BEA-BLS ILPA 1997-2024, and BLS detailed industry hours/employment 1987-2025."
1983,Retail trade,7,sector,256820.0,6.854755137518341,18689.337891,9.997337918163378,Other sectors,BEA-BLS historical KLEMS 1963-2016 sheet; nominal VA = go. - ii.,BEA-BLS historical KLEMS 1963-2016 sheet; hrs.,"Information is classified as unmeasurable because modern Information includes publishing/software, motion picture/sound, broadcasting/telecom, and data/internet/other information services.","BEA-BLS historical KLEMS 1963-2016, current BEA-BLS ILPA 1997-2024, and BLS detailed industry hours/employment 1987-2025."
1983,Transportation and warehousing,8,sector,118137.0,3.1531820250798392,5427.535881000001,2.9033083238033464,Griliches measurable sectors,BEA-BLS historical KLEMS 1963-2016 sheet; nominal VA = go. - ii.,BEA-BLS historical KLEMS 1963-2016 sheet; hrs.,"Information is classified as unmeasurable because modern Information includes publishing/software, motion picture/sound, broadcasting/telecom, and data/internet/other information services.","BEA-BLS historical KLEMS 1963-2016, current BEA-BLS ILPA 1997-2024, and BLS detailed industry hours/employment 1987-2025."
1983,Information,9,sector,169806.0,4.532273774945251,5287.874055,2.8286001411522044,Other sectors,BEA-BLS historical KLEMS 1963-2016 sheet; nominal VA = go. - ii.,BEA-BLS historical KLEMS 1963-2016 sheet; hrs.,"Information is classified as unmeasurable because modern Information includes publishing/software, motion picture/sound, broadcasting/telecom, and data/internet/other information services.","BEA-BLS historical KLEMS 1963-2016, current BEA-BLS ILPA 1997-2024, and BLS detailed industry hours/employment 1987-2025."
1983,"Finance, insurance, real estate, rental, and leasing",10,sector,614735.0,16.407826101792452,10816.465821,5.785965480611015,Other sectors,BEA-BLS historical KLEMS 1963-2016 sheet; nominal VA = go. - ii.,BEA-BLS historical KLEMS 1963-2016 sheet; hrs.,"Information is classified as unmeasurable because modern Information includes publishing/software, motion picture/sound, broadcasting/telecom, and data/internet/other information services.","BEA-BLS historical KLEMS 1963-2016, current BEA-BLS ILPA 1997-2024, and BLS detailed industry hours/employment 1987-2025."
1983,Professional and business services,11,service_detail,245515.0,6.553014592274026,14756.975983000002,7.893831039531726,Other sectors,BEA-BLS historical KLEMS 1963-2016 sheet; nominal VA = go. - ii.,BEA-BLS historical KLEMS 1963-2016 sheet; hrs.,"Information is classified as unmeasurable because modern Information includes publishing/software, motion picture/sound, broadcasting/telecom, and data/internet/other information services.","BEA-BLS historical KLEMS 1963-2016, current BEA-BLS ILPA 1997-2024, and BLS detailed industry hours/employment 1987-2025."
1983,"Educational services, health care, and social assistance",12,service_detail,190331.0,5.080104353551138,16498.54663,8.825435485230033,Other sectors,BEA-BLS historical KLEMS 1963-2016 sheet; nominal VA = go. - ii.,BEA-BLS historical KLEMS 1963-2016 sheet; hrs.,"Information is classified as unmeasurable because modern Information includes publishing/software, motion picture/sound, broadcasting/telecom, and data/internet/other information services.","BEA-BLS historical KLEMS 1963-2016, current BEA-BLS ILPA 1997-2024, and BLS detailed industry hours/employment 1987-2025."
1983,"Arts, entertainment, recreation, accommodation, and food services",13,service_detail,112596.0,3.0052877870259915,13572.453125,7.260203708682445,Other sectors,BEA-BLS historical KLEMS 1963-2016 sheet; nominal VA = go. - ii.,BEA-BLS historical KLEMS 1963-2016 sheet; hrs.,"Information is classified as unmeasurable because modern Information includes publishing/software, motion picture/sound, broadcasting/telecom, and data/internet/other information services.","BEA-BLS historical KLEMS 1963-2016, current BEA-BLS ILPA 1997-2024, and BLS detailed industry hours/employment 1987-2025."
1983,"Other services, except government",14,service_detail,87522.0,2.3360403362116666,8722.592773,4.665906731570406,Other sectors,BEA-BLS historical KLEMS 1963-2016 sheet; nominal VA = go. - ii.,BEA-BLS historical KLEMS 1963-2016 sheet; hrs.,"Information is classified as unmeasurable because modern Information includes publishing/software, motion picture/sound, broadcasting/telecom, and data/internet/other information services.","BEA-BLS historical KLEMS 1963-2016, current BEA-BLS ILPA 1997-2024, and BLS detailed industry hours/employment 1987-2025."
1983,Services,15,services_total,635964.0,16.974447069062823,53550.568511000005,28.645376965014613,Other sectors,BEA-BLS historical KLEMS 1963-2016 sheet; nominal VA = go. - ii.,BEA-BLS historical KLEMS 1963-2016 sheet; hrs.,"Information is classified as unmeasurable because modern Information includes publishing/software, motion picture/sound, broadcasting/telecom, and data/internet/other information services.","BEA-BLS historical KLEMS 1963-2016, current BEA-BLS ILPA 1997-2024, and BLS detailed industry hours/employment 1987-2025."
1983,Government,16,sector,634356.265625,16.93153520290444,29204.388671,15.62206986358612,Other sectors,BEA-BLS historical KLEMS 1963-2016 sheet; nominal VA = go. - ii.,BEA-BLS historical KLEMS 1963-2016 sheet; hrs.,"Information is classified as unmeasurable because modern Information includes publishing/software, motion picture/sound, broadcasting/telecom, and data/internet/other information services.","BEA-BLS historical KLEMS 1963-2016, current BEA-BLS ILPA 1997-2024, and BLS detailed industry hours/employment 1987-2025."
1983,Total,17,total,3.746596265625e6,100.0,186943.144705,99.99999999999999,Total,BEA-BLS historical KLEMS 1963-2016 sheet; nominal VA = go. - ii.,BEA-BLS historical KLEMS 1963-2016 sheet; hrs.,"Information is classified as unmeasurable because modern Information includes publishing/software, motion picture/sound, broadcasting/telecom, and data/internet/other information services.","BEA-BLS historical KLEMS 1963-2016, current BEA-BLS ILPA 1997-2024, and BLS detailed industry hours/employment 1987-2025."
1984,"Agriculture, forestry, fishing, and hunting",1,sector,77065.0,1.869499988731056,7877.256591,4.02529192968451,Griliches measurable sectors,BEA-BLS historical KLEMS 1963-2016 sheet; nominal VA = go. - ii.,BEA-BLS historical KLEMS 1963-2016 sheet; hrs.,"Information is classified as unmeasurable because modern Information includes publishing/software, motion picture/sound, broadcasting/telecom, and data/internet/other information services.","BEA-BLS historical KLEMS 1963-2016, current BEA-BLS ILPA 1997-2024, and BLS detailed industry hours/employment 1987-2025."
1984,Mining,2,sector,107682.0,2.612229907046488,2064.924317,1.0551799465471288,Griliches measurable sectors,BEA-BLS historical KLEMS 1963-2016 sheet; nominal VA = go. - ii.,BEA-BLS historical KLEMS 1963-2016 sheet; hrs.,"Information is classified as unmeasurable because modern Information includes publishing/software, motion picture/sound, broadcasting/telecom, and data/internet/other information services.","BEA-BLS historical KLEMS 1963-2016, current BEA-BLS ILPA 1997-2024, and BLS detailed industry hours/employment 1987-2025."
1984,Utilities,3,sector,106056.0,2.5727851917843494,1224.656372,0.6258015533581227,Griliches measurable sectors,BEA-BLS historical KLEMS 1963-2016 sheet; nominal VA = go. - ii.,BEA-BLS historical KLEMS 1963-2016 sheet; hrs.,"Information is classified as unmeasurable because modern Information includes publishing/software, motion picture/sound, broadcasting/telecom, and data/internet/other information services.","BEA-BLS historical KLEMS 1963-2016, current BEA-BLS ILPA 1997-2024, and BLS detailed industry hours/employment 1987-2025."
1984,Construction,4,sector,160612.0,3.8962451461762457,11492.805664,5.872843845354385,Other sectors,BEA-BLS historical KLEMS 1963-2016 sheet; nominal VA = go. - ii.,BEA-BLS historical KLEMS 1963-2016 sheet; hrs.,"Information is classified as unmeasurable because modern Information includes publishing/software, motion picture/sound, broadcasting/telecom, and data/internet/other information services.","BEA-BLS historical KLEMS 1963-2016, current BEA-BLS ILPA 1997-2024, and BLS detailed industry hours/employment 1987-2025."
1984,Manufacturing,5,sector,778384.0,18.88261700160169,36123.277954,18.4590583716821,Griliches measurable sectors,BEA-BLS historical KLEMS 1963-2016 sheet; nominal VA = go. - ii.,BEA-BLS historical KLEMS 1963-2016 sheet; hrs.,"Information is classified as unmeasurable because modern Information includes publishing/software, motion picture/sound, broadcasting/telecom, and data/internet/other information services.","BEA-BLS historical KLEMS 1963-2016, current BEA-BLS ILPA 1997-2024, and BLS detailed industry hours/employment 1987-2025."
1984,Wholesale trade,6,sector,251436.0,6.099521172602112,8954.938477,4.5759892629971315,Other sectors,BEA-BLS historical KLEMS 1963-2016 sheet; nominal VA = go. - ii.,BEA-BLS historical KLEMS 1963-2016 sheet; hrs.,"Information is classified as unmeasurable because modern Information includes publishing/software, motion picture/sound, broadcasting/telecom, and data/internet/other information services.","BEA-BLS historical KLEMS 1963-2016, current BEA-BLS ILPA 1997-2024, and BLS detailed industry hours/employment 1987-2025."
1984,Retail trade,7,sector,288345.0,6.994887098561686,19710.261719,10.071978297635756,Other sectors,BEA-BLS historical KLEMS 1963-2016 sheet; nominal VA = go. - ii.,BEA-BLS historical KLEMS 1963-2016 sheet; hrs.,"Information is classified as unmeasurable because modern Information includes publishing/software, motion picture/sound, broadcasting/telecom, and data/internet/other information services.","BEA-BLS historical KLEMS 1963-2016, current BEA-BLS ILPA 1997-2024, and BLS detailed industry hours/employment 1987-2025."
1984,Transportation and warehousing,8,sector,131448.0,3.1887631806750125,5882.424522,3.0059292447624752,Griliches measurable sectors,BEA-BLS historical KLEMS 1963-2016 sheet; nominal VA = go. - ii.,BEA-BLS historical KLEMS 1963-2016 sheet; hrs.,"Information is classified as unmeasurable because modern Information includes publishing/software, motion picture/sound, broadcasting/telecom, and data/internet/other information services.","BEA-BLS historical KLEMS 1963-2016, current BEA-BLS ILPA 1997-2024, and BLS detailed industry hours/employment 1987-2025."
1984,Information,9,sector,180584.0,4.380740750859781,5270.235809,2.69309973903096,Other sectors,BEA-BLS historical KLEMS 1963-2016 sheet; nominal VA = go. - ii.,BEA-BLS historical KLEMS 1963-2016 sheet; hrs.,"Information is classified as unmeasurable because modern Information includes publishing/software, motion picture/sound, broadcasting/telecom, and data/internet/other information services.","BEA-BLS historical KLEMS 1963-2016, current BEA-BLS ILPA 1997-2024, and BLS detailed industry hours/employment 1987-2025."
1984,"Finance, insurance, real estate, rental, and leasing",10,sector,680618.0,16.510936784923818,11441.694741000001,5.84672607408543,Other sectors,BEA-BLS historical KLEMS 1963-2016 sheet; nominal VA = go. - ii.,BEA-BLS historical KLEMS 1963-2016 sheet; hrs.,"Information is classified as unmeasurable because modern Information includes publishing/software, motion picture/sound, broadcasting/telecom, and data/internet/other information services.","BEA-BLS historical KLEMS 1963-2016, current BEA-BLS ILPA 1997-2024, and BLS detailed industry hours/employment 1987-2025."
1984,Professional and business services,11,service_detail,284514.0,6.901951856145172,15605.682129,7.9745309303312855,Other sectors,BEA-BLS historical KLEMS 1963-2016 sheet; nominal VA = go. - ii.,BEA-BLS historical KLEMS 1963-2016 sheet; hrs.,"Information is classified as unmeasurable because modern Information includes publishing/software, motion picture/sound, broadcasting/telecom, and data/internet/other information services.","BEA-BLS historical KLEMS 1963-2016, current BEA-BLS ILPA 1997-2024, and BLS detailed industry hours/employment 1987-2025."
1984,"Educational services, health care, and social assistance",12,service_detail,207963.0,5.044920861045567,17291.478149000002,8.83597565236221,Other sectors,BEA-BLS historical KLEMS 1963-2016 sheet; nominal VA = go. - ii.,BEA-BLS historical KLEMS 1963-2016 sheet; hrs.,"Information is classified as unmeasurable because modern Information includes publishing/software, motion picture/sound, broadcasting/telecom, and data/internet/other information services.","BEA-BLS historical KLEMS 1963-2016, current BEA-BLS ILPA 1997-2024, and BLS detailed industry hours/employment 1987-2025."
1984,"Arts, entertainment, recreation, accommodation, and food services",13,service_detail,122005.0,2.9596878754964315,14127.524537,7.219189809073719,Other sectors,BEA-BLS historical KLEMS 1963-2016 sheet; nominal VA = go. - ii.,BEA-BLS historical KLEMS 1963-2016 sheet; hrs.,"Information is classified as unmeasurable because modern Information includes publishing/software, motion picture/sound, broadcasting/telecom, and data/internet/other information services.","BEA-BLS historical KLEMS 1963-2016, current BEA-BLS ILPA 1997-2024, and BLS detailed industry hours/employment 1987-2025."
1984,"Other services, except government",14,service_detail,97021.0,2.3536074535350133,9106.519531,4.653447447367614,Other sectors,BEA-BLS historical KLEMS 1963-2016 sheet; nominal VA = go. - ii.,BEA-BLS historical KLEMS 1963-2016 sheet; hrs.,"Information is classified as unmeasurable because modern Information includes publishing/software, motion picture/sound, broadcasting/telecom, and data/internet/other information services.","BEA-BLS historical KLEMS 1963-2016, current BEA-BLS ILPA 1997-2024, and BLS detailed industry hours/employment 1987-2025."
1984,Services,15,services_total,711503.0,17.260168046222184,56131.204346,28.68314383913483,Other sectors,BEA-BLS historical KLEMS 1963-2016 sheet; nominal VA = go. - ii.,BEA-BLS historical KLEMS 1963-2016 sheet; hrs.,"Information is classified as unmeasurable because modern Information includes publishing/software, motion picture/sound, broadcasting/telecom, and data/internet/other information services.","BEA-BLS historical KLEMS 1963-2016, current BEA-BLS ILPA 1997-2024, and BLS detailed industry hours/employment 1987-2025."
1984,Government,16,sector,648492.21875,15.731605730815579,29520.364258,15.084957895727184,Other sectors,BEA-BLS historical KLEMS 1963-2016 sheet; nominal VA = go. - ii.,BEA-BLS historical KLEMS 1963-2016 sheet; hrs.,"Information is classified as unmeasurable because modern Information includes publishing/software, motion picture/sound, broadcasting/telecom, and data/internet/other information services.","BEA-BLS historical KLEMS 1963-2016, current BEA-BLS ILPA 1997-2024, and BLS detailed industry hours/employment 1987-2025."
1984,Total,17,total,4.12222521875e6,100.0,195694.04476999998,100.0,Total,BEA-BLS historical KLEMS 1963-2016 sheet; nominal VA = go. - ii.,BEA-BLS historical KLEMS 1963-2016 sheet; hrs.,"Information is classified as unmeasurable because modern Information includes publishing/software, motion picture/sound, broadcasting/telecom, and data/internet/other information services.","BEA-BLS historical KLEMS 1963-2016, current BEA-BLS ILPA 1997-2024, and BLS detailed industry hours/employment 1987-2025."
1985,"Agriculture, forestry, fishing, and hunting",1,sector,76981.0,1.740335073874228,7359.321472,3.6988950713211888,Griliches measurable sectors,BEA-BLS historical KLEMS 1963-2016 sheet; nominal VA = go. - ii.,BEA-BLS historical KLEMS 1963-2016 sheet; hrs.,"Information is classified as unmeasurable because modern Information includes publishing/software, motion picture/sound, broadcasting/telecom, and data/internet/other information services.","BEA-BLS historical KLEMS 1963-2016, current BEA-BLS ILPA 1997-2024, and BLS detailed industry hours/employment 1987-2025."
1985,Mining,2,sector,106899.0,2.4167012517644757,1978.255615,0.9942981797951506,Griliches measurable sectors,BEA-BLS historical KLEMS 1963-2016 sheet; nominal VA = go. - ii.,BEA-BLS historical KLEMS 1963-2016 sheet; hrs.,"Information is classified as unmeasurable because modern Information includes publishing/software, motion picture/sound, broadcasting/telecom, and data/internet/other information services.","BEA-BLS historical KLEMS 1963-2016, current BEA-BLS ILPA 1997-2024, and BLS detailed industry hours/employment 1987-2025."
1985,Utilities,3,sector,113798.0,2.572669239640163,1259.67627,0.6331304270768591,Griliches measurable sectors,BEA-BLS historical KLEMS 1963-2016 sheet; nominal VA = go. - ii.,BEA-BLS historical KLEMS 1963-2016 sheet; hrs.,"Information is classified as unmeasurable because modern Information includes publishing/software, motion picture/sound, broadcasting/telecom, and data/internet/other information services.","BEA-BLS historical KLEMS 1963-2016, current BEA-BLS ILPA 1997-2024, and BLS detailed industry hours/employment 1987-2025."
1985,Construction,4,sector,177531.0,4.013502370714405,12228.561523,6.146241351035878,Other sectors,BEA-BLS historical KLEMS 1963-2016 sheet; nominal VA = go. - ii.,BEA-BLS historical KLEMS 1963-2016 sheet; hrs.,"Information is classified as unmeasurable because modern Information includes publishing/software, motion picture/sound, broadcasting/telecom, and data/internet/other information services.","BEA-BLS historical KLEMS 1963-2016, current BEA-BLS ILPA 1997-2024, and BLS detailed industry hours/employment 1987-2025."
1985,Manufacturing,5,sector,805318.0,18.206091906083913,35811.329161,17.9992611323018,Griliches measurable sectors,BEA-BLS historical KLEMS 1963-2016 sheet; nominal VA = go. - ii.,BEA-BLS historical KLEMS 1963-2016 sheet; hrs.,"Information is classified as unmeasurable because modern Information includes publishing/software, motion picture/sound, broadcasting/telecom, and data/internet/other information services.","BEA-BLS historical KLEMS 1963-2016, current BEA-BLS ILPA 1997-2024, and BLS detailed industry hours/employment 1987-2025."
1985,Wholesale trade,6,sector,271455.0,6.13687348148931,9260.722656,4.654565168742621,Other sectors,BEA-BLS historical KLEMS 1963-2016 sheet; nominal VA = go. - ii.,BEA-BLS historical KLEMS 1963-2016 sheet; hrs.,"Information is classified as unmeasurable because modern Information includes publishing/software, motion picture/sound, broadcasting/telecom, and data/internet/other information services.","BEA-BLS historical KLEMS 1963-2016, current BEA-BLS ILPA 1997-2024, and BLS detailed industry hours/employment 1987-2025."
1985,Retail trade,7,sector,311313.0,7.037956545810103,20000.878906,10.052713784684,Other sectors,BEA-BLS historical KLEMS 1963-2016 sheet; nominal VA = go. - ii.,BEA-BLS historical KLEMS 1963-2016 sheet; hrs.,"Information is classified as unmeasurable because modern Information includes publishing/software, motion picture/sound, broadcasting/telecom, and data/internet/other information services.","BEA-BLS historical KLEMS 1963-2016, current BEA-BLS ILPA 1997-2024, and BLS detailed industry hours/employment 1987-2025."
1985,Transportation and warehousing,8,sector,137652.0,3.111944552408195,6189.232421,3.1107923990547763,Griliches measurable sectors,BEA-BLS historical KLEMS 1963-2016 sheet; nominal VA = go. - ii.,BEA-BLS historical KLEMS 1963-2016 sheet; hrs.,"Information is classified as unmeasurable because modern Information includes publishing/software, motion picture/sound, broadcasting/telecom, and data/internet/other information services.","BEA-BLS historical KLEMS 1963-2016, current BEA-BLS ILPA 1997-2024, and BLS detailed industry hours/employment 1987-2025."
1985,Information,9,sector,199220.0,4.5038328083192445,5193.255676,2.6102009400123114,Other sectors,BEA-BLS historical KLEMS 1963-2016 sheet; nominal VA = go. - ii.,BEA-BLS historical KLEMS 1963-2016 sheet; hrs.,"Information is classified as unmeasurable because modern Information includes publishing/software, motion picture/sound, broadcasting/telecom, and data/internet/other information services.","BEA-BLS historical KLEMS 1963-2016, current BEA-BLS ILPA 1997-2024, and BLS detailed industry hours/employment 1987-2025."
1985,"Finance, insurance, real estate, rental, and leasing",10,sector,743799.0,16.81531140947217,12085.364491000002,6.074268575025502,Other sectors,BEA-BLS historical KLEMS 1963-2016 sheet; nominal VA = go. - ii.,BEA-BLS historical KLEMS 1963-2016 sheet; hrs.,"Information is classified as unmeasurable because modern Information includes publishing/software, motion picture/sound, broadcasting/telecom, and data/internet/other information services.","BEA-BLS historical KLEMS 1963-2016, current BEA-BLS ILPA 1997-2024, and BLS detailed industry hours/employment 1987-2025."
1985,Professional and business services,11,service_detail,321167.0,7.260729201633705,16102.886993,8.09353002978177,Other sectors,BEA-BLS historical KLEMS 1963-2016 sheet; nominal VA = go. - ii.,BEA-BLS historical KLEMS 1963-2016 sheet; hrs.,"Information is classified as unmeasurable because modern Information includes publishing/software, motion picture/sound, broadcasting/telecom, and data/internet/other information services.","BEA-BLS historical KLEMS 1963-2016, current BEA-BLS ILPA 1997-2024, and BLS detailed industry hours/employment 1987-2025."
1985,"Educational services, health care, and social assistance",12,service_detail,227233.0,5.13713201753241,17711.512696,8.902047188199944,Other sectors,BEA-BLS historical KLEMS 1963-2016 sheet; nominal VA = go. - ii.,BEA-BLS historical KLEMS 1963-2016 sheet; hrs.,"Information is classified as unmeasurable because modern Information includes publishing/software, motion picture/sound, broadcasting/telecom, and data/internet/other information services.","BEA-BLS historical KLEMS 1963-2016, current BEA-BLS ILPA 1997-2024, and BLS detailed industry hours/employment 1987-2025."
1985,"Arts, entertainment, recreation, accommodation, and food services",13,service_detail,133533.0,3.0188249492686157,14405.179872,7.2402393390155195,Other sectors,BEA-BLS historical KLEMS 1963-2016 sheet; nominal VA = go. - ii.,BEA-BLS historical KLEMS 1963-2016 sheet; hrs.,"Information is classified as unmeasurable because modern Information includes publishing/software, motion picture/sound, broadcasting/telecom, and data/internet/other information services.","BEA-BLS historical KLEMS 1963-2016, current BEA-BLS ILPA 1997-2024, and BLS detailed industry hours/employment 1987-2025."
1985,"Other services, except government",14,service_detail,106271.0,2.4025038468672544,9298.37207,4.673488276316134,Other sectors,BEA-BLS historical KLEMS 1963-2016 sheet; nominal VA = go. - ii.,BEA-BLS historical KLEMS 1963-2016 sheet; hrs.,"Information is classified as unmeasurable because modern Information includes publishing/software, motion picture/sound, broadcasting/telecom, and data/internet/other information services.","BEA-BLS historical KLEMS 1963-2016, current BEA-BLS ILPA 1997-2024, and BLS detailed industry hours/employment 1987-2025."
1985,Services,15,services_total,788204.0,17.819190015301984,57517.951630999996,28.909304833313364,Other sectors,BEA-BLS historical KLEMS 1963-2016 sheet; nominal VA = go. - ii.,BEA-BLS historical KLEMS 1963-2016 sheet; hrs.,"Information is classified as unmeasurable because modern Information includes publishing/software, motion picture/sound, broadcasting/telecom, and data/internet/other information services.","BEA-BLS historical KLEMS 1963-2016, current BEA-BLS ILPA 1997-2024, and BLS detailed industry hours/employment 1987-2025."
1985,Government,16,sector,691173.59375,15.625591345121808,30075.445801,15.116328137636554,Other sectors,BEA-BLS historical KLEMS 1963-2016 sheet; nominal VA = go. - ii.,BEA-BLS historical KLEMS 1963-2016 sheet; hrs.,"Information is classified as unmeasurable because modern Information includes publishing/software, motion picture/sound, broadcasting/telecom, and data/internet/other information services.","BEA-BLS historical KLEMS 1963-2016, current BEA-BLS ILPA 1997-2024, and BLS detailed industry hours/employment 1987-2025."
1985,Total,17,total,4.42334359375e6,100.0,198959.995623,100.0,Total,BEA-BLS historical KLEMS 1963-2016 sheet; nominal VA = go. - ii.,BEA-BLS historical KLEMS 1963-2016 sheet; hrs.,"Information is classified as unmeasurable because modern Information includes publishing/software, motion picture/sound, broadcasting/telecom, and data/internet/other information services.","BEA-BLS historical KLEMS 1963-2016, current BEA-BLS ILPA 1997-2024, and BLS detailed industry hours/employment 1987-2025."
1986,"Agriculture, forestry, fishing, and hunting",1,sector,74139.0,1.5911459922697784,6863.067016999999,3.418171951557864,Griliches measurable sectors,BEA-BLS historical KLEMS 1963-2016 sheet; nominal VA = go. - ii.,BEA-BLS historical KLEMS 1963-2016 sheet; hrs.,"Information is classified as unmeasurable because modern Information includes publishing/software, motion picture/sound, broadcasting/telecom, and data/internet/other information services.","BEA-BLS historical KLEMS 1963-2016, current BEA-BLS ILPA 1997-2024, and BLS detailed industry hours/employment 1987-2025."
1986,Mining,2,sector,70630.0,1.5158370282039744,1590.057953,0.7919333270144742,Griliches measurable sectors,BEA-BLS historical KLEMS 1963-2016 sheet; nominal VA = go. - ii.,BEA-BLS historical KLEMS 1963-2016 sheet; hrs.,"Information is classified as unmeasurable because modern Information includes publishing/software, motion picture/sound, broadcasting/telecom, and data/internet/other information services.","BEA-BLS historical KLEMS 1963-2016, current BEA-BLS ILPA 1997-2024, and BLS detailed industry hours/employment 1987-2025."
1986,Utilities,3,sector,118084.0,2.534278630021777,1243.935913,0.6195461645383673,Griliches measurable sectors,BEA-BLS historical KLEMS 1963-2016 sheet; nominal VA = go. - ii.,BEA-BLS historical KLEMS 1963-2016 sheet; hrs.,"Information is classified as unmeasurable because modern Information includes publishing/software, motion picture/sound, broadcasting/telecom, and data/internet/other information services.","BEA-BLS historical KLEMS 1963-2016, current BEA-BLS ILPA 1997-2024, and BLS detailed industry hours/employment 1987-2025."
1986,Construction,4,sector,197922.0,4.247734621211766,12344.806641,6.1483694830822975,Other sectors,BEA-BLS historical KLEMS 1963-2016 sheet; nominal VA = go. - ii.,BEA-BLS historical KLEMS 1963-2016 sheet; hrs.,"Information is classified as unmeasurable because modern Information includes publishing/software, motion picture/sound, broadcasting/telecom, and data/internet/other information services.","BEA-BLS historical KLEMS 1963-2016, current BEA-BLS ILPA 1997-2024, and BLS detailed industry hours/employment 1987-2025."
1986,Manufacturing,5,sector,832415.0,17.86500750152076,35144.399750000004,17.50377800219975,Griliches measurable sectors,BEA-BLS historical KLEMS 1963-2016 sheet; nominal VA = go. - ii.,BEA-BLS historical KLEMS 1963-2016 sheet; hrs.,"Information is classified as unmeasurable because modern Information includes publishing/software, motion picture/sound, broadcasting/telecom, and data/internet/other information services.","BEA-BLS historical KLEMS 1963-2016, current BEA-BLS ILPA 1997-2024, and BLS detailed industry hours/employment 1987-2025."
1986,Wholesale trade,6,sector,280728.0,6.024888818542338,9188.063477,4.57614369616677,Other sectors,BEA-BLS historical KLEMS 1963-2016 sheet; nominal VA = go. - ii.,BEA-BLS historical KLEMS 1963-2016 sheet; hrs.,"Information is classified as unmeasurable because modern Information includes publishing/software, motion picture/sound, broadcasting/telecom, and data/internet/other information services.","BEA-BLS historical KLEMS 1963-2016, current BEA-BLS ILPA 1997-2024, and BLS detailed industry hours/employment 1987-2025."
1986,Retail trade,7,sector,332634.0,7.138877729571015,19894.851562,9.908692924196687,Other sectors,BEA-BLS historical KLEMS 1963-2016 sheet; nominal VA = go. - ii.,BEA-BLS historical KLEMS 1963-2016 sheet; hrs.,"Information is classified as unmeasurable because modern Information includes publishing/software, motion picture/sound, broadcasting/telecom, and data/internet/other information services.","BEA-BLS historical KLEMS 1963-2016, current BEA-BLS ILPA 1997-2024, and BLS detailed industry hours/employment 1987-2025."
1986,Transportation and warehousing,8,sector,147526.0,3.1661528164069024,6188.90339,3.0824026526622195,Griliches measurable sectors,BEA-BLS historical KLEMS 1963-2016 sheet; nominal VA = go. - ii.,BEA-BLS historical KLEMS 1963-2016 sheet; hrs.,"Information is classified as unmeasurable because modern Information includes publishing/software, motion picture/sound, broadcasting/telecom, and data/internet/other information services.","BEA-BLS historical KLEMS 1963-2016, current BEA-BLS ILPA 1997-2024, and BLS detailed industry hours/employment 1987-2025."
1986,Information,9,sector,211266.0,4.53411900892738,5131.410858,2.555715196032316,Other sectors,BEA-BLS historical KLEMS 1963-2016 sheet; nominal VA = go. - ii.,BEA-BLS historical KLEMS 1963-2016 sheet; hrs.,"Information is classified as unmeasurable because modern Information includes publishing/software, motion picture/sound, broadcasting/telecom, and data/internet/other information services.","BEA-BLS historical KLEMS 1963-2016, current BEA-BLS ILPA 1997-2024, and BLS detailed industry hours/employment 1987-2025."
1986,"Finance, insurance, real estate, rental, and leasing",10,sector,805655.0,17.290693486587468,12483.309053,6.217351041727845,Other sectors,BEA-BLS historical KLEMS 1963-2016 sheet; nominal VA = go. - ii.,BEA-BLS historical KLEMS 1963-2016 sheet; hrs.,"Information is classified as unmeasurable because modern Information includes publishing/software, motion picture/sound, broadcasting/telecom, and data/internet/other information services.","BEA-BLS historical KLEMS 1963-2016, current BEA-BLS ILPA 1997-2024, and BLS detailed industry hours/employment 1987-2025."
1986,Professional and business services,11,service_detail,356875.0,7.659129823591863,16927.162232,8.43062598945506,Other sectors,BEA-BLS historical KLEMS 1963-2016 sheet; nominal VA = go. - ii.,BEA-BLS historical KLEMS 1963-2016 sheet; hrs.,"Information is classified as unmeasurable because modern Information includes publishing/software, motion picture/sound, broadcasting/telecom, and data/internet/other information services.","BEA-BLS historical KLEMS 1963-2016, current BEA-BLS ILPA 1997-2024, and BLS detailed industry hours/employment 1987-2025."
1986,"Educational services, health care, and social assistance",12,service_detail,246986.0,5.300729495228469,18441.684936,9.184938749914352,Other sectors,BEA-BLS historical KLEMS 1963-2016 sheet; nominal VA = go. - ii.,BEA-BLS historical KLEMS 1963-2016 sheet; hrs.,"Information is classified as unmeasurable because modern Information includes publishing/software, motion picture/sound, broadcasting/telecom, and data/internet/other information services.","BEA-BLS historical KLEMS 1963-2016, current BEA-BLS ILPA 1997-2024, and BLS detailed industry hours/employment 1987-2025."
1986,"Arts, entertainment, recreation, accommodation, and food services",13,service_detail,145314.0,3.118679625037977,14933.969361000001,7.437910058105254,Other sectors,BEA-BLS historical KLEMS 1963-2016 sheet; nominal VA = go. - ii.,BEA-BLS historical KLEMS 1963-2016 sheet; hrs.,"Information is classified as unmeasurable because modern Information includes publishing/software, motion picture/sound, broadcasting/telecom, and data/internet/other information services.","BEA-BLS historical KLEMS 1963-2016, current BEA-BLS ILPA 1997-2024, and BLS detailed industry hours/employment 1987-2025."
1986,"Other services, except government",14,service_detail,115814.0,2.485560662387301,9692.675781,4.827467429371078,Other sectors,BEA-BLS historical KLEMS 1963-2016 sheet; nominal VA = go. - ii.,BEA-BLS historical KLEMS 1963-2016 sheet; hrs.,"Information is classified as unmeasurable because modern Information includes publishing/software, motion picture/sound, broadcasting/telecom, and data/internet/other information services.","BEA-BLS historical KLEMS 1963-2016, current BEA-BLS ILPA 1997-2024, and BLS detailed industry hours/employment 1987-2025."
1986,Services,15,services_total,864989.0,18.564099606245613,59995.49231,29.880942226845747,Other sectors,BEA-BLS historical KLEMS 1963-2016 sheet; nominal VA = go. - ii.,BEA-BLS historical KLEMS 1963-2016 sheet; hrs.,"Information is classified as unmeasurable because modern Information includes publishing/software, motion picture/sound, broadcasting/telecom, and data/internet/other information services.","BEA-BLS historical KLEMS 1963-2016, current BEA-BLS ILPA 1997-2024, and BLS detailed industry hours/employment 1987-2025."
1986,Government,16,sector,723483.875,15.52716476049123,30713.497558000003,15.296953333975665,Other sectors,BEA-BLS historical KLEMS 1963-2016 sheet; nominal VA = go. - ii.,BEA-BLS historical KLEMS 1963-2016 sheet; hrs.,"Information is classified as unmeasurable because modern Information includes publishing/software, motion picture/sound, broadcasting/telecom, and data/internet/other information services.","BEA-BLS historical KLEMS 1963-2016, current BEA-BLS ILPA 1997-2024, and BLS detailed industry hours/employment 1987-2025."
1986,Total,17,total,4.659471875e6,100.0,200781.79548200002,99.99999999999999,Total,BEA-BLS historical KLEMS 1963-2016 sheet; nominal VA = go. - ii.,BEA-BLS historical KLEMS 1963-2016 sheet; hrs.,"Information is classified as unmeasurable because modern Information includes publishing/software, motion picture/sound, broadcasting/telecom, and data/internet/other information services.","BEA-BLS historical KLEMS 1963-2016, current BEA-BLS ILPA 1997-2024, and BLS detailed industry hours/employment 1987-2025."
1987,"Agriculture, forestry, fishing, and hunting",1,sector,79355.0,1.6059082671447527,8059.856000000001,3.8397928799678125,Griliches measurable sectors,BEA-BLS historical KLEMS 1963-2016 sheet; nominal VA = go. - ii.,"BLS detailed industries hours/employment workbook; hours worked, millions of hours.","Information is classified as unmeasurable because modern Information includes publishing/software, motion picture/sound, broadcasting/telecom, and data/internet/other information services.","BEA-BLS historical KLEMS 1963-2016, current BEA-BLS ILPA 1997-2024, and BLS detailed industry hours/employment 1987-2025."
1987,Mining,2,sector,73326.0,1.4838993081299998,1578.8429999999998,0.7521759830432478,Griliches measurable sectors,BEA-BLS historical KLEMS 1963-2016 sheet; nominal VA = go. - ii.,"BLS detailed industries hours/employment workbook; hours worked, millions of hours.","Information is classified as unmeasurable because modern Information includes publishing/software, motion picture/sound, broadcasting/telecom, and data/internet/other information services.","BEA-BLS historical KLEMS 1963-2016, current BEA-BLS ILPA 1997-2024, and BLS detailed industry hours/employment 1987-2025."
1987,Utilities,3,sector,126279.0,2.5555099246017545,1390.772,0.6625771506660408,Griliches measurable sectors,BEA-BLS historical KLEMS 1963-2016 sheet; nominal VA = go. - ii.,"BLS detailed industries hours/employment workbook; hours worked, millions of hours.","Information is classified as unmeasurable because modern Information includes publishing/software, motion picture/sound, broadcasting/telecom, and data/internet/other information services.","BEA-BLS historical KLEMS 1963-2016, current BEA-BLS ILPA 1997-2024, and BLS detailed industry hours/employment 1987-2025."
1987,Construction,4,sector,211133.0,4.272701533199837,12861.685,6.127430376844053,Other sectors,BEA-BLS historical KLEMS 1963-2016 sheet; nominal VA = go. - ii.,"BLS detailed industries hours/employment workbook; hours worked, millions of hours.","Information is classified as unmeasurable because modern Information includes publishing/software, motion picture/sound, broadcasting/telecom, and data/internet/other information services.","BEA-BLS historical KLEMS 1963-2016, current BEA-BLS ILPA 1997-2024, and BLS detailed industry hours/employment 1987-2025."
1987,Manufacturing,5,sector,880652.0,17.821767088117454,35267.675,16.80185940766421,Griliches measurable sectors,BEA-BLS historical KLEMS 1963-2016 sheet; nominal VA = go. - ii.,"BLS detailed industries hours/employment workbook; hours worked, millions of hours.","Information is classified as unmeasurable because modern Information includes publishing/software, motion picture/sound, broadcasting/telecom, and data/internet/other information services.","BEA-BLS historical KLEMS 1963-2016, current BEA-BLS ILPA 1997-2024, and BLS detailed industry hours/employment 1987-2025."
1987,Wholesale trade,6,sector,286559.0,5.799098571290192,10692.045,5.093793023510028,Other sectors,BEA-BLS historical KLEMS 1963-2016 sheet; nominal VA = go. - ii.,"BLS detailed industries hours/employment workbook; hours worked, millions of hours.","Information is classified as unmeasurable because modern Information includes publishing/software, motion picture/sound, broadcasting/telecom, and data/internet/other information services.","BEA-BLS historical KLEMS 1963-2016, current BEA-BLS ILPA 1997-2024, and BLS detailed industry hours/employment 1987-2025."
1987,Retail trade,7,sector,346530.0,7.012732553886599,23577.417,11.232508114863597,Other sectors,BEA-BLS historical KLEMS 1963-2016 sheet; nominal VA = go. - ii.,"BLS detailed industries hours/employment workbook; hours worked, millions of hours.","Information is classified as unmeasurable because modern Information includes publishing/software, motion picture/sound, broadcasting/telecom, and data/internet/other information services.","BEA-BLS historical KLEMS 1963-2016, current BEA-BLS ILPA 1997-2024, and BLS detailed industry hours/employment 1987-2025."
1987,Transportation and warehousing,8,sector,153325.0,3.1028402124625947,8632.59,4.112648863414102,Griliches measurable sectors,BEA-BLS historical KLEMS 1963-2016 sheet; nominal VA = go. - ii.,"BLS detailed industries hours/employment workbook; hours worked, millions of hours.","Information is classified as unmeasurable because modern Information includes publishing/software, motion picture/sound, broadcasting/telecom, and data/internet/other information services.","BEA-BLS historical KLEMS 1963-2016, current BEA-BLS ILPA 1997-2024, and BLS detailed industry hours/employment 1987-2025."
1987,Information,9,sector,223241.0,4.517731301942685,4764.2609999999995,2.2697397405249333,Other sectors,BEA-BLS historical KLEMS 1963-2016 sheet; nominal VA = go. - ii.,"BLS detailed industries hours/employment workbook; hours worked, millions of hours.","Information is classified as unmeasurable because modern Information includes publishing/software, motion picture/sound, broadcasting/telecom, and data/internet/other information services.","BEA-BLS historical KLEMS 1963-2016, current BEA-BLS ILPA 1997-2024, and BLS detailed industry hours/employment 1987-2025."
1987,"Finance, insurance, real estate, rental, and leasing",10,sector,851276.0,17.227284557014887,13202.220000000001,6.2896645244987806,Other sectors,BEA-BLS historical KLEMS 1963-2016 sheet; nominal VA = go. - ii.,"BLS detailed industries hours/employment workbook; hours worked, millions of hours.","Information is classified as unmeasurable because modern Information includes publishing/software, motion picture/sound, broadcasting/telecom, and data/internet/other information services.","BEA-BLS historical KLEMS 1963-2016, current BEA-BLS ILPA 1997-2024, and BLS detailed industry hours/employment 1987-2025."
1987,Professional and business services,11,service_detail,389385.0,7.879989800291847,20581.459,9.80520492271195,Other sectors,BEA-BLS historical KLEMS 1963-2016 sheet; nominal VA = go. - ii.,"BLS detailed industries hours/employment workbook; hours worked, millions of hours.","Information is classified as unmeasurable because modern Information includes publishing/software, motion picture/sound, broadcasting/telecom, and data/internet/other information services.","BEA-BLS historical KLEMS 1963-2016, current BEA-BLS ILPA 1997-2024, and BLS detailed industry hours/employment 1987-2025."
1987,"Educational services, health care, and social assistance",12,service_detail,279504.0,5.6563264356376655,16573.199,7.895631326228368,Other sectors,BEA-BLS historical KLEMS 1963-2016 sheet; nominal VA = go. - ii.,"BLS detailed industries hours/employment workbook; hours worked, millions of hours.","Information is classified as unmeasurable because modern Information includes publishing/software, motion picture/sound, broadcasting/telecom, and data/internet/other information services.","BEA-BLS historical KLEMS 1963-2016, current BEA-BLS ILPA 1997-2024, and BLS detailed industry hours/employment 1987-2025."
1987,"Arts, entertainment, recreation, accommodation, and food services",13,service_detail,153625.0,3.1089113167426454,13758.883000000002,6.554864129050219,Other sectors,BEA-BLS historical KLEMS 1963-2016 sheet; nominal VA = go. - ii.,"BLS detailed industries hours/employment workbook; hours worked, millions of hours.","Information is classified as unmeasurable because modern Information includes publishing/software, motion picture/sound, broadcasting/telecom, and data/internet/other information services.","BEA-BLS historical KLEMS 1963-2016, current BEA-BLS ILPA 1997-2024, and BLS detailed industry hours/employment 1987-2025."
1987,"Other services, except government",14,service_detail,121463.0,2.4580484638926734,8953.544,4.2655544344314,Other sectors,BEA-BLS historical KLEMS 1963-2016 sheet; nominal VA = go. - ii.,"BLS detailed industries hours/employment workbook; hours worked, millions of hours.","Information is classified as unmeasurable because modern Information includes publishing/software, motion picture/sound, broadcasting/telecom, and data/internet/other information services.","BEA-BLS historical KLEMS 1963-2016, current BEA-BLS ILPA 1997-2024, and BLS detailed industry hours/employment 1987-2025."
1987,Services,15,services_total,943977.0,19.10327601656483,59867.085,28.521254812421933,Other sectors,BEA-BLS historical KLEMS 1963-2016 sheet; nominal VA = go. - ii.,"BLS detailed industries hours/employment workbook; hours worked, millions of hours.","Information is classified as unmeasurable because modern Information includes publishing/software, motion picture/sound, broadcasting/telecom, and data/internet/other information services.","BEA-BLS historical KLEMS 1963-2016, current BEA-BLS ILPA 1997-2024, and BLS detailed industry hours/employment 1987-2025."
1987,Government,16,sector,765787.40625,15.49725066564441,30008.956,14.296555122581264,Other sectors,BEA-BLS historical KLEMS 1963-2016 sheet; nominal VA = go. - ii.,"BLS detailed industries hours/employment workbook; hours worked, millions of hours.","Information is classified as unmeasurable because modern Information includes publishing/software, motion picture/sound, broadcasting/telecom, and data/internet/other information services.","BEA-BLS historical KLEMS 1963-2016, current BEA-BLS ILPA 1997-2024, and BLS detailed industry hours/employment 1987-2025."
1987,Total,17,total,4.94144040625e6,100.0,209903.405,100.0,Total,BEA-BLS historical KLEMS 1963-2016 sheet; nominal VA = go. - ii.,"BLS detailed industries hours/employment workbook; hours worked, millions of hours.","Information is classified as unmeasurable because modern Information includes publishing/software, motion picture/sound, broadcasting/telecom, and data/internet/other information services.","BEA-BLS historical KLEMS 1963-2016, current BEA-BLS ILPA 1997-2024, and BLS detailed industry hours/employment 1987-2025."
1988,"Agriculture, forestry, fishing, and hunting",1,sector,78733.0,1.475411096560664,7947.9039999999995,3.6750189571169902,Griliches measurable sectors,BEA-BLS historical KLEMS 1963-2016 sheet; nominal VA = go. - ii.,"BLS detailed industries hours/employment workbook; hours worked, millions of hours.","Information is classified as unmeasurable because modern Information includes publishing/software, motion picture/sound, broadcasting/telecom, and data/internet/other information services.","BEA-BLS historical KLEMS 1963-2016, current BEA-BLS ILPA 1997-2024, and BLS detailed industry hours/employment 1987-2025."
1988,Mining,2,sector,74244.0,1.3912898206984357,1576.154,0.7287953942744871,Griliches measurable sectors,BEA-BLS historical KLEMS 1963-2016 sheet; nominal VA = go. - ii.,"BLS detailed industries hours/employment workbook; hours worked, millions of hours.","Information is classified as unmeasurable because modern Information includes publishing/software, motion picture/sound, broadcasting/telecom, and data/internet/other information services.","BEA-BLS historical KLEMS 1963-2016, current BEA-BLS ILPA 1997-2024, and BLS detailed industry hours/employment 1987-2025."
1988,Utilities,3,sector,125746.0,2.3564076530567517,1390.726,0.6430556300322052,Griliches measurable sectors,BEA-BLS historical KLEMS 1963-2016 sheet; nominal VA = go. - ii.,"BLS detailed industries hours/employment workbook; hours worked, millions of hours.","Information is classified as unmeasurable because modern Information includes publishing/software, motion picture/sound, broadcasting/telecom, and data/internet/other information services.","BEA-BLS historical KLEMS 1963-2016, current BEA-BLS ILPA 1997-2024, and BLS detailed industry hours/employment 1987-2025."
1988,Construction,4,sector,228212.0,4.276561507478468,13438.568,6.21383853611037,Other sectors,BEA-BLS historical KLEMS 1963-2016 sheet; nominal VA = go. - ii.,"BLS detailed industries hours/employment workbook; hours worked, millions of hours.","Information is classified as unmeasurable because modern Information includes publishing/software, motion picture/sound, broadcasting/telecom, and data/internet/other information services.","BEA-BLS historical KLEMS 1963-2016, current BEA-BLS ILPA 1997-2024, and BLS detailed industry hours/employment 1987-2025."
1988,Manufacturing,5,sector,962489.0,18.036489793575463,36190.264,16.733959829291923,Griliches measurable sectors,BEA-BLS historical KLEMS 1963-2016 sheet; nominal VA = go. - ii.,"BLS detailed industries hours/employment workbook; hours worked, millions of hours.","Information is classified as unmeasurable because modern Information includes publishing/software, motion picture/sound, broadcasting/telecom, and data/internet/other information services.","BEA-BLS historical KLEMS 1963-2016, current BEA-BLS ILPA 1997-2024, and BLS detailed industry hours/employment 1987-2025."
1988,Wholesale trade,6,sector,315375.0,5.909945951225272,11041.961,5.105675156462191,Other sectors,BEA-BLS historical KLEMS 1963-2016 sheet; nominal VA = go. - ii.,"BLS detailed industries hours/employment workbook; hours worked, millions of hours.","Information is classified as unmeasurable because modern Information includes publishing/software, motion picture/sound, broadcasting/telecom, and data/internet/other information services.","BEA-BLS historical KLEMS 1963-2016, current BEA-BLS ILPA 1997-2024, and BLS detailed industry hours/employment 1987-2025."
1988,Retail trade,7,sector,367734.0,6.891123470242962,24127.288,11.156179136514643,Other sectors,BEA-BLS historical KLEMS 1963-2016 sheet; nominal VA = go. - ii.,"BLS detailed industries hours/employment workbook; hours worked, millions of hours.","Information is classified as unmeasurable because modern Information includes publishing/software, motion picture/sound, broadcasting/telecom, and data/internet/other information services.","BEA-BLS historical KLEMS 1963-2016, current BEA-BLS ILPA 1997-2024, and BLS detailed industry hours/employment 1987-2025."
1988,Transportation and warehousing,8,sector,163100.0,3.0564001098528477,8737.766999999998,4.040242480013756,Griliches measurable sectors,BEA-BLS historical KLEMS 1963-2016 sheet; nominal VA = go. - ii.,"BLS detailed industries hours/employment workbook; hours worked, millions of hours.","Information is classified as unmeasurable because modern Information includes publishing/software, motion picture/sound, broadcasting/telecom, and data/internet/other information services.","BEA-BLS historical KLEMS 1963-2016, current BEA-BLS ILPA 1997-2024, and BLS detailed industry hours/employment 1987-2025."
1988,Information,9,sector,233849.0,4.382195642483008,4867.830999999999,2.2508287977612405,Other sectors,BEA-BLS historical KLEMS 1963-2016 sheet; nominal VA = go. - ii.,"BLS detailed industries hours/employment workbook; hours worked, millions of hours.","Information is classified as unmeasurable because modern Information includes publishing/software, motion picture/sound, broadcasting/telecom, and data/internet/other information services.","BEA-BLS historical KLEMS 1963-2016, current BEA-BLS ILPA 1997-2024, and BLS detailed industry hours/employment 1987-2025."
1988,"Finance, insurance, real estate, rental, and leasing",10,sector,916802.0,17.180341713754203,13373.359999999999,6.183687110507383,Other sectors,BEA-BLS historical KLEMS 1963-2016 sheet; nominal VA = go. - ii.,"BLS detailed industries hours/employment workbook; hours worked, millions of hours.","Information is classified as unmeasurable because modern Information includes publishing/software, motion picture/sound, broadcasting/telecom, and data/internet/other information services.","BEA-BLS historical KLEMS 1963-2016, current BEA-BLS ILPA 1997-2024, and BLS detailed industry hours/employment 1987-2025."
1988,Professional and business services,11,service_detail,430463.0,8.066628819666379,21666.201999999997,10.018201412438556,Other sectors,BEA-BLS historical KLEMS 1963-2016 sheet; nominal VA = go. - ii.,"BLS detailed industries hours/employment workbook; hours worked, millions of hours.","Information is classified as unmeasurable because modern Information includes publishing/software, motion picture/sound, broadcasting/telecom, and data/internet/other information services.","BEA-BLS historical KLEMS 1963-2016, current BEA-BLS ILPA 1997-2024, and BLS detailed industry hours/employment 1987-2025."
1988,"Educational services, health care, and social assistance",12,service_detail,303283.0,5.683348832106078,17507.677,8.0953475117567,Other sectors,BEA-BLS historical KLEMS 1963-2016 sheet; nominal VA = go. - ii.,"BLS detailed industries hours/employment workbook; hours worked, millions of hours.","Information is classified as unmeasurable because modern Information includes publishing/software, motion picture/sound, broadcasting/telecom, and data/internet/other information services.","BEA-BLS historical KLEMS 1963-2016, current BEA-BLS ILPA 1997-2024, and BLS detailed industry hours/employment 1987-2025."
1988,"Arts, entertainment, recreation, accommodation, and food services",13,service_detail,170300.0,3.191323965100797,14285.828,6.605601768480433,Other sectors,BEA-BLS historical KLEMS 1963-2016 sheet; nominal VA = go. - ii.,"BLS detailed industries hours/employment workbook; hours worked, millions of hours.","Information is classified as unmeasurable because modern Information includes publishing/software, motion picture/sound, broadcasting/telecom, and data/internet/other information services.","BEA-BLS historical KLEMS 1963-2016, current BEA-BLS ILPA 1997-2024, and BLS detailed industry hours/employment 1987-2025."
1988,"Other services, except government",14,service_detail,133560.0,2.5028375148494564,9439.931,4.364914998831938,Other sectors,BEA-BLS historical KLEMS 1963-2016 sheet; nominal VA = go. - ii.,"BLS detailed industries hours/employment workbook; hours worked, millions of hours.","Information is classified as unmeasurable because modern Information includes publishing/software, motion picture/sound, broadcasting/telecom, and data/internet/other information services.","BEA-BLS historical KLEMS 1963-2016, current BEA-BLS ILPA 1997-2024, and BLS detailed industry hours/employment 1987-2025."
1988,Services,15,services_total,1.037606e6,19.44413913172271,62899.638000000006,29.084065691507632,Other sectors,BEA-BLS historical KLEMS 1963-2016 sheet; nominal VA = go. - ii.,"BLS detailed industries hours/employment workbook; hours worked, millions of hours.","Information is classified as unmeasurable because modern Information includes publishing/software, motion picture/sound, broadcasting/telecom, and data/internet/other information services.","BEA-BLS historical KLEMS 1963-2016, current BEA-BLS ILPA 1997-2024, and BLS detailed industry hours/employment 1987-2025."
1988,Government,16,sector,832453.21875,15.599694109349214,30676.92,14.184653280407181,Other sectors,BEA-BLS historical KLEMS 1963-2016 sheet; nominal VA = go. - ii.,"BLS detailed industries hours/employment workbook; hours worked, millions of hours.","Information is classified as unmeasurable because modern Information includes publishing/software, motion picture/sound, broadcasting/telecom, and data/internet/other information services.","BEA-BLS historical KLEMS 1963-2016, current BEA-BLS ILPA 1997-2024, and BLS detailed industry hours/employment 1987-2025."
1988,Total,17,total,5.33634321875e6,100.0,216268.381,99.99999999999999,Total,BEA-BLS historical KLEMS 1963-2016 sheet; nominal VA = go. - ii.,"BLS detailed industries hours/employment workbook; hours worked, millions of hours.","Information is classified as unmeasurable because modern Information includes publishing/software, motion picture/sound, broadcasting/telecom, and data/internet/other information services.","BEA-BLS historical KLEMS 1963-2016, current BEA-BLS ILPA 1997-2024, and BLS detailed industry hours/employment 1987-2025."
1989,"Agriculture, forestry, fishing, and hunting",1,sector,91757.0,1.585365540233756,7914.283,3.5798534913439424,Griliches measurable sectors,BEA-BLS historical KLEMS 1963-2016 sheet; nominal VA = go. - ii.,"BLS detailed industries hours/employment workbook; hours worked, millions of hours.","Information is classified as unmeasurable because modern Information includes publishing/software, motion picture/sound, broadcasting/telecom, and data/internet/other information services.","BEA-BLS historical KLEMS 1963-2016, current BEA-BLS ILPA 1997-2024, and BLS detailed industry hours/employment 1987-2025."
1989,Mining,2,sector,78793.0,1.3613752303545055,1576.325,0.7130162713088146,Griliches measurable sectors,BEA-BLS historical KLEMS 1963-2016 sheet; nominal VA = go. - ii.,"BLS detailed industries hours/employment workbook; hours worked, millions of hours.","Information is classified as unmeasurable because modern Information includes publishing/software, motion picture/sound, broadcasting/telecom, and data/internet/other information services.","BEA-BLS historical KLEMS 1963-2016, current BEA-BLS ILPA 1997-2024, and BLS detailed industry hours/employment 1987-2025."
1989,Utilities,3,sector,138936.0,2.400518180606571,1421.656,0.6430551188389477,Griliches measurable sectors,BEA-BLS historical KLEMS 1963-2016 sheet; nominal VA = go. - ii.,"BLS detailed industries hours/employment workbook; hours worked, millions of hours.","Information is classified as unmeasurable because modern Information includes publishing/software, motion picture/sound, broadcasting/telecom, and data/internet/other information services.","BEA-BLS historical KLEMS 1963-2016, current BEA-BLS ILPA 1997-2024, and BLS detailed industry hours/employment 1987-2025."
1989,Construction,4,sector,241372.0,4.170394097205687,13610.241000000002,6.156295998245509,Other sectors,BEA-BLS historical KLEMS 1963-2016 sheet; nominal VA = go. - ii.,"BLS detailed industries hours/employment workbook; hours worked, millions of hours.","Information is classified as unmeasurable because modern Information includes publishing/software, motion picture/sound, broadcasting/telecom, and data/internet/other information services.","BEA-BLS historical KLEMS 1963-2016, current BEA-BLS ILPA 1997-2024, and BLS detailed industry hours/employment 1987-2025."
1989,Manufacturing,5,sector,1.017835e6,17.58602106263092,36407.141,16.467977050947155,Griliches measurable sectors,BEA-BLS historical KLEMS 1963-2016 sheet; nominal VA = go. - ii.,"BLS detailed industries hours/employment workbook; hours worked, millions of hours.","Information is classified as unmeasurable because modern Information includes publishing/software, motion picture/sound, broadcasting/telecom, and data/internet/other information services.","BEA-BLS historical KLEMS 1963-2016, current BEA-BLS ILPA 1997-2024, and BLS detailed industry hours/employment 1987-2025."
1989,Wholesale trade,6,sector,336838.0,5.819843258184749,11344.132,5.1312709624442965,Other sectors,BEA-BLS historical KLEMS 1963-2016 sheet; nominal VA = go. - ii.,"BLS detailed industries hours/employment workbook; hours worked, millions of hours.","Information is classified as unmeasurable because modern Information includes publishing/software, motion picture/sound, broadcasting/telecom, and data/internet/other information services.","BEA-BLS historical KLEMS 1963-2016, current BEA-BLS ILPA 1997-2024, and BLS detailed industry hours/employment 1987-2025."
1989,Retail trade,7,sector,391697.0,6.767689942052831,24568.99,11.11324735674658,Other sectors,BEA-BLS historical KLEMS 1963-2016 sheet; nominal VA = go. - ii.,"BLS detailed industries hours/employment workbook; hours worked, millions of hours.","Information is classified as unmeasurable because modern Information includes publishing/software, motion picture/sound, broadcasting/telecom, and data/internet/other information services.","BEA-BLS historical KLEMS 1963-2016, current BEA-BLS ILPA 1997-2024, and BLS detailed industry hours/employment 1987-2025."
1989,Transportation and warehousing,8,sector,168858.0,2.9175066141307107,8917.598999999998,4.0336816253039265,Griliches measurable sectors,BEA-BLS historical KLEMS 1963-2016 sheet; nominal VA = go. - ii.,"BLS detailed industries hours/employment workbook; hours worked, millions of hours.","Information is classified as unmeasurable because modern Information includes publishing/software, motion picture/sound, broadcasting/telecom, and data/internet/other information services.","BEA-BLS historical KLEMS 1963-2016, current BEA-BLS ILPA 1997-2024, and BLS detailed industry hours/employment 1987-2025."
1989,Information,9,sector,254721.0,4.401036387129948,4974.8679999999995,2.2502731553540922,Other sectors,BEA-BLS historical KLEMS 1963-2016 sheet; nominal VA = go. - ii.,"BLS detailed industries hours/employment workbook; hours worked, millions of hours.","Information is classified as unmeasurable because modern Information includes publishing/software, motion picture/sound, broadcasting/telecom, and data/internet/other information services.","BEA-BLS historical KLEMS 1963-2016, current BEA-BLS ILPA 1997-2024, and BLS detailed industry hours/employment 1987-2025."
1989,"Finance, insurance, real estate, rental, and leasing",10,sector,981644.0,16.960717660529717,13404.041,6.063025920600431,Other sectors,BEA-BLS historical KLEMS 1963-2016 sheet; nominal VA = go. - ii.,"BLS detailed industries hours/employment workbook; hours worked, millions of hours.","Information is classified as unmeasurable because modern Information includes publishing/software, motion picture/sound, broadcasting/telecom, and data/internet/other information services.","BEA-BLS historical KLEMS 1963-2016, current BEA-BLS ILPA 1997-2024, and BLS detailed industry hours/employment 1987-2025."
1989,Professional and business services,11,service_detail,477803.0,8.255418237522035,22584.233,10.215485768499189,Other sectors,BEA-BLS historical KLEMS 1963-2016 sheet; nominal VA = go. - ii.,"BLS detailed industries hours/employment workbook; hours worked, millions of hours.","Information is classified as unmeasurable because modern Information includes publishing/software, motion picture/sound, broadcasting/telecom, and data/internet/other information services.","BEA-BLS historical KLEMS 1963-2016, current BEA-BLS ILPA 1997-2024, and BLS detailed industry hours/employment 1987-2025."
1989,"Educational services, health care, and social assistance",12,service_detail,339549.0,5.866683564423768,18508.599,8.371961521976784,Other sectors,BEA-BLS historical KLEMS 1963-2016 sheet; nominal VA = go. - ii.,"BLS detailed industries hours/employment workbook; hours worked, millions of hours.","Information is classified as unmeasurable because modern Information includes publishing/software, motion picture/sound, broadcasting/telecom, and data/internet/other information services.","BEA-BLS historical KLEMS 1963-2016, current BEA-BLS ILPA 1997-2024, and BLS detailed industry hours/employment 1987-2025."
1989,"Arts, entertainment, recreation, accommodation, and food services",13,service_detail,185371.0,3.202816085515782,14670.498,6.635880153016302,Other sectors,BEA-BLS historical KLEMS 1963-2016 sheet; nominal VA = go. - ii.,"BLS detailed industries hours/employment workbook; hours worked, millions of hours.","Information is classified as unmeasurable because modern Information includes publishing/software, motion picture/sound, broadcasting/telecom, and data/internet/other information services.","BEA-BLS historical KLEMS 1963-2016, current BEA-BLS ILPA 1997-2024, and BLS detailed industry hours/employment 1987-2025."
1989,"Other services, except government",14,service_detail,145297.0,2.5104227132463364,9802.051999999998,4.433744670810339,Other sectors,BEA-BLS historical KLEMS 1963-2016 sheet; nominal VA = go. - ii.,"BLS detailed industries hours/employment workbook; hours worked, millions of hours.","Information is classified as unmeasurable because modern Information includes publishing/software, motion picture/sound, broadcasting/telecom, and data/internet/other information services.","BEA-BLS historical KLEMS 1963-2016, current BEA-BLS ILPA 1997-2024, and BLS detailed industry hours/employment 1987-2025."
1989,Services,15,services_total,1.14802e6,19.835340600707923,65565.382,29.65707211430262,Other sectors,BEA-BLS historical KLEMS 1963-2016 sheet; nominal VA = go. - ii.,"BLS detailed industries hours/employment workbook; hours worked, millions of hours.","Information is classified as unmeasurable because modern Information includes publishing/software, motion picture/sound, broadcasting/telecom, and data/internet/other information services.","BEA-BLS historical KLEMS 1963-2016, current BEA-BLS ILPA 1997-2024, and BLS detailed industry hours/employment 1987-2025."
1989,Government,16,sector,937279.375,16.194191426232685,31373.747,14.19123093456369,Other sectors,BEA-BLS historical KLEMS 1963-2016 sheet; nominal VA = go. - ii.,"BLS detailed industries hours/employment workbook; hours worked, millions of hours.","Information is classified as unmeasurable because modern Information includes publishing/software, motion picture/sound, broadcasting/telecom, and data/internet/other information services.","BEA-BLS historical KLEMS 1963-2016, current BEA-BLS ILPA 1997-2024, and BLS detailed industry hours/employment 1987-2025."
1989,Total,17,total,5.787750375e6,100.0,221078.405,100.0,Total,BEA-BLS historical KLEMS 1963-2016 sheet; nominal VA = go. - ii.,"BLS detailed industries hours/employment workbook; hours worked, millions of hours.","Information is classified as unmeasurable because modern Information includes publishing/software, motion picture/sound, broadcasting/telecom, and data/internet/other information services.","BEA-BLS historical KLEMS 1963-2016, current BEA-BLS ILPA 1997-2024, and BLS detailed industry hours/employment 1987-2025."
1990,"Agriculture, forestry, fishing, and hunting",1,sector,96153.0,1.580146250277363,7622.503,3.427016824009126,Griliches measurable sectors,BEA-BLS historical KLEMS 1963-2016 sheet; nominal VA = go. - ii.,"BLS detailed industries hours/employment workbook; hours worked, millions of hours.","Information is classified as unmeasurable because modern Information includes publishing/software, motion picture/sound, broadcasting/telecom, and data/internet/other information services.","BEA-BLS historical KLEMS 1963-2016, current BEA-BLS ILPA 1997-2024, and BLS detailed industry hours/employment 1987-2025."
1990,Mining,2,sector,88520.0,1.454708080606452,1631.8600000000001,0.7336712985783715,Griliches measurable sectors,BEA-BLS historical KLEMS 1963-2016 sheet; nominal VA = go. - ii.,"BLS detailed industries hours/employment workbook; hours worked, millions of hours.","Information is classified as unmeasurable because modern Information includes publishing/software, motion picture/sound, broadcasting/telecom, and data/internet/other information services.","BEA-BLS historical KLEMS 1963-2016, current BEA-BLS ILPA 1997-2024, and BLS detailed industry hours/employment 1987-2025."
1990,Utilities,3,sector,146100.0,2.40095854695665,1454.04,0.6537248385185588,Griliches measurable sectors,BEA-BLS historical KLEMS 1963-2016 sheet; nominal VA = go. - ii.,"BLS detailed industries hours/employment workbook; hours worked, millions of hours.","Information is classified as unmeasurable because modern Information includes publishing/software, motion picture/sound, broadcasting/telecom, and data/internet/other information services.","BEA-BLS historical KLEMS 1963-2016, current BEA-BLS ILPA 1997-2024, and BLS detailed industry hours/employment 1987-2025."
1990,Construction,4,sector,246239.0,4.0466093883919125,13572.875,6.1022568276028055,Other sectors,BEA-BLS historical KLEMS 1963-2016 sheet; nominal VA = go. - ii.,"BLS detailed industries hours/employment workbook; hours worked, millions of hours.","Information is classified as unmeasurable because modern Information includes publishing/software, motion picture/sound, broadcasting/telecom, and data/internet/other information services.","BEA-BLS historical KLEMS 1963-2016, current BEA-BLS ILPA 1997-2024, and BLS detailed industry hours/employment 1987-2025."
1990,Manufacturing,5,sector,1.037424e6,17.048679121272794,35379.192,15.906203802589397,Griliches measurable sectors,BEA-BLS historical KLEMS 1963-2016 sheet; nominal VA = go. - ii.,"BLS detailed industries hours/employment workbook; hours worked, millions of hours.","Information is classified as unmeasurable because modern Information includes publishing/software, motion picture/sound, broadcasting/telecom, and data/internet/other information services.","BEA-BLS historical KLEMS 1963-2016, current BEA-BLS ILPA 1997-2024, and BLS detailed industry hours/employment 1987-2025."
1990,Wholesale trade,6,sector,348190.0,5.722038031929062,11150.894,5.01335340120462,Other sectors,BEA-BLS historical KLEMS 1963-2016 sheet; nominal VA = go. - ii.,"BLS detailed industries hours/employment workbook; hours worked, millions of hours.","Information is classified as unmeasurable because modern Information includes publishing/software, motion picture/sound, broadcasting/telecom, and data/internet/other information services.","BEA-BLS historical KLEMS 1963-2016, current BEA-BLS ILPA 1997-2024, and BLS detailed industry hours/employment 1987-2025."
1990,Retail trade,7,sector,400406.0,6.580138315898181,24748.584,11.126766855769434,Other sectors,BEA-BLS historical KLEMS 1963-2016 sheet; nominal VA = go. - ii.,"BLS detailed industries hours/employment workbook; hours worked, millions of hours.","Information is classified as unmeasurable because modern Information includes publishing/software, motion picture/sound, broadcasting/telecom, and data/internet/other information services.","BEA-BLS historical KLEMS 1963-2016, current BEA-BLS ILPA 1997-2024, and BLS detailed industry hours/employment 1987-2025."
1990,Transportation and warehousing,8,sector,175165.0,2.8786030381770127,8976.339,4.0356907397752755,Griliches measurable sectors,BEA-BLS historical KLEMS 1963-2016 sheet; nominal VA = go. - ii.,"BLS detailed industries hours/employment workbook; hours worked, millions of hours.","Information is classified as unmeasurable because modern Information includes publishing/software, motion picture/sound, broadcasting/telecom, and data/internet/other information services.","BEA-BLS historical KLEMS 1963-2016, current BEA-BLS ILPA 1997-2024, and BLS detailed industry hours/employment 1987-2025."
1990,Information,9,sector,270035.0,4.437664895465017,5058.546,2.2742821153398127,Other sectors,BEA-BLS historical KLEMS 1963-2016 sheet; nominal VA = go. - ii.,"BLS detailed industries hours/employment workbook; hours worked, millions of hours.","Information is classified as unmeasurable because modern Information includes publishing/software, motion picture/sound, broadcasting/telecom, and data/internet/other information services.","BEA-BLS historical KLEMS 1963-2016, current BEA-BLS ILPA 1997-2024, and BLS detailed industry hours/employment 1987-2025."
1990,"Finance, insurance, real estate, rental, and leasing",10,sector,1.047513e6,17.21447837370432,13455.515000000001,6.049492703473802,Other sectors,BEA-BLS historical KLEMS 1963-2016 sheet; nominal VA = go. - ii.,"BLS detailed industries hours/employment workbook; hours worked, millions of hours.","Information is classified as unmeasurable because modern Information includes publishing/software, motion picture/sound, broadcasting/telecom, and data/internet/other information services.","BEA-BLS historical KLEMS 1963-2016, current BEA-BLS ILPA 1997-2024, and BLS detailed industry hours/employment 1987-2025."
1990,Professional and business services,11,service_detail,524355.0,8.617074735725216,23174.17,10.418922822653867,Other sectors,BEA-BLS historical KLEMS 1963-2016 sheet; nominal VA = go. - ii.,"BLS detailed industries hours/employment workbook; hours worked, millions of hours.","Information is classified as unmeasurable because modern Information includes publishing/software, motion picture/sound, broadcasting/telecom, and data/internet/other information services.","BEA-BLS historical KLEMS 1963-2016, current BEA-BLS ILPA 1997-2024, and BLS detailed industry hours/employment 1987-2025."
1990,"Educational services, health care, and social assistance",12,service_detail,378222.0,6.215573877803134,19197.888000000003,8.63121800823731,Other sectors,BEA-BLS historical KLEMS 1963-2016 sheet; nominal VA = go. - ii.,"BLS detailed industries hours/employment workbook; hours worked, millions of hours.","Information is classified as unmeasurable because modern Information includes publishing/software, motion picture/sound, broadcasting/telecom, and data/internet/other information services.","BEA-BLS historical KLEMS 1963-2016, current BEA-BLS ILPA 1997-2024, and BLS detailed industry hours/employment 1987-2025."
1990,"Arts, entertainment, recreation, accommodation, and food services",13,service_detail,200823.0,3.3002580306329588,14620.323999999999,6.573181580966829,Other sectors,BEA-BLS historical KLEMS 1963-2016 sheet; nominal VA = go. - ii.,"BLS detailed industries hours/employment workbook; hours worked, millions of hours.","Information is classified as unmeasurable because modern Information includes publishing/software, motion picture/sound, broadcasting/telecom, and data/internet/other information services.","BEA-BLS historical KLEMS 1963-2016, current BEA-BLS ILPA 1997-2024, and BLS detailed industry hours/employment 1987-2025."
1990,"Other services, except government",14,service_detail,154232.0,2.5345971157715126,10088.898,4.535888432147816,Other sectors,BEA-BLS historical KLEMS 1963-2016 sheet; nominal VA = go. - ii.,"BLS detailed industries hours/employment workbook; hours worked, millions of hours.","Information is classified as unmeasurable because modern Information includes publishing/software, motion picture/sound, broadcasting/telecom, and data/internet/other information services.","BEA-BLS historical KLEMS 1963-2016, current BEA-BLS ILPA 1997-2024, and BLS detailed industry hours/employment 1987-2025."
1990,Services,15,services_total,1.257632e6,20.66750375993282,67081.28,30.159210844005823,Other sectors,BEA-BLS historical KLEMS 1963-2016 sheet; nominal VA = go. - ii.,"BLS detailed industries hours/employment workbook; hours worked, millions of hours.","Information is classified as unmeasurable because modern Information includes publishing/software, motion picture/sound, broadcasting/telecom, and data/internet/other information services.","BEA-BLS historical KLEMS 1963-2016, current BEA-BLS ILPA 1997-2024, and BLS detailed industry hours/employment 1987-2025."
1990,Government,16,sector,971692.65625,15.968472197388413,32292.229,14.518329749132981,Other sectors,BEA-BLS historical KLEMS 1963-2016 sheet; nominal VA = go. - ii.,"BLS detailed industries hours/employment workbook; hours worked, millions of hours.","Information is classified as unmeasurable because modern Information includes publishing/software, motion picture/sound, broadcasting/telecom, and data/internet/other information services.","BEA-BLS historical KLEMS 1963-2016, current BEA-BLS ILPA 1997-2024, and BLS detailed industry hours/employment 1987-2025."
1990,Total,17,total,6.08506965625e6,100.0,222423.857,100.0,Total,BEA-BLS historical KLEMS 1963-2016 sheet; nominal VA = go. - ii.,"BLS detailed industries hours/employment workbook; hours worked, millions of hours.","Information is classified as unmeasurable because modern Information includes publishing/software, motion picture/sound, broadcasting/telecom, and data/internet/other information services.","BEA-BLS historical KLEMS 1963-2016, current BEA-BLS ILPA 1997-2024, and BLS detailed industry hours/employment 1987-2025."
1991,"Agriculture, forestry, fishing, and hunting",1,sector,88007.0,1.401348203712773,7606.541000000001,3.463588149518941,Griliches measurable sectors,BEA-BLS historical KLEMS 1963-2016 sheet; nominal VA = go. - ii.,"BLS detailed industries hours/employment workbook; hours worked, millions of hours.","Information is classified as unmeasurable because modern Information includes publishing/software, motion picture/sound, broadcasting/telecom, and data/internet/other information services.","BEA-BLS historical KLEMS 1963-2016, current BEA-BLS ILPA 1997-2024, and BLS detailed industry hours/employment 1987-2025."
1991,Mining,2,sector,79545.0,1.2666065524825583,1583.1460000000002,0.7208750632591493,Griliches measurable sectors,BEA-BLS historical KLEMS 1963-2016 sheet; nominal VA = go. - ii.,"BLS detailed industries hours/employment workbook; hours worked, millions of hours.","Information is classified as unmeasurable because modern Information includes publishing/software, motion picture/sound, broadcasting/telecom, and data/internet/other information services.","BEA-BLS historical KLEMS 1963-2016, current BEA-BLS ILPA 1997-2024, and BLS detailed industry hours/employment 1987-2025."
1991,Utilities,3,sector,154296.0,2.4568775488320926,1444.282,0.6576442590348903,Griliches measurable sectors,BEA-BLS historical KLEMS 1963-2016 sheet; nominal VA = go. - ii.,"BLS detailed industries hours/employment workbook; hours worked, millions of hours.","Information is classified as unmeasurable because modern Information includes publishing/software, motion picture/sound, broadcasting/telecom, and data/internet/other information services.","BEA-BLS historical KLEMS 1963-2016, current BEA-BLS ILPA 1997-2024, and BLS detailed industry hours/employment 1987-2025."
1991,Construction,4,sector,230316.0,3.667355015922722,12381.07,5.637638360243437,Other sectors,BEA-BLS historical KLEMS 1963-2016 sheet; nominal VA = go. - ii.,"BLS detailed industries hours/employment workbook; hours worked, millions of hours.","Information is classified as unmeasurable because modern Information includes publishing/software, motion picture/sound, broadcasting/telecom, and data/internet/other information services.","BEA-BLS historical KLEMS 1963-2016, current BEA-BLS ILPA 1997-2024, and BLS detailed industry hours/employment 1987-2025."
1991,Manufacturing,5,sector,1.044987e6,16.639479306796044,34110.085,15.53180166715512,Griliches measurable sectors,BEA-BLS historical KLEMS 1963-2016 sheet; nominal VA = go. - ii.,"BLS detailed industries hours/employment workbook; hours worked, millions of hours.","Information is classified as unmeasurable because modern Information includes publishing/software, motion picture/sound, broadcasting/telecom, and data/internet/other information services.","BEA-BLS historical KLEMS 1963-2016, current BEA-BLS ILPA 1997-2024, and BLS detailed industry hours/employment 1987-2025."
1991,Wholesale trade,6,sector,362866.0,5.777967858107185,11013.368,5.0148642978577405,Other sectors,BEA-BLS historical KLEMS 1963-2016 sheet; nominal VA = go. - ii.,"BLS detailed industries hours/employment workbook; hours worked, millions of hours.","Information is classified as unmeasurable because modern Information includes publishing/software, motion picture/sound, broadcasting/telecom, and data/internet/other information services.","BEA-BLS historical KLEMS 1963-2016, current BEA-BLS ILPA 1997-2024, and BLS detailed industry hours/employment 1987-2025."
1991,Retail trade,7,sector,407630.0,6.4907515115779155,24171.509,11.006336799918703,Other sectors,BEA-BLS historical KLEMS 1963-2016 sheet; nominal VA = go. - ii.,"BLS detailed industries hours/employment workbook; hours worked, millions of hours.","Information is classified as unmeasurable because modern Information includes publishing/software, motion picture/sound, broadcasting/telecom, and data/internet/other information services.","BEA-BLS historical KLEMS 1963-2016, current BEA-BLS ILPA 1997-2024, and BLS detailed industry hours/employment 1987-2025."
1991,Transportation and warehousing,8,sector,184136.0,2.9320241894264676,8855.778000000002,4.032419957451166,Griliches measurable sectors,BEA-BLS historical KLEMS 1963-2016 sheet; nominal VA = go. - ii.,"BLS detailed industries hours/employment workbook; hours worked, millions of hours.","Information is classified as unmeasurable because modern Information includes publishing/software, motion picture/sound, broadcasting/telecom, and data/internet/other information services.","BEA-BLS historical KLEMS 1963-2016, current BEA-BLS ILPA 1997-2024, and BLS detailed industry hours/employment 1987-2025."
1991,Information,9,sector,281774.0,4.486728200631346,4981.776000000001,2.268418761846925,Other sectors,BEA-BLS historical KLEMS 1963-2016 sheet; nominal VA = go. - ii.,"BLS detailed industries hours/employment workbook; hours worked, millions of hours.","Information is classified as unmeasurable because modern Information includes publishing/software, motion picture/sound, broadcasting/telecom, and data/internet/other information services.","BEA-BLS historical KLEMS 1963-2016, current BEA-BLS ILPA 1997-2024, and BLS detailed industry hours/employment 1987-2025."
1991,"Finance, insurance, real estate, rental, and leasing",10,sector,1.106949e6,17.62610920440022,13320.646,6.065468079319744,Other sectors,BEA-BLS historical KLEMS 1963-2016 sheet; nominal VA = go. - ii.,"BLS detailed industries hours/employment workbook; hours worked, millions of hours.","Information is classified as unmeasurable because modern Information includes publishing/software, motion picture/sound, broadcasting/telecom, and data/internet/other information services.","BEA-BLS historical KLEMS 1963-2016, current BEA-BLS ILPA 1997-2024, and BLS detailed industry hours/employment 1987-2025."
1991,Professional and business services,11,service_detail,532461.0,8.478453599112648,22939.451,10.445327336048068,Other sectors,BEA-BLS historical KLEMS 1963-2016 sheet; nominal VA = go. - ii.,"BLS detailed industries hours/employment workbook; hours worked, millions of hours.","Information is classified as unmeasurable because modern Information includes publishing/software, motion picture/sound, broadcasting/telecom, and data/internet/other information services.","BEA-BLS historical KLEMS 1963-2016, current BEA-BLS ILPA 1997-2024, and BLS detailed industry hours/employment 1987-2025."
1991,"Educational services, health care, and social assistance",12,service_detail,414633.0,6.602261294556548,20117.586,9.16040976661115,Other sectors,BEA-BLS historical KLEMS 1963-2016 sheet; nominal VA = go. - ii.,"BLS detailed industries hours/employment workbook; hours worked, millions of hours.","Information is classified as unmeasurable because modern Information includes publishing/software, motion picture/sound, broadcasting/telecom, and data/internet/other information services.","BEA-BLS historical KLEMS 1963-2016, current BEA-BLS ILPA 1997-2024, and BLS detailed industry hours/employment 1987-2025."
1991,"Arts, entertainment, recreation, accommodation, and food services",13,service_detail,206855.0,3.2937821159567493,14442.604000000001,6.576344236177108,Other sectors,BEA-BLS historical KLEMS 1963-2016 sheet; nominal VA = go. - ii.,"BLS detailed industries hours/employment workbook; hours worked, millions of hours.","Information is classified as unmeasurable because modern Information includes publishing/software, motion picture/sound, broadcasting/telecom, and data/internet/other information services.","BEA-BLS historical KLEMS 1963-2016, current BEA-BLS ILPA 1997-2024, and BLS detailed industry hours/employment 1987-2025."
1991,"Other services, except government",14,service_detail,156063.0,2.4850137456796215,10110.479999999998,4.603740216998535,Other sectors,BEA-BLS historical KLEMS 1963-2016 sheet; nominal VA = go. - ii.,"BLS detailed industries hours/employment workbook; hours worked, millions of hours.","Information is classified as unmeasurable because modern Information includes publishing/software, motion picture/sound, broadcasting/telecom, and data/internet/other information services.","BEA-BLS historical KLEMS 1963-2016, current BEA-BLS ILPA 1997-2024, and BLS detailed industry hours/employment 1987-2025."
1991,Services,15,services_total,1.310012e6,20.859510755305564,67610.121,30.78582155583486,Other sectors,BEA-BLS historical KLEMS 1963-2016 sheet; nominal VA = go. - ii.,"BLS detailed industries hours/employment workbook; hours worked, millions of hours.","Information is classified as unmeasurable because modern Information includes publishing/software, motion picture/sound, broadcasting/telecom, and data/internet/other information services.","BEA-BLS historical KLEMS 1963-2016, current BEA-BLS ILPA 1997-2024, and BLS detailed industry hours/employment 1987-2025."
1991,Government,16,sector,1.02964846875e6,16.39524165280511,32536.155,14.815123048559316,Other sectors,BEA-BLS historical KLEMS 1963-2016 sheet; nominal VA = go. - ii.,"BLS detailed industries hours/employment workbook; hours worked, millions of hours.","Information is classified as unmeasurable because modern Information includes publishing/software, motion picture/sound, broadcasting/telecom, and data/internet/other information services.","BEA-BLS historical KLEMS 1963-2016, current BEA-BLS ILPA 1997-2024, and BLS detailed industry hours/employment 1987-2025."
1991,Total,17,total,6.28016646875e6,100.0,219614.477,100.00000000000001,Total,BEA-BLS historical KLEMS 1963-2016 sheet; nominal VA = go. - ii.,"BLS detailed industries hours/employment workbook; hours worked, millions of hours.","Information is classified as unmeasurable because modern Information includes publishing/software, motion picture/sound, broadcasting/telecom, and data/internet/other information services.","BEA-BLS historical KLEMS 1963-2016, current BEA-BLS ILPA 1997-2024, and BLS detailed industry hours/employment 1987-2025."
1992,"Agriculture, forestry, fishing, and hunting",1,sector,98669.0,1.4869374192603597,7410.329,3.3668915124810512,Griliches measurable sectors,BEA-BLS historical KLEMS 1963-2016 sheet; nominal VA = go. - ii.,"BLS detailed industries hours/employment workbook; hours worked, millions of hours.","Information is classified as unmeasurable because modern Information includes publishing/software, motion picture/sound, broadcasting/telecom, and data/internet/other information services.","BEA-BLS historical KLEMS 1963-2016, current BEA-BLS ILPA 1997-2024, and BLS detailed industry hours/employment 1987-2025."
1992,Mining,2,sector,73602.0,1.1091788498150483,1439.543,0.6540580193607476,Griliches measurable sectors,BEA-BLS historical KLEMS 1963-2016 sheet; nominal VA = go. - ii.,"BLS detailed industries hours/employment workbook; hours worked, millions of hours.","Information is classified as unmeasurable because modern Information includes publishing/software, motion picture/sound, broadcasting/telecom, and data/internet/other information services.","BEA-BLS historical KLEMS 1963-2016, current BEA-BLS ILPA 1997-2024, and BLS detailed industry hours/employment 1987-2025."
1992,Utilities,3,sector,160525.0,2.419104574149624,1428.909,0.6492264492180828,Griliches measurable sectors,BEA-BLS historical KLEMS 1963-2016 sheet; nominal VA = go. - ii.,"BLS detailed industries hours/employment workbook; hours worked, millions of hours.","Information is classified as unmeasurable because modern Information includes publishing/software, motion picture/sound, broadcasting/telecom, and data/internet/other information services.","BEA-BLS historical KLEMS 1963-2016, current BEA-BLS ILPA 1997-2024, and BLS detailed industry hours/employment 1987-2025."
1992,Construction,4,sector,235343.0,3.546608489606572,12090.346,5.493262624420484,Other sectors,BEA-BLS historical KLEMS 1963-2016 sheet; nominal VA = go. - ii.,"BLS detailed industries hours/employment workbook; hours worked, millions of hours.","Information is classified as unmeasurable because modern Information includes publishing/software, motion picture/sound, broadcasting/telecom, and data/internet/other information services.","BEA-BLS historical KLEMS 1963-2016, current BEA-BLS ILPA 1997-2024, and BLS detailed industry hours/employment 1987-2025."
1992,Manufacturing,5,sector,1.087319e6,16.385848724247282,33763.498999999996,15.340484641742956,Griliches measurable sectors,BEA-BLS historical KLEMS 1963-2016 sheet; nominal VA = go. - ii.,"BLS detailed industries hours/employment workbook; hours worked, millions of hours.","Information is classified as unmeasurable because modern Information includes publishing/software, motion picture/sound, broadcasting/telecom, and data/internet/other information services.","BEA-BLS historical KLEMS 1963-2016, current BEA-BLS ILPA 1997-2024, and BLS detailed industry hours/employment 1987-2025."
1992,Wholesale trade,6,sector,380762.0,5.738066319030426,10851.92,4.930582345550834,Other sectors,BEA-BLS historical KLEMS 1963-2016 sheet; nominal VA = go. - ii.,"BLS detailed industries hours/employment workbook; hours worked, millions of hours.","Information is classified as unmeasurable because modern Information includes publishing/software, motion picture/sound, broadcasting/telecom, and data/internet/other information services.","BEA-BLS historical KLEMS 1963-2016, current BEA-BLS ILPA 1997-2024, and BLS detailed industry hours/employment 1987-2025."
1992,Retail trade,7,sector,426563.0,6.428285341616484,24066.357,10.934577009959872,Other sectors,BEA-BLS historical KLEMS 1963-2016 sheet; nominal VA = go. - ii.,"BLS detailed industries hours/employment workbook; hours worked, millions of hours.","Information is classified as unmeasurable because modern Information includes publishing/software, motion picture/sound, broadcasting/telecom, and data/internet/other information services.","BEA-BLS historical KLEMS 1963-2016, current BEA-BLS ILPA 1997-2024, and BLS detailed industry hours/employment 1987-2025."
1992,Transportation and warehousing,8,sector,194957.0,2.9379932749570985,8834.907,4.014150166862959,Griliches measurable sectors,BEA-BLS historical KLEMS 1963-2016 sheet; nominal VA = go. - ii.,"BLS detailed industries hours/employment workbook; hours worked, millions of hours.","Information is classified as unmeasurable because modern Information includes publishing/software, motion picture/sound, broadcasting/telecom, and data/internet/other information services.","BEA-BLS historical KLEMS 1963-2016, current BEA-BLS ILPA 1997-2024, and BLS detailed industry hours/employment 1987-2025."
1992,Information,9,sector,300060.0,4.521890786602312,4973.089,2.2595287125460795,Other sectors,BEA-BLS historical KLEMS 1963-2016 sheet; nominal VA = go. - ii.,"BLS detailed industries hours/employment workbook; hours worked, millions of hours.","Information is classified as unmeasurable because modern Information includes publishing/software, motion picture/sound, broadcasting/telecom, and data/internet/other information services.","BEA-BLS historical KLEMS 1963-2016, current BEA-BLS ILPA 1997-2024, and BLS detailed industry hours/employment 1987-2025."
1992,"Finance, insurance, real estate, rental, and leasing",10,sector,1.192701e6,17.97395075342053,13241.666000000001,6.016366191907122,Other sectors,BEA-BLS historical KLEMS 1963-2016 sheet; nominal VA = go. - ii.,"BLS detailed industries hours/employment workbook; hours worked, millions of hours.","Information is classified as unmeasurable because modern Information includes publishing/software, motion picture/sound, broadcasting/telecom, and data/internet/other information services.","BEA-BLS historical KLEMS 1963-2016, current BEA-BLS ILPA 1997-2024, and BLS detailed industry hours/employment 1987-2025."
1992,Professional and business services,11,service_detail,576614.0,8.68954720397889,23213.906,10.547264916703826,Other sectors,BEA-BLS historical KLEMS 1963-2016 sheet; nominal VA = go. - ii.,"BLS detailed industries hours/employment workbook; hours worked, millions of hours.","Information is classified as unmeasurable because modern Information includes publishing/software, motion picture/sound, broadcasting/telecom, and data/internet/other information services.","BEA-BLS historical KLEMS 1963-2016, current BEA-BLS ILPA 1997-2024, and BLS detailed industry hours/employment 1987-2025."
1992,"Educational services, health care, and social assistance",12,service_detail,449814.0,6.778676872241327,21092.408000000003,9.58335985797492,Other sectors,BEA-BLS historical KLEMS 1963-2016 sheet; nominal VA = go. - ii.,"BLS detailed industries hours/employment workbook; hours worked, millions of hours.","Information is classified as unmeasurable because modern Information includes publishing/software, motion picture/sound, broadcasting/telecom, and data/internet/other information services.","BEA-BLS historical KLEMS 1963-2016, current BEA-BLS ILPA 1997-2024, and BLS detailed industry hours/employment 1987-2025."
1992,"Arts, entertainment, recreation, accommodation, and food services",13,service_detail,219369.0,3.3058810236824723,14627.371000000001,6.645962853985493,Other sectors,BEA-BLS historical KLEMS 1963-2016 sheet; nominal VA = go. - ii.,"BLS detailed industries hours/employment workbook; hours worked, millions of hours.","Information is classified as unmeasurable because modern Information includes publishing/software, motion picture/sound, broadcasting/telecom, and data/internet/other information services.","BEA-BLS historical KLEMS 1963-2016, current BEA-BLS ILPA 1997-2024, and BLS detailed industry hours/employment 1987-2025."
1992,"Other services, except government",14,service_detail,166248.0,2.505349928317874,10060.833999999999,4.571151510692816,Other sectors,BEA-BLS historical KLEMS 1963-2016 sheet; nominal VA = go. - ii.,"BLS detailed industries hours/employment workbook; hours worked, millions of hours.","Information is classified as unmeasurable because modern Information includes publishing/software, motion picture/sound, broadcasting/telecom, and data/internet/other information services.","BEA-BLS historical KLEMS 1963-2016, current BEA-BLS ILPA 1997-2024, and BLS detailed industry hours/employment 1987-2025."
1992,Services,15,services_total,1.412045e6,21.279455028220564,68994.519,31.347739139357053,Other sectors,BEA-BLS historical KLEMS 1963-2016 sheet; nominal VA = go. - ii.,"BLS detailed industries hours/employment workbook; hours worked, millions of hours.","Information is classified as unmeasurable because modern Information includes publishing/software, motion picture/sound, broadcasting/telecom, and data/internet/other information services.","BEA-BLS historical KLEMS 1963-2016, current BEA-BLS ILPA 1997-2024, and BLS detailed industry hours/employment 1987-2025."
1992,Government,16,sector,1.07317375e6,16.172680439073698,32998.999,14.993133186592754,Other sectors,BEA-BLS historical KLEMS 1963-2016 sheet; nominal VA = go. - ii.,"BLS detailed industries hours/employment workbook; hours worked, millions of hours.","Information is classified as unmeasurable because modern Information includes publishing/software, motion picture/sound, broadcasting/telecom, and data/internet/other information services.","BEA-BLS historical KLEMS 1963-2016, current BEA-BLS ILPA 1997-2024, and BLS detailed industry hours/employment 1987-2025."
1992,Total,17,total,6.63571975e6,100.0,220094.083,100.0,Total,BEA-BLS historical KLEMS 1963-2016 sheet; nominal VA = go. - ii.,"BLS detailed industries hours/employment workbook; hours worked, millions of hours.","Information is classified as unmeasurable because modern Information includes publishing/software, motion picture/sound, broadcasting/telecom, and data/internet/other information services.","BEA-BLS historical KLEMS 1963-2016, current BEA-BLS ILPA 1997-2024, and BLS detailed industry hours/employment 1987-2025."
1993,"Agriculture, forestry, fishing, and hunting",1,sector,90517.0,1.2960116753732511,7247.2970000000005,3.2131244712743703,Griliches measurable sectors,BEA-BLS historical KLEMS 1963-2016 sheet; nominal VA = go. - ii.,"BLS detailed industries hours/employment workbook; hours worked, millions of hours.","Information is classified as unmeasurable because modern Information includes publishing/software, motion picture/sound, broadcasting/telecom, and data/internet/other information services.","BEA-BLS historical KLEMS 1963-2016, current BEA-BLS ILPA 1997-2024, and BLS detailed industry hours/employment 1987-2025."
1993,Mining,2,sector,74595.0,1.0680423668975736,1380.097,0.6118727359224198,Griliches measurable sectors,BEA-BLS historical KLEMS 1963-2016 sheet; nominal VA = go. - ii.,"BLS detailed industries hours/employment workbook; hours worked, millions of hours.","Information is classified as unmeasurable because modern Information includes publishing/software, motion picture/sound, broadcasting/telecom, and data/internet/other information services.","BEA-BLS historical KLEMS 1963-2016, current BEA-BLS ILPA 1997-2024, and BLS detailed industry hours/employment 1987-2025."
1993,Utilities,3,sector,164969.0,2.362006585223216,1416.903,0.6281908555316649,Griliches measurable sectors,BEA-BLS historical KLEMS 1963-2016 sheet; nominal VA = go. - ii.,"BLS detailed industries hours/employment workbook; hours worked, millions of hours.","Information is classified as unmeasurable because modern Information includes publishing/software, motion picture/sound, broadcasting/telecom, and data/internet/other information services.","BEA-BLS historical KLEMS 1963-2016, current BEA-BLS ILPA 1997-2024, and BLS detailed industry hours/employment 1987-2025."
1993,Construction,4,sector,252772.0,3.619159530336262,12739.433,5.648089752974145,Other sectors,BEA-BLS historical KLEMS 1963-2016 sheet; nominal VA = go. - ii.,"BLS detailed industries hours/employment workbook; hours worked, millions of hours.","Information is classified as unmeasurable because modern Information includes publishing/software, motion picture/sound, broadcasting/telecom, and data/internet/other information services.","BEA-BLS historical KLEMS 1963-2016, current BEA-BLS ILPA 1997-2024, and BLS detailed industry hours/employment 1987-2025."
1993,Manufacturing,5,sector,1.127393e6,16.141879323597507,34160.51899999999,15.145232705425629,Griliches measurable sectors,BEA-BLS historical KLEMS 1963-2016 sheet; nominal VA = go. - ii.,"BLS detailed industries hours/employment workbook; hours worked, millions of hours.","Information is classified as unmeasurable because modern Information includes publishing/software, motion picture/sound, broadcasting/telecom, and data/internet/other information services.","BEA-BLS historical KLEMS 1963-2016, current BEA-BLS ILPA 1997-2024, and BLS detailed industry hours/employment 1987-2025."
1993,Wholesale trade,6,sector,403666.0,5.779641934125289,10830.443,4.801729725998837,Other sectors,BEA-BLS historical KLEMS 1963-2016 sheet; nominal VA = go. - ii.,"BLS detailed industries hours/employment workbook; hours worked, millions of hours.","Information is classified as unmeasurable because modern Information includes publishing/software, motion picture/sound, broadcasting/telecom, and data/internet/other information services.","BEA-BLS historical KLEMS 1963-2016, current BEA-BLS ILPA 1997-2024, and BLS detailed industry hours/employment 1987-2025."
1993,Retail trade,7,sector,463910.0,6.642208384307974,24603.167,10.907934083362395,Other sectors,BEA-BLS historical KLEMS 1963-2016 sheet; nominal VA = go. - ii.,"BLS detailed industries hours/employment workbook; hours worked, millions of hours.","Information is classified as unmeasurable because modern Information includes publishing/software, motion picture/sound, broadcasting/telecom, and data/internet/other information services.","BEA-BLS historical KLEMS 1963-2016, current BEA-BLS ILPA 1997-2024, and BLS detailed industry hours/employment 1987-2025."
1993,Transportation and warehousing,8,sector,209188.0,2.995128985140688,9370.049000000003,4.1542569235040245,Griliches measurable sectors,BEA-BLS historical KLEMS 1963-2016 sheet; nominal VA = go. - ii.,"BLS detailed industries hours/employment workbook; hours worked, millions of hours.","Information is classified as unmeasurable because modern Information includes publishing/software, motion picture/sound, broadcasting/telecom, and data/internet/other information services.","BEA-BLS historical KLEMS 1963-2016, current BEA-BLS ILPA 1997-2024, and BLS detailed industry hours/employment 1987-2025."
1993,Information,9,sector,323049.0,4.625377285124931,5111.43,2.266177419830587,Other sectors,BEA-BLS historical KLEMS 1963-2016 sheet; nominal VA = go. - ii.,"BLS detailed industries hours/employment workbook; hours worked, millions of hours.","Information is classified as unmeasurable because modern Information includes publishing/software, motion picture/sound, broadcasting/telecom, and data/internet/other information services.","BEA-BLS historical KLEMS 1963-2016, current BEA-BLS ILPA 1997-2024, and BLS detailed industry hours/employment 1987-2025."
1993,"Finance, insurance, real estate, rental, and leasing",10,sector,1.256276e6,17.9872108387508,13693.793,6.07120991355338,Other sectors,BEA-BLS historical KLEMS 1963-2016 sheet; nominal VA = go. - ii.,"BLS detailed industries hours/employment workbook; hours worked, millions of hours.","Information is classified as unmeasurable because modern Information includes publishing/software, motion picture/sound, broadcasting/telecom, and data/internet/other information services.","BEA-BLS historical KLEMS 1963-2016, current BEA-BLS ILPA 1997-2024, and BLS detailed industry hours/employment 1987-2025."
1993,Professional and business services,11,service_detail,611067.0,8.749184865111596,24318.608,10.781773462868799,Other sectors,BEA-BLS historical KLEMS 1963-2016 sheet; nominal VA = go. - ii.,"BLS detailed industries hours/employment workbook; hours worked, millions of hours.","Information is classified as unmeasurable because modern Information includes publishing/software, motion picture/sound, broadcasting/telecom, and data/internet/other information services.","BEA-BLS historical KLEMS 1963-2016, current BEA-BLS ILPA 1997-2024, and BLS detailed industry hours/employment 1987-2025."
1993,"Educational services, health care, and social assistance",12,service_detail,482058.0,6.902049296895375,21692.754,9.61758828522344,Other sectors,BEA-BLS historical KLEMS 1963-2016 sheet; nominal VA = go. - ii.,"BLS detailed industries hours/employment workbook; hours worked, millions of hours.","Information is classified as unmeasurable because modern Information includes publishing/software, motion picture/sound, broadcasting/telecom, and data/internet/other information services.","BEA-BLS historical KLEMS 1963-2016, current BEA-BLS ILPA 1997-2024, and BLS detailed industry hours/employment 1987-2025."
1993,"Arts, entertainment, recreation, accommodation, and food services",13,service_detail,232637.0,3.33086898730412,15282.312,6.77548755968604,Other sectors,BEA-BLS historical KLEMS 1963-2016 sheet; nominal VA = go. - ii.,"BLS detailed industries hours/employment workbook; hours worked, millions of hours.","Information is classified as unmeasurable because modern Information includes publishing/software, motion picture/sound, broadcasting/telecom, and data/internet/other information services.","BEA-BLS historical KLEMS 1963-2016, current BEA-BLS ILPA 1997-2024, and BLS detailed industry hours/employment 1987-2025."
1993,"Other services, except government",14,service_detail,178751.0,2.559335627392026,10342.339,4.585326437030978,Other sectors,BEA-BLS historical KLEMS 1963-2016 sheet; nominal VA = go. - ii.,"BLS detailed industries hours/employment workbook; hours worked, millions of hours.","Information is classified as unmeasurable because modern Information includes publishing/software, motion picture/sound, broadcasting/telecom, and data/internet/other information services.","BEA-BLS historical KLEMS 1963-2016, current BEA-BLS ILPA 1997-2024, and BLS detailed industry hours/employment 1987-2025."
1993,Services,15,services_total,1.504513e6,21.541438776703117,71636.013,31.76017574480926,Other sectors,BEA-BLS historical KLEMS 1963-2016 sheet; nominal VA = go. - ii.,"BLS detailed industries hours/employment workbook; hours worked, millions of hours.","Information is classified as unmeasurable because modern Information includes publishing/software, motion picture/sound, broadcasting/telecom, and data/internet/other information services.","BEA-BLS historical KLEMS 1963-2016, current BEA-BLS ILPA 1997-2024, and BLS detailed industry hours/employment 1987-2025."
1993,Government,16,sector,1.1134255e6,15.941894314419388,33363.805,14.79200566781328,Other sectors,BEA-BLS historical KLEMS 1963-2016 sheet; nominal VA = go. - ii.,"BLS detailed industries hours/employment workbook; hours worked, millions of hours.","Information is classified as unmeasurable because modern Information includes publishing/software, motion picture/sound, broadcasting/telecom, and data/internet/other information services.","BEA-BLS historical KLEMS 1963-2016, current BEA-BLS ILPA 1997-2024, and BLS detailed industry hours/employment 1987-2025."
1993,Total,17,total,6.9842735e6,100.0,225552.94900000002,100.0,Total,BEA-BLS historical KLEMS 1963-2016 sheet; nominal VA = go. - ii.,"BLS detailed industries hours/employment workbook; hours worked, millions of hours.","Information is classified as unmeasurable because modern Information includes publishing/software, motion picture/sound, broadcasting/telecom, and data/internet/other information services.","BEA-BLS historical KLEMS 1963-2016, current BEA-BLS ILPA 1997-2024, and BLS detailed industry hours/employment 1987-2025."
1994,"Agriculture, forestry, fishing, and hunting",1,sector,105344.0,1.4173004421748259,6836.924,2.9473155433510536,Griliches measurable sectors,BEA-BLS historical KLEMS 1963-2016 sheet; nominal VA = go. - ii.,"BLS detailed industries hours/employment workbook; hours worked, millions of hours.","Information is classified as unmeasurable because modern Information includes publishing/software, motion picture/sound, broadcasting/telecom, and data/internet/other information services.","BEA-BLS historical KLEMS 1963-2016, current BEA-BLS ILPA 1997-2024, and BLS detailed industry hours/employment 1987-2025."
1994,Mining,2,sector,76344.0,1.0271338183227796,1387.641,0.5981953123789586,Griliches measurable sectors,BEA-BLS historical KLEMS 1963-2016 sheet; nominal VA = go. - ii.,"BLS detailed industries hours/employment workbook; hours worked, millions of hours.","Information is classified as unmeasurable because modern Information includes publishing/software, motion picture/sound, broadcasting/telecom, and data/internet/other information services.","BEA-BLS historical KLEMS 1963-2016, current BEA-BLS ILPA 1997-2024, and BLS detailed industry hours/employment 1987-2025."
1994,Utilities,3,sector,172591.0,2.3220430268016723,1375.949,0.5931550320814358,Griliches measurable sectors,BEA-BLS historical KLEMS 1963-2016 sheet; nominal VA = go. - ii.,"BLS detailed industries hours/employment workbook; hours worked, millions of hours.","Information is classified as unmeasurable because modern Information includes publishing/software, motion picture/sound, broadcasting/telecom, and data/internet/other information services.","BEA-BLS historical KLEMS 1963-2016, current BEA-BLS ILPA 1997-2024, and BLS detailed industry hours/employment 1987-2025."
1994,Construction,4,sector,280540.0,3.7743911950156215,13310.851999999999,5.7381478856347465,Other sectors,BEA-BLS historical KLEMS 1963-2016 sheet; nominal VA = go. - ii.,"BLS detailed industries hours/employment workbook; hours worked, millions of hours.","Information is classified as unmeasurable because modern Information includes publishing/software, motion picture/sound, broadcasting/telecom, and data/internet/other information services.","BEA-BLS historical KLEMS 1963-2016, current BEA-BLS ILPA 1997-2024, and BLS detailed industry hours/employment 1987-2025."
1994,Manufacturing,5,sector,1.197715e6,16.114083375412186,35070.095,15.118295318230548,Griliches measurable sectors,BEA-BLS historical KLEMS 1963-2016 sheet; nominal VA = go. - ii.,"BLS detailed industries hours/employment workbook; hours worked, millions of hours.","Information is classified as unmeasurable because modern Information includes publishing/software, motion picture/sound, broadcasting/telecom, and data/internet/other information services.","BEA-BLS historical KLEMS 1963-2016, current BEA-BLS ILPA 1997-2024, and BLS detailed industry hours/employment 1987-2025."
1994,Wholesale trade,6,sector,444566.0,5.981200527565819,11190.412,4.824051755453497,Other sectors,BEA-BLS historical KLEMS 1963-2016 sheet; nominal VA = go. - ii.,"BLS detailed industries hours/employment workbook; hours worked, millions of hours.","Information is classified as unmeasurable because modern Information includes publishing/software, motion picture/sound, broadcasting/telecom, and data/internet/other information services.","BEA-BLS historical KLEMS 1963-2016, current BEA-BLS ILPA 1997-2024, and BLS detailed industry hours/employment 1987-2025."
1994,Retail trade,7,sector,502659.0,6.76278499927054,25306.153,10.909177589120471,Other sectors,BEA-BLS historical KLEMS 1963-2016 sheet; nominal VA = go. - ii.,"BLS detailed industries hours/employment workbook; hours worked, millions of hours.","Information is classified as unmeasurable because modern Information includes publishing/software, motion picture/sound, broadcasting/telecom, and data/internet/other information services.","BEA-BLS historical KLEMS 1963-2016, current BEA-BLS ILPA 1997-2024, and BLS detailed industry hours/employment 1987-2025."
1994,Transportation and warehousing,8,sector,227210.0,3.0568882277732206,9906.390999999998,4.270525776330551,Griliches measurable sectors,BEA-BLS historical KLEMS 1963-2016 sheet; nominal VA = go. - ii.,"BLS detailed industries hours/employment workbook; hours worked, millions of hours.","Information is classified as unmeasurable because modern Information includes publishing/software, motion picture/sound, broadcasting/telecom, and data/internet/other information services.","BEA-BLS historical KLEMS 1963-2016, current BEA-BLS ILPA 1997-2024, and BLS detailed industry hours/employment 1987-2025."
1994,Information,9,sector,343210.0,4.617554723181406,5285.433999999999,2.278486901647017,Other sectors,BEA-BLS historical KLEMS 1963-2016 sheet; nominal VA = go. - ii.,"BLS detailed industries hours/employment workbook; hours worked, millions of hours.","Information is classified as unmeasurable because modern Information includes publishing/software, motion picture/sound, broadcasting/telecom, and data/internet/other information services.","BEA-BLS historical KLEMS 1963-2016, current BEA-BLS ILPA 1997-2024, and BLS detailed industry hours/employment 1987-2025."
1994,"Finance, insurance, real estate, rental, and leasing",10,sector,1.319232e6,17.748975707502844,13907.762999999999,5.995469024248722,Other sectors,BEA-BLS historical KLEMS 1963-2016 sheet; nominal VA = go. - ii.,"BLS detailed industries hours/employment workbook; hours worked, millions of hours.","Information is classified as unmeasurable because modern Information includes publishing/software, motion picture/sound, broadcasting/telecom, and data/internet/other information services.","BEA-BLS historical KLEMS 1963-2016, current BEA-BLS ILPA 1997-2024, and BLS detailed industry hours/employment 1987-2025."
1994,Professional and business services,11,service_detail,649202.0,8.734377673724001,25631.186999999998,11.049295829474987,Other sectors,BEA-BLS historical KLEMS 1963-2016 sheet; nominal VA = go. - ii.,"BLS detailed industries hours/employment workbook; hours worked, millions of hours.","Information is classified as unmeasurable because modern Information includes publishing/software, motion picture/sound, broadcasting/telecom, and data/internet/other information services.","BEA-BLS historical KLEMS 1963-2016, current BEA-BLS ILPA 1997-2024, and BLS detailed industry hours/employment 1987-2025."
1994,"Educational services, health care, and social assistance",12,service_detail,509884.0,6.8599903046957476,22693.428,9.782863328057765,Other sectors,BEA-BLS historical KLEMS 1963-2016 sheet; nominal VA = go. - ii.,"BLS detailed industries hours/employment workbook; hours worked, millions of hours.","Information is classified as unmeasurable because modern Information includes publishing/software, motion picture/sound, broadcasting/telecom, and data/internet/other information services.","BEA-BLS historical KLEMS 1963-2016, current BEA-BLS ILPA 1997-2024, and BLS detailed industry hours/employment 1987-2025."
1994,"Arts, entertainment, recreation, accommodation, and food services",13,service_detail,244642.0,3.2914187307728366,15857.309,6.835894810505506,Other sectors,BEA-BLS historical KLEMS 1963-2016 sheet; nominal VA = go. - ii.,"BLS detailed industries hours/employment workbook; hours worked, millions of hours.","Information is classified as unmeasurable because modern Information includes publishing/software, motion picture/sound, broadcasting/telecom, and data/internet/other information services.","BEA-BLS historical KLEMS 1963-2016, current BEA-BLS ILPA 1997-2024, and BLS detailed industry hours/employment 1987-2025."
1994,"Other services, except government",14,service_detail,191573.0,2.5774272631451045,10402.625999999998,4.48444670460982,Other sectors,BEA-BLS historical KLEMS 1963-2016 sheet; nominal VA = go. - ii.,"BLS detailed industries hours/employment workbook; hours worked, millions of hours.","Information is classified as unmeasurable because modern Information includes publishing/software, motion picture/sound, broadcasting/telecom, and data/internet/other information services.","BEA-BLS historical KLEMS 1963-2016, current BEA-BLS ILPA 1997-2024, and BLS detailed industry hours/employment 1987-2025."
1994,Services,15,services_total,1.595301e6,21.46321397233769,74584.55,32.15250067264808,Other sectors,BEA-BLS historical KLEMS 1963-2016 sheet; nominal VA = go. - ii.,"BLS detailed industries hours/employment workbook; hours worked, millions of hours.","Information is classified as unmeasurable because modern Information includes publishing/software, motion picture/sound, broadcasting/telecom, and data/internet/other information services.","BEA-BLS historical KLEMS 1963-2016, current BEA-BLS ILPA 1997-2024, and BLS detailed industry hours/employment 1987-2025."
1994,Government,16,sector,1.168009875e6,15.714429984641393,33809.062,14.574679188874915,Other sectors,BEA-BLS historical KLEMS 1963-2016 sheet; nominal VA = go. - ii.,"BLS detailed industries hours/employment workbook; hours worked, millions of hours.","Information is classified as unmeasurable because modern Information includes publishing/software, motion picture/sound, broadcasting/telecom, and data/internet/other information services.","BEA-BLS historical KLEMS 1963-2016, current BEA-BLS ILPA 1997-2024, and BLS detailed industry hours/employment 1987-2025."
1994,Total,17,total,7.432721875e6,100.0,231971.226,99.99999999999999,Total,BEA-BLS historical KLEMS 1963-2016 sheet; nominal VA = go. - ii.,"BLS detailed industries hours/employment workbook; hours worked, millions of hours.","Information is classified as unmeasurable because modern Information includes publishing/software, motion picture/sound, broadcasting/telecom, and data/internet/other information services.","BEA-BLS historical KLEMS 1963-2016, current BEA-BLS ILPA 1997-2024, and BLS detailed industry hours/employment 1987-2025."
1995,"Agriculture, forestry, fishing, and hunting",1,sector,90656.0,1.1541250582250935,7116.955,3.0064651660450963,Griliches measurable sectors,BEA-BLS historical KLEMS 1963-2016 sheet; nominal VA = go. - ii.,"BLS detailed industries hours/employment workbook; hours worked, millions of hours.","Information is classified as unmeasurable because modern Information includes publishing/software, motion picture/sound, broadcasting/telecom, and data/internet/other information services.","BEA-BLS historical KLEMS 1963-2016, current BEA-BLS ILPA 1997-2024, and BLS detailed industry hours/employment 1987-2025."
1995,Mining,2,sector,76930.0,0.9793818470841029,1333.674,0.5633932522911874,Griliches measurable sectors,BEA-BLS historical KLEMS 1963-2016 sheet; nominal VA = go. - ii.,"BLS detailed industries hours/employment workbook; hours worked, millions of hours.","Information is classified as unmeasurable because modern Information includes publishing/software, motion picture/sound, broadcasting/telecom, and data/internet/other information services.","BEA-BLS historical KLEMS 1963-2016, current BEA-BLS ILPA 1997-2024, and BLS detailed industry hours/employment 1987-2025."
1995,Utilities,3,sector,176127.0,2.242240823883814,1332.201,0.5627710025805198,Griliches measurable sectors,BEA-BLS historical KLEMS 1963-2016 sheet; nominal VA = go. - ii.,"BLS detailed industries hours/employment workbook; hours worked, millions of hours.","Information is classified as unmeasurable because modern Information includes publishing/software, motion picture/sound, broadcasting/telecom, and data/internet/other information services.","BEA-BLS historical KLEMS 1963-2016, current BEA-BLS ILPA 1997-2024, and BLS detailed industry hours/employment 1987-2025."
1995,Construction,4,sector,297199.0,3.7835864496496594,13552.994999999999,5.725286637766202,Other sectors,BEA-BLS historical KLEMS 1963-2016 sheet; nominal VA = go. - ii.,"BLS detailed industries hours/employment workbook; hours worked, millions of hours.","Information is classified as unmeasurable because modern Information includes publishing/software, motion picture/sound, broadcasting/telecom, and data/internet/other information services.","BEA-BLS historical KLEMS 1963-2016, current BEA-BLS ILPA 1997-2024, and BLS detailed industry hours/employment 1987-2025."
1995,Manufacturing,5,sector,1.265459e6,16.110328517213073,35267.804000000004,14.898425549818135,Griliches measurable sectors,BEA-BLS historical KLEMS 1963-2016 sheet; nominal VA = go. - ii.,"BLS detailed industries hours/employment workbook; hours worked, millions of hours.","Information is classified as unmeasurable because modern Information includes publishing/software, motion picture/sound, broadcasting/telecom, and data/internet/other information services.","BEA-BLS historical KLEMS 1963-2016, current BEA-BLS ILPA 1997-2024, and BLS detailed industry hours/employment 1987-2025."
1995,Wholesale trade,6,sector,461872.0,5.880008481430246,11546.471,4.877656645608956,Other sectors,BEA-BLS historical KLEMS 1963-2016 sheet; nominal VA = go. - ii.,"BLS detailed industries hours/employment workbook; hours worked, millions of hours.","Information is classified as unmeasurable because modern Information includes publishing/software, motion picture/sound, broadcasting/telecom, and data/internet/other information services.","BEA-BLS historical KLEMS 1963-2016, current BEA-BLS ILPA 1997-2024, and BLS detailed industry hours/employment 1987-2025."
1995,Retail trade,7,sector,528165.0,6.723972614911936,25784.588,10.89236417018576,Other sectors,BEA-BLS historical KLEMS 1963-2016 sheet; nominal VA = go. - ii.,"BLS detailed industries hours/employment workbook; hours worked, millions of hours.","Information is classified as unmeasurable because modern Information includes publishing/software, motion picture/sound, broadcasting/telecom, and data/internet/other information services.","BEA-BLS historical KLEMS 1963-2016, current BEA-BLS ILPA 1997-2024, and BLS detailed industry hours/employment 1987-2025."
1995,Transportation and warehousing,8,sector,234550.0,2.9860134178288877,10258.174,4.333432317364588,Griliches measurable sectors,BEA-BLS historical KLEMS 1963-2016 sheet; nominal VA = go. - ii.,"BLS detailed industries hours/employment workbook; hours worked, millions of hours.","Information is classified as unmeasurable because modern Information includes publishing/software, motion picture/sound, broadcasting/telecom, and data/internet/other information services.","BEA-BLS historical KLEMS 1963-2016, current BEA-BLS ILPA 1997-2024, and BLS detailed industry hours/employment 1987-2025."
1995,Information,9,sector,360513.0,4.589625475599002,5524.817999999999,2.3338875777265606,Other sectors,BEA-BLS historical KLEMS 1963-2016 sheet; nominal VA = go. - ii.,"BLS detailed industries hours/employment workbook; hours worked, millions of hours.","Information is classified as unmeasurable because modern Information includes publishing/software, motion picture/sound, broadcasting/telecom, and data/internet/other information services.","BEA-BLS historical KLEMS 1963-2016, current BEA-BLS ILPA 1997-2024, and BLS detailed industry hours/employment 1987-2025."
1995,"Finance, insurance, real estate, rental, and leasing",10,sector,1.407408e6,17.91745543534308,13943.945,5.89043838548209,Other sectors,BEA-BLS historical KLEMS 1963-2016 sheet; nominal VA = go. - ii.,"BLS detailed industries hours/employment workbook; hours worked, millions of hours.","Information is classified as unmeasurable because modern Information includes publishing/software, motion picture/sound, broadcasting/telecom, and data/internet/other information services.","BEA-BLS historical KLEMS 1963-2016, current BEA-BLS ILPA 1997-2024, and BLS detailed industry hours/employment 1987-2025."
1995,Professional and business services,11,service_detail,698482.0,8.892247384830345,26857.748,11.345706668149138,Other sectors,BEA-BLS historical KLEMS 1963-2016 sheet; nominal VA = go. - ii.,"BLS detailed industries hours/employment workbook; hours worked, millions of hours.","Information is classified as unmeasurable because modern Information includes publishing/software, motion picture/sound, broadcasting/telecom, and data/internet/other information services.","BEA-BLS historical KLEMS 1963-2016, current BEA-BLS ILPA 1997-2024, and BLS detailed industry hours/employment 1987-2025."
1995,"Educational services, health care, and social assistance",12,service_detail,528990.0,6.734475539958659,23480.839,9.919175338752764,Other sectors,BEA-BLS historical KLEMS 1963-2016 sheet; nominal VA = go. - ii.,"BLS detailed industries hours/employment workbook; hours worked, millions of hours.","Information is classified as unmeasurable because modern Information includes publishing/software, motion picture/sound, broadcasting/telecom, and data/internet/other information services.","BEA-BLS historical KLEMS 1963-2016, current BEA-BLS ILPA 1997-2024, and BLS detailed industry hours/employment 1987-2025."
1995,"Arts, entertainment, recreation, accommodation, and food services",13,service_detail,257889.0,3.283137984696116,16135.019999999999,6.816029549637583,Other sectors,BEA-BLS historical KLEMS 1963-2016 sheet; nominal VA = go. - ii.,"BLS detailed industries hours/employment workbook; hours worked, millions of hours.","Information is classified as unmeasurable because modern Information includes publishing/software, motion picture/sound, broadcasting/telecom, and data/internet/other information services.","BEA-BLS historical KLEMS 1963-2016, current BEA-BLS ILPA 1997-2024, and BLS detailed industry hours/employment 1987-2025."
1995,"Other services, except government",14,service_detail,201912.0,2.5705049721622957,10572.867,4.466370286270985,Other sectors,BEA-BLS historical KLEMS 1963-2016 sheet; nominal VA = go. - ii.,"BLS detailed industries hours/employment workbook; hours worked, millions of hours.","Information is classified as unmeasurable because modern Information includes publishing/software, motion picture/sound, broadcasting/telecom, and data/internet/other information services.","BEA-BLS historical KLEMS 1963-2016, current BEA-BLS ILPA 1997-2024, and BLS detailed industry hours/employment 1987-2025."
1995,Services,15,services_total,1.687273e6,21.480365881647415,77046.474,32.54728184281047,Other sectors,BEA-BLS historical KLEMS 1963-2016 sheet; nominal VA = go. - ii.,"BLS detailed industries hours/employment workbook; hours worked, millions of hours.","Information is classified as unmeasurable because modern Information includes publishing/software, motion picture/sound, broadcasting/telecom, and data/internet/other information services.","BEA-BLS historical KLEMS 1963-2016, current BEA-BLS ILPA 1997-2024, and BLS detailed industry hours/employment 1987-2025."
1995,Government,16,sector,1.26880265625e6,16.152895997183688,34013.586,14.368597452320433,Other sectors,BEA-BLS historical KLEMS 1963-2016 sheet; nominal VA = go. - ii.,"BLS detailed industries hours/employment workbook; hours worked, millions of hours.","Information is classified as unmeasurable because modern Information includes publishing/software, motion picture/sound, broadcasting/telecom, and data/internet/other information services.","BEA-BLS historical KLEMS 1963-2016, current BEA-BLS ILPA 1997-2024, and BLS detailed industry hours/employment 1987-2025."
1995,Total,17,total,7.85495465625e6,100.0,236721.685,100.0,Total,BEA-BLS historical KLEMS 1963-2016 sheet; nominal VA = go. - ii.,"BLS detailed industries hours/employment workbook; hours worked, millions of hours.","Information is classified as unmeasurable because modern Information includes publishing/software, motion picture/sound, broadcasting/telecom, and data/internet/other information services.","BEA-BLS historical KLEMS 1963-2016, current BEA-BLS ILPA 1997-2024, and BLS detailed industry hours/employment 1987-2025."
1996,"Agriculture, forestry, fishing, and hunting",1,sector,113576.0,1.3725504213631137,6909.620999999999,2.867836888263324,Griliches measurable sectors,BEA-BLS historical KLEMS 1963-2016 sheet; nominal VA = go. - ii.,"BLS detailed industries hours/employment workbook; hours worked, millions of hours.","Information is classified as unmeasurable because modern Information includes publishing/software, motion picture/sound, broadcasting/telecom, and data/internet/other information services.","BEA-BLS historical KLEMS 1963-2016, current BEA-BLS ILPA 1997-2024, and BLS detailed industry hours/employment 1987-2025."
1996,Mining,2,sector,90710.0,1.096217939721843,1365.072,0.5665728752322873,Griliches measurable sectors,BEA-BLS historical KLEMS 1963-2016 sheet; nominal VA = go. - ii.,"BLS detailed industries hours/employment workbook; hours worked, millions of hours.","Information is classified as unmeasurable because modern Information includes publishing/software, motion picture/sound, broadcasting/telecom, and data/internet/other information services.","BEA-BLS historical KLEMS 1963-2016, current BEA-BLS ILPA 1997-2024, and BLS detailed industry hours/employment 1987-2025."
1996,Utilities,3,sector,174634.0,2.110427997854529,1280.439,0.5314459646008085,Griliches measurable sectors,BEA-BLS historical KLEMS 1963-2016 sheet; nominal VA = go. - ii.,"BLS detailed industries hours/employment workbook; hours worked, millions of hours.","Information is classified as unmeasurable because modern Information includes publishing/software, motion picture/sound, broadcasting/telecom, and data/internet/other information services.","BEA-BLS historical KLEMS 1963-2016, current BEA-BLS ILPA 1997-2024, and BLS detailed industry hours/employment 1987-2025."
1996,Construction,4,sector,322194.0,3.8936704097755426,14165.577,5.8794200527256875,Other sectors,BEA-BLS historical KLEMS 1963-2016 sheet; nominal VA = go. - ii.,"BLS detailed industries hours/employment workbook; hours worked, millions of hours.","Information is classified as unmeasurable because modern Information includes publishing/software, motion picture/sound, broadcasting/telecom, and data/internet/other information services.","BEA-BLS historical KLEMS 1963-2016, current BEA-BLS ILPA 1997-2024, and BLS detailed industry hours/employment 1987-2025."
1996,Manufacturing,5,sector,1.307632e6,15.802553819362286,35229.741,14.622097334103108,Griliches measurable sectors,BEA-BLS historical KLEMS 1963-2016 sheet; nominal VA = go. - ii.,"BLS detailed industries hours/employment workbook; hours worked, millions of hours.","Information is classified as unmeasurable because modern Information includes publishing/software, motion picture/sound, broadcasting/telecom, and data/internet/other information services.","BEA-BLS historical KLEMS 1963-2016, current BEA-BLS ILPA 1997-2024, and BLS detailed industry hours/employment 1987-2025."
1996,Wholesale trade,6,sector,493773.0,5.967179150592807,11658.894,4.839021748016561,Other sectors,BEA-BLS historical KLEMS 1963-2016 sheet; nominal VA = go. - ii.,"BLS detailed industries hours/employment workbook; hours worked, millions of hours.","Information is classified as unmeasurable because modern Information includes publishing/software, motion picture/sound, broadcasting/telecom, and data/internet/other information services.","BEA-BLS historical KLEMS 1963-2016, current BEA-BLS ILPA 1997-2024, and BLS detailed industry hours/employment 1987-2025."
1996,Retail trade,7,sector,558001.0,6.743365743388028,26063.095,10.81748264677779,Other sectors,BEA-BLS historical KLEMS 1963-2016 sheet; nominal VA = go. - ii.,"BLS detailed industries hours/employment workbook; hours worked, millions of hours.","Information is classified as unmeasurable because modern Information includes publishing/software, motion picture/sound, broadcasting/telecom, and data/internet/other information services.","BEA-BLS historical KLEMS 1963-2016, current BEA-BLS ILPA 1997-2024, and BLS detailed industry hours/employment 1987-2025."
1996,Transportation and warehousing,8,sector,245846.0,2.9710152751499965,10706.891,4.443893083052542,Griliches measurable sectors,BEA-BLS historical KLEMS 1963-2016 sheet; nominal VA = go. - ii.,"BLS detailed industries hours/employment workbook; hours worked, millions of hours.","Information is classified as unmeasurable because modern Information includes publishing/software, motion picture/sound, broadcasting/telecom, and data/internet/other information services.","BEA-BLS historical KLEMS 1963-2016, current BEA-BLS ILPA 1997-2024, and BLS detailed industry hours/employment 1987-2025."
1996,Information,9,sector,392112.0,4.738619874106617,5734.7699999999995,2.380215203077834,Other sectors,BEA-BLS historical KLEMS 1963-2016 sheet; nominal VA = go. - ii.,"BLS detailed industries hours/employment workbook; hours worked, millions of hours.","Information is classified as unmeasurable because modern Information includes publishing/software, motion picture/sound, broadcasting/telecom, and data/internet/other information services.","BEA-BLS historical KLEMS 1963-2016, current BEA-BLS ILPA 1997-2024, and BLS detailed industry hours/employment 1987-2025."
1996,"Finance, insurance, real estate, rental, and leasing",10,sector,1.49001e6,18.006566997739423,14216.967999999997,5.900749877548892,Other sectors,BEA-BLS historical KLEMS 1963-2016 sheet; nominal VA = go. - ii.,"BLS detailed industries hours/employment workbook; hours worked, millions of hours.","Information is classified as unmeasurable because modern Information includes publishing/software, motion picture/sound, broadcasting/telecom, and data/internet/other information services.","BEA-BLS historical KLEMS 1963-2016, current BEA-BLS ILPA 1997-2024, and BLS detailed industry hours/employment 1987-2025."
1996,Professional and business services,11,service_detail,768415.0,9.286190146084886,27993.375,11.618644995432938,Other sectors,BEA-BLS historical KLEMS 1963-2016 sheet; nominal VA = go. - ii.,"BLS detailed industries hours/employment workbook; hours worked, millions of hours.","Information is classified as unmeasurable because modern Information includes publishing/software, motion picture/sound, broadcasting/telecom, and data/internet/other information services.","BEA-BLS historical KLEMS 1963-2016, current BEA-BLS ILPA 1997-2024, and BLS detailed industry hours/employment 1987-2025."
1996,"Educational services, health care, and social assistance",12,service_detail,549077.0,6.635520424304381,24062.453999999998,9.987116978389897,Other sectors,BEA-BLS historical KLEMS 1963-2016 sheet; nominal VA = go. - ii.,"BLS detailed industries hours/employment workbook; hours worked, millions of hours.","Information is classified as unmeasurable because modern Information includes publishing/software, motion picture/sound, broadcasting/telecom, and data/internet/other information services.","BEA-BLS historical KLEMS 1963-2016, current BEA-BLS ILPA 1997-2024, and BLS detailed industry hours/employment 1987-2025."
1996,"Arts, entertainment, recreation, accommodation, and food services",13,service_detail,275456.0,3.3288480741265567,16569.525,6.877178215129508,Other sectors,BEA-BLS historical KLEMS 1963-2016 sheet; nominal VA = go. - ii.,"BLS detailed industries hours/employment workbook; hours worked, millions of hours.","Information is classified as unmeasurable because modern Information includes publishing/software, motion picture/sound, broadcasting/telecom, and data/internet/other information services.","BEA-BLS historical KLEMS 1963-2016, current BEA-BLS ILPA 1997-2024, and BLS detailed industry hours/employment 1987-2025."
1996,"Other services, except government",14,service_detail,212113.0,2.563356585252114,10820.417,4.491012027865432,Other sectors,BEA-BLS historical KLEMS 1963-2016 sheet; nominal VA = go. - ii.,"BLS detailed industries hours/employment workbook; hours worked, millions of hours.","Information is classified as unmeasurable because modern Information includes publishing/software, motion picture/sound, broadcasting/telecom, and data/internet/other information services.","BEA-BLS historical KLEMS 1963-2016, current BEA-BLS ILPA 1997-2024, and BLS detailed industry hours/employment 1987-2025."
1996,Services,15,services_total,1.805061e6,21.813915229767936,79445.771,32.97395221681777,Other sectors,BEA-BLS historical KLEMS 1963-2016 sheet; nominal VA = go. - ii.,"BLS detailed industries hours/employment workbook; hours worked, millions of hours.","Information is classified as unmeasurable because modern Information includes publishing/software, motion picture/sound, broadcasting/telecom, and data/internet/other information services.","BEA-BLS historical KLEMS 1963-2016, current BEA-BLS ILPA 1997-2024, and BLS detailed industry hours/employment 1987-2025."
1996,Government,16,sector,1.28126540625e6,15.483917141177876,34158.098,14.177312109783399,Other sectors,BEA-BLS historical KLEMS 1963-2016 sheet; nominal VA = go. - ii.,"BLS detailed industries hours/employment workbook; hours worked, millions of hours.","Information is classified as unmeasurable because modern Information includes publishing/software, motion picture/sound, broadcasting/telecom, and data/internet/other information services.","BEA-BLS historical KLEMS 1963-2016, current BEA-BLS ILPA 1997-2024, and BLS detailed industry hours/employment 1987-2025."
1996,Total,17,total,8.27481440625e6,100.0,240934.93699999998,100.0,Total,BEA-BLS historical KLEMS 1963-2016 sheet; nominal VA = go. - ii.,"BLS detailed industries hours/employment workbook; hours worked, millions of hours.","Information is classified as unmeasurable because modern Information includes publishing/software, motion picture/sound, broadcasting/telecom, and data/internet/other information services.","BEA-BLS historical KLEMS 1963-2016, current BEA-BLS ILPA 1997-2024, and BLS detailed industry hours/employment 1987-2025."
1997,"Agriculture, forestry, fishing, and hunting",1,sector,114672.0,1.3462786089487517,6976.160999999998,2.8168441909174486,Griliches measurable sectors,Current BEA-BLS ILPA Value Added sheet.,"BLS detailed industries hours/employment workbook; hours worked, millions of hours.","Information is classified as unmeasurable because modern Information includes publishing/software, motion picture/sound, broadcasting/telecom, and data/internet/other information services.","BEA-BLS historical KLEMS 1963-2016, current BEA-BLS ILPA 1997-2024, and BLS detailed industry hours/employment 1987-2025."
1997,Mining,2,sector,89507.0,1.0508350726522246,1415.257,0.571454480351766,Griliches measurable sectors,Current BEA-BLS ILPA Value Added sheet.,"BLS detailed industries hours/employment workbook; hours worked, millions of hours.","Information is classified as unmeasurable because modern Information includes publishing/software, motion picture/sound, broadcasting/telecom, and data/internet/other information services.","BEA-BLS historical KLEMS 1963-2016, current BEA-BLS ILPA 1997-2024, and BLS detailed industry hours/employment 1987-2025."
1997,Utilities,3,sector,154499.0,1.8138577752544054,1237.37,0.49962701498940804,Griliches measurable sectors,Current BEA-BLS ILPA Value Added sheet.,"BLS detailed industries hours/employment workbook; hours worked, millions of hours.","Information is classified as unmeasurable because modern Information includes publishing/software, motion picture/sound, broadcasting/telecom, and data/internet/other information services.","BEA-BLS historical KLEMS 1963-2016, current BEA-BLS ILPA 1997-2024, and BLS detailed industry hours/employment 1987-2025."
1997,Construction,4,sector,338921.0,3.9790192237295927,14761.458,5.960402464445977,Other sectors,Current BEA-BLS ILPA Value Added sheet.,"BLS detailed industries hours/employment workbook; hours worked, millions of hours.","Information is classified as unmeasurable because modern Information includes publishing/software, motion picture/sound, broadcasting/telecom, and data/internet/other information services.","BEA-BLS historical KLEMS 1963-2016, current BEA-BLS ILPA 1997-2024, and BLS detailed industry hours/employment 1987-2025."
1997,Manufacturing,5,sector,1.368306e6,16.064262403169305,35958.257000000005,14.519276052540462,Griliches measurable sectors,Current BEA-BLS ILPA Value Added sheet.,"BLS detailed industries hours/employment workbook; hours worked, millions of hours.","Information is classified as unmeasurable because modern Information includes publishing/software, motion picture/sound, broadcasting/telecom, and data/internet/other information services.","BEA-BLS historical KLEMS 1963-2016, current BEA-BLS ILPA 1997-2024, and BLS detailed industry hours/employment 1987-2025."
1997,Wholesale trade,6,sector,411498.0,4.831091766300347,11850.013,4.7848150696846385,Other sectors,Current BEA-BLS ILPA Value Added sheet.,"BLS detailed industries hours/employment workbook; hours worked, millions of hours.","Information is classified as unmeasurable because modern Information includes publishing/software, motion picture/sound, broadcasting/telecom, and data/internet/other information services.","BEA-BLS historical KLEMS 1963-2016, current BEA-BLS ILPA 1997-2024, and BLS detailed industry hours/employment 1987-2025."
1997,Retail trade,7,sector,476666.0,5.59618075391696,26531.186,10.712799942869776,Other sectors,Current BEA-BLS ILPA Value Added sheet.,"BLS detailed industries hours/employment workbook; hours worked, millions of hours.","Information is classified as unmeasurable because modern Information includes publishing/software, motion picture/sound, broadcasting/telecom, and data/internet/other information services.","BEA-BLS historical KLEMS 1963-2016, current BEA-BLS ILPA 1997-2024, and BLS detailed industry hours/employment 1987-2025."
1997,Transportation and warehousing,8,sector,250800.0,2.9444561455660225,10905.555999999999,4.403460881611667,Griliches measurable sectors,Current BEA-BLS ILPA Value Added sheet.,"BLS detailed industries hours/employment workbook; hours worked, millions of hours.","Information is classified as unmeasurable because modern Information includes publishing/software, motion picture/sound, broadcasting/telecom, and data/internet/other information services.","BEA-BLS historical KLEMS 1963-2016, current BEA-BLS ILPA 1997-2024, and BLS detailed industry hours/employment 1987-2025."
1997,Information,9,sector,370715.0,4.352288915484482,5976.59,2.4132359936927084,Other sectors,Current BEA-BLS ILPA Value Added sheet.,"BLS detailed industries hours/employment workbook; hours worked, millions of hours.","Information is classified as unmeasurable because modern Information includes publishing/software, motion picture/sound, broadcasting/telecom, and data/internet/other information services.","BEA-BLS historical KLEMS 1963-2016, current BEA-BLS ILPA 1997-2024, and BLS detailed industry hours/employment 1987-2025."
1997,"Finance, insurance, real estate, rental, and leasing",10,sector,1.608848e6,18.888287005110065,14684.65,5.929388821180577,Other sectors,Current BEA-BLS ILPA Value Added sheet.,"BLS detailed industries hours/employment workbook; hours worked, millions of hours.","Information is classified as unmeasurable because modern Information includes publishing/software, motion picture/sound, broadcasting/telecom, and data/internet/other information services.","BEA-BLS historical KLEMS 1963-2016, current BEA-BLS ILPA 1997-2024, and BLS detailed industry hours/employment 1987-2025."
1997,Professional and business services,11,service_detail,831072.0,9.756997838149303,29816.527,12.039359595239167,Other sectors,Current BEA-BLS ILPA Value Added sheet.,"BLS detailed industries hours/employment workbook; hours worked, millions of hours.","Information is classified as unmeasurable because modern Information includes publishing/software, motion picture/sound, broadcasting/telecom, and data/internet/other information services.","BEA-BLS historical KLEMS 1963-2016, current BEA-BLS ILPA 1997-2024, and BLS detailed industry hours/employment 1987-2025."
1997,"Educational services, health care, and social assistance",12,service_detail,587699.0,6.899736572141172,25040.485,10.110882577108745,Other sectors,Current BEA-BLS ILPA Value Added sheet.,"BLS detailed industries hours/employment workbook; hours worked, millions of hours.","Information is classified as unmeasurable because modern Information includes publishing/software, motion picture/sound, broadcasting/telecom, and data/internet/other information services.","BEA-BLS historical KLEMS 1963-2016, current BEA-BLS ILPA 1997-2024, and BLS detailed industry hours/employment 1987-2025."
1997,"Arts, entertainment, recreation, accommodation, and food services",13,service_detail,271041.0,3.1820906624815004,17044.107,6.882093717780514,Other sectors,Current BEA-BLS ILPA Value Added sheet.,"BLS detailed industries hours/employment workbook; hours worked, millions of hours.","Information is classified as unmeasurable because modern Information includes publishing/software, motion picture/sound, broadcasting/telecom, and data/internet/other information services.","BEA-BLS historical KLEMS 1963-2016, current BEA-BLS ILPA 1997-2024, and BLS detailed industry hours/employment 1987-2025."
1997,"Other services, except government",14,service_detail,224677.0,2.637765444247756,11092.339999999998,4.478880790262904,Other sectors,Current BEA-BLS ILPA Value Added sheet.,"BLS detailed industries hours/employment workbook; hours worked, millions of hours.","Information is classified as unmeasurable because modern Information includes publishing/software, motion picture/sound, broadcasting/telecom, and data/internet/other information services.","BEA-BLS historical KLEMS 1963-2016, current BEA-BLS ILPA 1997-2024, and BLS detailed industry hours/employment 1987-2025."
1997,Services,15,services_total,1.914489e6,22.47659051701973,82993.459,33.511216680391335,Other sectors,Current BEA-BLS ILPA Value Added sheet.,"BLS detailed industries hours/employment workbook; hours worked, millions of hours.","Information is classified as unmeasurable because modern Information includes publishing/software, motion picture/sound, broadcasting/telecom, and data/internet/other information services.","BEA-BLS historical KLEMS 1963-2016, current BEA-BLS ILPA 1997-2024, and BLS detailed industry hours/employment 1987-2025."
1997,Government,16,sector,1.418781e6,16.656851812848114,34368.789,13.877478407324247,Other sectors,Current BEA-BLS ILPA Value Added sheet.,"BLS detailed industries hours/employment workbook; hours worked, millions of hours.","Information is classified as unmeasurable because modern Information includes publishing/software, motion picture/sound, broadcasting/telecom, and data/internet/other information services.","BEA-BLS historical KLEMS 1963-2016, current BEA-BLS ILPA 1997-2024, and BLS detailed industry hours/employment 1987-2025."
1997,Total,17,total,8.517702e6,100.0,247658.74599999998,100.0,Total,Current BEA-BLS ILPA Value Added sheet.,"BLS detailed industries hours/employment workbook; hours worked, millions of hours.","Information is classified as unmeasurable because modern Information includes publishing/software, motion picture/sound, broadcasting/telecom, and data/internet/other information services.","BEA-BLS historical KLEMS 1963-2016, current BEA-BLS ILPA 1997-2024, and BLS detailed industry hours/employment 1987-2025."
1998,"Agriculture, forestry, fishing, and hunting",1,sector,111012.0,1.2352390975228233,6978.686,2.761941741351187,Griliches measurable sectors,Current BEA-BLS ILPA Value Added sheet.,"BLS detailed industries hours/employment workbook; hours worked, millions of hours.","Information is classified as unmeasurable because modern Information includes publishing/software, motion picture/sound, broadcasting/telecom, and data/internet/other information services.","BEA-BLS historical KLEMS 1963-2016, current BEA-BLS ILPA 1997-2024, and BLS detailed industry hours/employment 1987-2025."
1998,Mining,2,sector,77236.0,0.8594109369822431,1370.875,0.5425486810374917,Griliches measurable sectors,Current BEA-BLS ILPA Value Added sheet.,"BLS detailed industries hours/employment workbook; hours worked, millions of hours.","Information is classified as unmeasurable because modern Information includes publishing/software, motion picture/sound, broadcasting/telecom, and data/internet/other information services.","BEA-BLS historical KLEMS 1963-2016, current BEA-BLS ILPA 1997-2024, and BLS detailed industry hours/employment 1987-2025."
1998,Utilities,3,sector,146480.0,1.6298942727375703,1220.044,0.4828545731796885,Griliches measurable sectors,Current BEA-BLS ILPA Value Added sheet.,"BLS detailed industries hours/employment workbook; hours worked, millions of hours.","Information is classified as unmeasurable because modern Information includes publishing/software, motion picture/sound, broadcasting/telecom, and data/internet/other information services.","BEA-BLS historical KLEMS 1963-2016, current BEA-BLS ILPA 1997-2024, and BLS detailed industry hours/employment 1987-2025."
1998,Construction,4,sector,379099.0,4.218263851041372,15446.017,6.11304178034662,Other sectors,Current BEA-BLS ILPA Value Added sheet.,"BLS detailed industries hours/employment workbook; hours worked, millions of hours.","Information is classified as unmeasurable because modern Information includes publishing/software, motion picture/sound, broadcasting/telecom, and data/internet/other information services.","BEA-BLS historical KLEMS 1963-2016, current BEA-BLS ILPA 1997-2024, and BLS detailed industry hours/employment 1987-2025."
1998,Manufacturing,5,sector,1.416311e6,15.759401879541377,36002.292,14.248560983989524,Griliches measurable sectors,Current BEA-BLS ILPA Value Added sheet.,"BLS detailed industries hours/employment workbook; hours worked, millions of hours.","Information is classified as unmeasurable because modern Information includes publishing/software, motion picture/sound, broadcasting/telecom, and data/internet/other information services.","BEA-BLS historical KLEMS 1963-2016, current BEA-BLS ILPA 1997-2024, and BLS detailed industry hours/employment 1987-2025."
1998,Wholesale trade,6,sector,442008.0,4.918257152540879,12045.579,4.7672566782404715,Other sectors,Current BEA-BLS ILPA Value Added sheet.,"BLS detailed industries hours/employment workbook; hours worked, millions of hours.","Information is classified as unmeasurable because modern Information includes publishing/software, motion picture/sound, broadcasting/telecom, and data/internet/other information services.","BEA-BLS historical KLEMS 1963-2016, current BEA-BLS ILPA 1997-2024, and BLS detailed industry hours/employment 1987-2025."
1998,Retail trade,7,sector,517928.0,5.763024855887659,26701.361,10.567548603961644,Other sectors,Current BEA-BLS ILPA Value Added sheet.,"BLS detailed industries hours/employment workbook; hours worked, millions of hours.","Information is classified as unmeasurable because modern Information includes publishing/software, motion picture/sound, broadcasting/telecom, and data/internet/other information services.","BEA-BLS historical KLEMS 1963-2016, current BEA-BLS ILPA 1997-2024, and BLS detailed industry hours/employment 1987-2025."
1998,Transportation and warehousing,8,sector,271346.0,3.019287898213058,11110.532,4.397194844332885,Griliches measurable sectors,Current BEA-BLS ILPA Value Added sheet.,"BLS detailed industries hours/employment workbook; hours worked, millions of hours.","Information is classified as unmeasurable because modern Information includes publishing/software, motion picture/sound, broadcasting/telecom, and data/internet/other information services.","BEA-BLS historical KLEMS 1963-2016, current BEA-BLS ILPA 1997-2024, and BLS detailed industry hours/employment 1987-2025."
1998,Information,9,sector,409550.0,4.557094479790224,6247.411,2.4725263776413726,Other sectors,Current BEA-BLS ILPA Value Added sheet.,"BLS detailed industries hours/employment workbook; hours worked, millions of hours.","Information is classified as unmeasurable because modern Information includes publishing/software, motion picture/sound, broadcasting/telecom, and data/internet/other information services.","BEA-BLS historical KLEMS 1963-2016, current BEA-BLS ILPA 1997-2024, and BLS detailed industry hours/employment 1987-2025."
1998,"Finance, insurance, real estate, rental, and leasing",10,sector,1.706161e6,18.984585214829366,15274.466,6.045147356142618,Other sectors,Current BEA-BLS ILPA Value Added sheet.,"BLS detailed industries hours/employment workbook; hours worked, millions of hours.","Information is classified as unmeasurable because modern Information includes publishing/software, motion picture/sound, broadcasting/telecom, and data/internet/other information services.","BEA-BLS historical KLEMS 1963-2016, current BEA-BLS ILPA 1997-2024, and BLS detailed industry hours/employment 1987-2025."
1998,Professional and business services,11,service_detail,902804.0,10.045569832090179,31360.349,12.411427728148386,Other sectors,Current BEA-BLS ILPA Value Added sheet.,"BLS detailed industries hours/employment workbook; hours worked, millions of hours.","Information is classified as unmeasurable because modern Information includes publishing/software, motion picture/sound, broadcasting/telecom, and data/internet/other information services.","BEA-BLS historical KLEMS 1963-2016, current BEA-BLS ILPA 1997-2024, and BLS detailed industry hours/employment 1987-2025."
1998,"Educational services, health care, and social assistance",12,service_detail,612702.0,6.817582473340079,25564.436,10.117589884757814,Other sectors,Current BEA-BLS ILPA Value Added sheet.,"BLS detailed industries hours/employment workbook; hours worked, millions of hours.","Information is classified as unmeasurable because modern Information includes publishing/software, motion picture/sound, broadcasting/telecom, and data/internet/other information services.","BEA-BLS historical KLEMS 1963-2016, current BEA-BLS ILPA 1997-2024, and BLS detailed industry hours/employment 1987-2025."
1998,"Arts, entertainment, recreation, accommodation, and food services",13,service_detail,289221.0,3.2181844037099454,17306.974000000002,6.849549314452566,Other sectors,Current BEA-BLS ILPA Value Added sheet.,"BLS detailed industries hours/employment workbook; hours worked, millions of hours.","Information is classified as unmeasurable because modern Information includes publishing/software, motion picture/sound, broadcasting/telecom, and data/internet/other information services.","BEA-BLS historical KLEMS 1963-2016, current BEA-BLS ILPA 1997-2024, and BLS detailed industry hours/employment 1987-2025."
1998,"Other services, except government",14,service_detail,242804.0,2.7016988598974128,11260.086,4.456383556245992,Other sectors,Current BEA-BLS ILPA Value Added sheet.,"BLS detailed industries hours/employment workbook; hours worked, millions of hours.","Information is classified as unmeasurable because modern Information includes publishing/software, motion picture/sound, broadcasting/telecom, and data/internet/other information services.","BEA-BLS historical KLEMS 1963-2016, current BEA-BLS ILPA 1997-2024, and BLS detailed industry hours/employment 1987-2025."
1998,Services,15,services_total,2.047531e6,22.783035569037615,85491.845,33.83495048360476,Other sectors,Current BEA-BLS ILPA Value Added sheet.,"BLS detailed industries hours/employment workbook; hours worked, millions of hours.","Information is classified as unmeasurable because modern Information includes publishing/software, motion picture/sound, broadcasting/telecom, and data/internet/other information services.","BEA-BLS historical KLEMS 1963-2016, current BEA-BLS ILPA 1997-2024, and BLS detailed industry hours/employment 1987-2025."
1998,Government,16,sector,1.462424e6,16.27250479187581,34784.071,13.766427896171763,Other sectors,Current BEA-BLS ILPA Value Added sheet.,"BLS detailed industries hours/employment workbook; hours worked, millions of hours.","Information is classified as unmeasurable because modern Information includes publishing/software, motion picture/sound, broadcasting/telecom, and data/internet/other information services.","BEA-BLS historical KLEMS 1963-2016, current BEA-BLS ILPA 1997-2024, and BLS detailed industry hours/employment 1987-2025."
1998,Total,17,total,8.987086e6,100.0,252673.17899999995,100.0,Total,Current BEA-BLS ILPA Value Added sheet.,"BLS detailed industries hours/employment workbook; hours worked, millions of hours.","Information is classified as unmeasurable because modern Information includes publishing/software, motion picture/sound, broadcasting/telecom, and data/internet/other information services.","BEA-BLS historical KLEMS 1963-2016, current BEA-BLS ILPA 1997-2024, and BLS detailed industry hours/employment 1987-2025."
1999,"Agriculture, forestry, fishing, and hunting",1,sector,111599.0,1.170681058200259,7305.836,2.836297824137264,Griliches measurable sectors,Current BEA-BLS ILPA Value Added sheet.,"BLS detailed industries hours/employment workbook; hours worked, millions of hours.","Information is classified as unmeasurable because modern Information includes publishing/software, motion picture/sound, broadcasting/telecom, and data/internet/other information services.","BEA-BLS historical KLEMS 1963-2016, current BEA-BLS ILPA 1997-2024, and BLS detailed industry hours/employment 1987-2025."
1999,Mining,2,sector,80283.0,0.8421741000859452,1233.9740000000002,0.47905780683305194,Griliches measurable sectors,Current BEA-BLS ILPA Value Added sheet.,"BLS detailed industries hours/employment workbook; hours worked, millions of hours.","Information is classified as unmeasurable because modern Information includes publishing/software, motion picture/sound, broadcasting/telecom, and data/internet/other information services.","BEA-BLS historical KLEMS 1963-2016, current BEA-BLS ILPA 1997-2024, and BLS detailed industry hours/employment 1987-2025."
1999,Utilities,3,sector,162065.0,1.700072811559467,1211.964,0.47051300578505934,Griliches measurable sectors,Current BEA-BLS ILPA Value Added sheet.,"BLS detailed industries hours/employment workbook; hours worked, millions of hours.","Information is classified as unmeasurable because modern Information includes publishing/software, motion picture/sound, broadcasting/telecom, and data/internet/other information services.","BEA-BLS historical KLEMS 1963-2016, current BEA-BLS ILPA 1997-2024, and BLS detailed industry hours/employment 1987-2025."
1999,Construction,4,sector,416985.0,4.374200853534844,16390.24,6.3630776887255,Other sectors,Current BEA-BLS ILPA Value Added sheet.,"BLS detailed industries hours/employment workbook; hours worked, millions of hours.","Information is classified as unmeasurable because modern Information includes publishing/software, motion picture/sound, broadcasting/telecom, and data/internet/other information services.","BEA-BLS historical KLEMS 1963-2016, current BEA-BLS ILPA 1997-2024, and BLS detailed industry hours/employment 1987-2025."
1999,Manufacturing,5,sector,1.475053e6,15.473405737878176,35466.857,13.769070279990887,Griliches measurable sectors,Current BEA-BLS ILPA Value Added sheet.,"BLS detailed industries hours/employment workbook; hours worked, millions of hours.","Information is classified as unmeasurable because modern Information includes publishing/software, motion picture/sound, broadcasting/telecom, and data/internet/other information services.","BEA-BLS historical KLEMS 1963-2016, current BEA-BLS ILPA 1997-2024, and BLS detailed industry hours/employment 1987-2025."
1999,Wholesale trade,6,sector,458636.0,4.811122660675579,12169.774,4.724593258929197,Other sectors,Current BEA-BLS ILPA Value Added sheet.,"BLS detailed industries hours/employment workbook; hours worked, millions of hours.","Information is classified as unmeasurable because modern Information includes publishing/software, motion picture/sound, broadcasting/telecom, and data/internet/other information services.","BEA-BLS historical KLEMS 1963-2016, current BEA-BLS ILPA 1997-2024, and BLS detailed industry hours/employment 1987-2025."
1999,Retail trade,7,sector,536352.0,5.626368757137835,27189.804,10.555723112853707,Other sectors,Current BEA-BLS ILPA Value Added sheet.,"BLS detailed industries hours/employment workbook; hours worked, millions of hours.","Information is classified as unmeasurable because modern Information includes publishing/software, motion picture/sound, broadcasting/telecom, and data/internet/other information services.","BEA-BLS historical KLEMS 1963-2016, current BEA-BLS ILPA 1997-2024, and BLS detailed industry hours/employment 1987-2025."
1999,Transportation and warehousing,8,sector,281040.0,2.94812860864883,11168.415,4.335842080709447,Griliches measurable sectors,Current BEA-BLS ILPA Value Added sheet.,"BLS detailed industries hours/employment workbook; hours worked, millions of hours.","Information is classified as unmeasurable because modern Information includes publishing/software, motion picture/sound, broadcasting/telecom, and data/internet/other information services.","BEA-BLS historical KLEMS 1963-2016, current BEA-BLS ILPA 1997-2024, and BLS detailed industry hours/employment 1987-2025."
1999,Information,9,sector,457164.0,4.795681281114196,6627.0,2.572757680374655,Other sectors,Current BEA-BLS ILPA Value Added sheet.,"BLS detailed industries hours/employment workbook; hours worked, millions of hours.","Information is classified as unmeasurable because modern Information includes publishing/software, motion picture/sound, broadcasting/telecom, and data/internet/other information services.","BEA-BLS historical KLEMS 1963-2016, current BEA-BLS ILPA 1997-2024, and BLS detailed industry hours/employment 1987-2025."
1999,"Finance, insurance, real estate, rental, and leasing",10,sector,1.831472e6,19.21226515492204,15588.518,6.051830301819611,Other sectors,Current BEA-BLS ILPA Value Added sheet.,"BLS detailed industries hours/employment workbook; hours worked, millions of hours.","Information is classified as unmeasurable because modern Information includes publishing/software, motion picture/sound, broadcasting/telecom, and data/internet/other information services.","BEA-BLS historical KLEMS 1963-2016, current BEA-BLS ILPA 1997-2024, and BLS detailed industry hours/employment 1987-2025."
1999,Professional and business services,11,service_detail,985186.0,10.334667774837412,32681.721,12.687814804679592,Other sectors,Current BEA-BLS ILPA Value Added sheet.,"BLS detailed industries hours/employment workbook; hours worked, millions of hours.","Information is classified as unmeasurable because modern Information includes publishing/software, motion picture/sound, broadcasting/telecom, and data/internet/other information services.","BEA-BLS historical KLEMS 1963-2016, current BEA-BLS ILPA 1997-2024, and BLS detailed industry hours/employment 1987-2025."
1999,"Educational services, health care, and social assistance",12,service_detail,650880.0,6.8277752234463085,26025.988,10.103902296112663,Other sectors,Current BEA-BLS ILPA Value Added sheet.,"BLS detailed industries hours/employment workbook; hours worked, millions of hours.","Information is classified as unmeasurable because modern Information includes publishing/software, motion picture/sound, broadcasting/telecom, and data/internet/other information services.","BEA-BLS historical KLEMS 1963-2016, current BEA-BLS ILPA 1997-2024, and BLS detailed industry hours/employment 1987-2025."
1999,"Arts, entertainment, recreation, accommodation, and food services",13,service_detail,318739.0,3.3435936684888965,17729.797,6.883125306056061,Other sectors,Current BEA-BLS ILPA Value Added sheet.,"BLS detailed industries hours/employment workbook; hours worked, millions of hours.","Information is classified as unmeasurable because modern Information includes publishing/software, motion picture/sound, broadcasting/telecom, and data/internet/other information services.","BEA-BLS historical KLEMS 1963-2016, current BEA-BLS ILPA 1997-2024, and BLS detailed industry hours/employment 1987-2025."
1999,"Other services, except government",14,service_detail,254586.0,2.670624359384682,11316.625999999998,4.39338108607628,Other sectors,Current BEA-BLS ILPA Value Added sheet.,"BLS detailed industries hours/employment workbook; hours worked, millions of hours.","Information is classified as unmeasurable because modern Information includes publishing/software, motion picture/sound, broadcasting/telecom, and data/internet/other information services.","BEA-BLS historical KLEMS 1963-2016, current BEA-BLS ILPA 1997-2024, and BLS detailed industry hours/employment 1987-2025."
1999,Services,15,services_total,2.209391e6,23.176661026157298,87754.132,34.068223492924595,Other sectors,Current BEA-BLS ILPA Value Added sheet.,"BLS detailed industries hours/employment workbook; hours worked, millions of hours.","Information is classified as unmeasurable because modern Information includes publishing/software, motion picture/sound, broadcasting/telecom, and data/internet/other information services.","BEA-BLS historical KLEMS 1963-2016, current BEA-BLS ILPA 1997-2024, and BLS detailed industry hours/employment 1987-2025."
1999,Government,16,sector,1.512787e6,15.86923795008553,35477.014,13.773013466917032,Other sectors,Current BEA-BLS ILPA Value Added sheet.,"BLS detailed industries hours/employment workbook; hours worked, millions of hours.","Information is classified as unmeasurable because modern Information includes publishing/software, motion picture/sound, broadcasting/telecom, and data/internet/other information services.","BEA-BLS historical KLEMS 1963-2016, current BEA-BLS ILPA 1997-2024, and BLS detailed industry hours/employment 1987-2025."
1999,Total,17,total,9.532827e6,100.0,257583.528,100.0,Total,Current BEA-BLS ILPA Value Added sheet.,"BLS detailed industries hours/employment workbook; hours worked, millions of hours.","Information is classified as unmeasurable because modern Information includes publishing/software, motion picture/sound, broadcasting/telecom, and data/internet/other information services.","BEA-BLS historical KLEMS 1963-2016, current BEA-BLS ILPA 1997-2024, and BLS detailed industry hours/employment 1987-2025."
2000,"Agriculture, forestry, fishing, and hunting",1,sector,118556.0,1.1740697317562214,7036.995,2.6933227551798153,Griliches measurable sectors,Current BEA-BLS ILPA Value Added sheet.,"BLS detailed industries hours/employment workbook; hours worked, millions of hours.","Information is classified as unmeasurable because modern Information includes publishing/software, motion picture/sound, broadcasting/telecom, and data/internet/other information services.","BEA-BLS historical KLEMS 1963-2016, current BEA-BLS ILPA 1997-2024, and BLS detailed industry hours/employment 1987-2025."
2000,Mining,2,sector,104496.0,1.034832405695183,1230.9099999999999,0.4711155702936248,Griliches measurable sectors,Current BEA-BLS ILPA Value Added sheet.,"BLS detailed industries hours/employment workbook; hours worked, millions of hours.","Information is classified as unmeasurable because modern Information includes publishing/software, motion picture/sound, broadcasting/telecom, and data/internet/other information services.","BEA-BLS historical KLEMS 1963-2016, current BEA-BLS ILPA 1997-2024, and BLS detailed industry hours/employment 1987-2025."
2000,Utilities,3,sector,161581.0,1.600149813817116,1192.852,0.4565493417519486,Griliches measurable sectors,Current BEA-BLS ILPA Value Added sheet.,"BLS detailed industries hours/employment workbook; hours worked, millions of hours.","Information is classified as unmeasurable because modern Information includes publishing/software, motion picture/sound, broadcasting/telecom, and data/internet/other information services.","BEA-BLS historical KLEMS 1963-2016, current BEA-BLS ILPA 1997-2024, and BLS detailed industry hours/employment 1987-2025."
2000,Construction,4,sector,460423.0,4.559606499075498,16983.563000000002,6.500248570864407,Other sectors,Current BEA-BLS ILPA Value Added sheet.,"BLS detailed industries hours/employment workbook; hours worked, millions of hours.","Information is classified as unmeasurable because modern Information includes publishing/software, motion picture/sound, broadcasting/telecom, and data/internet/other information services.","BEA-BLS historical KLEMS 1963-2016, current BEA-BLS ILPA 1997-2024, and BLS detailed industry hours/employment 1987-2025."
2000,Manufacturing,5,sector,1.533927e6,15.190604114710561,35119.043,13.441379118791247,Griliches measurable sectors,Current BEA-BLS ILPA Value Added sheet.,"BLS detailed industries hours/employment workbook; hours worked, millions of hours.","Information is classified as unmeasurable because modern Information includes publishing/software, motion picture/sound, broadcasting/telecom, and data/internet/other information services.","BEA-BLS historical KLEMS 1963-2016, current BEA-BLS ILPA 1997-2024, and BLS detailed industry hours/employment 1987-2025."
2000,Wholesale trade,6,sector,493899.0,4.89112205577673,12253.591,4.689910320096375,Other sectors,Current BEA-BLS ILPA Value Added sheet.,"BLS detailed industries hours/employment workbook; hours worked, millions of hours.","Information is classified as unmeasurable because modern Information includes publishing/software, motion picture/sound, broadcasting/telecom, and data/internet/other information services.","BEA-BLS historical KLEMS 1963-2016, current BEA-BLS ILPA 1997-2024, and BLS detailed industry hours/employment 1987-2025."
2000,Retail trade,7,sector,562131.0,5.566829113514765,27490.086,10.521490233494562,Other sectors,Current BEA-BLS ILPA Value Added sheet.,"BLS detailed industries hours/employment workbook; hours worked, millions of hours.","Information is classified as unmeasurable because modern Information includes publishing/software, motion picture/sound, broadcasting/telecom, and data/internet/other information services.","BEA-BLS historical KLEMS 1963-2016, current BEA-BLS ILPA 1997-2024, and BLS detailed industry hours/employment 1987-2025."
2000,Transportation and warehousing,8,sector,297684.0,2.947988916867295,11238.168,4.3012697324544975,Griliches measurable sectors,Current BEA-BLS ILPA Value Added sheet.,"BLS detailed industries hours/employment workbook; hours worked, millions of hours.","Information is classified as unmeasurable because modern Information includes publishing/software, motion picture/sound, broadcasting/telecom, and data/internet/other information services.","BEA-BLS historical KLEMS 1963-2016, current BEA-BLS ILPA 1997-2024, and BLS detailed industry hours/employment 1987-2025."
2000,Information,9,sector,440813.0,4.365407070621944,6984.283,2.6731478894777596,Other sectors,Current BEA-BLS ILPA Value Added sheet.,"BLS detailed industries hours/employment workbook; hours worked, millions of hours.","Information is classified as unmeasurable because modern Information includes publishing/software, motion picture/sound, broadcasting/telecom, and data/internet/other information services.","BEA-BLS historical KLEMS 1963-2016, current BEA-BLS ILPA 1997-2024, and BLS detailed industry hours/employment 1987-2025."
2000,"Finance, insurance, real estate, rental, and leasing",10,sector,1.969717e6,19.506268006896903,15682.257,6.002189802703845,Other sectors,Current BEA-BLS ILPA Value Added sheet.,"BLS detailed industries hours/employment workbook; hours worked, millions of hours.","Information is classified as unmeasurable because modern Information includes publishing/software, motion picture/sound, broadcasting/telecom, and data/internet/other information services.","BEA-BLS historical KLEMS 1963-2016, current BEA-BLS ILPA 1997-2024, and BLS detailed industry hours/employment 1987-2025."
2000,Professional and business services,11,service_detail,1.092542e6,10.819532481463659,33895.856999999996,12.973219813915033,Other sectors,Current BEA-BLS ILPA Value Added sheet.,"BLS detailed industries hours/employment workbook; hours worked, millions of hours.","Information is classified as unmeasurable because modern Information includes publishing/software, motion picture/sound, broadcasting/telecom, and data/internet/other information services.","BEA-BLS historical KLEMS 1963-2016, current BEA-BLS ILPA 1997-2024, and BLS detailed industry hours/employment 1987-2025."
2000,"Educational services, health care, and social assistance",12,service_detail,692091.0,6.853833586835715,26409.958,10.108084607811033,Other sectors,Current BEA-BLS ILPA Value Added sheet.,"BLS detailed industries hours/employment workbook; hours worked, millions of hours.","Information is classified as unmeasurable because modern Information includes publishing/software, motion picture/sound, broadcasting/telecom, and data/internet/other information services.","BEA-BLS historical KLEMS 1963-2016, current BEA-BLS ILPA 1997-2024, and BLS detailed industry hours/employment 1987-2025."
2000,"Arts, entertainment, recreation, accommodation, and food services",13,service_detail,348522.0,3.451441774782734,18036.259000000002,6.903154938012141,Other sectors,Current BEA-BLS ILPA Value Added sheet.,"BLS detailed industries hours/employment workbook; hours worked, millions of hours.","Information is classified as unmeasurable because modern Information includes publishing/software, motion picture/sound, broadcasting/telecom, and data/internet/other information services.","BEA-BLS historical KLEMS 1963-2016, current BEA-BLS ILPA 1997-2024, and BLS detailed industry hours/employment 1987-2025."
2000,"Other services, except government",14,service_detail,273099.0,2.7045216578907207,11347.154,4.342982775279742,Other sectors,Current BEA-BLS ILPA Value Added sheet.,"BLS detailed industries hours/employment workbook; hours worked, millions of hours.","Information is classified as unmeasurable because modern Information includes publishing/software, motion picture/sound, broadcasting/telecom, and data/internet/other information services.","BEA-BLS historical KLEMS 1963-2016, current BEA-BLS ILPA 1997-2024, and BLS detailed industry hours/employment 1987-2025."
2000,Services,15,services_total,2.406254e6,23.82932950097283,89689.22799999999,34.32744213501795,Other sectors,Current BEA-BLS ILPA Value Added sheet.,"BLS detailed industries hours/employment workbook; hours worked, millions of hours.","Information is classified as unmeasurable because modern Information includes publishing/software, motion picture/sound, broadcasting/telecom, and data/internet/other information services.","BEA-BLS historical KLEMS 1963-2016, current BEA-BLS ILPA 1997-2024, and BLS detailed industry hours/employment 1987-2025."
2000,Government,16,sector,1.548386e6,15.333792770294954,36374.617,13.92193452987398,Other sectors,Current BEA-BLS ILPA Value Added sheet.,"BLS detailed industries hours/employment workbook; hours worked, millions of hours.","Information is classified as unmeasurable because modern Information includes publishing/software, motion picture/sound, broadcasting/telecom, and data/internet/other information services.","BEA-BLS historical KLEMS 1963-2016, current BEA-BLS ILPA 1997-2024, and BLS detailed industry hours/employment 1987-2025."
2000,Total,17,total,1.0097867e7,100.0,261275.59299999996,100.0,Total,Current BEA-BLS ILPA Value Added sheet.,"BLS detailed industries hours/employment workbook; hours worked, millions of hours.","Information is classified as unmeasurable because modern Information includes publishing/software, motion picture/sound, broadcasting/telecom, and data/internet/other information services.","BEA-BLS historical KLEMS 1963-2016, current BEA-BLS ILPA 1997-2024, and BLS detailed industry hours/employment 1987-2025."
2001,"Agriculture, forestry, fishing, and hunting",1,sector,120433.0,1.1385797519181324,6669.237999999999,2.5892816231803875,Griliches measurable sectors,Current BEA-BLS ILPA Value Added sheet.,"BLS detailed industries hours/employment workbook; hours worked, millions of hours.","Information is classified as unmeasurable because modern Information includes publishing/software, motion picture/sound, broadcasting/telecom, and data/internet/other information services.","BEA-BLS historical KLEMS 1963-2016, current BEA-BLS ILPA 1997-2024, and BLS detailed industry hours/employment 1987-2025."
2001,Mining,2,sector,117452.0,1.1103972251981475,1270.6889999999999,0.4933354719800768,Griliches measurable sectors,Current BEA-BLS ILPA Value Added sheet.,"BLS detailed industries hours/employment workbook; hours worked, millions of hours.","Information is classified as unmeasurable because modern Information includes publishing/software, motion picture/sound, broadcasting/telecom, and data/internet/other information services.","BEA-BLS historical KLEMS 1963-2016, current BEA-BLS ILPA 1997-2024, and BLS detailed industry hours/employment 1987-2025."
2001,Utilities,3,sector,168058.0,1.5888289418004824,1169.496,0.45404804884500616,Griliches measurable sectors,Current BEA-BLS ILPA Value Added sheet.,"BLS detailed industries hours/employment workbook; hours worked, millions of hours.","Information is classified as unmeasurable because modern Information includes publishing/software, motion picture/sound, broadcasting/telecom, and data/internet/other information services.","BEA-BLS historical KLEMS 1963-2016, current BEA-BLS ILPA 1997-2024, and BLS detailed industry hours/employment 1987-2025."
2001,Construction,4,sector,485527.0,4.590197132094651,16640.555,6.460570647054809,Other sectors,Current BEA-BLS ILPA Value Added sheet.,"BLS detailed industries hours/employment workbook; hours worked, millions of hours.","Information is classified as unmeasurable because modern Information includes publishing/software, motion picture/sound, broadcasting/telecom, and data/internet/other information services.","BEA-BLS historical KLEMS 1963-2016, current BEA-BLS ILPA 1997-2024, and BLS detailed industry hours/employment 1987-2025."
2001,Manufacturing,5,sector,1.457688e6,13.78105703099681,32795.07399999999,12.732441463183788,Griliches measurable sectors,Current BEA-BLS ILPA Value Added sheet.,"BLS detailed industries hours/employment workbook; hours worked, millions of hours.","Information is classified as unmeasurable because modern Information includes publishing/software, motion picture/sound, broadcasting/telecom, and data/internet/other information services.","BEA-BLS historical KLEMS 1963-2016, current BEA-BLS ILPA 1997-2024, and BLS detailed industry hours/employment 1987-2025."
2001,Wholesale trade,6,sector,486105.0,4.595661573706241,11755.729,4.564073596832015,Other sectors,Current BEA-BLS ILPA Value Added sheet.,"BLS detailed industries hours/employment workbook; hours worked, millions of hours.","Information is classified as unmeasurable because modern Information includes publishing/software, motion picture/sound, broadcasting/telecom, and data/internet/other information services.","BEA-BLS historical KLEMS 1963-2016, current BEA-BLS ILPA 1997-2024, and BLS detailed industry hours/employment 1987-2025."
2001,Retail trade,7,sector,587210.0,5.551513423429181,27218.242,10.567278274650958,Other sectors,Current BEA-BLS ILPA Value Added sheet.,"BLS detailed industries hours/employment workbook; hours worked, millions of hours.","Information is classified as unmeasurable because modern Information includes publishing/software, motion picture/sound, broadcasting/telecom, and data/internet/other information services.","BEA-BLS historical KLEMS 1963-2016, current BEA-BLS ILPA 1997-2024, and BLS detailed industry hours/employment 1987-2025."
2001,Transportation and warehousing,8,sector,303716.0,2.8713466237125,10970.087,4.259053983946902,Griliches measurable sectors,Current BEA-BLS ILPA Value Added sheet.,"BLS detailed industries hours/employment workbook; hours worked, millions of hours.","Information is classified as unmeasurable because modern Information includes publishing/software, motion picture/sound, broadcasting/telecom, and data/internet/other information services.","BEA-BLS historical KLEMS 1963-2016, current BEA-BLS ILPA 1997-2024, and BLS detailed industry hours/employment 1987-2025."
2001,Information,9,sector,469540.0,4.439055215062648,6948.277999999999,2.697616809918701,Other sectors,Current BEA-BLS ILPA Value Added sheet.,"BLS detailed industries hours/employment workbook; hours worked, millions of hours.","Information is classified as unmeasurable because modern Information includes publishing/software, motion picture/sound, broadcasting/telecom, and data/internet/other information services.","BEA-BLS historical KLEMS 1963-2016, current BEA-BLS ILPA 1997-2024, and BLS detailed industry hours/employment 1987-2025."
2001,"Finance, insurance, real estate, rental, and leasing",10,sector,2.123285e6,20.073645168280223,15737.340999999999,6.109904587154224,Other sectors,Current BEA-BLS ILPA Value Added sheet.,"BLS detailed industries hours/employment workbook; hours worked, millions of hours.","Information is classified as unmeasurable because modern Information includes publishing/software, motion picture/sound, broadcasting/telecom, and data/internet/other information services.","BEA-BLS historical KLEMS 1963-2016, current BEA-BLS ILPA 1997-2024, and BLS detailed industry hours/employment 1987-2025."
2001,Professional and business services,11,service_detail,1.142291e6,10.799277634853532,33241.852999999996,12.905900058352069,Other sectors,Current BEA-BLS ILPA Value Added sheet.,"BLS detailed industries hours/employment workbook; hours worked, millions of hours.","Information is classified as unmeasurable because modern Information includes publishing/software, motion picture/sound, broadcasting/telecom, and data/internet/other information services.","BEA-BLS historical KLEMS 1963-2016, current BEA-BLS ILPA 1997-2024, and BLS detailed industry hours/employment 1987-2025."
2001,"Educational services, health care, and social assistance",12,service_detail,747173.0,7.063811820513703,27288.819,10.594679265456685,Other sectors,Current BEA-BLS ILPA Value Added sheet.,"BLS detailed industries hours/employment workbook; hours worked, millions of hours.","Information is classified as unmeasurable because modern Information includes publishing/software, motion picture/sound, broadcasting/telecom, and data/internet/other information services.","BEA-BLS historical KLEMS 1963-2016, current BEA-BLS ILPA 1997-2024, and BLS detailed industry hours/employment 1987-2025."
2001,"Arts, entertainment, recreation, accommodation, and food services",13,service_detail,351019.0,3.3185516090984275,17897.889,6.948721140469482,Other sectors,Current BEA-BLS ILPA Value Added sheet.,"BLS detailed industries hours/employment workbook; hours worked, millions of hours.","Information is classified as unmeasurable because modern Information includes publishing/software, motion picture/sound, broadcasting/telecom, and data/internet/other information services.","BEA-BLS historical KLEMS 1963-2016, current BEA-BLS ILPA 1997-2024, and BLS detailed industry hours/employment 1987-2025."
2001,"Other services, except government",14,service_detail,258800.0,2.446708458615269,11283.817,4.380857302952819,Other sectors,Current BEA-BLS ILPA Value Added sheet.,"BLS detailed industries hours/employment workbook; hours worked, millions of hours.","Information is classified as unmeasurable because modern Information includes publishing/software, motion picture/sound, broadcasting/telecom, and data/internet/other information services.","BEA-BLS historical KLEMS 1963-2016, current BEA-BLS ILPA 1997-2024, and BLS detailed industry hours/employment 1987-2025."
2001,Services,15,services_total,2.499283e6,23.62834952308093,89712.37799999998,34.83015776723105,Other sectors,Current BEA-BLS ILPA Value Added sheet.,"BLS detailed industries hours/employment workbook; hours worked, millions of hours.","Information is classified as unmeasurable because modern Information includes publishing/software, motion picture/sound, broadcasting/telecom, and data/internet/other information services.","BEA-BLS historical KLEMS 1963-2016, current BEA-BLS ILPA 1997-2024, and BLS detailed industry hours/employment 1987-2025."
2001,Government,16,sector,1.759179e6,16.631368390720056,36683.871,14.242237726022069,Other sectors,Current BEA-BLS ILPA Value Added sheet.,"BLS detailed industries hours/employment workbook; hours worked, millions of hours.","Information is classified as unmeasurable because modern Information includes publishing/software, motion picture/sound, broadcasting/telecom, and data/internet/other information services.","BEA-BLS historical KLEMS 1963-2016, current BEA-BLS ILPA 1997-2024, and BLS detailed industry hours/employment 1987-2025."
2001,Total,17,total,1.0577476e7,100.0,257570.978,100.0,Total,Current BEA-BLS ILPA Value Added sheet.,"BLS detailed industries hours/employment workbook; hours worked, millions of hours.","Information is classified as unmeasurable because modern Information includes publishing/software, motion picture/sound, broadcasting/telecom, and data/internet/other information services.","BEA-BLS historical KLEMS 1963-2016, current BEA-BLS ILPA 1997-2024, and BLS detailed industry hours/employment 1987-2025."
2002,"Agriculture, forestry, fishing, and hunting",1,sector,107168.0,0.9815595795435759,6466.0740000000005,2.5439080747738325,Griliches measurable sectors,Current BEA-BLS ILPA Value Added sheet.,"BLS detailed industries hours/employment workbook; hours worked, millions of hours.","Information is classified as unmeasurable because modern Information includes publishing/software, motion picture/sound, broadcasting/telecom, and data/internet/other information services.","BEA-BLS historical KLEMS 1963-2016, current BEA-BLS ILPA 1997-2024, and BLS detailed industry hours/employment 1987-2025."
2002,Mining,2,sector,107423.0,0.9838951432639366,1159.318,0.456103413204156,Griliches measurable sectors,Current BEA-BLS ILPA Value Added sheet.,"BLS detailed industries hours/employment workbook; hours worked, millions of hours.","Information is classified as unmeasurable because modern Information includes publishing/software, motion picture/sound, broadcasting/telecom, and data/internet/other information services.","BEA-BLS historical KLEMS 1963-2016, current BEA-BLS ILPA 1997-2024, and BLS detailed industry hours/employment 1987-2025."
2002,Utilities,3,sector,157044.0,1.4383775250992958,1145.129,0.45052112143437945,Griliches measurable sectors,Current BEA-BLS ILPA Value Added sheet.,"BLS detailed industries hours/employment workbook; hours worked, millions of hours.","Information is classified as unmeasurable because modern Information includes publishing/software, motion picture/sound, broadcasting/telecom, and data/internet/other information services.","BEA-BLS historical KLEMS 1963-2016, current BEA-BLS ILPA 1997-2024, and BLS detailed industry hours/employment 1987-2025."
2002,Construction,4,sector,492663.0,4.512336584957046,16184.744,6.367465165067294,Other sectors,Current BEA-BLS ILPA Value Added sheet.,"BLS detailed industries hours/employment workbook; hours worked, millions of hours.","Information is classified as unmeasurable because modern Information includes publishing/software, motion picture/sound, broadcasting/telecom, and data/internet/other information services.","BEA-BLS historical KLEMS 1963-2016, current BEA-BLS ILPA 1997-2024, and BLS detailed industry hours/employment 1987-2025."
2002,Manufacturing,5,sector,1.452083e6,13.299734799029322,30510.306,12.003483689982593,Griliches measurable sectors,Current BEA-BLS ILPA Value Added sheet.,"BLS detailed industries hours/employment workbook; hours worked, millions of hours.","Information is classified as unmeasurable because modern Information includes publishing/software, motion picture/sound, broadcasting/telecom, and data/internet/other information services.","BEA-BLS historical KLEMS 1963-2016, current BEA-BLS ILPA 1997-2024, and BLS detailed industry hours/employment 1987-2025."
2002,Wholesale trade,6,sector,484217.0,4.434979050909336,11410.216,4.489051720922708,Other sectors,Current BEA-BLS ILPA Value Added sheet.,"BLS detailed industries hours/employment workbook; hours worked, millions of hours.","Information is classified as unmeasurable because modern Information includes publishing/software, motion picture/sound, broadcasting/telecom, and data/internet/other information services.","BEA-BLS historical KLEMS 1963-2016, current BEA-BLS ILPA 1997-2024, and BLS detailed industry hours/employment 1987-2025."
2002,Retail trade,7,sector,608716.0,5.575274531776718,26977.044,10.613413961103596,Other sectors,Current BEA-BLS ILPA Value Added sheet.,"BLS detailed industries hours/employment workbook; hours worked, millions of hours.","Information is classified as unmeasurable because modern Information includes publishing/software, motion picture/sound, broadcasting/telecom, and data/internet/other information services.","BEA-BLS historical KLEMS 1963-2016, current BEA-BLS ILPA 1997-2024, and BLS detailed industry hours/employment 1987-2025."
2002,Transportation and warehousing,8,sector,295951.0,2.7106369357037625,10636.403999999999,4.184615583143138,Griliches measurable sectors,Current BEA-BLS ILPA Value Added sheet.,"BLS detailed industries hours/employment workbook; hours worked, millions of hours.","Information is classified as unmeasurable because modern Information includes publishing/software, motion picture/sound, broadcasting/telecom, and data/internet/other information services.","BEA-BLS historical KLEMS 1963-2016, current BEA-BLS ILPA 1997-2024, and BLS detailed industry hours/employment 1987-2025."
2002,Information,9,sector,517636.0,4.741066125304368,6446.766,2.5363118460409515,Other sectors,Current BEA-BLS ILPA Value Added sheet.,"BLS detailed industries hours/employment workbook; hours worked, millions of hours.","Information is classified as unmeasurable because modern Information includes publishing/software, motion picture/sound, broadcasting/telecom, and data/internet/other information services.","BEA-BLS historical KLEMS 1963-2016, current BEA-BLS ILPA 1997-2024, and BLS detailed industry hours/employment 1987-2025."
2002,"Finance, insurance, real estate, rental, and leasing",10,sector,2.203258e6,20.17980177017412,15709.877999999999,6.180641529606958,Other sectors,Current BEA-BLS ILPA Value Added sheet.,"BLS detailed industries hours/employment workbook; hours worked, millions of hours.","Information is classified as unmeasurable because modern Information includes publishing/software, motion picture/sound, broadcasting/telecom, and data/internet/other information services.","BEA-BLS historical KLEMS 1963-2016, current BEA-BLS ILPA 1997-2024, and BLS detailed industry hours/employment 1987-2025."
2002,Professional and business services,11,service_detail,1.174791e6,10.759997014142067,32018.314,12.596770084172256,Other sectors,Current BEA-BLS ILPA Value Added sheet.,"BLS detailed industries hours/employment workbook; hours worked, millions of hours.","Information is classified as unmeasurable because modern Information includes publishing/software, motion picture/sound, broadcasting/telecom, and data/internet/other information services.","BEA-BLS historical KLEMS 1963-2016, current BEA-BLS ILPA 1997-2024, and BLS detailed industry hours/employment 1987-2025."
2002,"Educational services, health care, and social assistance",12,service_detail,804111.0,7.364911681344845,28298.613,11.133350796109006,Other sectors,Current BEA-BLS ILPA Value Added sheet.,"BLS detailed industries hours/employment workbook; hours worked, millions of hours.","Information is classified as unmeasurable because modern Information includes publishing/software, motion picture/sound, broadcasting/telecom, and data/internet/other information services.","BEA-BLS historical KLEMS 1963-2016, current BEA-BLS ILPA 1997-2024, and BLS detailed industry hours/employment 1987-2025."
2002,"Arts, entertainment, recreation, accommodation, and food services",13,service_detail,373116.0,3.4173968356317266,17849.035,7.022237027200856,Other sectors,Current BEA-BLS ILPA Value Added sheet.,"BLS detailed industries hours/employment workbook; hours worked, millions of hours.","Information is classified as unmeasurable because modern Information includes publishing/software, motion picture/sound, broadcasting/telecom, and data/internet/other information services.","BEA-BLS historical KLEMS 1963-2016, current BEA-BLS ILPA 1997-2024, and BLS detailed industry hours/employment 1987-2025."
2002,"Other services, except government",14,service_detail,278200.0,2.5480542235464205,11545.154999999999,4.542139949065768,Other sectors,Current BEA-BLS ILPA Value Added sheet.,"BLS detailed industries hours/employment workbook; hours worked, millions of hours.","Information is classified as unmeasurable because modern Information includes publishing/software, motion picture/sound, broadcasting/telecom, and data/internet/other information services.","BEA-BLS historical KLEMS 1963-2016, current BEA-BLS ILPA 1997-2024, and BLS detailed industry hours/employment 1987-2025."
2002,Services,15,services_total,2.630218e6,24.09035975466506,89711.117,35.294497856547885,Other sectors,Current BEA-BLS ILPA Value Added sheet.,"BLS detailed industries hours/employment workbook; hours worked, millions of hours.","Information is classified as unmeasurable because modern Information includes publishing/software, motion picture/sound, broadcasting/telecom, and data/internet/other information services.","BEA-BLS historical KLEMS 1963-2016, current BEA-BLS ILPA 1997-2024, and BLS detailed industry hours/employment 1987-2025."
2002,Government,16,sector,1.861758e6,17.051978199573462,37821.764,14.879986038172506,Other sectors,Current BEA-BLS ILPA Value Added sheet.,"BLS detailed industries hours/employment workbook; hours worked, millions of hours.","Information is classified as unmeasurable because modern Information includes publishing/software, motion picture/sound, broadcasting/telecom, and data/internet/other information services.","BEA-BLS historical KLEMS 1963-2016, current BEA-BLS ILPA 1997-2024, and BLS detailed industry hours/employment 1987-2025."
2002,Total,17,total,1.0918135e7,100.0,254178.76,100.0,Total,Current BEA-BLS ILPA Value Added sheet.,"BLS detailed industries hours/employment workbook; hours worked, millions of hours.","Information is classified as unmeasurable because modern Information includes publishing/software, motion picture/sound, broadcasting/telecom, and data/internet/other information services.","BEA-BLS historical KLEMS 1963-2016, current BEA-BLS ILPA 1997-2024, and BLS detailed industry hours/employment 1987-2025."
2003,"Agriculture, forestry, fishing, and hunting",1,sector,129098.0,1.1217188022012443,6370.440999999999,2.519379887881514,Griliches measurable sectors,Current BEA-BLS ILPA Value Added sheet.,"BLS detailed industries hours/employment workbook; hours worked, millions of hours.","Information is classified as unmeasurable because modern Information includes publishing/software, motion picture/sound, broadcasting/telecom, and data/internet/other information services.","BEA-BLS historical KLEMS 1963-2016, current BEA-BLS ILPA 1997-2024, and BLS detailed industry hours/employment 1987-2025."
2003,Mining,2,sector,132422.0,1.1506006849454924,1133.972,0.44846286940272684,Griliches measurable sectors,Current BEA-BLS ILPA Value Added sheet.,"BLS detailed industries hours/employment workbook; hours worked, millions of hours.","Information is classified as unmeasurable because modern Information includes publishing/software, motion picture/sound, broadcasting/telecom, and data/internet/other information services.","BEA-BLS historical KLEMS 1963-2016, current BEA-BLS ILPA 1997-2024, and BLS detailed industry hours/employment 1987-2025."
2003,Utilities,3,sector,162117.0,1.4086173841303438,1111.376,0.4395266108381202,Griliches measurable sectors,Current BEA-BLS ILPA Value Added sheet.,"BLS detailed industries hours/employment workbook; hours worked, millions of hours.","Information is classified as unmeasurable because modern Information includes publishing/software, motion picture/sound, broadcasting/telecom, and data/internet/other information services.","BEA-BLS historical KLEMS 1963-2016, current BEA-BLS ILPA 1997-2024, and BLS detailed industry hours/employment 1987-2025."
2003,Construction,4,sector,524309.0,4.555665180431395,16325.897,6.4565603155927755,Other sectors,Current BEA-BLS ILPA Value Added sheet.,"BLS detailed industries hours/employment workbook; hours worked, millions of hours.","Information is classified as unmeasurable because modern Information includes publishing/software, motion picture/sound, broadcasting/telecom, and data/internet/other information services.","BEA-BLS historical KLEMS 1963-2016, current BEA-BLS ILPA 1997-2024, and BLS detailed industry hours/employment 1987-2025."
2003,Manufacturing,5,sector,1.506939e6,13.09363282212227,29031.421,11.481336721275817,Griliches measurable sectors,Current BEA-BLS ILPA Value Added sheet.,"BLS detailed industries hours/employment workbook; hours worked, millions of hours.","Information is classified as unmeasurable because modern Information includes publishing/software, motion picture/sound, broadcasting/telecom, and data/internet/other information services.","BEA-BLS historical KLEMS 1963-2016, current BEA-BLS ILPA 1997-2024, and BLS detailed industry hours/employment 1987-2025."
2003,Wholesale trade,6,sector,506873.0,4.404165629429978,11283.984,4.462586239284973,Other sectors,Current BEA-BLS ILPA Value Added sheet.,"BLS detailed industries hours/employment workbook; hours worked, millions of hours.","Information is classified as unmeasurable because modern Information includes publishing/software, motion picture/sound, broadcasting/telecom, and data/internet/other information services.","BEA-BLS historical KLEMS 1963-2016, current BEA-BLS ILPA 1997-2024, and BLS detailed industry hours/employment 1987-2025."
2003,Retail trade,7,sector,638131.0,5.544652442078748,26888.962,10.634037748534254,Other sectors,Current BEA-BLS ILPA Value Added sheet.,"BLS detailed industries hours/employment workbook; hours worked, millions of hours.","Information is classified as unmeasurable because modern Information includes publishing/software, motion picture/sound, broadcasting/telecom, and data/internet/other information services.","BEA-BLS historical KLEMS 1963-2016, current BEA-BLS ILPA 1997-2024, and BLS detailed industry hours/employment 1987-2025."
2003,Transportation and warehousing,8,sector,313668.0,2.725427917154874,10427.101,4.123706435442888,Griliches measurable sectors,Current BEA-BLS ILPA Value Added sheet.,"BLS detailed industries hours/employment workbook; hours worked, millions of hours.","Information is classified as unmeasurable because modern Information includes publishing/software, motion picture/sound, broadcasting/telecom, and data/internet/other information services.","BEA-BLS historical KLEMS 1963-2016, current BEA-BLS ILPA 1997-2024, and BLS detailed industry hours/employment 1987-2025."
2003,Information,9,sector,531257.0,4.616035614037603,6000.090000000001,2.372913597579665,Other sectors,Current BEA-BLS ILPA Value Added sheet.,"BLS detailed industries hours/employment workbook; hours worked, millions of hours.","Information is classified as unmeasurable because modern Information includes publishing/software, motion picture/sound, broadcasting/telecom, and data/internet/other information services.","BEA-BLS historical KLEMS 1963-2016, current BEA-BLS ILPA 1997-2024, and BLS detailed industry hours/employment 1987-2025."
2003,"Finance, insurance, real estate, rental, and leasing",10,sector,2.287386e6,19.87485386366865,15980.019,6.319772599191244,Other sectors,Current BEA-BLS ILPA Value Added sheet.,"BLS detailed industries hours/employment workbook; hours worked, millions of hours.","Information is classified as unmeasurable because modern Information includes publishing/software, motion picture/sound, broadcasting/telecom, and data/internet/other information services.","BEA-BLS historical KLEMS 1963-2016, current BEA-BLS ILPA 1997-2024, and BLS detailed industry hours/employment 1987-2025."
2003,Professional and business services,11,service_detail,1.2259e6,10.651714818343471,32061.371000000003,12.679620339519294,Other sectors,Current BEA-BLS ILPA Value Added sheet.,"BLS detailed industries hours/employment workbook; hours worked, millions of hours.","Information is classified as unmeasurable because modern Information includes publishing/software, motion picture/sound, broadcasting/telecom, and data/internet/other information services.","BEA-BLS historical KLEMS 1963-2016, current BEA-BLS ILPA 1997-2024, and BLS detailed industry hours/employment 1987-2025."
2003,"Educational services, health care, and social assistance",12,service_detail,859561.0,7.468634179761915,28985.715,11.46326092759756,Other sectors,Current BEA-BLS ILPA Value Added sheet.,"BLS detailed industries hours/employment workbook; hours worked, millions of hours.","Information is classified as unmeasurable because modern Information includes publishing/software, motion picture/sound, broadcasting/telecom, and data/internet/other information services.","BEA-BLS historical KLEMS 1963-2016, current BEA-BLS ILPA 1997-2024, and BLS detailed industry hours/employment 1987-2025."
2003,"Arts, entertainment, recreation, accommodation, and food services",13,service_detail,388827.0,3.378476480685241,18160.97,7.1822943752904305,Other sectors,Current BEA-BLS ILPA Value Added sheet.,"BLS detailed industries hours/employment workbook; hours worked, millions of hours.","Information is classified as unmeasurable because modern Information includes publishing/software, motion picture/sound, broadcasting/telecom, and data/internet/other information services.","BEA-BLS historical KLEMS 1963-2016, current BEA-BLS ILPA 1997-2024, and BLS detailed industry hours/employment 1987-2025."
2003,"Other services, except government",14,service_detail,276994.0,2.4067714286583177,11465.139,4.534229358433109,Other sectors,Current BEA-BLS ILPA Value Added sheet.,"BLS detailed industries hours/employment workbook; hours worked, millions of hours.","Information is classified as unmeasurable because modern Information includes publishing/software, motion picture/sound, broadcasting/telecom, and data/internet/other information services.","BEA-BLS historical KLEMS 1963-2016, current BEA-BLS ILPA 1997-2024, and BLS detailed industry hours/employment 1987-2025."
2003,Services,15,services_total,2.751282e6,23.905596907448945,90673.195,35.8594050008404,Other sectors,Current BEA-BLS ILPA Value Added sheet.,"BLS detailed industries hours/employment workbook; hours worked, millions of hours.","Information is classified as unmeasurable because modern Information includes publishing/software, motion picture/sound, broadcasting/telecom, and data/internet/other information services.","BEA-BLS historical KLEMS 1963-2016, current BEA-BLS ILPA 1997-2024, and BLS detailed industry hours/employment 1987-2025."
2003,Government,16,sector,2.025463e6,17.599032752350453,37631.042,14.88231197413563,Other sectors,Current BEA-BLS ILPA Value Added sheet.,"BLS detailed industries hours/employment workbook; hours worked, millions of hours.","Information is classified as unmeasurable because modern Information includes publishing/software, motion picture/sound, broadcasting/telecom, and data/internet/other information services.","BEA-BLS historical KLEMS 1963-2016, current BEA-BLS ILPA 1997-2024, and BLS detailed industry hours/employment 1987-2025."
2003,Total,17,total,1.1508945e7,100.0,252857.5,100.0,Total,Current BEA-BLS ILPA Value Added sheet.,"BLS detailed industries hours/employment workbook; hours worked, millions of hours.","Information is classified as unmeasurable because modern Information includes publishing/software, motion picture/sound, broadcasting/telecom, and data/internet/other information services.","BEA-BLS historical KLEMS 1963-2016, current BEA-BLS ILPA 1997-2024, and BLS detailed industry hours/employment 1987-2025."
2004,"Agriculture, forestry, fishing, and hunting",1,sector,155294.0,1.2641389802343053,6845.065999999999,2.671819513989201,Griliches measurable sectors,Current BEA-BLS ILPA Value Added sheet.,"BLS detailed industries hours/employment workbook; hours worked, millions of hours.","Information is classified as unmeasurable because modern Information includes publishing/software, motion picture/sound, broadcasting/telecom, and data/internet/other information services.","BEA-BLS historical KLEMS 1963-2016, current BEA-BLS ILPA 1997-2024, and BLS detailed industry hours/employment 1987-2025."
2004,Mining,2,sector,158571.0,1.2908147271287624,1224.082,0.4777932271687272,Griliches measurable sectors,Current BEA-BLS ILPA Value Added sheet.,"BLS detailed industries hours/employment workbook; hours worked, millions of hours.","Information is classified as unmeasurable because modern Information includes publishing/software, motion picture/sound, broadcasting/telecom, and data/internet/other information services.","BEA-BLS historical KLEMS 1963-2016, current BEA-BLS ILPA 1997-2024, and BLS detailed industry hours/employment 1987-2025."
2004,Utilities,3,sector,176639.0,1.4378935781782134,1083.287,0.42283702536262185,Griliches measurable sectors,Current BEA-BLS ILPA Value Added sheet.,"BLS detailed industries hours/employment workbook; hours worked, millions of hours.","Information is classified as unmeasurable because modern Information includes publishing/software, motion picture/sound, broadcasting/telecom, and data/internet/other information services.","BEA-BLS historical KLEMS 1963-2016, current BEA-BLS ILPA 1997-2024, and BLS detailed industry hours/employment 1987-2025."
2004,Construction,4,sector,583591.0,4.750602931303969,17052.347,6.656004993073147,Other sectors,Current BEA-BLS ILPA Value Added sheet.,"BLS detailed industries hours/employment workbook; hours worked, millions of hours.","Information is classified as unmeasurable because modern Information includes publishing/software, motion picture/sound, broadcasting/telecom, and data/internet/other information services.","BEA-BLS historical KLEMS 1963-2016, current BEA-BLS ILPA 1997-2024, and BLS detailed industry hours/employment 1987-2025."
2004,Manufacturing,5,sector,1.590257e6,12.94516119290163,28828.909,11.252724463609105,Griliches measurable sectors,Current BEA-BLS ILPA Value Added sheet.,"BLS detailed industries hours/employment workbook; hours worked, millions of hours.","Information is classified as unmeasurable because modern Information includes publishing/software, motion picture/sound, broadcasting/telecom, and data/internet/other information services.","BEA-BLS historical KLEMS 1963-2016, current BEA-BLS ILPA 1997-2024, and BLS detailed industry hours/employment 1987-2025."
2004,Wholesale trade,6,sector,553359.0,4.504505531208386,11259.011,4.394704930240129,Other sectors,Current BEA-BLS ILPA Value Added sheet.,"BLS detailed industries hours/employment workbook; hours worked, millions of hours.","Information is classified as unmeasurable because modern Information includes publishing/software, motion picture/sound, broadcasting/telecom, and data/internet/other information services.","BEA-BLS historical KLEMS 1963-2016, current BEA-BLS ILPA 1997-2024, and BLS detailed industry hours/employment 1987-2025."
2004,Retail trade,7,sector,655165.0,5.333236409553548,26904.344,10.501513252067737,Other sectors,Current BEA-BLS ILPA Value Added sheet.,"BLS detailed industries hours/employment workbook; hours worked, millions of hours.","Information is classified as unmeasurable because modern Information includes publishing/software, motion picture/sound, broadcasting/telecom, and data/internet/other information services.","BEA-BLS historical KLEMS 1963-2016, current BEA-BLS ILPA 1997-2024, and BLS detailed industry hours/employment 1987-2025."
2004,Transportation and warehousing,8,sector,340842.0,2.7745544470553987,10736.129,4.190609552472596,Griliches measurable sectors,Current BEA-BLS ILPA Value Added sheet.,"BLS detailed industries hours/employment workbook; hours worked, millions of hours.","Information is classified as unmeasurable because modern Information includes publishing/software, motion picture/sound, broadcasting/telecom, and data/internet/other information services.","BEA-BLS historical KLEMS 1963-2016, current BEA-BLS ILPA 1997-2024, and BLS detailed industry hours/employment 1987-2025."
2004,Information,9,sector,585256.0,4.764156522570149,5876.0599999999995,2.293589539293177,Other sectors,Current BEA-BLS ILPA Value Added sheet.,"BLS detailed industries hours/employment workbook; hours worked, millions of hours.","Information is classified as unmeasurable because modern Information includes publishing/software, motion picture/sound, broadcasting/telecom, and data/internet/other information services.","BEA-BLS historical KLEMS 1963-2016, current BEA-BLS ILPA 1997-2024, and BLS detailed industry hours/employment 1987-2025."
2004,"Finance, insurance, real estate, rental, and leasing",10,sector,2.385022e6,19.414782792100038,16045.687999999998,6.2630780059363,Other sectors,Current BEA-BLS ILPA Value Added sheet.,"BLS detailed industries hours/employment workbook; hours worked, millions of hours.","Information is classified as unmeasurable because modern Information includes publishing/software, motion picture/sound, broadcasting/telecom, and data/internet/other information services.","BEA-BLS historical KLEMS 1963-2016, current BEA-BLS ILPA 1997-2024, and BLS detailed industry hours/employment 1987-2025."
2004,Professional and business services,11,service_detail,1.314202e6,10.697992041559138,32948.31,12.860641169999758,Other sectors,Current BEA-BLS ILPA Value Added sheet.,"BLS detailed industries hours/employment workbook; hours worked, millions of hours.","Information is classified as unmeasurable because modern Information includes publishing/software, motion picture/sound, broadcasting/telecom, and data/internet/other information services.","BEA-BLS historical KLEMS 1963-2016, current BEA-BLS ILPA 1997-2024, and BLS detailed industry hours/employment 1987-2025."
2004,"Educational services, health care, and social assistance",12,service_detail,923976.0,7.521437263519341,29665.218,11.579159110977708,Other sectors,Current BEA-BLS ILPA Value Added sheet.,"BLS detailed industries hours/employment workbook; hours worked, millions of hours.","Information is classified as unmeasurable because modern Information includes publishing/software, motion picture/sound, broadcasting/telecom, and data/internet/other information services.","BEA-BLS historical KLEMS 1963-2016, current BEA-BLS ILPA 1997-2024, and BLS detailed industry hours/employment 1987-2025."
2004,"Arts, entertainment, recreation, accommodation, and food services",13,service_detail,414660.0,3.3754547474078653,18560.56,7.244702446779538,Other sectors,Current BEA-BLS ILPA Value Added sheet.,"BLS detailed industries hours/employment workbook; hours worked, millions of hours.","Information is classified as unmeasurable because modern Information includes publishing/software, motion picture/sound, broadcasting/telecom, and data/internet/other information services.","BEA-BLS historical KLEMS 1963-2016, current BEA-BLS ILPA 1997-2024, and BLS detailed industry hours/employment 1987-2025."
2004,"Other services, except government",14,service_detail,289928.0,2.3600994646372153,11213.576000000001,4.376970386903644,Other sectors,Current BEA-BLS ILPA Value Added sheet.,"BLS detailed industries hours/employment workbook; hours worked, millions of hours.","Information is classified as unmeasurable because modern Information includes publishing/software, motion picture/sound, broadcasting/telecom, and data/internet/other information services.","BEA-BLS historical KLEMS 1963-2016, current BEA-BLS ILPA 1997-2024, and BLS detailed industry hours/employment 1987-2025."
2004,Services,15,services_total,2.942766e6,23.95498351712356,92387.664,36.06147311466065,Other sectors,Current BEA-BLS ILPA Value Added sheet.,"BLS detailed industries hours/employment workbook; hours worked, millions of hours.","Information is classified as unmeasurable because modern Information includes publishing/software, motion picture/sound, broadcasting/telecom, and data/internet/other information services.","BEA-BLS historical KLEMS 1963-2016, current BEA-BLS ILPA 1997-2024, and BLS detailed industry hours/employment 1987-2025."
2004,Government,16,sector,2.157805e6,17.565169370642042,37952.338,14.813852382126619,Other sectors,Current BEA-BLS ILPA Value Added sheet.,"BLS detailed industries hours/employment workbook; hours worked, millions of hours.","Information is classified as unmeasurable because modern Information includes publishing/software, motion picture/sound, broadcasting/telecom, and data/internet/other information services.","BEA-BLS historical KLEMS 1963-2016, current BEA-BLS ILPA 1997-2024, and BLS detailed industry hours/employment 1987-2025."
2004,Total,17,total,1.2284567e7,100.0,256194.925,100.0,Total,Current BEA-BLS ILPA Value Added sheet.,"BLS detailed industries hours/employment workbook; hours worked, millions of hours.","Information is classified as unmeasurable because modern Information includes publishing/software, motion picture/sound, broadcasting/telecom, and data/internet/other information services.","BEA-BLS historical KLEMS 1963-2016, current BEA-BLS ILPA 1997-2024, and BLS detailed industry hours/employment 1987-2025."
2005,"Agriculture, forestry, fishing, and hunting",1,sector,150757.0,1.1376643518504543,6503.710000000001,2.5024724175534017,Griliches measurable sectors,Current BEA-BLS ILPA Value Added sheet.,"BLS detailed industries hours/employment workbook; hours worked, millions of hours.","Information is classified as unmeasurable because modern Information includes publishing/software, motion picture/sound, broadcasting/telecom, and data/internet/other information services.","BEA-BLS historical KLEMS 1963-2016, current BEA-BLS ILPA 1997-2024, and BLS detailed industry hours/employment 1987-2025."
2005,Mining,2,sector,215429.0,1.625701583706173,1340.024,0.515609259770128,Griliches measurable sectors,Current BEA-BLS ILPA Value Added sheet.,"BLS detailed industries hours/employment workbook; hours worked, millions of hours.","Information is classified as unmeasurable because modern Information includes publishing/software, motion picture/sound, broadcasting/telecom, and data/internet/other information services.","BEA-BLS historical KLEMS 1963-2016, current BEA-BLS ILPA 1997-2024, and BLS detailed industry hours/employment 1987-2025."
2005,Utilities,3,sector,173551.0,1.3096757426056382,1061.342,0.4083790760336734,Griliches measurable sectors,Current BEA-BLS ILPA Value Added sheet.,"BLS detailed industries hours/employment workbook; hours worked, millions of hours.","Information is classified as unmeasurable because modern Information includes publishing/software, motion picture/sound, broadcasting/telecom, and data/internet/other information services.","BEA-BLS historical KLEMS 1963-2016, current BEA-BLS ILPA 1997-2024, and BLS detailed industry hours/employment 1987-2025."
2005,Construction,4,sector,650387.0,4.90804476612669,17849.021,6.86787737042879,Other sectors,Current BEA-BLS ILPA Value Added sheet.,"BLS detailed industries hours/employment workbook; hours worked, millions of hours.","Information is classified as unmeasurable because modern Information includes publishing/software, motion picture/sound, broadcasting/telecom, and data/internet/other information services.","BEA-BLS historical KLEMS 1963-2016, current BEA-BLS ILPA 1997-2024, and BLS detailed industry hours/employment 1987-2025."
2005,Manufacturing,5,sector,1.674137e6,12.633615586764556,28561.941,10.989953356513068,Griliches measurable sectors,Current BEA-BLS ILPA Value Added sheet.,"BLS detailed industries hours/employment workbook; hours worked, millions of hours.","Information is classified as unmeasurable because modern Information includes publishing/software, motion picture/sound, broadcasting/telecom, and data/internet/other information services.","BEA-BLS historical KLEMS 1963-2016, current BEA-BLS ILPA 1997-2024, and BLS detailed industry hours/employment 1987-2025."
2005,Wholesale trade,6,sector,600318.0,4.530206812115929,11480.747,4.417517493924077,Other sectors,Current BEA-BLS ILPA Value Added sheet.,"BLS detailed industries hours/employment workbook; hours worked, millions of hours.","Information is classified as unmeasurable because modern Information includes publishing/software, motion picture/sound, broadcasting/telecom, and data/internet/other information services.","BEA-BLS historical KLEMS 1963-2016, current BEA-BLS ILPA 1997-2024, and BLS detailed industry hours/employment 1987-2025."
2005,Retail trade,7,sector,688628.0,5.19662455001144,27202.342,10.466812103838336,Other sectors,Current BEA-BLS ILPA Value Added sheet.,"BLS detailed industries hours/employment workbook; hours worked, millions of hours.","Information is classified as unmeasurable because modern Information includes publishing/software, motion picture/sound, broadcasting/telecom, and data/internet/other information services.","BEA-BLS historical KLEMS 1963-2016, current BEA-BLS ILPA 1997-2024, and BLS detailed industry hours/employment 1987-2025."
2005,Transportation and warehousing,8,sector,363864.0,2.745843322178829,10963.219000000001,4.21838506869116,Griliches measurable sectors,Current BEA-BLS ILPA Value Added sheet.,"BLS detailed industries hours/employment workbook; hours worked, millions of hours.","Information is classified as unmeasurable because modern Information includes publishing/software, motion picture/sound, broadcasting/telecom, and data/internet/other information services.","BEA-BLS historical KLEMS 1963-2016, current BEA-BLS ILPA 1997-2024, and BLS detailed industry hours/employment 1987-2025."
2005,Information,9,sector,605147.0,4.566648112719455,5732.431999999999,2.20570304726079,Other sectors,Current BEA-BLS ILPA Value Added sheet.,"BLS detailed industries hours/employment workbook; hours worked, millions of hours.","Information is classified as unmeasurable because modern Information includes publishing/software, motion picture/sound, broadcasting/telecom, and data/internet/other information services.","BEA-BLS historical KLEMS 1963-2016, current BEA-BLS ILPA 1997-2024, and BLS detailed industry hours/employment 1987-2025."
2005,"Finance, insurance, real estate, rental, and leasing",10,sector,2.606086e6,19.66642437867922,16379.566,6.302466150319662,Other sectors,Current BEA-BLS ILPA Value Added sheet.,"BLS detailed industries hours/employment workbook; hours worked, millions of hours.","Information is classified as unmeasurable because modern Information includes publishing/software, motion picture/sound, broadcasting/telecom, and data/internet/other information services.","BEA-BLS historical KLEMS 1963-2016, current BEA-BLS ILPA 1997-2024, and BLS detailed industry hours/employment 1987-2025."
2005,Professional and business services,11,service_detail,1.411744e6,10.653507450657468,33920.604999999996,13.051839396163723,Other sectors,Current BEA-BLS ILPA Value Added sheet.,"BLS detailed industries hours/employment workbook; hours worked, millions of hours.","Information is classified as unmeasurable because modern Information includes publishing/software, motion picture/sound, broadcasting/telecom, and data/internet/other information services.","BEA-BLS historical KLEMS 1963-2016, current BEA-BLS ILPA 1997-2024, and BLS detailed industry hours/employment 1987-2025."
2005,"Educational services, health care, and social assistance",12,service_detail,966161.0,7.290984351295044,30399.882,11.697149196670535,Other sectors,Current BEA-BLS ILPA Value Added sheet.,"BLS detailed industries hours/employment workbook; hours worked, millions of hours.","Information is classified as unmeasurable because modern Information includes publishing/software, motion picture/sound, broadcasting/telecom, and data/internet/other information services.","BEA-BLS historical KLEMS 1963-2016, current BEA-BLS ILPA 1997-2024, and BLS detailed industry hours/employment 1987-2025."
2005,"Arts, entertainment, recreation, accommodation, and food services",13,service_detail,430228.0,3.2466489699842613,19010.574999999997,7.314815632820381,Other sectors,Current BEA-BLS ILPA Value Added sheet.,"BLS detailed industries hours/employment workbook; hours worked, millions of hours.","Information is classified as unmeasurable because modern Information includes publishing/software, motion picture/sound, broadcasting/telecom, and data/internet/other information services.","BEA-BLS historical KLEMS 1963-2016, current BEA-BLS ILPA 1997-2024, and BLS detailed industry hours/employment 1987-2025."
2005,"Other services, except government",14,service_detail,302731.0,2.2845126057167486,11196.799,4.308261079044039,Other sectors,Current BEA-BLS ILPA Value Added sheet.,"BLS detailed industries hours/employment workbook; hours worked, millions of hours.","Information is classified as unmeasurable because modern Information includes publishing/software, motion picture/sound, broadcasting/telecom, and data/internet/other information services.","BEA-BLS historical KLEMS 1963-2016, current BEA-BLS ILPA 1997-2024, and BLS detailed industry hours/employment 1987-2025."
2005,Services,15,services_total,3.110864e6,23.475653377653522,94527.86099999999,36.37206530469868,Other sectors,Current BEA-BLS ILPA Value Added sheet.,"BLS detailed industries hours/employment workbook; hours worked, millions of hours.","Information is classified as unmeasurable because modern Information includes publishing/software, motion picture/sound, broadcasting/telecom, and data/internet/other information services.","BEA-BLS historical KLEMS 1963-2016, current BEA-BLS ILPA 1997-2024, and BLS detailed industry hours/employment 1987-2025."
2005,Government,16,sector,2.41228e6,18.20389741558809,38289.171,14.732759350968228,Other sectors,Current BEA-BLS ILPA Value Added sheet.,"BLS detailed industries hours/employment workbook; hours worked, millions of hours.","Information is classified as unmeasurable because modern Information includes publishing/software, motion picture/sound, broadcasting/telecom, and data/internet/other information services.","BEA-BLS historical KLEMS 1963-2016, current BEA-BLS ILPA 1997-2024, and BLS detailed industry hours/employment 1987-2025."
2005,Total,17,total,1.3251448e7,100.0,259891.37600000002,100.0,Total,Current BEA-BLS ILPA Value Added sheet.,"BLS detailed industries hours/employment workbook; hours worked, millions of hours.","Information is classified as unmeasurable because modern Information includes publishing/software, motion picture/sound, broadcasting/telecom, and data/internet/other information services.","BEA-BLS historical KLEMS 1963-2016, current BEA-BLS ILPA 1997-2024, and BLS detailed industry hours/employment 1987-2025."
2006,"Agriculture, forestry, fishing, and hunting",1,sector,140250.0,0.9959832581073037,6396.4929999999995,2.419245522558436,Griliches measurable sectors,Current BEA-BLS ILPA Value Added sheet.,"BLS detailed industries hours/employment workbook; hours worked, millions of hours.","Information is classified as unmeasurable because modern Information includes publishing/software, motion picture/sound, broadcasting/telecom, and data/internet/other information services.","BEA-BLS historical KLEMS 1963-2016, current BEA-BLS ILPA 1997-2024, and BLS detailed industry hours/employment 1987-2025."
2006,Mining,2,sector,261615.0,1.857854973759303,1496.935,0.5661623168056329,Griliches measurable sectors,Current BEA-BLS ILPA Value Added sheet.,"BLS detailed industries hours/employment workbook; hours worked, millions of hours.","Information is classified as unmeasurable because modern Information includes publishing/software, motion picture/sound, broadcasting/telecom, and data/internet/other information services.","BEA-BLS historical KLEMS 1963-2016, current BEA-BLS ILPA 1997-2024, and BLS detailed industry hours/employment 1987-2025."
2006,Utilities,3,sector,199532.0,1.416973486322043,1060.145,0.400962065386879,Griliches measurable sectors,Current BEA-BLS ILPA Value Added sheet.,"BLS detailed industries hours/employment workbook; hours worked, millions of hours.","Information is classified as unmeasurable because modern Information includes publishing/software, motion picture/sound, broadcasting/telecom, and data/internet/other information services.","BEA-BLS historical KLEMS 1963-2016, current BEA-BLS ILPA 1997-2024, and BLS detailed industry hours/employment 1987-2025."
2006,Construction,4,sector,695665.0,4.940254497334884,18811.445,7.114758679342616,Other sectors,Current BEA-BLS ILPA Value Added sheet.,"BLS detailed industries hours/employment workbook; hours worked, millions of hours.","Information is classified as unmeasurable because modern Information includes publishing/software, motion picture/sound, broadcasting/telecom, and data/internet/other information services.","BEA-BLS historical KLEMS 1963-2016, current BEA-BLS ILPA 1997-2024, and BLS detailed industry hours/employment 1987-2025."
2006,Manufacturing,5,sector,1.774545e6,12.601904533034048,28687.976,10.850204555725128,Griliches measurable sectors,Current BEA-BLS ILPA Value Added sheet.,"BLS detailed industries hours/employment workbook; hours worked, millions of hours.","Information is classified as unmeasurable because modern Information includes publishing/software, motion picture/sound, broadcasting/telecom, and data/internet/other information services.","BEA-BLS historical KLEMS 1963-2016, current BEA-BLS ILPA 1997-2024, and BLS detailed industry hours/employment 1987-2025."
2006,Wholesale trade,6,sector,647658.0,4.599333511438575,11785.516,4.45745142127738,Other sectors,Current BEA-BLS ILPA Value Added sheet.,"BLS detailed industries hours/employment workbook; hours worked, millions of hours.","Information is classified as unmeasurable because modern Information includes publishing/software, motion picture/sound, broadcasting/telecom, and data/internet/other information services.","BEA-BLS historical KLEMS 1963-2016, current BEA-BLS ILPA 1997-2024, and BLS detailed industry hours/employment 1987-2025."
2006,Retail trade,7,sector,708178.0,5.029115377967302,27024.187,10.22093565967037,Other sectors,Current BEA-BLS ILPA Value Added sheet.,"BLS detailed industries hours/employment workbook; hours worked, millions of hours.","Information is classified as unmeasurable because modern Information includes publishing/software, motion picture/sound, broadcasting/telecom, and data/internet/other information services.","BEA-BLS historical KLEMS 1963-2016, current BEA-BLS ILPA 1997-2024, and BLS detailed industry hours/employment 1987-2025."
2006,Transportation and warehousing,8,sector,398951.0,2.833144504849675,11107.278,4.200932068449356,Griliches measurable sectors,Current BEA-BLS ILPA Value Added sheet.,"BLS detailed industries hours/employment workbook; hours worked, millions of hours.","Information is classified as unmeasurable because modern Information includes publishing/software, motion picture/sound, broadcasting/telecom, and data/internet/other information services.","BEA-BLS historical KLEMS 1963-2016, current BEA-BLS ILPA 1997-2024, and BLS detailed industry hours/employment 1987-2025."
2006,Information,9,sector,614851.0,4.366355096117888,5648.700000000001,2.1364194697431613,Other sectors,Current BEA-BLS ILPA Value Added sheet.,"BLS detailed industries hours/employment workbook; hours worked, millions of hours.","Information is classified as unmeasurable because modern Information includes publishing/software, motion picture/sound, broadcasting/telecom, and data/internet/other information services.","BEA-BLS historical KLEMS 1963-2016, current BEA-BLS ILPA 1997-2024, and BLS detailed industry hours/employment 1987-2025."
2006,"Finance, insurance, real estate, rental, and leasing",10,sector,2.735652e6,19.42719138686461,16676.915,6.307448776046129,Other sectors,Current BEA-BLS ILPA Value Added sheet.,"BLS detailed industries hours/employment workbook; hours worked, millions of hours.","Information is classified as unmeasurable because modern Information includes publishing/software, motion picture/sound, broadcasting/telecom, and data/internet/other information services.","BEA-BLS historical KLEMS 1963-2016, current BEA-BLS ILPA 1997-2024, and BLS detailed industry hours/employment 1987-2025."
2006,Professional and business services,11,service_detail,1.512964e6,10.74429100976156,35346.409,13.368519548410234,Other sectors,Current BEA-BLS ILPA Value Added sheet.,"BLS detailed industries hours/employment workbook; hours worked, millions of hours.","Information is classified as unmeasurable because modern Information includes publishing/software, motion picture/sound, broadcasting/telecom, and data/internet/other information services.","BEA-BLS historical KLEMS 1963-2016, current BEA-BLS ILPA 1997-2024, and BLS detailed industry hours/employment 1987-2025."
2006,"Educational services, health care, and social assistance",12,service_detail,1.030889e6,7.320842673561357,31217.348,11.806849374360072,Other sectors,Current BEA-BLS ILPA Value Added sheet.,"BLS detailed industries hours/employment workbook; hours worked, millions of hours.","Information is classified as unmeasurable because modern Information includes publishing/software, motion picture/sound, broadcasting/telecom, and data/internet/other information services.","BEA-BLS historical KLEMS 1963-2016, current BEA-BLS ILPA 1997-2024, and BLS detailed industry hours/employment 1987-2025."
2006,"Arts, entertainment, recreation, accommodation, and food services",13,service_detail,456235.0,3.239945966221645,19330.061,7.310906699191488,Other sectors,Current BEA-BLS ILPA Value Added sheet.,"BLS detailed industries hours/employment workbook; hours worked, millions of hours.","Information is classified as unmeasurable because modern Information includes publishing/software, motion picture/sound, broadcasting/telecom, and data/internet/other information services.","BEA-BLS historical KLEMS 1963-2016, current BEA-BLS ILPA 1997-2024, and BLS detailed industry hours/employment 1987-2025."
2006,"Other services, except government",14,service_detail,316524.0,2.2477904084788323,11304.189,4.275406636793683,Other sectors,Current BEA-BLS ILPA Value Added sheet.,"BLS detailed industries hours/employment workbook; hours worked, millions of hours.","Information is classified as unmeasurable because modern Information includes publishing/software, motion picture/sound, broadcasting/telecom, and data/internet/other information services.","BEA-BLS historical KLEMS 1963-2016, current BEA-BLS ILPA 1997-2024, and BLS detailed industry hours/employment 1987-2025."
2006,Services,15,services_total,3.316612e6,23.55287005802339,97198.007,36.76168225875547,Other sectors,Current BEA-BLS ILPA Value Added sheet.,"BLS detailed industries hours/employment workbook; hours worked, millions of hours.","Information is classified as unmeasurable because modern Information includes publishing/software, motion picture/sound, broadcasting/telecom, and data/internet/other information services.","BEA-BLS historical KLEMS 1963-2016, current BEA-BLS ILPA 1997-2024, and BLS detailed industry hours/employment 1987-2025."
2006,Government,16,sector,2.588053e6,18.379019316180976,38506.727,14.563797206239427,Other sectors,Current BEA-BLS ILPA Value Added sheet.,"BLS detailed industries hours/employment workbook; hours worked, millions of hours.","Information is classified as unmeasurable because modern Information includes publishing/software, motion picture/sound, broadcasting/telecom, and data/internet/other information services.","BEA-BLS historical KLEMS 1963-2016, current BEA-BLS ILPA 1997-2024, and BLS detailed industry hours/employment 1987-2025."
2006,Total,17,total,1.4081562e7,100.0,264400.324,100.0,Total,Current BEA-BLS ILPA Value Added sheet.,"BLS detailed industries hours/employment workbook; hours worked, millions of hours.","Information is classified as unmeasurable because modern Information includes publishing/software, motion picture/sound, broadcasting/telecom, and data/internet/other information services.","BEA-BLS historical KLEMS 1963-2016, current BEA-BLS ILPA 1997-2024, and BLS detailed industry hours/employment 1987-2025."
2007,"Agriculture, forestry, fishing, and hunting",1,sector,156375.0,1.0615570725667176,6601.927,2.472137444752809,Griliches measurable sectors,Current BEA-BLS ILPA Value Added sheet.,"BLS detailed industries hours/employment workbook; hours worked, millions of hours.","Information is classified as unmeasurable because modern Information includes publishing/software, motion picture/sound, broadcasting/telecom, and data/internet/other information services.","BEA-BLS historical KLEMS 1963-2016, current BEA-BLS ILPA 1997-2024, and BLS detailed industry hours/employment 1987-2025."
2007,Mining,2,sector,300379.0,2.039133185614824,1633.898,0.6118244607531595,Griliches measurable sectors,Current BEA-BLS ILPA Value Added sheet.,"BLS detailed industries hours/employment workbook; hours worked, millions of hours.","Information is classified as unmeasurable because modern Information includes publishing/software, motion picture/sound, broadcasting/telecom, and data/internet/other information services.","BEA-BLS historical KLEMS 1963-2016, current BEA-BLS ILPA 1997-2024, and BLS detailed industry hours/employment 1987-2025."
2007,Utilities,3,sector,203472.0,1.381276678940337,1100.528,0.4121003576378411,Griliches measurable sectors,Current BEA-BLS ILPA Value Added sheet.,"BLS detailed industries hours/employment workbook; hours worked, millions of hours.","Information is classified as unmeasurable because modern Information includes publishing/software, motion picture/sound, broadcasting/telecom, and data/internet/other information services.","BEA-BLS historical KLEMS 1963-2016, current BEA-BLS ILPA 1997-2024, and BLS detailed industry hours/employment 1987-2025."
2007,Construction,4,sector,714284.0,4.848941531710602,18595.342,6.963155038852229,Other sectors,Current BEA-BLS ILPA Value Added sheet.,"BLS detailed industries hours/employment workbook; hours worked, millions of hours.","Information is classified as unmeasurable because modern Information includes publishing/software, motion picture/sound, broadcasting/telecom, and data/internet/other information services.","BEA-BLS historical KLEMS 1963-2016, current BEA-BLS ILPA 1997-2024, and BLS detailed industry hours/employment 1987-2025."
2007,Manufacturing,5,sector,1.827123e6,12.403487405910912,28256.046,10.580672787999294,Griliches measurable sectors,Current BEA-BLS ILPA Value Added sheet.,"BLS detailed industries hours/employment workbook; hours worked, millions of hours.","Information is classified as unmeasurable because modern Information includes publishing/software, motion picture/sound, broadcasting/telecom, and data/internet/other information services.","BEA-BLS historical KLEMS 1963-2016, current BEA-BLS ILPA 1997-2024, and BLS detailed industry hours/employment 1987-2025."
2007,Wholesale trade,6,sector,693645.0,4.708832969467887,12005.53,4.495554140041716,Other sectors,Current BEA-BLS ILPA Value Added sheet.,"BLS detailed industries hours/employment workbook; hours worked, millions of hours.","Information is classified as unmeasurable because modern Information includes publishing/software, motion picture/sound, broadcasting/telecom, and data/internet/other information services.","BEA-BLS historical KLEMS 1963-2016, current BEA-BLS ILPA 1997-2024, and BLS detailed industry hours/employment 1987-2025."
2007,Retail trade,7,sector,706634.0,4.797009243268489,27028.18,10.120889831335452,Other sectors,Current BEA-BLS ILPA Value Added sheet.,"BLS detailed industries hours/employment workbook; hours worked, millions of hours.","Information is classified as unmeasurable because modern Information includes publishing/software, motion picture/sound, broadcasting/telecom, and data/internet/other information services.","BEA-BLS historical KLEMS 1963-2016, current BEA-BLS ILPA 1997-2024, and BLS detailed industry hours/employment 1987-2025."
2007,Transportation and warehousing,8,sector,400667.0,2.7199417272203936,11217.901999999998,4.200621361879254,Griliches measurable sectors,Current BEA-BLS ILPA Value Added sheet.,"BLS detailed industries hours/employment workbook; hours worked, millions of hours.","Information is classified as unmeasurable because modern Information includes publishing/software, motion picture/sound, broadcasting/telecom, and data/internet/other information services.","BEA-BLS historical KLEMS 1963-2016, current BEA-BLS ILPA 1997-2024, and BLS detailed industry hours/employment 1987-2025."
2007,Information,9,sector,671301.0,4.557149956010297,5637.823,2.111122001983454,Other sectors,Current BEA-BLS ILPA Value Added sheet.,"BLS detailed industries hours/employment workbook; hours worked, millions of hours.","Information is classified as unmeasurable because modern Information includes publishing/software, motion picture/sound, broadcasting/telecom, and data/internet/other information services.","BEA-BLS historical KLEMS 1963-2016, current BEA-BLS ILPA 1997-2024, and BLS detailed industry hours/employment 1987-2025."
2007,"Finance, insurance, real estate, rental, and leasing",10,sector,2.860148e6,19.416213192566282,16644.941,6.2328138302349085,Other sectors,Current BEA-BLS ILPA Value Added sheet.,"BLS detailed industries hours/employment workbook; hours worked, millions of hours.","Information is classified as unmeasurable because modern Information includes publishing/software, motion picture/sound, broadcasting/telecom, and data/internet/other information services.","BEA-BLS historical KLEMS 1963-2016, current BEA-BLS ILPA 1997-2024, and BLS detailed industry hours/employment 1987-2025."
2007,Professional and business services,11,service_detail,1.635552e6,11.103001075303855,36302.956000000006,13.593894158904464,Other sectors,Current BEA-BLS ILPA Value Added sheet.,"BLS detailed industries hours/employment workbook; hours worked, millions of hours.","Information is classified as unmeasurable because modern Information includes publishing/software, motion picture/sound, broadcasting/telecom, and data/internet/other information services.","BEA-BLS historical KLEMS 1963-2016, current BEA-BLS ILPA 1997-2024, and BLS detailed industry hours/employment 1987-2025."
2007,"Educational services, health care, and social assistance",12,service_detail,1.083115e6,7.352763476598564,31982.576,11.97609784374358,Other sectors,Current BEA-BLS ILPA Value Added sheet.,"BLS detailed industries hours/employment workbook; hours worked, millions of hours.","Information is classified as unmeasurable because modern Information includes publishing/software, motion picture/sound, broadcasting/telecom, and data/internet/other information services.","BEA-BLS historical KLEMS 1963-2016, current BEA-BLS ILPA 1997-2024, and BLS detailed industry hours/employment 1987-2025."
2007,"Arts, entertainment, recreation, accommodation, and food services",13,service_detail,474641.0,3.2221167736539695,19607.307999999997,7.342092740135009,Other sectors,Current BEA-BLS ILPA Value Added sheet.,"BLS detailed industries hours/employment workbook; hours worked, millions of hours.","Information is classified as unmeasurable because modern Information includes publishing/software, motion picture/sound, broadcasting/telecom, and data/internet/other information services.","BEA-BLS historical KLEMS 1963-2016, current BEA-BLS ILPA 1997-2024, and BLS detailed industry hours/employment 1987-2025."
2007,"Other services, except government",14,service_detail,321835.0,2.1847879804924673,11296.15,4.229921869257937,Other sectors,Current BEA-BLS ILPA Value Added sheet.,"BLS detailed industries hours/employment workbook; hours worked, millions of hours.","Information is classified as unmeasurable because modern Information includes publishing/software, motion picture/sound, broadcasting/telecom, and data/internet/other information services.","BEA-BLS historical KLEMS 1963-2016, current BEA-BLS ILPA 1997-2024, and BLS detailed industry hours/employment 1987-2025."
2007,Services,15,services_total,3.515143e6,23.862669306048854,99188.98999999999,37.14200661204099,Other sectors,Current BEA-BLS ILPA Value Added sheet.,"BLS detailed industries hours/employment workbook; hours worked, millions of hours.","Information is classified as unmeasurable because modern Information includes publishing/software, motion picture/sound, broadcasting/telecom, and data/internet/other information services.","BEA-BLS historical KLEMS 1963-2016, current BEA-BLS ILPA 1997-2024, and BLS detailed industry hours/employment 1987-2025."
2007,Government,16,sector,2.681549e6,18.2037877306744,39142.289,14.65710213248889,Other sectors,Current BEA-BLS ILPA Value Added sheet.,"BLS detailed industries hours/employment workbook; hours worked, millions of hours.","Information is classified as unmeasurable because modern Information includes publishing/software, motion picture/sound, broadcasting/telecom, and data/internet/other information services.","BEA-BLS historical KLEMS 1963-2016, current BEA-BLS ILPA 1997-2024, and BLS detailed industry hours/employment 1987-2025."
2007,Total,17,total,1.473072e7,100.0,267053.396,100.0,Total,Current BEA-BLS ILPA Value Added sheet.,"BLS detailed industries hours/employment workbook; hours worked, millions of hours.","Information is classified as unmeasurable because modern Information includes publishing/software, motion picture/sound, broadcasting/telecom, and data/internet/other information services.","BEA-BLS historical KLEMS 1963-2016, current BEA-BLS ILPA 1997-2024, and BLS detailed industry hours/employment 1987-2025."
2008,"Agriculture, forestry, fishing, and hunting",1,sector,156110.0,1.0432929482525761,6741.380999999999,2.5563171461976695,Griliches measurable sectors,Current BEA-BLS ILPA Value Added sheet.,"BLS detailed industries hours/employment workbook; hours worked, millions of hours.","Information is classified as unmeasurable because modern Information includes publishing/software, motion picture/sound, broadcasting/telecom, and data/internet/other information services.","BEA-BLS historical KLEMS 1963-2016, current BEA-BLS ILPA 1997-2024, and BLS detailed industry hours/employment 1987-2025."
2008,Mining,2,sector,370665.0,2.477177507296401,1716.598,0.6509302619935926,Griliches measurable sectors,Current BEA-BLS ILPA Value Added sheet.,"BLS detailed industries hours/employment workbook; hours worked, millions of hours.","Information is classified as unmeasurable because modern Information includes publishing/software, motion picture/sound, broadcasting/telecom, and data/internet/other information services.","BEA-BLS historical KLEMS 1963-2016, current BEA-BLS ILPA 1997-2024, and BLS detailed industry hours/employment 1987-2025."
2008,Utilities,3,sector,212402.0,1.4194959246348324,1119.872,0.4246530488555204,Griliches measurable sectors,Current BEA-BLS ILPA Value Added sheet.,"BLS detailed industries hours/employment workbook; hours worked, millions of hours.","Information is classified as unmeasurable because modern Information includes publishing/software, motion picture/sound, broadcasting/telecom, and data/internet/other information services.","BEA-BLS historical KLEMS 1963-2016, current BEA-BLS ILPA 1997-2024, and BLS detailed industry hours/employment 1987-2025."
2008,Construction,4,sector,647858.0,4.329675759842531,17176.116,6.513146169290852,Other sectors,Current BEA-BLS ILPA Value Added sheet.,"BLS detailed industries hours/employment workbook; hours worked, millions of hours.","Information is classified as unmeasurable because modern Information includes publishing/software, motion picture/sound, broadcasting/telecom, and data/internet/other information services.","BEA-BLS historical KLEMS 1963-2016, current BEA-BLS ILPA 1997-2024, and BLS detailed industry hours/employment 1987-2025."
2008,Manufacturing,5,sector,1.780345e6,11.898157606538549,27038.532999999996,10.25295344024192,Griliches measurable sectors,Current BEA-BLS ILPA Value Added sheet.,"BLS detailed industries hours/employment workbook; hours worked, millions of hours.","Information is classified as unmeasurable because modern Information includes publishing/software, motion picture/sound, broadcasting/telecom, and data/internet/other information services.","BEA-BLS historical KLEMS 1963-2016, current BEA-BLS ILPA 1997-2024, and BLS detailed industry hours/employment 1987-2025."
2008,Wholesale trade,6,sector,721008.0,4.818541810477826,11950.215,4.531495772935632,Other sectors,Current BEA-BLS ILPA Value Added sheet.,"BLS detailed industries hours/employment workbook; hours worked, millions of hours.","Information is classified as unmeasurable because modern Information includes publishing/software, motion picture/sound, broadcasting/telecom, and data/internet/other information services.","BEA-BLS historical KLEMS 1963-2016, current BEA-BLS ILPA 1997-2024, and BLS detailed industry hours/employment 1987-2025."
2008,Retail trade,7,sector,691481.0,4.621211012431232,26216.035,9.941063971286926,Other sectors,Current BEA-BLS ILPA Value Added sheet.,"BLS detailed industries hours/employment workbook; hours worked, millions of hours.","Information is classified as unmeasurable because modern Information includes publishing/software, motion picture/sound, broadcasting/telecom, and data/internet/other information services.","BEA-BLS historical KLEMS 1963-2016, current BEA-BLS ILPA 1997-2024, and BLS detailed industry hours/employment 1987-2025."
2008,Transportation and warehousing,8,sector,413656.0,2.7644890641366193,11002.249,4.172029108788862,Griliches measurable sectors,Current BEA-BLS ILPA Value Added sheet.,"BLS detailed industries hours/employment workbook; hours worked, millions of hours.","Information is classified as unmeasurable because modern Information includes publishing/software, motion picture/sound, broadcasting/telecom, and data/internet/other information services.","BEA-BLS historical KLEMS 1963-2016, current BEA-BLS ILPA 1997-2024, and BLS detailed industry hours/employment 1987-2025."
2008,Information,9,sector,710420.0,4.747781540564955,5563.419,2.109636494537528,Other sectors,Current BEA-BLS ILPA Value Added sheet.,"BLS detailed industries hours/employment workbook; hours worked, millions of hours.","Information is classified as unmeasurable because modern Information includes publishing/software, motion picture/sound, broadcasting/telecom, and data/internet/other information services.","BEA-BLS historical KLEMS 1963-2016, current BEA-BLS ILPA 1997-2024, and BLS detailed industry hours/employment 1987-2025."
2008,"Finance, insurance, real estate, rental, and leasing",10,sector,2.80655e6,18.7563501628228,16214.598,6.148540615951308,Other sectors,Current BEA-BLS ILPA Value Added sheet.,"BLS detailed industries hours/employment workbook; hours worked, millions of hours.","Information is classified as unmeasurable because modern Information includes publishing/software, motion picture/sound, broadcasting/telecom, and data/internet/other information services.","BEA-BLS historical KLEMS 1963-2016, current BEA-BLS ILPA 1997-2024, and BLS detailed industry hours/employment 1987-2025."
2008,Professional and business services,11,service_detail,1.750989e6,11.701969612246685,35411.767,13.428065727075332,Other sectors,Current BEA-BLS ILPA Value Added sheet.,"BLS detailed industries hours/employment workbook; hours worked, millions of hours.","Information is classified as unmeasurable because modern Information includes publishing/software, motion picture/sound, broadcasting/telecom, and data/internet/other information services.","BEA-BLS historical KLEMS 1963-2016, current BEA-BLS ILPA 1997-2024, and BLS detailed industry hours/employment 1987-2025."
2008,"Educational services, health care, and social assistance",12,service_detail,1.179871e6,7.885152098825926,32875.83,12.466443882118476,Other sectors,Current BEA-BLS ILPA Value Added sheet.,"BLS detailed industries hours/employment workbook; hours worked, millions of hours.","Information is classified as unmeasurable because modern Information includes publishing/software, motion picture/sound, broadcasting/telecom, and data/internet/other information services.","BEA-BLS historical KLEMS 1963-2016, current BEA-BLS ILPA 1997-2024, and BLS detailed industry hours/employment 1987-2025."
2008,"Arts, entertainment, recreation, accommodation, and food services",13,service_detail,481688.0,3.219151198884677,19497.34,7.393349307396463,Other sectors,Current BEA-BLS ILPA Value Added sheet.,"BLS detailed industries hours/employment workbook; hours worked, millions of hours.","Information is classified as unmeasurable because modern Information includes publishing/software, motion picture/sound, broadcasting/telecom, and data/internet/other information services.","BEA-BLS historical KLEMS 1963-2016, current BEA-BLS ILPA 1997-2024, and BLS detailed industry hours/employment 1987-2025."
2008,"Other services, except government",14,service_detail,321381.0,2.1478094356694717,11273.058,4.274719297942189,Other sectors,Current BEA-BLS ILPA Value Added sheet.,"BLS detailed industries hours/employment workbook; hours worked, millions of hours.","Information is classified as unmeasurable because modern Information includes publishing/software, motion picture/sound, broadcasting/telecom, and data/internet/other information services.","BEA-BLS historical KLEMS 1963-2016, current BEA-BLS ILPA 1997-2024, and BLS detailed industry hours/employment 1987-2025."
2008,Services,15,services_total,3.733929e6,24.954082345626762,99057.99500000001,37.562578214532465,Other sectors,Current BEA-BLS ILPA Value Added sheet.,"BLS detailed industries hours/employment workbook; hours worked, millions of hours.","Information is classified as unmeasurable because modern Information includes publishing/software, motion picture/sound, broadcasting/telecom, and data/internet/other information services.","BEA-BLS historical KLEMS 1963-2016, current BEA-BLS ILPA 1997-2024, and BLS detailed industry hours/employment 1987-2025."
2008,Government,16,sector,2.718775e6,18.169744317374914,39917.568,15.13665575538772,Other sectors,Current BEA-BLS ILPA Value Added sheet.,"BLS detailed industries hours/employment workbook; hours worked, millions of hours.","Information is classified as unmeasurable because modern Information includes publishing/software, motion picture/sound, broadcasting/telecom, and data/internet/other information services.","BEA-BLS historical KLEMS 1963-2016, current BEA-BLS ILPA 1997-2024, and BLS detailed industry hours/employment 1987-2025."
2008,Total,17,total,1.4963199e7,100.0,263714.579,100.0,Total,Current BEA-BLS ILPA Value Added sheet.,"BLS detailed industries hours/employment workbook; hours worked, millions of hours.","Information is classified as unmeasurable because modern Information includes publishing/software, motion picture/sound, broadcasting/telecom, and data/internet/other information services.","BEA-BLS historical KLEMS 1963-2016, current BEA-BLS ILPA 1997-2024, and BLS detailed industry hours/employment 1987-2025."
2009,"Agriculture, forestry, fishing, and hunting",1,sector,139291.0,0.9564840970982669,6622.361,2.671517095171808,Griliches measurable sectors,Current BEA-BLS ILPA Value Added sheet.,"BLS detailed industries hours/employment workbook; hours worked, millions of hours.","Information is classified as unmeasurable because modern Information includes publishing/software, motion picture/sound, broadcasting/telecom, and data/internet/other information services.","BEA-BLS historical KLEMS 1963-2016, current BEA-BLS ILPA 1997-2024, and BLS detailed industry hours/employment 1987-2025."
2009,Mining,2,sector,265661.0,1.8242422103310527,1474.663,0.5948916729422246,Griliches measurable sectors,Current BEA-BLS ILPA Value Added sheet.,"BLS detailed industries hours/employment workbook; hours worked, millions of hours.","Information is classified as unmeasurable because modern Information includes publishing/software, motion picture/sound, broadcasting/telecom, and data/internet/other information services.","BEA-BLS historical KLEMS 1963-2016, current BEA-BLS ILPA 1997-2024, and BLS detailed industry hours/employment 1987-2025."
2009,Utilities,3,sector,228636.0,1.5699987653485104,1097.512,0.44274573224809116,Griliches measurable sectors,Current BEA-BLS ILPA Value Added sheet.,"BLS detailed industries hours/employment workbook; hours worked, millions of hours.","Information is classified as unmeasurable because modern Information includes publishing/software, motion picture/sound, broadcasting/telecom, and data/internet/other information services.","BEA-BLS historical KLEMS 1963-2016, current BEA-BLS ILPA 1997-2024, and BLS detailed industry hours/employment 1987-2025."
2009,Construction,4,sector,564266.0,3.8747044355575784,14115.598999999998,5.694353424268184,Other sectors,Current BEA-BLS ILPA Value Added sheet.,"BLS detailed industries hours/employment workbook; hours worked, millions of hours.","Information is classified as unmeasurable because modern Information includes publishing/software, motion picture/sound, broadcasting/telecom, and data/internet/other information services.","BEA-BLS historical KLEMS 1963-2016, current BEA-BLS ILPA 1997-2024, and BLS detailed industry hours/employment 1987-2025."
2009,Manufacturing,5,sector,1.67007e6,11.468044568858739,23373.555999999997,9.429092498725995,Griliches measurable sectors,Current BEA-BLS ILPA Value Added sheet.,"BLS detailed industries hours/employment workbook; hours worked, millions of hours.","Information is classified as unmeasurable because modern Information includes publishing/software, motion picture/sound, broadcasting/telecom, and data/internet/other information services.","BEA-BLS historical KLEMS 1963-2016, current BEA-BLS ILPA 1997-2024, and BLS detailed industry hours/employment 1987-2025."
2009,Wholesale trade,6,sector,684497.0,4.700307234577053,11019.911,4.445526395159046,Other sectors,Current BEA-BLS ILPA Value Added sheet.,"BLS detailed industries hours/employment workbook; hours worked, millions of hours.","Information is classified as unmeasurable because modern Information includes publishing/software, motion picture/sound, broadcasting/telecom, and data/internet/other information services.","BEA-BLS historical KLEMS 1963-2016, current BEA-BLS ILPA 1997-2024, and BLS detailed industry hours/employment 1987-2025."
2009,Retail trade,7,sector,685849.0,4.709591154566693,24638.695,9.939460397164115,Other sectors,Current BEA-BLS ILPA Value Added sheet.,"BLS detailed industries hours/employment workbook; hours worked, millions of hours.","Information is classified as unmeasurable because modern Information includes publishing/software, motion picture/sound, broadcasting/telecom, and data/internet/other information services.","BEA-BLS historical KLEMS 1963-2016, current BEA-BLS ILPA 1997-2024, and BLS detailed industry hours/employment 1987-2025."
2009,Transportation and warehousing,8,sector,391319.0,2.6871111585988805,10176.322,4.105215373938836,Griliches measurable sectors,Current BEA-BLS ILPA Value Added sheet.,"BLS detailed industries hours/employment workbook; hours worked, millions of hours.","Information is classified as unmeasurable because modern Information includes publishing/software, motion picture/sound, broadcasting/telecom, and data/internet/other information services.","BEA-BLS historical KLEMS 1963-2016, current BEA-BLS ILPA 1997-2024, and BLS detailed industry hours/employment 1987-2025."
2009,Information,9,sector,689060.0,4.731640464542086,5247.211,2.1167698179657615,Other sectors,Current BEA-BLS ILPA Value Added sheet.,"BLS detailed industries hours/employment workbook; hours worked, millions of hours.","Information is classified as unmeasurable because modern Information includes publishing/software, motion picture/sound, broadcasting/telecom, and data/internet/other information services.","BEA-BLS historical KLEMS 1963-2016, current BEA-BLS ILPA 1997-2024, and BLS detailed industry hours/employment 1987-2025."
2009,"Finance, insurance, real estate, rental, and leasing",10,sector,2.89519e6,19.880704374855025,15410.348,6.216666250080097,Other sectors,Current BEA-BLS ILPA Value Added sheet.,"BLS detailed industries hours/employment workbook; hours worked, millions of hours.","Information is classified as unmeasurable because modern Information includes publishing/software, motion picture/sound, broadcasting/telecom, and data/internet/other information services.","BEA-BLS historical KLEMS 1963-2016, current BEA-BLS ILPA 1997-2024, and BLS detailed industry hours/employment 1987-2025."
2009,Professional and business services,11,service_detail,1.669737e6,11.46575792288496,32887.474,13.267088430850926,Other sectors,Current BEA-BLS ILPA Value Added sheet.,"BLS detailed industries hours/employment workbook; hours worked, millions of hours.","Information is classified as unmeasurable because modern Information includes publishing/software, motion picture/sound, broadcasting/telecom, and data/internet/other information services.","BEA-BLS historical KLEMS 1963-2016, current BEA-BLS ILPA 1997-2024, and BLS detailed industry hours/employment 1987-2025."
2009,"Educational services, health care, and social assistance",12,service_detail,1.262101e6,8.666601111570882,33226.894,13.404013363279587,Other sectors,Current BEA-BLS ILPA Value Added sheet.,"BLS detailed industries hours/employment workbook; hours worked, millions of hours.","Information is classified as unmeasurable because modern Information includes publishing/software, motion picture/sound, broadcasting/telecom, and data/internet/other information services.","BEA-BLS historical KLEMS 1963-2016, current BEA-BLS ILPA 1997-2024, and BLS detailed industry hours/employment 1987-2025."
2009,"Arts, entertainment, recreation, accommodation, and food services",13,service_detail,473859.0,3.253897220688254,18564.438,7.489053145737166,Other sectors,Current BEA-BLS ILPA Value Added sheet.,"BLS detailed industries hours/employment workbook; hours worked, millions of hours.","Information is classified as unmeasurable because modern Information includes publishing/software, motion picture/sound, broadcasting/telecom, and data/internet/other information services.","BEA-BLS historical KLEMS 1963-2016, current BEA-BLS ILPA 1997-2024, and BLS detailed industry hours/employment 1987-2025."
2009,"Other services, except government",14,service_detail,317917.0,2.1830739580962857,10904.471999999998,4.398957314743535,Other sectors,Current BEA-BLS ILPA Value Added sheet.,"BLS detailed industries hours/employment workbook; hours worked, millions of hours.","Information is classified as unmeasurable because modern Information includes publishing/software, motion picture/sound, broadcasting/telecom, and data/internet/other information services.","BEA-BLS historical KLEMS 1963-2016, current BEA-BLS ILPA 1997-2024, and BLS detailed industry hours/employment 1987-2025."
2009,Services,15,services_total,3.723614e6,25.56933021324038,95583.27799999999,38.55911225461121,Other sectors,Current BEA-BLS ILPA Value Added sheet.,"BLS detailed industries hours/employment workbook; hours worked, millions of hours.","Information is classified as unmeasurable because modern Information includes publishing/software, motion picture/sound, broadcasting/telecom, and data/internet/other information services.","BEA-BLS historical KLEMS 1963-2016, current BEA-BLS ILPA 1997-2024, and BLS detailed industry hours/employment 1987-2025."
2009,Government,16,sector,2.625361e6,18.027841322425733,39128.196,15.78464908772463,Other sectors,Current BEA-BLS ILPA Value Added sheet.,"BLS detailed industries hours/employment workbook; hours worked, millions of hours.","Information is classified as unmeasurable because modern Information includes publishing/software, motion picture/sound, broadcasting/telecom, and data/internet/other information services.","BEA-BLS historical KLEMS 1963-2016, current BEA-BLS ILPA 1997-2024, and BLS detailed industry hours/employment 1987-2025."
2009,Total,17,total,1.4562814e7,100.0,247887.652,100.0,Total,Current BEA-BLS ILPA Value Added sheet.,"BLS detailed industries hours/employment workbook; hours worked, millions of hours.","Information is classified as unmeasurable because modern Information includes publishing/software, motion picture/sound, broadcasting/telecom, and data/internet/other information services.","BEA-BLS historical KLEMS 1963-2016, current BEA-BLS ILPA 1997-2024, and BLS detailed industry hours/employment 1987-2025."
2010,"Agriculture, forestry, fishing, and hunting",1,sector,155733.0,1.0320905518247863,6788.1669999999995,2.7313848000348586,Griliches measurable sectors,Current BEA-BLS ILPA Value Added sheet.,"BLS detailed industries hours/employment workbook; hours worked, millions of hours.","Information is classified as unmeasurable because modern Information includes publishing/software, motion picture/sound, broadcasting/telecom, and data/internet/other information services.","BEA-BLS historical KLEMS 1963-2016, current BEA-BLS ILPA 1997-2024, and BLS detailed industry hours/employment 1987-2025."
2010,Mining,2,sector,293799.0,1.9470964537738973,1572.144,0.6325905395471271,Griliches measurable sectors,Current BEA-BLS ILPA Value Added sheet.,"BLS detailed industries hours/employment workbook; hours worked, millions of hours.","Information is classified as unmeasurable because modern Information includes publishing/software, motion picture/sound, broadcasting/telecom, and data/internet/other information services.","BEA-BLS historical KLEMS 1963-2016, current BEA-BLS ILPA 1997-2024, and BLS detailed industry hours/employment 1987-2025."
2010,Utilities,3,sector,249178.0,1.651379344921093,1088.204,0.43786545984168235,Griliches measurable sectors,Current BEA-BLS ILPA Value Added sheet.,"BLS detailed industries hours/employment workbook; hours worked, millions of hours.","Information is classified as unmeasurable because modern Information includes publishing/software, motion picture/sound, broadcasting/telecom, and data/internet/other information services.","BEA-BLS historical KLEMS 1963-2016, current BEA-BLS ILPA 1997-2024, and BLS detailed industry hours/employment 1987-2025."
2010,Construction,4,sector,524645.0,3.476983989020406,13419.738,5.399759374460027,Other sectors,Current BEA-BLS ILPA Value Added sheet.,"BLS detailed industries hours/employment workbook; hours worked, millions of hours.","Information is classified as unmeasurable because modern Information includes publishing/software, motion picture/sound, broadcasting/telecom, and data/internet/other information services.","BEA-BLS historical KLEMS 1963-2016, current BEA-BLS ILPA 1997-2024, and BLS detailed industry hours/employment 1987-2025."
2010,Manufacturing,5,sector,1.7612e6,11.672014793741939,23508.784,9.4593334673267,Griliches measurable sectors,Current BEA-BLS ILPA Value Added sheet.,"BLS detailed industries hours/employment workbook; hours worked, millions of hours.","Information is classified as unmeasurable because modern Information includes publishing/software, motion picture/sound, broadcasting/telecom, and data/internet/other information services.","BEA-BLS historical KLEMS 1963-2016, current BEA-BLS ILPA 1997-2024, and BLS detailed industry hours/employment 1987-2025."
2010,Wholesale trade,6,sector,727916.0,4.824123507041482,10818.224,4.3529766720489205,Other sectors,Current BEA-BLS ILPA Value Added sheet.,"BLS detailed industries hours/employment workbook; hours worked, millions of hours.","Information is classified as unmeasurable because modern Information includes publishing/software, motion picture/sound, broadcasting/telecom, and data/internet/other information services.","BEA-BLS historical KLEMS 1963-2016, current BEA-BLS ILPA 1997-2024, and BLS detailed industry hours/employment 1987-2025."
2010,Retail trade,7,sector,704305.0,4.667646138602326,24586.236,9.89287259734032,Other sectors,Current BEA-BLS ILPA Value Added sheet.,"BLS detailed industries hours/employment workbook; hours worked, millions of hours.","Information is classified as unmeasurable because modern Information includes publishing/software, motion picture/sound, broadcasting/telecom, and data/internet/other information services.","BEA-BLS historical KLEMS 1963-2016, current BEA-BLS ILPA 1997-2024, and BLS detailed industry hours/employment 1987-2025."
2010,Transportation and warehousing,8,sector,421659.0,2.794464050598701,10048.845,4.043398238568127,Griliches measurable sectors,Current BEA-BLS ILPA Value Added sheet.,"BLS detailed industries hours/employment workbook; hours worked, millions of hours.","Information is classified as unmeasurable because modern Information includes publishing/software, motion picture/sound, broadcasting/telecom, and data/internet/other information services.","BEA-BLS historical KLEMS 1963-2016, current BEA-BLS ILPA 1997-2024, and BLS detailed industry hours/employment 1987-2025."
2010,Information,9,sector,722407.0,4.787613667444204,5078.677000000001,2.043529742578024,Other sectors,Current BEA-BLS ILPA Value Added sheet.,"BLS detailed industries hours/employment workbook; hours worked, millions of hours.","Information is classified as unmeasurable because modern Information includes publishing/software, motion picture/sound, broadcasting/telecom, and data/internet/other information services.","BEA-BLS historical KLEMS 1963-2016, current BEA-BLS ILPA 1997-2024, and BLS detailed industry hours/employment 1987-2025."
2010,"Finance, insurance, real estate, rental, and leasing",10,sector,2.981454e6,19.759013851272474,15219.468,6.123924700116678,Other sectors,Current BEA-BLS ILPA Value Added sheet.,"BLS detailed industries hours/employment workbook; hours worked, millions of hours.","Information is classified as unmeasurable because modern Information includes publishing/software, motion picture/sound, broadcasting/telecom, and data/internet/other information services.","BEA-BLS historical KLEMS 1963-2016, current BEA-BLS ILPA 1997-2024, and BLS detailed industry hours/employment 1987-2025."
2010,Professional and business services,11,service_detail,1.748713e6,11.589259599141975,33470.577,13.467704207365012,Other sectors,Current BEA-BLS ILPA Value Added sheet.,"BLS detailed industries hours/employment workbook; hours worked, millions of hours.","Information is classified as unmeasurable because modern Information includes publishing/software, motion picture/sound, broadcasting/telecom, and data/internet/other information services.","BEA-BLS historical KLEMS 1963-2016, current BEA-BLS ILPA 1997-2024, and BLS detailed industry hours/employment 1987-2025."
2010,"Educational services, health care, and social assistance",12,service_detail,1.306224e6,8.656748723563917,33788.302,13.595548621857333,Other sectors,Current BEA-BLS ILPA Value Added sheet.,"BLS detailed industries hours/employment workbook; hours worked, millions of hours.","Information is classified as unmeasurable because modern Information includes publishing/software, motion picture/sound, broadcasting/telecom, and data/internet/other information services.","BEA-BLS historical KLEMS 1963-2016, current BEA-BLS ILPA 1997-2024, and BLS detailed industry hours/employment 1987-2025."
2010,"Arts, entertainment, recreation, accommodation, and food services",13,service_detail,492948.0,3.2669182083497055,18654.225,7.505983076348925,Other sectors,Current BEA-BLS ILPA Value Added sheet.,"BLS detailed industries hours/employment workbook; hours worked, millions of hours.","Information is classified as unmeasurable because modern Information includes publishing/software, motion picture/sound, broadcasting/telecom, and data/internet/other information services.","BEA-BLS historical KLEMS 1963-2016, current BEA-BLS ILPA 1997-2024, and BLS detailed industry hours/employment 1987-2025."
2010,"Other services, except government",14,service_detail,319384.0,2.116656128142446,10994.863000000001,4.424051688278392,Other sectors,Current BEA-BLS ILPA Value Added sheet.,"BLS detailed industries hours/employment workbook; hours worked, millions of hours.","Information is classified as unmeasurable because modern Information includes publishing/software, motion picture/sound, broadcasting/telecom, and data/internet/other information services.","BEA-BLS historical KLEMS 1963-2016, current BEA-BLS ILPA 1997-2024, and BLS detailed industry hours/employment 1987-2025."
2010,Services,15,services_total,3.867269e6,25.629582659198043,96907.96699999999,38.99328759384966,Other sectors,Current BEA-BLS ILPA Value Added sheet.,"BLS detailed industries hours/employment workbook; hours worked, millions of hours.","Information is classified as unmeasurable because modern Information includes publishing/software, motion picture/sound, broadcasting/telecom, and data/internet/other information services.","BEA-BLS historical KLEMS 1963-2016, current BEA-BLS ILPA 1997-2024, and BLS detailed industry hours/employment 1987-2025."
2010,Government,16,sector,2.679518e6,17.757990992560647,39488.287,15.889076814287879,Other sectors,Current BEA-BLS ILPA Value Added sheet.,"BLS detailed industries hours/employment workbook; hours worked, millions of hours.","Information is classified as unmeasurable because modern Information includes publishing/software, motion picture/sound, broadcasting/telecom, and data/internet/other information services.","BEA-BLS historical KLEMS 1963-2016, current BEA-BLS ILPA 1997-2024, and BLS detailed industry hours/employment 1987-2025."
2010,Total,17,total,1.5089083e7,100.0,248524.74099999998,100.0,Total,Current BEA-BLS ILPA Value Added sheet.,"BLS detailed industries hours/employment workbook; hours worked, millions of hours.","Information is classified as unmeasurable because modern Information includes publishing/software, motion picture/sound, broadcasting/telecom, and data/internet/other information services.","BEA-BLS historical KLEMS 1963-2016, current BEA-BLS ILPA 1997-2024, and BLS detailed industry hours/employment 1987-2025."
2011,"Agriculture, forestry, fishing, and hunting",1,sector,188015.0,1.2017536021288262,6912.566000000001,2.735494786111637,Griliches measurable sectors,Current BEA-BLS ILPA Value Added sheet.,"BLS detailed industries hours/employment workbook; hours worked, millions of hours.","Information is classified as unmeasurable because modern Information includes publishing/software, motion picture/sound, broadcasting/telecom, and data/internet/other information services.","BEA-BLS historical KLEMS 1963-2016, current BEA-BLS ILPA 1997-2024, and BLS detailed industry hours/employment 1987-2025."
2011,Mining,2,sector,340423.0,2.175914509467337,1823.188,0.7214862423159943,Griliches measurable sectors,Current BEA-BLS ILPA Value Added sheet.,"BLS detailed industries hours/employment workbook; hours worked, millions of hours.","Information is classified as unmeasurable because modern Information includes publishing/software, motion picture/sound, broadcasting/telecom, and data/internet/other information services.","BEA-BLS historical KLEMS 1963-2016, current BEA-BLS ILPA 1997-2024, and BLS detailed industry hours/employment 1987-2025."
2011,Utilities,3,sector,257686.0,1.647076449847984,1108.328,0.4385962412946999,Griliches measurable sectors,Current BEA-BLS ILPA Value Added sheet.,"BLS detailed industries hours/employment workbook; hours worked, millions of hours.","Information is classified as unmeasurable because modern Information includes publishing/software, motion picture/sound, broadcasting/telecom, and data/internet/other information services.","BEA-BLS historical KLEMS 1963-2016, current BEA-BLS ILPA 1997-2024, and BLS detailed industry hours/employment 1987-2025."
2011,Construction,4,sector,524414.0,3.351947522840126,13549.569,5.3619416224828615,Other sectors,Current BEA-BLS ILPA Value Added sheet.,"BLS detailed industries hours/employment workbook; hours worked, millions of hours.","Information is classified as unmeasurable because modern Information includes publishing/software, motion picture/sound, broadcasting/telecom, and data/internet/other information services.","BEA-BLS historical KLEMS 1963-2016, current BEA-BLS ILPA 1997-2024, and BLS detailed industry hours/employment 1987-2025."
2011,Manufacturing,5,sector,1.832886e6,11.71543415574021,23977.014000000003,9.488371869943192,Griliches measurable sectors,Current BEA-BLS ILPA Value Added sheet.,"BLS detailed industries hours/employment workbook; hours worked, millions of hours.","Information is classified as unmeasurable because modern Information includes publishing/software, motion picture/sound, broadcasting/telecom, and data/internet/other information services.","BEA-BLS historical KLEMS 1963-2016, current BEA-BLS ILPA 1997-2024, and BLS detailed industry hours/employment 1987-2025."
2011,Wholesale trade,6,sector,760534.0,4.861178491298272,11139.855,4.408350715282812,Other sectors,Current BEA-BLS ILPA Value Added sheet.,"BLS detailed industries hours/employment workbook; hours worked, millions of hours.","Information is classified as unmeasurable because modern Information includes publishing/software, motion picture/sound, broadcasting/telecom, and data/internet/other information services.","BEA-BLS historical KLEMS 1963-2016, current BEA-BLS ILPA 1997-2024, and BLS detailed industry hours/employment 1987-2025."
2011,Retail trade,7,sector,715502.0,4.57334311533856,25062.023,9.917740133824392,Other sectors,Current BEA-BLS ILPA Value Added sheet.,"BLS detailed industries hours/employment workbook; hours worked, millions of hours.","Information is classified as unmeasurable because modern Information includes publishing/software, motion picture/sound, broadcasting/telecom, and data/internet/other information services.","BEA-BLS historical KLEMS 1963-2016, current BEA-BLS ILPA 1997-2024, and BLS detailed industry hours/employment 1987-2025."
2011,Transportation and warehousing,8,sector,438977.0,2.805851612912298,10268.04,4.0633492517229834,Griliches measurable sectors,Current BEA-BLS ILPA Value Added sheet.,"BLS detailed industries hours/employment workbook; hours worked, millions of hours.","Information is classified as unmeasurable because modern Information includes publishing/software, motion picture/sound, broadcasting/telecom, and data/internet/other information services.","BEA-BLS historical KLEMS 1963-2016, current BEA-BLS ILPA 1997-2024, and BLS detailed industry hours/employment 1987-2025."
2011,Information,9,sector,729681.0,4.663972396643693,5049.905000000001,1.9983879789153678,Other sectors,Current BEA-BLS ILPA Value Added sheet.,"BLS detailed industries hours/employment workbook; hours worked, millions of hours.","Information is classified as unmeasurable because modern Information includes publishing/software, motion picture/sound, broadcasting/telecom, and data/internet/other information services.","BEA-BLS historical KLEMS 1963-2016, current BEA-BLS ILPA 1997-2024, and BLS detailed industry hours/employment 1987-2025."
2011,"Finance, insurance, real estate, rental, and leasing",10,sector,3.069465e6,19.619395369296903,15291.654,6.051333150095516,Other sectors,Current BEA-BLS ILPA Value Added sheet.,"BLS detailed industries hours/employment workbook; hours worked, millions of hours.","Information is classified as unmeasurable because modern Information includes publishing/software, motion picture/sound, broadcasting/telecom, and data/internet/other information services.","BEA-BLS historical KLEMS 1963-2016, current BEA-BLS ILPA 1997-2024, and BLS detailed industry hours/employment 1987-2025."
2011,Professional and business services,11,service_detail,1.838034e6,11.748339123661701,34866.946,13.79782109720703,Other sectors,Current BEA-BLS ILPA Value Added sheet.,"BLS detailed industries hours/employment workbook; hours worked, millions of hours.","Information is classified as unmeasurable because modern Information includes publishing/software, motion picture/sound, broadcasting/telecom, and data/internet/other information services.","BEA-BLS historical KLEMS 1963-2016, current BEA-BLS ILPA 1997-2024, and BLS detailed industry hours/employment 1987-2025."
2011,"Educational services, health care, and social assistance",12,service_detail,1.354971e6,8.660698774194069,34327.856999999996,13.584488573691138,Other sectors,Current BEA-BLS ILPA Value Added sheet.,"BLS detailed industries hours/employment workbook; hours worked, millions of hours.","Information is classified as unmeasurable because modern Information includes publishing/software, motion picture/sound, broadcasting/telecom, and data/internet/other information services.","BEA-BLS historical KLEMS 1963-2016, current BEA-BLS ILPA 1997-2024, and BLS detailed industry hours/employment 1987-2025."
2011,"Arts, entertainment, recreation, accommodation, and food services",13,service_detail,519314.0,3.3193493611463407,19217.109,7.60474496354017,Other sectors,Current BEA-BLS ILPA Value Added sheet.,"BLS detailed industries hours/employment workbook; hours worked, millions of hours.","Information is classified as unmeasurable because modern Information includes publishing/software, motion picture/sound, broadcasting/telecom, and data/internet/other information services.","BEA-BLS historical KLEMS 1963-2016, current BEA-BLS ILPA 1997-2024, and BLS detailed industry hours/employment 1987-2025."
2011,"Other services, except government",14,service_detail,323992.0,2.070890902645654,10943.992,4.3308422740914825,Other sectors,Current BEA-BLS ILPA Value Added sheet.,"BLS detailed industries hours/employment workbook; hours worked, millions of hours.","Information is classified as unmeasurable because modern Information includes publishing/software, motion picture/sound, broadcasting/telecom, and data/internet/other information services.","BEA-BLS historical KLEMS 1963-2016, current BEA-BLS ILPA 1997-2024, and BLS detailed industry hours/employment 1987-2025."
2011,Services,15,services_total,4.036311e6,25.799278161647763,99355.904,39.31789690852982,Other sectors,Current BEA-BLS ILPA Value Added sheet.,"BLS detailed industries hours/employment workbook; hours worked, millions of hours.","Information is classified as unmeasurable because modern Information includes publishing/software, motion picture/sound, broadcasting/telecom, and data/internet/other information services.","BEA-BLS historical KLEMS 1963-2016, current BEA-BLS ILPA 1997-2024, and BLS detailed industry hours/employment 1987-2025."
2011,Government,16,sector,2.75116e6,17.584854612838026,39160.882,15.497051099480721,Other sectors,Current BEA-BLS ILPA Value Added sheet.,"BLS detailed industries hours/employment workbook; hours worked, millions of hours.","Information is classified as unmeasurable because modern Information includes publishing/software, motion picture/sound, broadcasting/telecom, and data/internet/other information services.","BEA-BLS historical KLEMS 1963-2016, current BEA-BLS ILPA 1997-2024, and BLS detailed industry hours/employment 1987-2025."
2011,Total,17,total,1.5645054e7,100.0,252698.928,100.0,Total,Current BEA-BLS ILPA Value Added sheet.,"BLS detailed industries hours/employment workbook; hours worked, millions of hours.","Information is classified as unmeasurable because modern Information includes publishing/software, motion picture/sound, broadcasting/telecom, and data/internet/other information services.","BEA-BLS historical KLEMS 1963-2016, current BEA-BLS ILPA 1997-2024, and BLS detailed industry hours/employment 1987-2025."
2012,"Agriculture, forestry, fishing, and hunting",1,sector,187580.0,1.1452127019827845,6585.045,2.560334442324477,Griliches measurable sectors,Current BEA-BLS ILPA Value Added sheet.,"BLS detailed industries hours/employment workbook; hours worked, millions of hours.","Information is classified as unmeasurable because modern Information includes publishing/software, motion picture/sound, broadcasting/telecom, and data/internet/other information services.","BEA-BLS historical KLEMS 1963-2016, current BEA-BLS ILPA 1997-2024, and BLS detailed industry hours/employment 1987-2025."
2012,Mining,2,sector,342538.0,2.0912616937401594,1934.588,0.752188069801744,Griliches measurable sectors,Current BEA-BLS ILPA Value Added sheet.,"BLS detailed industries hours/employment workbook; hours worked, millions of hours.","Information is classified as unmeasurable because modern Information includes publishing/software, motion picture/sound, broadcasting/telecom, and data/internet/other information services.","BEA-BLS historical KLEMS 1963-2016, current BEA-BLS ILPA 1997-2024, and BLS detailed industry hours/employment 1987-2025."
2012,Utilities,3,sector,249756.0,1.5248093805118474,1104.688,0.4295142606348996,Griliches measurable sectors,Current BEA-BLS ILPA Value Added sheet.,"BLS detailed industries hours/employment workbook; hours worked, millions of hours.","Information is classified as unmeasurable because modern Information includes publishing/software, motion picture/sound, broadcasting/telecom, and data/internet/other information services.","BEA-BLS historical KLEMS 1963-2016, current BEA-BLS ILPA 1997-2024, and BLS detailed industry hours/employment 1987-2025."
2012,Construction,4,sector,553670.0,3.380263976473016,13859.842,5.3888516840470135,Other sectors,Current BEA-BLS ILPA Value Added sheet.,"BLS detailed industries hours/employment workbook; hours worked, millions of hours.","Information is classified as unmeasurable because modern Information includes publishing/software, motion picture/sound, broadcasting/telecom, and data/internet/other information services.","BEA-BLS historical KLEMS 1963-2016, current BEA-BLS ILPA 1997-2024, and BLS detailed industry hours/employment 1987-2025."
2012,Manufacturing,5,sector,1.890962e6,11.544694004514183,24561.913999999997,9.549929329808949,Griliches measurable sectors,Current BEA-BLS ILPA Value Added sheet.,"BLS detailed industries hours/employment workbook; hours worked, millions of hours.","Information is classified as unmeasurable because modern Information includes publishing/software, motion picture/sound, broadcasting/telecom, and data/internet/other information services.","BEA-BLS historical KLEMS 1963-2016, current BEA-BLS ILPA 1997-2024, and BLS detailed industry hours/employment 1987-2025."
2012,Wholesale trade,6,sector,816202.0,4.983073343553432,11322.614,4.4023508725218,Other sectors,Current BEA-BLS ILPA Value Added sheet.,"BLS detailed industries hours/employment workbook; hours worked, millions of hours.","Information is classified as unmeasurable because modern Information includes publishing/software, motion picture/sound, broadcasting/telecom, and data/internet/other information services.","BEA-BLS historical KLEMS 1963-2016, current BEA-BLS ILPA 1997-2024, and BLS detailed industry hours/employment 1987-2025."
2012,Retail trade,7,sector,747882.0,4.565966339611307,25313.033,9.841972261327916,Other sectors,Current BEA-BLS ILPA Value Added sheet.,"BLS detailed industries hours/employment workbook; hours worked, millions of hours.","Information is classified as unmeasurable because modern Information includes publishing/software, motion picture/sound, broadcasting/telecom, and data/internet/other information services.","BEA-BLS historical KLEMS 1963-2016, current BEA-BLS ILPA 1997-2024, and BLS detailed industry hours/employment 1987-2025."
2012,Transportation and warehousing,8,sector,459121.0,2.8030237815707326,10422.349999999999,4.052318803434223,Griliches measurable sectors,Current BEA-BLS ILPA Value Added sheet.,"BLS detailed industries hours/employment workbook; hours worked, millions of hours.","Information is classified as unmeasurable because modern Information includes publishing/software, motion picture/sound, broadcasting/telecom, and data/internet/other information services.","BEA-BLS historical KLEMS 1963-2016, current BEA-BLS ILPA 1997-2024, and BLS detailed industry hours/employment 1987-2025."
2012,Information,9,sector,729167.0,4.45170759284935,5065.151,1.9693837416258002,Other sectors,Current BEA-BLS ILPA Value Added sheet.,"BLS detailed industries hours/employment workbook; hours worked, millions of hours.","Information is classified as unmeasurable because modern Information includes publishing/software, motion picture/sound, broadcasting/telecom, and data/internet/other information services.","BEA-BLS historical KLEMS 1963-2016, current BEA-BLS ILPA 1997-2024, and BLS detailed industry hours/employment 1987-2025."
2012,"Finance, insurance, real estate, rental, and leasing",10,sector,3.276722e6,20.00503068166347,15555.83,6.048269575674027,Other sectors,Current BEA-BLS ILPA Value Added sheet.,"BLS detailed industries hours/employment workbook; hours worked, millions of hours.","Information is classified as unmeasurable because modern Information includes publishing/software, motion picture/sound, broadcasting/telecom, and data/internet/other information services.","BEA-BLS historical KLEMS 1963-2016, current BEA-BLS ILPA 1997-2024, and BLS detailed industry hours/employment 1987-2025."
2012,Professional and business services,11,service_detail,1.944269e6,11.870143698002806,36261.837,14.098981892007739,Other sectors,Current BEA-BLS ILPA Value Added sheet.,"BLS detailed industries hours/employment workbook; hours worked, millions of hours.","Information is classified as unmeasurable because modern Information includes publishing/software, motion picture/sound, broadcasting/telecom, and data/internet/other information services.","BEA-BLS historical KLEMS 1963-2016, current BEA-BLS ILPA 1997-2024, and BLS detailed industry hours/employment 1987-2025."
2012,"Educational services, health care, and social assistance",12,service_detail,1.40521e6,8.579082743113492,35099.615000000005,13.647097809783968,Other sectors,Current BEA-BLS ILPA Value Added sheet.,"BLS detailed industries hours/employment workbook; hours worked, millions of hours.","Information is classified as unmeasurable because modern Information includes publishing/software, motion picture/sound, broadcasting/telecom, and data/internet/other information services.","BEA-BLS historical KLEMS 1963-2016, current BEA-BLS ILPA 1997-2024, and BLS detailed industry hours/employment 1987-2025."
2012,"Arts, entertainment, recreation, accommodation, and food services",13,service_detail,555808.0,3.3933168859347878,19983.012000000002,7.769604290476882,Other sectors,Current BEA-BLS ILPA Value Added sheet.,"BLS detailed industries hours/employment workbook; hours worked, millions of hours.","Information is classified as unmeasurable because modern Information includes publishing/software, motion picture/sound, broadcasting/telecom, and data/internet/other information services.","BEA-BLS historical KLEMS 1963-2016, current BEA-BLS ILPA 1997-2024, and BLS detailed industry hours/employment 1987-2025."
2012,"Other services, except government",14,service_detail,338468.0,2.066413545232483,11156.73,4.337853436493565,Other sectors,Current BEA-BLS ILPA Value Added sheet.,"BLS detailed industries hours/employment workbook; hours worked, millions of hours.","Information is classified as unmeasurable because modern Information includes publishing/software, motion picture/sound, broadcasting/telecom, and data/internet/other information services.","BEA-BLS historical KLEMS 1963-2016, current BEA-BLS ILPA 1997-2024, and BLS detailed industry hours/employment 1987-2025."
2012,Services,15,services_total,4.243755e6,25.908956872283568,102501.194,39.85353742876215,Other sectors,Current BEA-BLS ILPA Value Added sheet.,"BLS detailed industries hours/employment workbook; hours worked, millions of hours.","Information is classified as unmeasurable because modern Information includes publishing/software, motion picture/sound, broadcasting/telecom, and data/internet/other information services.","BEA-BLS historical KLEMS 1963-2016, current BEA-BLS ILPA 1997-2024, and BLS detailed industry hours/employment 1987-2025."
2012,Government,16,sector,2.882135e6,17.59599963124615,38968.471,15.15134953003701,Other sectors,Current BEA-BLS ILPA Value Added sheet.,"BLS detailed industries hours/employment workbook; hours worked, millions of hours.","Information is classified as unmeasurable because modern Information includes publishing/software, motion picture/sound, broadcasting/telecom, and data/internet/other information services.","BEA-BLS historical KLEMS 1963-2016, current BEA-BLS ILPA 1997-2024, and BLS detailed industry hours/employment 1987-2025."
2012,Total,17,total,1.637949e7,100.0,257194.71999999997,100.0,Total,Current BEA-BLS ILPA Value Added sheet.,"BLS detailed industries hours/employment workbook; hours worked, millions of hours.","Information is classified as unmeasurable because modern Information includes publishing/software, motion picture/sound, broadcasting/telecom, and data/internet/other information services.","BEA-BLS historical KLEMS 1963-2016, current BEA-BLS ILPA 1997-2024, and BLS detailed industry hours/employment 1987-2025."
2013,"Agriculture, forestry, fishing, and hunting",1,sector,224075.0,1.3128616558151613,7505.491,2.870999618428756,Griliches measurable sectors,Current BEA-BLS ILPA Value Added sheet.,"BLS detailed industries hours/employment workbook; hours worked, millions of hours.","Information is classified as unmeasurable because modern Information includes publishing/software, motion picture/sound, broadcasting/telecom, and data/internet/other information services.","BEA-BLS historical KLEMS 1963-2016, current BEA-BLS ILPA 1997-2024, and BLS detailed industry hours/employment 1987-2025."
2013,Mining,2,sector,368931.0,2.1615769878011526,1949.89,0.7458717152519465,Griliches measurable sectors,Current BEA-BLS ILPA Value Added sheet.,"BLS detailed industries hours/employment workbook; hours worked, millions of hours.","Information is classified as unmeasurable because modern Information includes publishing/software, motion picture/sound, broadcasting/telecom, and data/internet/other information services.","BEA-BLS historical KLEMS 1963-2016, current BEA-BLS ILPA 1997-2024, and BLS detailed industry hours/employment 1987-2025."
2013,Utilities,3,sector,256743.0,1.5042643762086443,1117.792,0.42757767686120945,Griliches measurable sectors,Current BEA-BLS ILPA Value Added sheet.,"BLS detailed industries hours/employment workbook; hours worked, millions of hours.","Information is classified as unmeasurable because modern Information includes publishing/software, motion picture/sound, broadcasting/telecom, and data/internet/other information services.","BEA-BLS historical KLEMS 1963-2016, current BEA-BLS ILPA 1997-2024, and BLS detailed industry hours/employment 1987-2025."
2013,Construction,4,sector,593353.0,3.4764717262652836,14434.936000000002,5.521650182252369,Other sectors,Current BEA-BLS ILPA Value Added sheet.,"BLS detailed industries hours/employment workbook; hours worked, millions of hours.","Information is classified as unmeasurable because modern Information includes publishing/software, motion picture/sound, broadcasting/telecom, and data/internet/other information services.","BEA-BLS historical KLEMS 1963-2016, current BEA-BLS ILPA 1997-2024, and BLS detailed industry hours/employment 1987-2025."
2013,Manufacturing,5,sector,1.936887e6,11.348274791685196,24745.533000000003,9.465658649223109,Griliches measurable sectors,Current BEA-BLS ILPA Value Added sheet.,"BLS detailed industries hours/employment workbook; hours worked, millions of hours.","Information is classified as unmeasurable because modern Information includes publishing/software, motion picture/sound, broadcasting/telecom, and data/internet/other information services.","BEA-BLS historical KLEMS 1963-2016, current BEA-BLS ILPA 1997-2024, and BLS detailed industry hours/employment 1987-2025."
2013,Wholesale trade,6,sector,851874.0,4.991153453914469,11460.385,4.383825250346265,Other sectors,Current BEA-BLS ILPA Value Added sheet.,"BLS detailed industries hours/employment workbook; hours worked, millions of hours.","Information is classified as unmeasurable because modern Information includes publishing/software, motion picture/sound, broadcasting/telecom, and data/internet/other information services.","BEA-BLS historical KLEMS 1963-2016, current BEA-BLS ILPA 1997-2024, and BLS detailed industry hours/employment 1987-2025."
2013,Retail trade,7,sector,794267.0,4.653632439046483,25366.062,9.703023336253441,Other sectors,Current BEA-BLS ILPA Value Added sheet.,"BLS detailed industries hours/employment workbook; hours worked, millions of hours.","Information is classified as unmeasurable because modern Information includes publishing/software, motion picture/sound, broadcasting/telecom, and data/internet/other information services.","BEA-BLS historical KLEMS 1963-2016, current BEA-BLS ILPA 1997-2024, and BLS detailed industry hours/employment 1987-2025."
2013,Transportation and warehousing,8,sector,480418.0,2.814782420901074,10618.617999999999,4.061832627104704,Griliches measurable sectors,Current BEA-BLS ILPA Value Added sheet.,"BLS detailed industries hours/employment workbook; hours worked, millions of hours.","Information is classified as unmeasurable because modern Information includes publishing/software, motion picture/sound, broadcasting/telecom, and data/internet/other information services.","BEA-BLS historical KLEMS 1963-2016, current BEA-BLS ILPA 1997-2024, and BLS detailed industry hours/employment 1987-2025."
2013,Information,9,sector,801023.0,4.693216030909419,5081.404,1.9437381172107668,Other sectors,Current BEA-BLS ILPA Value Added sheet.,"BLS detailed industries hours/employment workbook; hours worked, millions of hours.","Information is classified as unmeasurable because modern Information includes publishing/software, motion picture/sound, broadcasting/telecom, and data/internet/other information services.","BEA-BLS historical KLEMS 1963-2016, current BEA-BLS ILPA 1997-2024, and BLS detailed industry hours/employment 1987-2025."
2013,"Finance, insurance, real estate, rental, and leasing",10,sector,3.354031e6,19.651360893965776,15608.617000000002,5.970606513444704,Other sectors,Current BEA-BLS ILPA Value Added sheet.,"BLS detailed industries hours/employment workbook; hours worked, millions of hours.","Information is classified as unmeasurable because modern Information includes publishing/software, motion picture/sound, broadcasting/telecom, and data/internet/other information services.","BEA-BLS historical KLEMS 1963-2016, current BEA-BLS ILPA 1997-2024, and BLS detailed industry hours/employment 1987-2025."
2013,Professional and business services,11,service_detail,1.993436e6,11.679596955133556,37283.278,14.2615955320942,Other sectors,Current BEA-BLS ILPA Value Added sheet.,"BLS detailed industries hours/employment workbook; hours worked, millions of hours.","Information is classified as unmeasurable because modern Information includes publishing/software, motion picture/sound, broadcasting/telecom, and data/internet/other information services.","BEA-BLS historical KLEMS 1963-2016, current BEA-BLS ILPA 1997-2024, and BLS detailed industry hours/employment 1987-2025."
2013,"Educational services, health care, and social assistance",12,service_detail,1.446214e6,8.473408040625092,35497.697,13.578575278033057,Other sectors,Current BEA-BLS ILPA Value Added sheet.,"BLS detailed industries hours/employment workbook; hours worked, millions of hours.","Information is classified as unmeasurable because modern Information includes publishing/software, motion picture/sound, broadcasting/telecom, and data/internet/other information services.","BEA-BLS historical KLEMS 1963-2016, current BEA-BLS ILPA 1997-2024, and BLS detailed industry hours/employment 1987-2025."
2013,"Arts, entertainment, recreation, accommodation, and food services",13,service_detail,581404.0,3.406462203001486,20538.804,7.856501119911143,Other sectors,Current BEA-BLS ILPA Value Added sheet.,"BLS detailed industries hours/employment workbook; hours worked, millions of hours.","Information is classified as unmeasurable because modern Information includes publishing/software, motion picture/sound, broadcasting/telecom, and data/internet/other information services.","BEA-BLS historical KLEMS 1963-2016, current BEA-BLS ILPA 1997-2024, and BLS detailed industry hours/employment 1987-2025."
2013,"Other services, except government",14,service_detail,349540.0,2.0479645795989354,11244.721,4.301329480021735,Other sectors,Current BEA-BLS ILPA Value Added sheet.,"BLS detailed industries hours/employment workbook; hours worked, millions of hours.","Information is classified as unmeasurable because modern Information includes publishing/software, motion picture/sound, broadcasting/telecom, and data/internet/other information services.","BEA-BLS historical KLEMS 1963-2016, current BEA-BLS ILPA 1997-2024, and BLS detailed industry hours/employment 1987-2025."
2013,Services,15,services_total,4.370594e6,25.60743177835907,104564.50000000001,39.99800141006014,Other sectors,Current BEA-BLS ILPA Value Added sheet.,"BLS detailed industries hours/employment workbook; hours worked, millions of hours.","Information is classified as unmeasurable because modern Information includes publishing/software, motion picture/sound, broadcasting/telecom, and data/internet/other information services.","BEA-BLS historical KLEMS 1963-2016, current BEA-BLS ILPA 1997-2024, and BLS detailed industry hours/employment 1987-2025."
2013,Government,16,sector,3.035482e6,17.784973445128273,38971.084,14.907214903562606,Other sectors,Current BEA-BLS ILPA Value Added sheet.,"BLS detailed industries hours/employment workbook; hours worked, millions of hours.","Information is classified as unmeasurable because modern Information includes publishing/software, motion picture/sound, broadcasting/telecom, and data/internet/other information services.","BEA-BLS historical KLEMS 1963-2016, current BEA-BLS ILPA 1997-2024, and BLS detailed industry hours/employment 1987-2025."
2013,Total,17,total,1.7067678e7,100.0,261424.31199999998,100.0,Total,Current BEA-BLS ILPA Value Added sheet.,"BLS detailed industries hours/employment workbook; hours worked, millions of hours.","Information is classified as unmeasurable because modern Information includes publishing/software, motion picture/sound, broadcasting/telecom, and data/internet/other information services.","BEA-BLS historical KLEMS 1963-2016, current BEA-BLS ILPA 1997-2024, and BLS detailed industry hours/employment 1987-2025."
2014,"Agriculture, forestry, fishing, and hunting",1,sector,208014.0,1.1677881918510937,6974.939,2.622459831234079,Griliches measurable sectors,Current BEA-BLS ILPA Value Added sheet.,"BLS detailed industries hours/employment workbook; hours worked, millions of hours.","Information is classified as unmeasurable because modern Information includes publishing/software, motion picture/sound, broadcasting/telecom, and data/internet/other information services.","BEA-BLS historical KLEMS 1963-2016, current BEA-BLS ILPA 1997-2024, and BLS detailed industry hours/employment 1987-2025."
2014,Mining,2,sector,399907.0,2.245073276022745,2075.084,0.7801967065857547,Griliches measurable sectors,Current BEA-BLS ILPA Value Added sheet.,"BLS detailed industries hours/employment workbook; hours worked, millions of hours.","Information is classified as unmeasurable because modern Information includes publishing/software, motion picture/sound, broadcasting/telecom, and data/internet/other information services.","BEA-BLS historical KLEMS 1963-2016, current BEA-BLS ILPA 1997-2024, and BLS detailed industry hours/employment 1987-2025."
2014,Utilities,3,sector,268383.0,1.5066990601285108,1131.416,0.42539339948572114,Griliches measurable sectors,Current BEA-BLS ILPA Value Added sheet.,"BLS detailed industries hours/employment workbook; hours worked, millions of hours.","Information is classified as unmeasurable because modern Information includes publishing/software, motion picture/sound, broadcasting/telecom, and data/internet/other information services.","BEA-BLS historical KLEMS 1963-2016, current BEA-BLS ILPA 1997-2024, and BLS detailed industry hours/employment 1987-2025."
2014,Construction,4,sector,648447.0,3.640373963489314,15200.599,5.715169736709798,Other sectors,Current BEA-BLS ILPA Value Added sheet.,"BLS detailed industries hours/employment workbook; hours worked, millions of hours.","Information is classified as unmeasurable because modern Information includes publishing/software, motion picture/sound, broadcasting/telecom, and data/internet/other information services.","BEA-BLS historical KLEMS 1963-2016, current BEA-BLS ILPA 1997-2024, and BLS detailed industry hours/employment 1987-2025."
2014,Manufacturing,5,sector,1.97645e6,11.095767456921621,25172.587,9.46446961840744,Griliches measurable sectors,Current BEA-BLS ILPA Value Added sheet.,"BLS detailed industries hours/employment workbook; hours worked, millions of hours.","Information is classified as unmeasurable because modern Information includes publishing/software, motion picture/sound, broadcasting/telecom, and data/internet/other information services.","BEA-BLS historical KLEMS 1963-2016, current BEA-BLS ILPA 1997-2024, and BLS detailed industry hours/employment 1987-2025."
2014,Wholesale trade,6,sector,895484.0,5.027236826327001,11663.944,4.3854468997884775,Other sectors,Current BEA-BLS ILPA Value Added sheet.,"BLS detailed industries hours/employment workbook; hours worked, millions of hours.","Information is classified as unmeasurable because modern Information includes publishing/software, motion picture/sound, broadcasting/telecom, and data/internet/other information services.","BEA-BLS historical KLEMS 1963-2016, current BEA-BLS ILPA 1997-2024, and BLS detailed industry hours/employment 1987-2025."
2014,Retail trade,7,sector,823981.0,4.6258198107322395,25831.041,9.712037255302242,Other sectors,Current BEA-BLS ILPA Value Added sheet.,"BLS detailed industries hours/employment workbook; hours worked, millions of hours.","Information is classified as unmeasurable because modern Information includes publishing/software, motion picture/sound, broadcasting/telecom, and data/internet/other information services.","BEA-BLS historical KLEMS 1963-2016, current BEA-BLS ILPA 1997-2024, and BLS detailed industry hours/employment 1987-2025."
2014,Transportation and warehousing,8,sector,514545.0,2.8886496830791244,11004.328000000001,4.137442370424235,Griliches measurable sectors,Current BEA-BLS ILPA Value Added sheet.,"BLS detailed industries hours/employment workbook; hours worked, millions of hours.","Information is classified as unmeasurable because modern Information includes publishing/software, motion picture/sound, broadcasting/telecom, and data/internet/other information services.","BEA-BLS historical KLEMS 1963-2016, current BEA-BLS ILPA 1997-2024, and BLS detailed industry hours/employment 1987-2025."
2014,Information,9,sector,813292.0,4.5658118882717496,5134.61,1.9305270589538936,Other sectors,Current BEA-BLS ILPA Value Added sheet.,"BLS detailed industries hours/employment workbook; hours worked, millions of hours.","Information is classified as unmeasurable because modern Information includes publishing/software, motion picture/sound, broadcasting/telecom, and data/internet/other information services.","BEA-BLS historical KLEMS 1963-2016, current BEA-BLS ILPA 1997-2024, and BLS detailed industry hours/employment 1987-2025."
2014,"Finance, insurance, real estate, rental, and leasing",10,sector,3.544798e6,19.900455002535278,15774.958999999999,5.931119443032334,Other sectors,Current BEA-BLS ILPA Value Added sheet.,"BLS detailed industries hours/employment workbook; hours worked, millions of hours.","Information is classified as unmeasurable because modern Information includes publishing/software, motion picture/sound, broadcasting/telecom, and data/internet/other information services.","BEA-BLS historical KLEMS 1963-2016, current BEA-BLS ILPA 1997-2024, and BLS detailed industry hours/employment 1987-2025."
2014,Professional and business services,11,service_detail,2.089853e6,11.732410588251673,38352.585,14.41992734079691,Other sectors,Current BEA-BLS ILPA Value Added sheet.,"BLS detailed industries hours/employment workbook; hours worked, millions of hours.","Information is classified as unmeasurable because modern Information includes publishing/software, motion picture/sound, broadcasting/telecom, and data/internet/other information services.","BEA-BLS historical KLEMS 1963-2016, current BEA-BLS ILPA 1997-2024, and BLS detailed industry hours/employment 1987-2025."
2014,"Educational services, health care, and social assistance",12,service_detail,1.49071e6,8.368828710924957,36007.027,13.538036956260251,Other sectors,Current BEA-BLS ILPA Value Added sheet.,"BLS detailed industries hours/employment workbook; hours worked, millions of hours.","Information is classified as unmeasurable because modern Information includes publishing/software, motion picture/sound, broadcasting/telecom, and data/internet/other information services.","BEA-BLS historical KLEMS 1963-2016, current BEA-BLS ILPA 1997-2024, and BLS detailed industry hours/employment 1987-2025."
2014,"Arts, entertainment, recreation, accommodation, and food services",13,service_detail,617580.0,3.467086982238688,21196.258,7.969436747400085,Other sectors,Current BEA-BLS ILPA Value Added sheet.,"BLS detailed industries hours/employment workbook; hours worked, millions of hours.","Information is classified as unmeasurable because modern Information includes publishing/software, motion picture/sound, broadcasting/telecom, and data/internet/other information services.","BEA-BLS historical KLEMS 1963-2016, current BEA-BLS ILPA 1997-2024, and BLS detailed industry hours/employment 1987-2025."
2014,"Other services, except government",14,service_detail,373127.0,2.0947306655360842,11328.574,4.2593534165908515,Other sectors,Current BEA-BLS ILPA Value Added sheet.,"BLS detailed industries hours/employment workbook; hours worked, millions of hours.","Information is classified as unmeasurable because modern Information includes publishing/software, motion picture/sound, broadcasting/telecom, and data/internet/other information services.","BEA-BLS historical KLEMS 1963-2016, current BEA-BLS ILPA 1997-2024, and BLS detailed industry hours/employment 1987-2025."
2014,Services,15,services_total,4.57127e6,25.663056946951404,106884.44399999999,40.18675446104809,Other sectors,Current BEA-BLS ILPA Value Added sheet.,"BLS detailed industries hours/employment workbook; hours worked, millions of hours.","Information is classified as unmeasurable because modern Information includes publishing/software, motion picture/sound, broadcasting/telecom, and data/internet/other information services.","BEA-BLS historical KLEMS 1963-2016, current BEA-BLS ILPA 1997-2024, and BLS detailed industry hours/employment 1987-2025."
2014,Government,16,sector,3.148077e6,17.67326789368992,39121.385,14.708983219027925,Other sectors,Current BEA-BLS ILPA Value Added sheet.,"BLS detailed industries hours/employment workbook; hours worked, millions of hours.","Information is classified as unmeasurable because modern Information includes publishing/software, motion picture/sound, broadcasting/telecom, and data/internet/other information services.","BEA-BLS historical KLEMS 1963-2016, current BEA-BLS ILPA 1997-2024, and BLS detailed industry hours/employment 1987-2025."
2014,Total,17,total,1.7812648e7,100.0,265969.336,100.0,Total,Current BEA-BLS ILPA Value Added sheet.,"BLS detailed industries hours/employment workbook; hours worked, millions of hours.","Information is classified as unmeasurable because modern Information includes publishing/software, motion picture/sound, broadcasting/telecom, and data/internet/other information services.","BEA-BLS historical KLEMS 1963-2016, current BEA-BLS ILPA 1997-2024, and BLS detailed industry hours/employment 1987-2025."
2015,"Agriculture, forestry, fishing, and hunting",1,sector,190884.0,1.0327888436902946,6682.475,2.469125963014457,Griliches measurable sectors,Current BEA-BLS ILPA Value Added sheet.,"BLS detailed industries hours/employment workbook; hours worked, millions of hours.","Information is classified as unmeasurable because modern Information includes publishing/software, motion picture/sound, broadcasting/telecom, and data/internet/other information services.","BEA-BLS historical KLEMS 1963-2016, current BEA-BLS ILPA 1997-2024, and BLS detailed industry hours/employment 1987-2025."
2015,Mining,2,sector,251355.0,1.3599706617934137,1818.761,0.6720189758462451,Griliches measurable sectors,Current BEA-BLS ILPA Value Added sheet.,"BLS detailed industries hours/employment workbook; hours worked, millions of hours.","Information is classified as unmeasurable because modern Information includes publishing/software, motion picture/sound, broadcasting/telecom, and data/internet/other information services.","BEA-BLS historical KLEMS 1963-2016, current BEA-BLS ILPA 1997-2024, and BLS detailed industry hours/employment 1987-2025."
2015,Utilities,3,sector,270950.0,1.4659905345544169,1139.996,0.42122023970649036,Griliches measurable sectors,Current BEA-BLS ILPA Value Added sheet.,"BLS detailed industries hours/employment workbook; hours worked, millions of hours.","Information is classified as unmeasurable because modern Information includes publishing/software, motion picture/sound, broadcasting/telecom, and data/internet/other information services.","BEA-BLS historical KLEMS 1963-2016, current BEA-BLS ILPA 1997-2024, and BLS detailed industry hours/employment 1987-2025."
2015,Construction,4,sector,713701.0,3.8615202454401985,15949.036,5.893052929139615,Other sectors,Current BEA-BLS ILPA Value Added sheet.,"BLS detailed industries hours/employment workbook; hours worked, millions of hours.","Information is classified as unmeasurable because modern Information includes publishing/software, motion picture/sound, broadcasting/telecom, and data/internet/other information services.","BEA-BLS historical KLEMS 1963-2016, current BEA-BLS ILPA 1997-2024, and BLS detailed industry hours/employment 1987-2025."
2015,Manufacturing,5,sector,2.038476e6,11.029291459370176,25353.843999999994,9.368061157373324,Griliches measurable sectors,Current BEA-BLS ILPA Value Added sheet.,"BLS detailed industries hours/employment workbook; hours worked, millions of hours.","Information is classified as unmeasurable because modern Information includes publishing/software, motion picture/sound, broadcasting/telecom, and data/internet/other information services.","BEA-BLS historical KLEMS 1963-2016, current BEA-BLS ILPA 1997-2024, and BLS detailed industry hours/employment 1987-2025."
2015,Wholesale trade,6,sector,949853.0,5.139234202687272,11647.039,4.30349629248773,Other sectors,Current BEA-BLS ILPA Value Added sheet.,"BLS detailed industries hours/employment workbook; hours worked, millions of hours.","Information is classified as unmeasurable because modern Information includes publishing/software, motion picture/sound, broadcasting/telecom, and data/internet/other information services.","BEA-BLS historical KLEMS 1963-2016, current BEA-BLS ILPA 1997-2024, and BLS detailed industry hours/employment 1987-2025."
2015,Retail trade,7,sector,885139.0,4.7890953894259525,26277.714,9.709424410277402,Other sectors,Current BEA-BLS ILPA Value Added sheet.,"BLS detailed industries hours/employment workbook; hours worked, millions of hours.","Information is classified as unmeasurable because modern Information includes publishing/software, motion picture/sound, broadcasting/telecom, and data/internet/other information services.","BEA-BLS historical KLEMS 1963-2016, current BEA-BLS ILPA 1997-2024, and BLS detailed industry hours/employment 1987-2025."
2015,Transportation and warehousing,8,sector,562586.0,3.043903860021521,11472.529,4.239016115336951,Griliches measurable sectors,Current BEA-BLS ILPA Value Added sheet.,"BLS detailed industries hours/employment workbook; hours worked, millions of hours.","Information is classified as unmeasurable because modern Information includes publishing/software, motion picture/sound, broadcasting/telecom, and data/internet/other information services.","BEA-BLS historical KLEMS 1963-2016, current BEA-BLS ILPA 1997-2024, and BLS detailed industry hours/employment 1987-2025."
2015,Information,9,sector,871807.0,4.7169618378235185,5154.152999999999,1.9044220875721722,Other sectors,Current BEA-BLS ILPA Value Added sheet.,"BLS detailed industries hours/employment workbook; hours worked, millions of hours.","Information is classified as unmeasurable because modern Information includes publishing/software, motion picture/sound, broadcasting/telecom, and data/internet/other information services.","BEA-BLS historical KLEMS 1963-2016, current BEA-BLS ILPA 1997-2024, and BLS detailed industry hours/employment 1987-2025."
2015,"Finance, insurance, real estate, rental, and leasing",10,sector,3.698988e6,20.013586991807983,16216.618,5.991922534104143,Other sectors,Current BEA-BLS ILPA Value Added sheet.,"BLS detailed industries hours/employment workbook; hours worked, millions of hours.","Information is classified as unmeasurable because modern Information includes publishing/software, motion picture/sound, broadcasting/telecom, and data/internet/other information services.","BEA-BLS historical KLEMS 1963-2016, current BEA-BLS ILPA 1997-2024, and BLS detailed industry hours/employment 1987-2025."
2015,Professional and business services,11,service_detail,2.204899e6,11.929732657864916,39299.193,14.520766297190189,Other sectors,Current BEA-BLS ILPA Value Added sheet.,"BLS detailed industries hours/employment workbook; hours worked, millions of hours.","Information is classified as unmeasurable because modern Information includes publishing/software, motion picture/sound, broadcasting/telecom, and data/internet/other information services.","BEA-BLS historical KLEMS 1963-2016, current BEA-BLS ILPA 1997-2024, and BLS detailed industry hours/employment 1987-2025."
2015,"Educational services, health care, and social assistance",12,service_detail,1.569054e6,8.489456771377546,36986.090000000004,13.66609154383509,Other sectors,Current BEA-BLS ILPA Value Added sheet.,"BLS detailed industries hours/employment workbook; hours worked, millions of hours.","Information is classified as unmeasurable because modern Information includes publishing/software, motion picture/sound, broadcasting/telecom, and data/internet/other information services.","BEA-BLS historical KLEMS 1963-2016, current BEA-BLS ILPA 1997-2024, and BLS detailed industry hours/employment 1987-2025."
2015,"Arts, entertainment, recreation, accommodation, and food services",13,service_detail,666363.0,3.605395278011754,22015.205,8.134458302737487,Other sectors,Current BEA-BLS ILPA Value Added sheet.,"BLS detailed industries hours/employment workbook; hours worked, millions of hours.","Information is classified as unmeasurable because modern Information includes publishing/software, motion picture/sound, broadcasting/telecom, and data/internet/other information services.","BEA-BLS historical KLEMS 1963-2016, current BEA-BLS ILPA 1997-2024, and BLS detailed industry hours/employment 1987-2025."
2015,"Other services, except government",14,service_detail,391369.0,2.117524449226896,11396.378,4.210878874088833,Other sectors,Current BEA-BLS ILPA Value Added sheet.,"BLS detailed industries hours/employment workbook; hours worked, millions of hours.","Information is classified as unmeasurable because modern Information includes publishing/software, motion picture/sound, broadcasting/telecom, and data/internet/other information services.","BEA-BLS historical KLEMS 1963-2016, current BEA-BLS ILPA 1997-2024, and BLS detailed industry hours/employment 1987-2025."
2015,Services,15,services_total,4.831685e6,26.142109156481112,109696.866,40.5321950178516,Other sectors,Current BEA-BLS ILPA Value Added sheet.,"BLS detailed industries hours/employment workbook; hours worked, millions of hours.","Information is classified as unmeasurable because modern Information includes publishing/software, motion picture/sound, broadcasting/telecom, and data/internet/other information services.","BEA-BLS historical KLEMS 1963-2016, current BEA-BLS ILPA 1997-2024, and BLS detailed industry hours/employment 1987-2025."
2015,Government,16,sector,3.21696e6,17.40554681690414,39232.285,14.496044277289874,Other sectors,Current BEA-BLS ILPA Value Added sheet.,"BLS detailed industries hours/employment workbook; hours worked, millions of hours.","Information is classified as unmeasurable because modern Information includes publishing/software, motion picture/sound, broadcasting/telecom, and data/internet/other information services.","BEA-BLS historical KLEMS 1963-2016, current BEA-BLS ILPA 1997-2024, and BLS detailed industry hours/employment 1987-2025."
2015,Total,17,total,1.8482384e7,100.0,270641.316,100.0,Total,Current BEA-BLS ILPA Value Added sheet.,"BLS detailed industries hours/employment workbook; hours worked, millions of hours.","Information is classified as unmeasurable because modern Information includes publishing/software, motion picture/sound, broadcasting/telecom, and data/internet/other information services.","BEA-BLS historical KLEMS 1963-2016, current BEA-BLS ILPA 1997-2024, and BLS detailed industry hours/employment 1987-2025."
2016,"Agriculture, forestry, fishing, and hunting",1,sector,178510.0,0.939111623867145,6556.148,2.394956548702669,Griliches measurable sectors,Current BEA-BLS ILPA Value Added sheet.,"BLS detailed industries hours/employment workbook; hours worked, millions of hours.","Information is classified as unmeasurable because modern Information includes publishing/software, motion picture/sound, broadcasting/telecom, and data/internet/other information services.","BEA-BLS historical KLEMS 1963-2016, current BEA-BLS ILPA 1997-2024, and BLS detailed industry hours/employment 1987-2025."
2016,Mining,2,sector,203289.0,1.0694698498926,1446.6709999999998,0.5284679640038996,Griliches measurable sectors,Current BEA-BLS ILPA Value Added sheet.,"BLS detailed industries hours/employment workbook; hours worked, millions of hours.","Information is classified as unmeasurable because modern Information includes publishing/software, motion picture/sound, broadcasting/telecom, and data/internet/other information services.","BEA-BLS historical KLEMS 1963-2016, current BEA-BLS ILPA 1997-2024, and BLS detailed industry hours/employment 1987-2025."
2016,Utilities,3,sector,273997.0,1.4414529584041573,1137.344,0.4154710145237247,Griliches measurable sectors,Current BEA-BLS ILPA Value Added sheet.,"BLS detailed industries hours/employment workbook; hours worked, millions of hours.","Information is classified as unmeasurable because modern Information includes publishing/software, motion picture/sound, broadcasting/telecom, and data/internet/other information services.","BEA-BLS historical KLEMS 1963-2016, current BEA-BLS ILPA 1997-2024, and BLS detailed industry hours/employment 1987-2025."
2016,Construction,4,sector,775065.0,4.077488940409998,16534.997,6.040223519653459,Other sectors,Current BEA-BLS ILPA Value Added sheet.,"BLS detailed industries hours/employment workbook; hours worked, millions of hours.","Information is classified as unmeasurable because modern Information includes publishing/software, motion picture/sound, broadcasting/telecom, and data/internet/other information services.","BEA-BLS historical KLEMS 1963-2016, current BEA-BLS ILPA 1997-2024, and BLS detailed industry hours/employment 1987-2025."
2016,Manufacturing,5,sector,2.005379e6,10.549967672170027,25331.581,9.253609864350544,Griliches measurable sectors,Current BEA-BLS ILPA Value Added sheet.,"BLS detailed industries hours/employment workbook; hours worked, millions of hours.","Information is classified as unmeasurable because modern Information includes publishing/software, motion picture/sound, broadcasting/telecom, and data/internet/other information services.","BEA-BLS historical KLEMS 1963-2016, current BEA-BLS ILPA 1997-2024, and BLS detailed industry hours/employment 1987-2025."
2016,Wholesale trade,6,sector,942104.0,4.956253528047352,11694.26,4.271905480051957,Other sectors,Current BEA-BLS ILPA Value Added sheet.,"BLS detailed industries hours/employment workbook; hours worked, millions of hours.","Information is classified as unmeasurable because modern Information includes publishing/software, motion picture/sound, broadcasting/telecom, and data/internet/other information services.","BEA-BLS historical KLEMS 1963-2016, current BEA-BLS ILPA 1997-2024, and BLS detailed industry hours/employment 1987-2025."
2016,Retail trade,7,sector,932073.0,4.903482093959562,26203.356,9.57206869798964,Other sectors,Current BEA-BLS ILPA Value Added sheet.,"BLS detailed industries hours/employment workbook; hours worked, millions of hours.","Information is classified as unmeasurable because modern Information includes publishing/software, motion picture/sound, broadcasting/telecom, and data/internet/other information services.","BEA-BLS historical KLEMS 1963-2016, current BEA-BLS ILPA 1997-2024, and BLS detailed industry hours/employment 1987-2025."
2016,Transportation and warehousing,8,sector,581590.0,3.0596489234490662,11770.045,4.299589690665175,Griliches measurable sectors,Current BEA-BLS ILPA Value Added sheet.,"BLS detailed industries hours/employment workbook; hours worked, millions of hours.","Information is classified as unmeasurable because modern Information includes publishing/software, motion picture/sound, broadcasting/telecom, and data/internet/other information services.","BEA-BLS historical KLEMS 1963-2016, current BEA-BLS ILPA 1997-2024, and BLS detailed industry hours/employment 1987-2025."
2016,Information,9,sector,933517.0,4.911078739440847,5128.1720000000005,1.873317855892464,Other sectors,Current BEA-BLS ILPA Value Added sheet.,"BLS detailed industries hours/employment workbook; hours worked, millions of hours.","Information is classified as unmeasurable because modern Information includes publishing/software, motion picture/sound, broadcasting/telecom, and data/internet/other information services.","BEA-BLS historical KLEMS 1963-2016, current BEA-BLS ILPA 1997-2024, and BLS detailed industry hours/employment 1987-2025."
2016,"Finance, insurance, real estate, rental, and leasing",10,sector,3.865001e6,20.333131843359695,16428.309999999998,6.001250828782013,Other sectors,Current BEA-BLS ILPA Value Added sheet.,"BLS detailed industries hours/employment workbook; hours worked, millions of hours.","Information is classified as unmeasurable because modern Information includes publishing/software, motion picture/sound, broadcasting/telecom, and data/internet/other information services.","BEA-BLS historical KLEMS 1963-2016, current BEA-BLS ILPA 1997-2024, and BLS detailed industry hours/employment 1987-2025."
2016,Professional and business services,11,service_detail,2.271533e6,11.950159903074379,40088.84,14.644426862830658,Other sectors,Current BEA-BLS ILPA Value Added sheet.,"BLS detailed industries hours/employment workbook; hours worked, millions of hours.","Information is classified as unmeasurable because modern Information includes publishing/software, motion picture/sound, broadcasting/telecom, and data/internet/other information services.","BEA-BLS historical KLEMS 1963-2016, current BEA-BLS ILPA 1997-2024, and BLS detailed industry hours/employment 1987-2025."
2016,"Educational services, health care, and social assistance",12,service_detail,1.649991e6,8.680330106863337,37898.295,13.844222216294632,Other sectors,Current BEA-BLS ILPA Value Added sheet.,"BLS detailed industries hours/employment workbook; hours worked, millions of hours.","Information is classified as unmeasurable because modern Information includes publishing/software, motion picture/sound, broadcasting/telecom, and data/internet/other information services.","BEA-BLS historical KLEMS 1963-2016, current BEA-BLS ILPA 1997-2024, and BLS detailed industry hours/employment 1987-2025."
2016,"Arts, entertainment, recreation, accommodation, and food services",13,service_detail,705122.0,3.709530370536379,22481.972,8.212649572454747,Other sectors,Current BEA-BLS ILPA Value Added sheet.,"BLS detailed industries hours/employment workbook; hours worked, millions of hours.","Information is classified as unmeasurable because modern Information includes publishing/software, motion picture/sound, broadcasting/telecom, and data/internet/other information services.","BEA-BLS historical KLEMS 1963-2016, current BEA-BLS ILPA 1997-2024, and BLS detailed industry hours/employment 1987-2025."
2016,"Other services, except government",14,service_detail,403342.0,2.12191563830498,11451.477,4.183217009968048,Other sectors,Current BEA-BLS ILPA Value Added sheet.,"BLS detailed industries hours/employment workbook; hours worked, millions of hours.","Information is classified as unmeasurable because modern Information includes publishing/software, motion picture/sound, broadcasting/telecom, and data/internet/other information services.","BEA-BLS historical KLEMS 1963-2016, current BEA-BLS ILPA 1997-2024, and BLS detailed industry hours/employment 1987-2025."
2016,Services,15,services_total,5.029988e6,26.461936018779078,111920.58399999999,40.88451566154808,Other sectors,Current BEA-BLS ILPA Value Added sheet.,"BLS detailed industries hours/employment workbook; hours worked, millions of hours.","Information is classified as unmeasurable because modern Information includes publishing/software, motion picture/sound, broadcasting/telecom, and data/internet/other information services.","BEA-BLS historical KLEMS 1963-2016, current BEA-BLS ILPA 1997-2024, and BLS detailed industry hours/employment 1987-2025."
2016,Government,16,sector,3.287877e6,17.296977808220475,39596.63,14.464622873836367,Other sectors,Current BEA-BLS ILPA Value Added sheet.,"BLS detailed industries hours/employment workbook; hours worked, millions of hours.","Information is classified as unmeasurable because modern Information includes publishing/software, motion picture/sound, broadcasting/telecom, and data/internet/other information services.","BEA-BLS historical KLEMS 1963-2016, current BEA-BLS ILPA 1997-2024, and BLS detailed industry hours/employment 1987-2025."
2016,Total,17,total,1.900839e7,100.0,273748.098,100.0,Total,Current BEA-BLS ILPA Value Added sheet.,"BLS detailed industries hours/employment workbook; hours worked, millions of hours.","Information is classified as unmeasurable because modern Information includes publishing/software, motion picture/sound, broadcasting/telecom, and data/internet/other information services.","BEA-BLS historical KLEMS 1963-2016, current BEA-BLS ILPA 1997-2024, and BLS detailed industry hours/employment 1987-2025."
2017,"Agriculture, forestry, fishing, and hunting",1,sector,186469.0,0.9406658478906866,6681.287999999999,2.4073589065283687,Griliches measurable sectors,Current BEA-BLS ILPA Value Added sheet.,"BLS detailed industries hours/employment workbook; hours worked, millions of hours.","Information is classified as unmeasurable because modern Information includes publishing/software, motion picture/sound, broadcasting/telecom, and data/internet/other information services.","BEA-BLS historical KLEMS 1963-2016, current BEA-BLS ILPA 1997-2024, and BLS detailed industry hours/employment 1987-2025."
2017,Mining,2,sector,256366.0,1.2932698773541114,1547.442,0.5575643919310278,Griliches measurable sectors,Current BEA-BLS ILPA Value Added sheet.,"BLS detailed industries hours/employment workbook; hours worked, millions of hours.","Information is classified as unmeasurable because modern Information includes publishing/software, motion picture/sound, broadcasting/telecom, and data/internet/other information services.","BEA-BLS historical KLEMS 1963-2016, current BEA-BLS ILPA 1997-2024, and BLS detailed industry hours/employment 1987-2025."
2017,Utilities,3,sector,284379.0,1.434584907718203,1126.372,0.4058471459790646,Griliches measurable sectors,Current BEA-BLS ILPA Value Added sheet.,"BLS detailed industries hours/employment workbook; hours worked, millions of hours.","Information is classified as unmeasurable because modern Information includes publishing/software, motion picture/sound, broadcasting/telecom, and data/internet/other information services.","BEA-BLS historical KLEMS 1963-2016, current BEA-BLS ILPA 1997-2024, and BLS detailed industry hours/employment 1987-2025."
2017,Construction,4,sector,838364.0,4.229230504271635,16892.872,6.086731460467458,Other sectors,Current BEA-BLS ILPA Value Added sheet.,"BLS detailed industries hours/employment workbook; hours worked, millions of hours.","Information is classified as unmeasurable because modern Information includes publishing/software, motion picture/sound, broadcasting/telecom, and data/internet/other information services.","BEA-BLS historical KLEMS 1963-2016, current BEA-BLS ILPA 1997-2024, and BLS detailed industry hours/employment 1987-2025."
2017,Manufacturing,5,sector,2.07822e6,10.483836875852731,25534.176000000003,9.200310780565504,Griliches measurable sectors,Current BEA-BLS ILPA Value Added sheet.,"BLS detailed industries hours/employment workbook; hours worked, millions of hours.","Information is classified as unmeasurable because modern Information includes publishing/software, motion picture/sound, broadcasting/telecom, and data/internet/other information services.","BEA-BLS historical KLEMS 1963-2016, current BEA-BLS ILPA 1997-2024, and BLS detailed industry hours/employment 1987-2025."
2017,Wholesale trade,6,sector,965437.0,4.87026591117044,11687.176,4.211048413983142,Other sectors,Current BEA-BLS ILPA Value Added sheet.,"BLS detailed industries hours/employment workbook; hours worked, millions of hours.","Information is classified as unmeasurable because modern Information includes publishing/software, motion picture/sound, broadcasting/telecom, and data/internet/other information services.","BEA-BLS historical KLEMS 1963-2016, current BEA-BLS ILPA 1997-2024, and BLS detailed industry hours/employment 1987-2025."
2017,Retail trade,7,sector,968627.0,4.886358259253882,26165.391,9.42774612719093,Other sectors,Current BEA-BLS ILPA Value Added sheet.,"BLS detailed industries hours/employment workbook; hours worked, millions of hours.","Information is classified as unmeasurable because modern Information includes publishing/software, motion picture/sound, broadcasting/telecom, and data/internet/other information services.","BEA-BLS historical KLEMS 1963-2016, current BEA-BLS ILPA 1997-2024, and BLS detailed industry hours/employment 1987-2025."
2017,Transportation and warehousing,8,sector,613017.0,3.092439794691906,12159.612000000001,4.381273528117519,Griliches measurable sectors,Current BEA-BLS ILPA Value Added sheet.,"BLS detailed industries hours/employment workbook; hours worked, millions of hours.","Information is classified as unmeasurable because modern Information includes publishing/software, motion picture/sound, broadcasting/telecom, and data/internet/other information services.","BEA-BLS historical KLEMS 1963-2016, current BEA-BLS ILPA 1997-2024, and BLS detailed industry hours/employment 1987-2025."
2017,Information,9,sector,967236.0,4.879341188349786,5227.631000000001,1.8835865252169652,Other sectors,Current BEA-BLS ILPA Value Added sheet.,"BLS detailed industries hours/employment workbook; hours worked, millions of hours.","Information is classified as unmeasurable because modern Information includes publishing/software, motion picture/sound, broadcasting/telecom, and data/internet/other information services.","BEA-BLS historical KLEMS 1963-2016, current BEA-BLS ILPA 1997-2024, and BLS detailed industry hours/employment 1987-2025."
2017,"Finance, insurance, real estate, rental, and leasing",10,sector,4.012413e6,20.241111802672904,16696.012,6.015800125919513,Other sectors,Current BEA-BLS ILPA Value Added sheet.,"BLS detailed industries hours/employment workbook; hours worked, millions of hours.","Information is classified as unmeasurable because modern Information includes publishing/software, motion picture/sound, broadcasting/telecom, and data/internet/other information services.","BEA-BLS historical KLEMS 1963-2016, current BEA-BLS ILPA 1997-2024, and BLS detailed industry hours/employment 1987-2025."
2017,Professional and business services,11,service_detail,2.398583e6,12.099947505650734,40799.928,14.700768782383903,Other sectors,Current BEA-BLS ILPA Value Added sheet.,"BLS detailed industries hours/employment workbook; hours worked, millions of hours.","Information is classified as unmeasurable because modern Information includes publishing/software, motion picture/sound, broadcasting/telecom, and data/internet/other information services.","BEA-BLS historical KLEMS 1963-2016, current BEA-BLS ILPA 1997-2024, and BLS detailed industry hours/employment 1987-2025."
2017,"Educational services, health care, and social assistance",12,service_detail,1.708417e6,8.618320073877499,38717.528000000006,13.950451749656883,Other sectors,Current BEA-BLS ILPA Value Added sheet.,"BLS detailed industries hours/employment workbook; hours worked, millions of hours.","Information is classified as unmeasurable because modern Information includes publishing/software, motion picture/sound, broadcasting/telecom, and data/internet/other information services.","BEA-BLS historical KLEMS 1963-2016, current BEA-BLS ILPA 1997-2024, and BLS detailed industry hours/employment 1987-2025."
2017,"Arts, entertainment, recreation, accommodation, and food services",13,service_detail,738119.0,3.723532249216898,22967.795,8.275608813235973,Other sectors,Current BEA-BLS ILPA Value Added sheet.,"BLS detailed industries hours/employment workbook; hours worked, millions of hours.","Information is classified as unmeasurable because modern Information includes publishing/software, motion picture/sound, broadcasting/telecom, and data/internet/other information services.","BEA-BLS historical KLEMS 1963-2016, current BEA-BLS ILPA 1997-2024, and BLS detailed industry hours/employment 1987-2025."
2017,"Other services, except government",14,service_detail,419768.0,2.1175714013448763,11618.152,4.186178128319028,Other sectors,Current BEA-BLS ILPA Value Added sheet.,"BLS detailed industries hours/employment workbook; hours worked, millions of hours.","Information is classified as unmeasurable because modern Information includes publishing/software, motion picture/sound, broadcasting/telecom, and data/internet/other information services.","BEA-BLS historical KLEMS 1963-2016, current BEA-BLS ILPA 1997-2024, and BLS detailed industry hours/employment 1987-2025."
2017,Services,15,services_total,5.264887e6,26.559371230090008,114103.403,41.113007473595786,Other sectors,Current BEA-BLS ILPA Value Added sheet.,"BLS detailed industries hours/employment workbook; hours worked, millions of hours.","Information is classified as unmeasurable because modern Information includes publishing/software, motion picture/sound, broadcasting/telecom, and data/internet/other information services.","BEA-BLS historical KLEMS 1963-2016, current BEA-BLS ILPA 1997-2024, and BLS detailed industry hours/employment 1987-2025."
2017,Government,16,sector,3.387671e6,17.089523800683708,39714.641,14.309725120504723,Other sectors,Current BEA-BLS ILPA Value Added sheet.,"BLS detailed industries hours/employment workbook; hours worked, millions of hours.","Information is classified as unmeasurable because modern Information includes publishing/software, motion picture/sound, broadcasting/telecom, and data/internet/other information services.","BEA-BLS historical KLEMS 1963-2016, current BEA-BLS ILPA 1997-2024, and BLS detailed industry hours/employment 1987-2025."
2017,Total,17,total,1.9823086e7,100.0,277536.016,100.0,Total,Current BEA-BLS ILPA Value Added sheet.,"BLS detailed industries hours/employment workbook; hours worked, millions of hours.","Information is classified as unmeasurable because modern Information includes publishing/software, motion picture/sound, broadcasting/telecom, and data/internet/other information services.","BEA-BLS historical KLEMS 1963-2016, current BEA-BLS ILPA 1997-2024, and BLS detailed industry hours/employment 1987-2025."
2018,"Agriculture, forestry, fishing, and hunting",1,sector,188923.0,0.9002066792540487,6401.213,2.2644248321490363,Griliches measurable sectors,Current BEA-BLS ILPA Value Added sheet.,"BLS detailed industries hours/employment workbook; hours worked, millions of hours.","Information is classified as unmeasurable because modern Information includes publishing/software, motion picture/sound, broadcasting/telecom, and data/internet/other information services.","BEA-BLS historical KLEMS 1963-2016, current BEA-BLS ILPA 1997-2024, and BLS detailed industry hours/employment 1987-2025."
2018,Mining,2,sector,297584.0,1.4179697783707481,1697.9830000000002,0.6006603544932684,Griliches measurable sectors,Current BEA-BLS ILPA Value Added sheet.,"BLS detailed industries hours/employment workbook; hours worked, millions of hours.","Information is classified as unmeasurable because modern Information includes publishing/software, motion picture/sound, broadcasting/telecom, and data/internet/other information services.","BEA-BLS historical KLEMS 1963-2016, current BEA-BLS ILPA 1997-2024, and BLS detailed industry hours/employment 1987-2025."
2018,Utilities,3,sector,289983.0,1.3817514726641373,1120.756,0.3964666879824224,Griliches measurable sectors,Current BEA-BLS ILPA Value Added sheet.,"BLS detailed industries hours/employment workbook; hours worked, millions of hours.","Information is classified as unmeasurable because modern Information includes publishing/software, motion picture/sound, broadcasting/telecom, and data/internet/other information services.","BEA-BLS historical KLEMS 1963-2016, current BEA-BLS ILPA 1997-2024, and BLS detailed industry hours/employment 1987-2025."
2018,Construction,4,sector,887065.0,4.226811123751437,17769.059,6.2857927776378215,Other sectors,Current BEA-BLS ILPA Value Added sheet.,"BLS detailed industries hours/employment workbook; hours worked, millions of hours.","Information is classified as unmeasurable because modern Information includes publishing/software, motion picture/sound, broadcasting/telecom, and data/internet/other information services.","BEA-BLS historical KLEMS 1963-2016, current BEA-BLS ILPA 1997-2024, and BLS detailed industry hours/employment 1987-2025."
2018,Manufacturing,5,sector,2.230941e6,10.630299059520052,26017.228000000003,9.203577063735143,Griliches measurable sectors,Current BEA-BLS ILPA Value Added sheet.,"BLS detailed industries hours/employment workbook; hours worked, millions of hours.","Information is classified as unmeasurable because modern Information includes publishing/software, motion picture/sound, broadcasting/telecom, and data/internet/other information services.","BEA-BLS historical KLEMS 1963-2016, current BEA-BLS ILPA 1997-2024, and BLS detailed industry hours/employment 1987-2025."
2018,Wholesale trade,6,sector,988041.0,4.707955662237258,11676.666,4.130612814650967,Other sectors,Current BEA-BLS ILPA Value Added sheet.,"BLS detailed industries hours/employment workbook; hours worked, millions of hours.","Information is classified as unmeasurable because modern Information includes publishing/software, motion picture/sound, broadcasting/telecom, and data/internet/other information services.","BEA-BLS historical KLEMS 1963-2016, current BEA-BLS ILPA 1997-2024, and BLS detailed industry hours/employment 1987-2025."
2018,Retail trade,7,sector,1.004358e6,4.78570518127617,26016.066,9.20316600700965,Other sectors,Current BEA-BLS ILPA Value Added sheet.,"BLS detailed industries hours/employment workbook; hours worked, millions of hours.","Information is classified as unmeasurable because modern Information includes publishing/software, motion picture/sound, broadcasting/telecom, and data/internet/other information services.","BEA-BLS historical KLEMS 1963-2016, current BEA-BLS ILPA 1997-2024, and BLS detailed industry hours/employment 1987-2025."
2018,Transportation and warehousing,8,sector,653273.0,3.1128063707242113,12736.039,4.505365307297006,Griliches measurable sectors,Current BEA-BLS ILPA Value Added sheet.,"BLS detailed industries hours/employment workbook; hours worked, millions of hours.","Information is classified as unmeasurable because modern Information includes publishing/software, motion picture/sound, broadcasting/telecom, and data/internet/other information services.","BEA-BLS historical KLEMS 1963-2016, current BEA-BLS ILPA 1997-2024, and BLS detailed industry hours/employment 1987-2025."
2018,Information,9,sector,995947.0,4.745627274514125,5267.120000000001,1.8632401893061263,Other sectors,Current BEA-BLS ILPA Value Added sheet.,"BLS detailed industries hours/employment workbook; hours worked, millions of hours.","Information is classified as unmeasurable because modern Information includes publishing/software, motion picture/sound, broadcasting/telecom, and data/internet/other information services.","BEA-BLS historical KLEMS 1963-2016, current BEA-BLS ILPA 1997-2024, and BLS detailed industry hours/employment 1987-2025."
2018,"Finance, insurance, real estate, rental, and leasing",10,sector,4.220009e6,20.108087889310454,17123.936999999998,6.057581300131034,Other sectors,Current BEA-BLS ILPA Value Added sheet.,"BLS detailed industries hours/employment workbook; hours worked, millions of hours.","Information is classified as unmeasurable because modern Information includes publishing/software, motion picture/sound, broadcasting/telecom, and data/internet/other information services.","BEA-BLS historical KLEMS 1963-2016, current BEA-BLS ILPA 1997-2024, and BLS detailed industry hours/employment 1987-2025."
2018,Professional and business services,11,service_detail,2.55163e6,12.158362766762163,41606.369000000006,14.718225301853867,Other sectors,Current BEA-BLS ILPA Value Added sheet.,"BLS detailed industries hours/employment workbook; hours worked, millions of hours.","Information is classified as unmeasurable because modern Information includes publishing/software, motion picture/sound, broadcasting/telecom, and data/internet/other information services.","BEA-BLS historical KLEMS 1963-2016, current BEA-BLS ILPA 1997-2024, and BLS detailed industry hours/employment 1987-2025."
2018,"Educational services, health care, and social assistance",12,service_detail,1.782382e6,8.492942528872556,39519.863,13.980125195072858,Other sectors,Current BEA-BLS ILPA Value Added sheet.,"BLS detailed industries hours/employment workbook; hours worked, millions of hours.","Information is classified as unmeasurable because modern Information includes publishing/software, motion picture/sound, broadcasting/telecom, and data/internet/other information services.","BEA-BLS historical KLEMS 1963-2016, current BEA-BLS ILPA 1997-2024, and BLS detailed industry hours/employment 1987-2025."
2018,"Arts, entertainment, recreation, accommodation, and food services",13,service_detail,775006.0,3.692856759960213,23334.783,8.2546639329154,Other sectors,Current BEA-BLS ILPA Value Added sheet.,"BLS detailed industries hours/employment workbook; hours worked, millions of hours.","Information is classified as unmeasurable because modern Information includes publishing/software, motion picture/sound, broadcasting/telecom, and data/internet/other information services.","BEA-BLS historical KLEMS 1963-2016, current BEA-BLS ILPA 1997-2024, and BLS detailed industry hours/employment 1987-2025."
2018,"Other services, except government",14,service_detail,443498.0,2.1132411714603943,11886.717999999999,4.204918569644992,Other sectors,Current BEA-BLS ILPA Value Added sheet.,"BLS detailed industries hours/employment workbook; hours worked, millions of hours.","Information is classified as unmeasurable because modern Information includes publishing/software, motion picture/sound, broadcasting/telecom, and data/internet/other information services.","BEA-BLS historical KLEMS 1963-2016, current BEA-BLS ILPA 1997-2024, and BLS detailed industry hours/employment 1987-2025."
2018,Services,15,services_total,5.552516e6,26.457403227055327,116347.733,41.157932999487116,Other sectors,Current BEA-BLS ILPA Value Added sheet.,"BLS detailed industries hours/employment workbook; hours worked, millions of hours.","Information is classified as unmeasurable because modern Information includes publishing/software, motion picture/sound, broadcasting/telecom, and data/internet/other information services.","BEA-BLS historical KLEMS 1963-2016, current BEA-BLS ILPA 1997-2024, and BLS detailed industry hours/employment 1987-2025."
2018,Government,16,sector,3.677985e6,17.525376281322032,40512.245,14.331179666120414,Other sectors,Current BEA-BLS ILPA Value Added sheet.,"BLS detailed industries hours/employment workbook; hours worked, millions of hours.","Information is classified as unmeasurable because modern Information includes publishing/software, motion picture/sound, broadcasting/telecom, and data/internet/other information services.","BEA-BLS historical KLEMS 1963-2016, current BEA-BLS ILPA 1997-2024, and BLS detailed industry hours/employment 1987-2025."
2018,Total,17,total,2.0986625e7,100.0,282686.045,100.0,Total,Current BEA-BLS ILPA Value Added sheet.,"BLS detailed industries hours/employment workbook; hours worked, millions of hours.","Information is classified as unmeasurable because modern Information includes publishing/software, motion picture/sound, broadcasting/telecom, and data/internet/other information services.","BEA-BLS historical KLEMS 1963-2016, current BEA-BLS ILPA 1997-2024, and BLS detailed industry hours/employment 1987-2025."
2019,"Agriculture, forestry, fishing, and hunting",1,sector,184707.0,0.8431458492092395,6420.692999999998,2.252197133700258,Griliches measurable sectors,Current BEA-BLS ILPA Value Added sheet.,"BLS detailed industries hours/employment workbook; hours worked, millions of hours.","Information is classified as unmeasurable because modern Information includes publishing/software, motion picture/sound, broadcasting/telecom, and data/internet/other information services.","BEA-BLS historical KLEMS 1963-2016, current BEA-BLS ILPA 1997-2024, and BLS detailed industry hours/employment 1987-2025."
2019,Mining,2,sector,279701.0,1.2767720615335287,1719.446,0.6031329254883195,Griliches measurable sectors,Current BEA-BLS ILPA Value Added sheet.,"BLS detailed industries hours/employment workbook; hours worked, millions of hours.","Information is classified as unmeasurable because modern Information includes publishing/software, motion picture/sound, broadcasting/telecom, and data/internet/other information services.","BEA-BLS historical KLEMS 1963-2016, current BEA-BLS ILPA 1997-2024, and BLS detailed industry hours/employment 1987-2025."
2019,Utilities,3,sector,300760.0,1.3729016529323246,1112.28,0.3901563005538692,Griliches measurable sectors,Current BEA-BLS ILPA Value Added sheet.,"BLS detailed industries hours/employment workbook; hours worked, millions of hours.","Information is classified as unmeasurable because modern Information includes publishing/software, motion picture/sound, broadcasting/telecom, and data/internet/other information services.","BEA-BLS historical KLEMS 1963-2016, current BEA-BLS ILPA 1997-2024, and BLS detailed industry hours/employment 1987-2025."
2019,Construction,4,sector,950776.0,4.340078274931453,18302.119,6.4198646396021495,Other sectors,Current BEA-BLS ILPA Value Added sheet.,"BLS detailed industries hours/employment workbook; hours worked, millions of hours.","Information is classified as unmeasurable because modern Information includes publishing/software, motion picture/sound, broadcasting/telecom, and data/internet/other information services.","BEA-BLS historical KLEMS 1963-2016, current BEA-BLS ILPA 1997-2024, and BLS detailed industry hours/employment 1987-2025."
2019,Manufacturing,5,sector,2.239161e6,10.221265587450448,26052.120000000003,9.138345345403557,Griliches measurable sectors,Current BEA-BLS ILPA Value Added sheet.,"BLS detailed industries hours/employment workbook; hours worked, millions of hours.","Information is classified as unmeasurable because modern Information includes publishing/software, motion picture/sound, broadcasting/telecom, and data/internet/other information services.","BEA-BLS historical KLEMS 1963-2016, current BEA-BLS ILPA 1997-2024, and BLS detailed industry hours/employment 1987-2025."
2019,Wholesale trade,6,sector,1.02996e6,4.701535398504379,11743.452,4.119270137062553,Other sectors,Current BEA-BLS ILPA Value Added sheet.,"BLS detailed industries hours/employment workbook; hours worked, millions of hours.","Information is classified as unmeasurable because modern Information includes publishing/software, motion picture/sound, broadcasting/telecom, and data/internet/other information services.","BEA-BLS historical KLEMS 1963-2016, current BEA-BLS ILPA 1997-2024, and BLS detailed industry hours/employment 1987-2025."
2019,Retail trade,7,sector,1.046165e6,4.77550757328084,25344.483,8.890126341146498,Other sectors,Current BEA-BLS ILPA Value Added sheet.,"BLS detailed industries hours/employment workbook; hours worked, millions of hours.","Information is classified as unmeasurable because modern Information includes publishing/software, motion picture/sound, broadcasting/telecom, and data/internet/other information services.","BEA-BLS historical KLEMS 1963-2016, current BEA-BLS ILPA 1997-2024, and BLS detailed industry hours/employment 1987-2025."
2019,Transportation and warehousing,8,sector,684059.0,3.1225752487140346,13254.385,4.649262611677541,Griliches measurable sectors,Current BEA-BLS ILPA Value Added sheet.,"BLS detailed industries hours/employment workbook; hours worked, millions of hours.","Information is classified as unmeasurable because modern Information includes publishing/software, motion picture/sound, broadcasting/telecom, and data/internet/other information services.","BEA-BLS historical KLEMS 1963-2016, current BEA-BLS ILPA 1997-2024, and BLS detailed industry hours/employment 1987-2025."
2019,Information,9,sector,1.096665e6,5.006028698008471,5335.384,1.871501495553552,Other sectors,Current BEA-BLS ILPA Value Added sheet.,"BLS detailed industries hours/employment workbook; hours worked, millions of hours.","Information is classified as unmeasurable because modern Information includes publishing/software, motion picture/sound, broadcasting/telecom, and data/internet/other information services.","BEA-BLS historical KLEMS 1963-2016, current BEA-BLS ILPA 1997-2024, and BLS detailed industry hours/employment 1987-2025."
2019,"Finance, insurance, real estate, rental, and leasing",10,sector,4.431846e6,20.230378703755523,17293.985,6.066239804216659,Other sectors,Current BEA-BLS ILPA Value Added sheet.,"BLS detailed industries hours/employment workbook; hours worked, millions of hours.","Information is classified as unmeasurable because modern Information includes publishing/software, motion picture/sound, broadcasting/telecom, and data/internet/other information services.","BEA-BLS historical KLEMS 1963-2016, current BEA-BLS ILPA 1997-2024, and BLS detailed industry hours/employment 1987-2025."
2019,Professional and business services,11,service_detail,2.688999e6,12.274674730128234,42081.057,14.760842164307999,Other sectors,Current BEA-BLS ILPA Value Added sheet.,"BLS detailed industries hours/employment workbook; hours worked, millions of hours.","Information is classified as unmeasurable because modern Information includes publishing/software, motion picture/sound, broadcasting/telecom, and data/internet/other information services.","BEA-BLS historical KLEMS 1963-2016, current BEA-BLS ILPA 1997-2024, and BLS detailed industry hours/employment 1987-2025."
2019,"Educational services, health care, and social assistance",12,service_detail,1.874121e6,8.554940213775705,40332.513,14.147502485094432,Other sectors,Current BEA-BLS ILPA Value Added sheet.,"BLS detailed industries hours/employment workbook; hours worked, millions of hours.","Information is classified as unmeasurable because modern Information includes publishing/software, motion picture/sound, broadcasting/telecom, and data/internet/other information services.","BEA-BLS historical KLEMS 1963-2016, current BEA-BLS ILPA 1997-2024, and BLS detailed industry hours/employment 1987-2025."
2019,"Arts, entertainment, recreation, accommodation, and food services",13,service_detail,820027.0,3.743238541525254,23534.263000000003,8.25515246911012,Other sectors,Current BEA-BLS ILPA Value Added sheet.,"BLS detailed industries hours/employment workbook; hours worked, millions of hours.","Information is classified as unmeasurable because modern Information includes publishing/software, motion picture/sound, broadcasting/telecom, and data/internet/other information services.","BEA-BLS historical KLEMS 1963-2016, current BEA-BLS ILPA 1997-2024, and BLS detailed industry hours/employment 1987-2025."
2019,"Other services, except government",14,service_detail,462869.0,2.1128927224070093,11868.387999999999,4.163094145015584,Other sectors,Current BEA-BLS ILPA Value Added sheet.,"BLS detailed industries hours/employment workbook; hours worked, millions of hours.","Information is classified as unmeasurable because modern Information includes publishing/software, motion picture/sound, broadcasting/telecom, and data/internet/other information services.","BEA-BLS historical KLEMS 1963-2016, current BEA-BLS ILPA 1997-2024, and BLS detailed industry hours/employment 1987-2025."
2019,Services,15,services_total,5.846016e6,26.685746207836203,117816.22100000002,41.32659126352814,Other sectors,Current BEA-BLS ILPA Value Added sheet.,"BLS detailed industries hours/employment workbook; hours worked, millions of hours.","Information is classified as unmeasurable because modern Information includes publishing/software, motion picture/sound, broadcasting/telecom, and data/internet/other information services.","BEA-BLS historical KLEMS 1963-2016, current BEA-BLS ILPA 1997-2024, and BLS detailed industry hours/employment 1987-2025."
2019,Government,16,sector,3.81707e6,17.424064743843555,40691.178,14.273312002066914,Other sectors,Current BEA-BLS ILPA Value Added sheet.,"BLS detailed industries hours/employment workbook; hours worked, millions of hours.","Information is classified as unmeasurable because modern Information includes publishing/software, motion picture/sound, broadcasting/telecom, and data/internet/other information services.","BEA-BLS historical KLEMS 1963-2016, current BEA-BLS ILPA 1997-2024, and BLS detailed industry hours/employment 1987-2025."
2019,Total,17,total,2.1906886e7,100.0,285085.746,100.0,Total,Current BEA-BLS ILPA Value Added sheet.,"BLS detailed industries hours/employment workbook; hours worked, millions of hours.","Information is classified as unmeasurable because modern Information includes publishing/software, motion picture/sound, broadcasting/telecom, and data/internet/other information services.","BEA-BLS historical KLEMS 1963-2016, current BEA-BLS ILPA 1997-2024, and BLS detailed industry hours/employment 1987-2025."
2020,"Agriculture, forestry, fishing, and hunting",1,sector,202546.0,0.9311898915513594,6633.057,2.484247169390778,Griliches measurable sectors,Current BEA-BLS ILPA Value Added sheet.,"BLS detailed industries hours/employment workbook; hours worked, millions of hours.","Information is classified as unmeasurable because modern Information includes publishing/software, motion picture/sound, broadcasting/telecom, and data/internet/other information services.","BEA-BLS historical KLEMS 1963-2016, current BEA-BLS ILPA 1997-2024, and BLS detailed industry hours/employment 1987-2025."
2020,Mining,2,sector,192737.0,0.8860937571116406,1311.215,0.49108309369461617,Griliches measurable sectors,Current BEA-BLS ILPA Value Added sheet.,"BLS detailed industries hours/employment workbook; hours worked, millions of hours.","Information is classified as unmeasurable because modern Information includes publishing/software, motion picture/sound, broadcasting/telecom, and data/internet/other information services.","BEA-BLS historical KLEMS 1963-2016, current BEA-BLS ILPA 1997-2024, and BLS detailed industry hours/employment 1987-2025."
2020,Utilities,3,sector,315001.0,1.4481932352580142,1104.168,0.4135387693083109,Griliches measurable sectors,Current BEA-BLS ILPA Value Added sheet.,"BLS detailed industries hours/employment workbook; hours worked, millions of hours.","Information is classified as unmeasurable because modern Information includes publishing/software, motion picture/sound, broadcasting/telecom, and data/internet/other information services.","BEA-BLS historical KLEMS 1963-2016, current BEA-BLS ILPA 1997-2024, and BLS detailed industry hours/employment 1987-2025."
2020,Construction,4,sector,956499.0,4.3974316949186045,17002.503,6.367866271963021,Other sectors,Current BEA-BLS ILPA Value Added sheet.,"BLS detailed industries hours/employment workbook; hours worked, millions of hours.","Information is classified as unmeasurable because modern Information includes publishing/software, motion picture/sound, broadcasting/telecom, and data/internet/other information services.","BEA-BLS historical KLEMS 1963-2016, current BEA-BLS ILPA 1997-2024, and BLS detailed industry hours/employment 1987-2025."
2020,Manufacturing,5,sector,2.129065e6,9.788215054633492,24187.489999999998,9.05882514912321,Griliches measurable sectors,Current BEA-BLS ILPA Value Added sheet.,"BLS detailed industries hours/employment workbook; hours worked, millions of hours.","Information is classified as unmeasurable because modern Information includes publishing/software, motion picture/sound, broadcasting/telecom, and data/internet/other information services.","BEA-BLS historical KLEMS 1963-2016, current BEA-BLS ILPA 1997-2024, and BLS detailed industry hours/employment 1987-2025."
2020,Wholesale trade,6,sector,1.058458e6,4.866180473727789,10999.759,4.119687221100428,Other sectors,Current BEA-BLS ILPA Value Added sheet.,"BLS detailed industries hours/employment workbook; hours worked, millions of hours.","Information is classified as unmeasurable because modern Information includes publishing/software, motion picture/sound, broadcasting/telecom, and data/internet/other information services.","BEA-BLS historical KLEMS 1963-2016, current BEA-BLS ILPA 1997-2024, and BLS detailed industry hours/employment 1987-2025."
2020,Retail trade,7,sector,1.096593e6,5.041503247390617,24119.713,9.033440952907227,Other sectors,Current BEA-BLS ILPA Value Added sheet.,"BLS detailed industries hours/employment workbook; hours worked, millions of hours.","Information is classified as unmeasurable because modern Information includes publishing/software, motion picture/sound, broadcasting/telecom, and data/internet/other information services.","BEA-BLS historical KLEMS 1963-2016, current BEA-BLS ILPA 1997-2024, and BLS detailed industry hours/employment 1987-2025."
2020,Transportation and warehousing,8,sector,630089.0,2.8967864464255255,12986.909,4.863925023165883,Griliches measurable sectors,Current BEA-BLS ILPA Value Added sheet.,"BLS detailed industries hours/employment workbook; hours worked, millions of hours.","Information is classified as unmeasurable because modern Information includes publishing/software, motion picture/sound, broadcasting/telecom, and data/internet/other information services.","BEA-BLS historical KLEMS 1963-2016, current BEA-BLS ILPA 1997-2024, and BLS detailed industry hours/employment 1987-2025."
2020,Information,9,sector,1.136462e6,5.224797954697901,5034.705999999999,1.8856244005161973,Other sectors,Current BEA-BLS ILPA Value Added sheet.,"BLS detailed industries hours/employment workbook; hours worked, millions of hours.","Information is classified as unmeasurable because modern Information includes publishing/software, motion picture/sound, broadcasting/telecom, and data/internet/other information services.","BEA-BLS historical KLEMS 1963-2016, current BEA-BLS ILPA 1997-2024, and BLS detailed industry hours/employment 1987-2025."
2020,"Finance, insurance, real estate, rental, and leasing",10,sector,4.600129e6,21.148744604347968,17145.214,6.421315141434657,Other sectors,Current BEA-BLS ILPA Value Added sheet.,"BLS detailed industries hours/employment workbook; hours worked, millions of hours.","Information is classified as unmeasurable because modern Information includes publishing/software, motion picture/sound, broadcasting/telecom, and data/internet/other information services.","BEA-BLS historical KLEMS 1963-2016, current BEA-BLS ILPA 1997-2024, and BLS detailed industry hours/employment 1987-2025."
2020,Professional and business services,11,service_detail,2.686818e6,12.352442220721418,39758.327,14.890496389441996,Other sectors,Current BEA-BLS ILPA Value Added sheet.,"BLS detailed industries hours/employment workbook; hours worked, millions of hours.","Information is classified as unmeasurable because modern Information includes publishing/software, motion picture/sound, broadcasting/telecom, and data/internet/other information services.","BEA-BLS historical KLEMS 1963-2016, current BEA-BLS ILPA 1997-2024, and BLS detailed industry hours/employment 1987-2025."
2020,"Educational services, health care, and social assistance",12,service_detail,1.860809e6,8.55492841580576,38728.625,14.504847015583755,Other sectors,Current BEA-BLS ILPA Value Added sheet.,"BLS detailed industries hours/employment workbook; hours worked, millions of hours.","Information is classified as unmeasurable because modern Information includes publishing/software, motion picture/sound, broadcasting/telecom, and data/internet/other information services.","BEA-BLS historical KLEMS 1963-2016, current BEA-BLS ILPA 1997-2024, and BLS detailed industry hours/employment 1987-2025."
2020,"Arts, entertainment, recreation, accommodation, and food services",13,service_detail,605161.0,2.782181854794033,18208.15,6.819411486640731,Other sectors,Current BEA-BLS ILPA Value Added sheet.,"BLS detailed industries hours/employment workbook; hours worked, millions of hours.","Information is classified as unmeasurable because modern Information includes publishing/software, motion picture/sound, broadcasting/telecom, and data/internet/other information services.","BEA-BLS historical KLEMS 1963-2016, current BEA-BLS ILPA 1997-2024, and BLS detailed industry hours/employment 1987-2025."
2020,"Other services, except government",14,service_detail,436187.0,2.0053366900660237,10337.435000000001,3.871630175575329,Other sectors,Current BEA-BLS ILPA Value Added sheet.,"BLS detailed industries hours/employment workbook; hours worked, millions of hours.","Information is classified as unmeasurable because modern Information includes publishing/software, motion picture/sound, broadcasting/telecom, and data/internet/other information services.","BEA-BLS historical KLEMS 1963-2016, current BEA-BLS ILPA 1997-2024, and BLS detailed industry hours/employment 1987-2025."
2020,Services,15,services_total,5.588975e6,25.694889181387236,107032.53699999998,40.0863850672418,Other sectors,Current BEA-BLS ILPA Value Added sheet.,"BLS detailed industries hours/employment workbook; hours worked, millions of hours.","Information is classified as unmeasurable because modern Information includes publishing/software, motion picture/sound, broadcasting/telecom, and data/internet/other information services.","BEA-BLS historical KLEMS 1963-2016, current BEA-BLS ILPA 1997-2024, and BLS detailed industry hours/employment 1987-2025."
2020,Government,16,sector,3.844756e6,17.675974458549852,39447.441,14.77406174015386,Other sectors,Current BEA-BLS ILPA Value Added sheet.,"BLS detailed industries hours/employment workbook; hours worked, millions of hours.","Information is classified as unmeasurable because modern Information includes publishing/software, motion picture/sound, broadcasting/telecom, and data/internet/other information services.","BEA-BLS historical KLEMS 1963-2016, current BEA-BLS ILPA 1997-2024, and BLS detailed industry hours/employment 1987-2025."
2020,Total,17,total,2.175131e7,100.0,267004.712,100.0,Total,Current BEA-BLS ILPA Value Added sheet.,"BLS detailed industries hours/employment workbook; hours worked, millions of hours.","Information is classified as unmeasurable because modern Information includes publishing/software, motion picture/sound, broadcasting/telecom, and data/internet/other information services.","BEA-BLS historical KLEMS 1963-2016, current BEA-BLS ILPA 1997-2024, and BLS detailed industry hours/employment 1987-2025."
2021,"Agriculture, forestry, fishing, and hunting",1,sector,247203.0,1.0194933674348077,6427.902999999999,2.30936678969859,Griliches measurable sectors,Current BEA-BLS ILPA Value Added sheet.,"BLS detailed industries hours/employment workbook; hours worked, millions of hours.","Information is classified as unmeasurable because modern Information includes publishing/software, motion picture/sound, broadcasting/telecom, and data/internet/other information services.","BEA-BLS historical KLEMS 1963-2016, current BEA-BLS ILPA 1997-2024, and BLS detailed industry hours/employment 1987-2025."
2021,Mining,2,sector,317226.0,1.3082762061054045,1265.504,0.45466039388440127,Griliches measurable sectors,Current BEA-BLS ILPA Value Added sheet.,"BLS detailed industries hours/employment workbook; hours worked, millions of hours.","Information is classified as unmeasurable because modern Information includes publishing/software, motion picture/sound, broadcasting/telecom, and data/internet/other information services.","BEA-BLS historical KLEMS 1963-2016, current BEA-BLS ILPA 1997-2024, and BLS detailed industry hours/employment 1987-2025."
2021,Utilities,3,sector,360944.0,1.4885742244850961,1107.392,0.39785514933531224,Griliches measurable sectors,Current BEA-BLS ILPA Value Added sheet.,"BLS detailed industries hours/employment workbook; hours worked, millions of hours.","Information is classified as unmeasurable because modern Information includes publishing/software, motion picture/sound, broadcasting/telecom, and data/internet/other information services.","BEA-BLS historical KLEMS 1963-2016, current BEA-BLS ILPA 1997-2024, and BLS detailed industry hours/employment 1987-2025."
2021,Construction,4,sector,1.009656e6,4.163936503160391,17790.816,6.391745431136455,Other sectors,Current BEA-BLS ILPA Value Added sheet.,"BLS detailed industries hours/employment workbook; hours worked, millions of hours.","Information is classified as unmeasurable because modern Information includes publishing/software, motion picture/sound, broadcasting/telecom, and data/internet/other information services.","BEA-BLS historical KLEMS 1963-2016, current BEA-BLS ILPA 1997-2024, and BLS detailed industry hours/employment 1987-2025."
2021,Manufacturing,5,sector,2.38652e6,9.84228068126405,24878.768000000004,8.93824947075524,Griliches measurable sectors,Current BEA-BLS ILPA Value Added sheet.,"BLS detailed industries hours/employment workbook; hours worked, millions of hours.","Information is classified as unmeasurable because modern Information includes publishing/software, motion picture/sound, broadcasting/telecom, and data/internet/other information services.","BEA-BLS historical KLEMS 1963-2016, current BEA-BLS ILPA 1997-2024, and BLS detailed industry hours/employment 1987-2025."
2021,Wholesale trade,6,sector,1.123888e6,4.635042300213068,11363.761,4.08268330425522,Other sectors,Current BEA-BLS ILPA Value Added sheet.,"BLS detailed industries hours/employment workbook; hours worked, millions of hours.","Information is classified as unmeasurable because modern Information includes publishing/software, motion picture/sound, broadcasting/telecom, and data/internet/other information services.","BEA-BLS historical KLEMS 1963-2016, current BEA-BLS ILPA 1997-2024, and BLS detailed industry hours/employment 1987-2025."
2021,Retail trade,7,sector,1.256879e6,5.183512352876355,24925.796,8.955145323319588,Other sectors,Current BEA-BLS ILPA Value Added sheet.,"BLS detailed industries hours/employment workbook; hours worked, millions of hours.","Information is classified as unmeasurable because modern Information includes publishing/software, motion picture/sound, broadcasting/telecom, and data/internet/other information services.","BEA-BLS historical KLEMS 1963-2016, current BEA-BLS ILPA 1997-2024, and BLS detailed industry hours/employment 1987-2025."
2021,Transportation and warehousing,8,sector,762434.0,3.144364777558485,14205.333,5.103581100525233,Griliches measurable sectors,Current BEA-BLS ILPA Value Added sheet.,"BLS detailed industries hours/employment workbook; hours worked, millions of hours.","Information is classified as unmeasurable because modern Information includes publishing/software, motion picture/sound, broadcasting/telecom, and data/internet/other information services.","BEA-BLS historical KLEMS 1963-2016, current BEA-BLS ILPA 1997-2024, and BLS detailed industry hours/employment 1987-2025."
2021,Information,9,sector,1.26571e6,5.2199324041209465,5351.357999999999,1.9225941096167547,Other sectors,Current BEA-BLS ILPA Value Added sheet.,"BLS detailed industries hours/employment workbook; hours worked, millions of hours.","Information is classified as unmeasurable because modern Information includes publishing/software, motion picture/sound, broadcasting/telecom, and data/internet/other information services.","BEA-BLS historical KLEMS 1963-2016, current BEA-BLS ILPA 1997-2024, and BLS detailed industry hours/employment 1987-2025."
2021,"Finance, insurance, real estate, rental, and leasing",10,sector,4.996282e6,20.60523683302353,17410.676999999996,6.255172059996717,Other sectors,Current BEA-BLS ILPA Value Added sheet.,"BLS detailed industries hours/employment workbook; hours worked, millions of hours.","Information is classified as unmeasurable because modern Information includes publishing/software, motion picture/sound, broadcasting/telecom, and data/internet/other information services.","BEA-BLS historical KLEMS 1963-2016, current BEA-BLS ILPA 1997-2024, and BLS detailed industry hours/employment 1987-2025."
2021,Professional and business services,11,service_detail,3.020137e6,12.455389458236581,42365.829,15.220864177734079,Other sectors,Current BEA-BLS ILPA Value Added sheet.,"BLS detailed industries hours/employment workbook; hours worked, millions of hours.","Information is classified as unmeasurable because modern Information includes publishing/software, motion picture/sound, broadcasting/telecom, and data/internet/other information services.","BEA-BLS historical KLEMS 1963-2016, current BEA-BLS ILPA 1997-2024, and BLS detailed industry hours/employment 1987-2025."
2021,"Educational services, health care, and social assistance",12,service_detail,1.992744e6,8.21830354403267,39734.238999999994,14.275407074522827,Other sectors,Current BEA-BLS ILPA Value Added sheet.,"BLS detailed industries hours/employment workbook; hours worked, millions of hours.","Information is classified as unmeasurable because modern Information includes publishing/software, motion picture/sound, broadcasting/telecom, and data/internet/other information services.","BEA-BLS historical KLEMS 1963-2016, current BEA-BLS ILPA 1997-2024, and BLS detailed industry hours/employment 1987-2025."
2021,"Arts, entertainment, recreation, accommodation, and food services",13,service_detail,797945.0,3.2908161918656633,20231.04,7.268450052383144,Other sectors,Current BEA-BLS ILPA Value Added sheet.,"BLS detailed industries hours/employment workbook; hours worked, millions of hours.","Information is classified as unmeasurable because modern Information includes publishing/software, motion picture/sound, broadcasting/telecom, and data/internet/other information services.","BEA-BLS historical KLEMS 1963-2016, current BEA-BLS ILPA 1997-2024, and BLS detailed industry hours/employment 1987-2025."
2021,"Other services, except government",14,service_detail,467730.0,1.9289718682632597,10887.023,3.9114045988069064,Other sectors,Current BEA-BLS ILPA Value Added sheet.,"BLS detailed industries hours/employment workbook; hours worked, millions of hours.","Information is classified as unmeasurable because modern Information includes publishing/software, motion picture/sound, broadcasting/telecom, and data/internet/other information services.","BEA-BLS historical KLEMS 1963-2016, current BEA-BLS ILPA 1997-2024, and BLS detailed industry hours/employment 1987-2025."
2021,Services,15,services_total,6.278556e6,25.893481062398177,113218.13100000001,40.676125903446966,Other sectors,Current BEA-BLS ILPA Value Added sheet.,"BLS detailed industries hours/employment workbook; hours worked, millions of hours.","Information is classified as unmeasurable because modern Information includes publishing/software, motion picture/sound, broadcasting/telecom, and data/internet/other information services.","BEA-BLS historical KLEMS 1963-2016, current BEA-BLS ILPA 1997-2024, and BLS detailed industry hours/employment 1987-2025."
2021,Government,16,sector,4.242334e6,17.49586928735969,40395.058,14.512820964029537,Other sectors,Current BEA-BLS ILPA Value Added sheet.,"BLS detailed industries hours/employment workbook; hours worked, millions of hours.","Information is classified as unmeasurable because modern Information includes publishing/software, motion picture/sound, broadcasting/telecom, and data/internet/other information services.","BEA-BLS historical KLEMS 1963-2016, current BEA-BLS ILPA 1997-2024, and BLS detailed industry hours/employment 1987-2025."
2021,Total,17,total,2.4247632e7,100.0,278340.497,100.0,Total,Current BEA-BLS ILPA Value Added sheet.,"BLS detailed industries hours/employment workbook; hours worked, millions of hours.","Information is classified as unmeasurable because modern Information includes publishing/software, motion picture/sound, broadcasting/telecom, and data/internet/other information services.","BEA-BLS historical KLEMS 1963-2016, current BEA-BLS ILPA 1997-2024, and BLS detailed industry hours/employment 1987-2025."
2022,"Agriculture, forestry, fishing, and hunting",1,sector,306704.0,1.1424346779493688,6313.704,2.2011337402149325,Griliches measurable sectors,Current BEA-BLS ILPA Value Added sheet.,"BLS detailed industries hours/employment workbook; hours worked, millions of hours.","Information is classified as unmeasurable because modern Information includes publishing/software, motion picture/sound, broadcasting/telecom, and data/internet/other information services.","BEA-BLS historical KLEMS 1963-2016, current BEA-BLS ILPA 1997-2024, and BLS detailed industry hours/employment 1987-2025."
2022,Mining,2,sector,436516.0,1.6259684121489992,1419.963,0.4950388027625014,Griliches measurable sectors,Current BEA-BLS ILPA Value Added sheet.,"BLS detailed industries hours/employment workbook; hours worked, millions of hours.","Information is classified as unmeasurable because modern Information includes publishing/software, motion picture/sound, broadcasting/telecom, and data/internet/other information services.","BEA-BLS historical KLEMS 1963-2016, current BEA-BLS ILPA 1997-2024, and BLS detailed industry hours/employment 1987-2025."
2022,Utilities,3,sector,405821.0,1.5116333123796586,1136.512,0.3962198591126783,Griliches measurable sectors,Current BEA-BLS ILPA Value Added sheet.,"BLS detailed industries hours/employment workbook; hours worked, millions of hours.","Information is classified as unmeasurable because modern Information includes publishing/software, motion picture/sound, broadcasting/telecom, and data/internet/other information services.","BEA-BLS historical KLEMS 1963-2016, current BEA-BLS ILPA 1997-2024, and BLS detailed industry hours/employment 1987-2025."
2022,Construction,4,sector,1.10959e6,4.133086279624133,18446.413,6.430935317879862,Other sectors,Current BEA-BLS ILPA Value Added sheet.,"BLS detailed industries hours/employment workbook; hours worked, millions of hours.","Information is classified as unmeasurable because modern Information includes publishing/software, motion picture/sound, broadcasting/telecom, and data/internet/other information services.","BEA-BLS historical KLEMS 1963-2016, current BEA-BLS ILPA 1997-2024, and BLS detailed industry hours/employment 1987-2025."
2022,Manufacturing,5,sector,2.637798e6,9.825473122702961,25878.907,9.022110532515367,Griliches measurable sectors,Current BEA-BLS ILPA Value Added sheet.,"BLS detailed industries hours/employment workbook; hours worked, millions of hours.","Information is classified as unmeasurable because modern Information includes publishing/software, motion picture/sound, broadcasting/telecom, and data/internet/other information services.","BEA-BLS historical KLEMS 1963-2016, current BEA-BLS ILPA 1997-2024, and BLS detailed industry hours/employment 1987-2025."
2022,Wholesale trade,6,sector,1.281227e6,4.772412994695328,11723.87,4.087268871472854,Other sectors,Current BEA-BLS ILPA Value Added sheet.,"BLS detailed industries hours/employment workbook; hours worked, millions of hours.","Information is classified as unmeasurable because modern Information includes publishing/software, motion picture/sound, broadcasting/telecom, and data/internet/other information services.","BEA-BLS historical KLEMS 1963-2016, current BEA-BLS ILPA 1997-2024, and BLS detailed industry hours/employment 1987-2025."
2022,Retail trade,7,sector,1.351106e6,5.03270367515735,24716.389,8.61682425469696,Other sectors,Current BEA-BLS ILPA Value Added sheet.,"BLS detailed industries hours/employment workbook; hours worked, millions of hours.","Information is classified as unmeasurable because modern Information includes publishing/software, motion picture/sound, broadcasting/telecom, and data/internet/other information services.","BEA-BLS historical KLEMS 1963-2016, current BEA-BLS ILPA 1997-2024, and BLS detailed industry hours/employment 1987-2025."
2022,Transportation and warehousing,8,sector,882850.0,3.288507666765351,15121.119999999999,5.271645205704737,Griliches measurable sectors,Current BEA-BLS ILPA Value Added sheet.,"BLS detailed industries hours/employment workbook; hours worked, millions of hours.","Information is classified as unmeasurable because modern Information includes publishing/software, motion picture/sound, broadcasting/telecom, and data/internet/other information services.","BEA-BLS historical KLEMS 1963-2016, current BEA-BLS ILPA 1997-2024, and BLS detailed industry hours/employment 1987-2025."
2022,Information,9,sector,1.334169e6,4.969615433268009,5632.280999999999,1.963570630405147,Other sectors,Current BEA-BLS ILPA Value Added sheet.,"BLS detailed industries hours/employment workbook; hours worked, millions of hours.","Information is classified as unmeasurable because modern Information includes publishing/software, motion picture/sound, broadcasting/telecom, and data/internet/other information services.","BEA-BLS historical KLEMS 1963-2016, current BEA-BLS ILPA 1997-2024, and BLS detailed industry hours/employment 1987-2025."
2022,"Finance, insurance, real estate, rental, and leasing",10,sector,5.422209e6,20.19706163822177,17818.221,6.21193002296374,Other sectors,Current BEA-BLS ILPA Value Added sheet.,"BLS detailed industries hours/employment workbook; hours worked, millions of hours.","Information is classified as unmeasurable because modern Information includes publishing/software, motion picture/sound, broadcasting/telecom, and data/internet/other information services.","BEA-BLS historical KLEMS 1963-2016, current BEA-BLS ILPA 1997-2024, and BLS detailed industry hours/employment 1987-2025."
2022,Professional and business services,11,service_detail,3.315369e6,12.349341762084357,44130.17600000001,15.385013195934315,Other sectors,Current BEA-BLS ILPA Value Added sheet.,"BLS detailed industries hours/employment workbook; hours worked, millions of hours.","Information is classified as unmeasurable because modern Information includes publishing/software, motion picture/sound, broadcasting/telecom, and data/internet/other information services.","BEA-BLS historical KLEMS 1963-2016, current BEA-BLS ILPA 1997-2024, and BLS detailed industry hours/employment 1987-2025."
2022,"Educational services, health care, and social assistance",12,service_detail,2.145985e6,7.993530186626768,40721.647999999994,14.196705035579102,Other sectors,Current BEA-BLS ILPA Value Added sheet.,"BLS detailed industries hours/employment workbook; hours worked, millions of hours.","Information is classified as unmeasurable because modern Information includes publishing/software, motion picture/sound, broadcasting/telecom, and data/internet/other information services.","BEA-BLS historical KLEMS 1963-2016, current BEA-BLS ILPA 1997-2024, and BLS detailed industry hours/employment 1987-2025."
2022,"Arts, entertainment, recreation, accommodation, and food services",13,service_detail,937094.0,3.4905598952028205,22289.366,7.770696179390031,Other sectors,Current BEA-BLS ILPA Value Added sheet.,"BLS detailed industries hours/employment workbook; hours worked, millions of hours.","Information is classified as unmeasurable because modern Information includes publishing/software, motion picture/sound, broadcasting/telecom, and data/internet/other information services.","BEA-BLS historical KLEMS 1963-2016, current BEA-BLS ILPA 1997-2024, and BLS detailed industry hours/employment 1987-2025."
2022,"Other services, except government",14,service_detail,530159.0,1.974777069835931,11520.058,4.016214309862002,Other sectors,Current BEA-BLS ILPA Value Added sheet.,"BLS detailed industries hours/employment workbook; hours worked, millions of hours.","Information is classified as unmeasurable because modern Information includes publishing/software, motion picture/sound, broadcasting/telecom, and data/internet/other information services.","BEA-BLS historical KLEMS 1963-2016, current BEA-BLS ILPA 1997-2024, and BLS detailed industry hours/employment 1987-2025."
2022,Services,15,services_total,6.928607e6,25.808208913749876,118661.248,41.36862872076545,Other sectors,Current BEA-BLS ILPA Value Added sheet.,"BLS detailed industries hours/employment workbook; hours worked, millions of hours.","Information is classified as unmeasurable because modern Information includes publishing/software, motion picture/sound, broadcasting/telecom, and data/internet/other information services.","BEA-BLS historical KLEMS 1963-2016, current BEA-BLS ILPA 1997-2024, and BLS detailed industry hours/employment 1987-2025."
2022,Government,16,sector,4.749927e6,17.692893873337198,39970.099,13.93469404150577,Other sectors,Current BEA-BLS ILPA Value Added sheet.,"BLS detailed industries hours/employment workbook; hours worked, millions of hours.","Information is classified as unmeasurable because modern Information includes publishing/software, motion picture/sound, broadcasting/telecom, and data/internet/other information services.","BEA-BLS historical KLEMS 1963-2016, current BEA-BLS ILPA 1997-2024, and BLS detailed industry hours/employment 1987-2025."
2022,Total,17,total,2.6846524e7,100.0,286838.727,100.0,Total,Current BEA-BLS ILPA Value Added sheet.,"BLS detailed industries hours/employment workbook; hours worked, millions of hours.","Information is classified as unmeasurable because modern Information includes publishing/software, motion picture/sound, broadcasting/telecom, and data/internet/other information services.","BEA-BLS historical KLEMS 1963-2016, current BEA-BLS ILPA 1997-2024, and BLS detailed industry hours/employment 1987-2025."
2023,"Agriculture, forestry, fishing, and hunting",1,sector,279474.0,0.9778608502267658,6363.945,2.187119656467205,Griliches measurable sectors,Current BEA-BLS ILPA Value Added sheet.,"BLS detailed industries hours/employment workbook; hours worked, millions of hours.","Information is classified as unmeasurable because modern Information includes publishing/software, motion picture/sound, broadcasting/telecom, and data/internet/other information services.","BEA-BLS historical KLEMS 1963-2016, current BEA-BLS ILPA 1997-2024, and BLS detailed industry hours/employment 1987-2025."
2023,Mining,2,sector,389344.0,1.3622886381942145,1472.203,0.5059572512977388,Griliches measurable sectors,Current BEA-BLS ILPA Value Added sheet.,"BLS detailed industries hours/employment workbook; hours worked, millions of hours.","Information is classified as unmeasurable because modern Information includes publishing/software, motion picture/sound, broadcasting/telecom, and data/internet/other information services.","BEA-BLS historical KLEMS 1963-2016, current BEA-BLS ILPA 1997-2024, and BLS detailed industry hours/employment 1987-2025."
2023,Utilities,3,sector,419714.0,1.468551238727312,1151.644,0.3957895974356343,Griliches measurable sectors,Current BEA-BLS ILPA Value Added sheet.,"BLS detailed industries hours/employment workbook; hours worked, millions of hours.","Information is classified as unmeasurable because modern Information includes publishing/software, motion picture/sound, broadcasting/telecom, and data/internet/other information services.","BEA-BLS historical KLEMS 1963-2016, current BEA-BLS ILPA 1997-2024, and BLS detailed industry hours/employment 1987-2025."
2023,Construction,4,sector,1.221611e6,4.274335255180695,18745.979,6.442497405402064,Other sectors,Current BEA-BLS ILPA Value Added sheet.,"BLS detailed industries hours/employment workbook; hours worked, millions of hours.","Information is classified as unmeasurable because modern Information includes publishing/software, motion picture/sound, broadcasting/telecom, and data/internet/other information services.","BEA-BLS historical KLEMS 1963-2016, current BEA-BLS ILPA 1997-2024, and BLS detailed industry hours/employment 1987-2025."
2023,Manufacturing,5,sector,2.788217e6,9.755784961165341,25880.486,8.894438850355293,Griliches measurable sectors,Current BEA-BLS ILPA Value Added sheet.,"BLS detailed industries hours/employment workbook; hours worked, millions of hours.","Information is classified as unmeasurable because modern Information includes publishing/software, motion picture/sound, broadcasting/telecom, and data/internet/other information services.","BEA-BLS historical KLEMS 1963-2016, current BEA-BLS ILPA 1997-2024, and BLS detailed industry hours/employment 1987-2025."
2023,Wholesale trade,6,sector,1.356549e6,4.746474299985934,11944.623,4.105051151823323,Other sectors,Current BEA-BLS ILPA Value Added sheet.,"BLS detailed industries hours/employment workbook; hours worked, millions of hours.","Information is classified as unmeasurable because modern Information includes publishing/software, motion picture/sound, broadcasting/telecom, and data/internet/other information services.","BEA-BLS historical KLEMS 1963-2016, current BEA-BLS ILPA 1997-2024, and BLS detailed industry hours/employment 1987-2025."
2023,Retail trade,7,sector,1.483087e6,5.1892223061188645,24638.666,8.467658145651825,Other sectors,Current BEA-BLS ILPA Value Added sheet.,"BLS detailed industries hours/employment workbook; hours worked, millions of hours.","Information is classified as unmeasurable because modern Information includes publishing/software, motion picture/sound, broadcasting/telecom, and data/internet/other information services.","BEA-BLS historical KLEMS 1963-2016, current BEA-BLS ILPA 1997-2024, and BLS detailed industry hours/employment 1987-2025."
2023,Transportation and warehousing,8,sector,918372.0,3.2133222580435223,14995.146,5.153435261963387,Griliches measurable sectors,Current BEA-BLS ILPA Value Added sheet.,"BLS detailed industries hours/employment workbook; hours worked, millions of hours.","Information is classified as unmeasurable because modern Information includes publishing/software, motion picture/sound, broadcasting/telecom, and data/internet/other information services.","BEA-BLS historical KLEMS 1963-2016, current BEA-BLS ILPA 1997-2024, and BLS detailed industry hours/employment 1987-2025."
2023,Information,9,sector,1.442061e6,5.045675073670038,5482.151,1.8840703701589727,Other sectors,Current BEA-BLS ILPA Value Added sheet.,"BLS detailed industries hours/employment workbook; hours worked, millions of hours.","Information is classified as unmeasurable because modern Information includes publishing/software, motion picture/sound, broadcasting/telecom, and data/internet/other information services.","BEA-BLS historical KLEMS 1963-2016, current BEA-BLS ILPA 1997-2024, and BLS detailed industry hours/employment 1987-2025."
2023,"Finance, insurance, real estate, rental, and leasing",10,sector,5.847085e6,20.458559685151997,17895.582000000002,6.150238437969012,Other sectors,Current BEA-BLS ILPA Value Added sheet.,"BLS detailed industries hours/employment workbook; hours worked, millions of hours.","Information is classified as unmeasurable because modern Information includes publishing/software, motion picture/sound, broadcasting/telecom, and data/internet/other information services.","BEA-BLS historical KLEMS 1963-2016, current BEA-BLS ILPA 1997-2024, and BLS detailed industry hours/employment 1987-2025."
2023,Professional and business services,11,service_detail,3.555543e6,12.440607358816298,44016.041,15.12714966439314,Other sectors,Current BEA-BLS ILPA Value Added sheet.,"BLS detailed industries hours/employment workbook; hours worked, millions of hours.","Information is classified as unmeasurable because modern Information includes publishing/software, motion picture/sound, broadcasting/telecom, and data/internet/other information services.","BEA-BLS historical KLEMS 1963-2016, current BEA-BLS ILPA 1997-2024, and BLS detailed industry hours/employment 1987-2025."
2023,"Educational services, health care, and social assistance",12,service_detail,2.346016e6,8.208553212125622,42355.526,14.556474556993777,Other sectors,Current BEA-BLS ILPA Value Added sheet.,"BLS detailed industries hours/employment workbook; hours worked, millions of hours.","Information is classified as unmeasurable because modern Information includes publishing/software, motion picture/sound, broadcasting/telecom, and data/internet/other information services.","BEA-BLS historical KLEMS 1963-2016, current BEA-BLS ILPA 1997-2024, and BLS detailed industry hours/employment 1987-2025."
2023,"Arts, entertainment, recreation, accommodation, and food services",13,service_detail,1.076138e6,3.765334949373936,23155.513,7.957937668833074,Other sectors,Current BEA-BLS ILPA Value Added sheet.,"BLS detailed industries hours/employment workbook; hours worked, millions of hours.","Information is classified as unmeasurable because modern Information includes publishing/software, motion picture/sound, broadcasting/telecom, and data/internet/other information services.","BEA-BLS historical KLEMS 1963-2016, current BEA-BLS ILPA 1997-2024, and BLS detailed industry hours/employment 1987-2025."
2023,"Other services, except government",14,service_detail,568323.0,1.9885241989717335,11713.107,4.025485223081534,Other sectors,Current BEA-BLS ILPA Value Added sheet.,"BLS detailed industries hours/employment workbook; hours worked, millions of hours.","Information is classified as unmeasurable because modern Information includes publishing/software, motion picture/sound, broadcasting/telecom, and data/internet/other information services.","BEA-BLS historical KLEMS 1963-2016, current BEA-BLS ILPA 1997-2024, and BLS detailed industry hours/employment 1987-2025."
2023,Services,15,services_total,7.54602e6,26.403019719287588,121240.18699999999,41.66704711330153,Other sectors,Current BEA-BLS ILPA Value Added sheet.,"BLS detailed industries hours/employment workbook; hours worked, millions of hours.","Information is classified as unmeasurable because modern Information includes publishing/software, motion picture/sound, broadcasting/telecom, and data/internet/other information services.","BEA-BLS historical KLEMS 1963-2016, current BEA-BLS ILPA 1997-2024, and BLS detailed industry hours/employment 1987-2025."
2023,Government,16,sector,4.888606e6,17.104905714247725,41163.18,14.146696758174015,Other sectors,Current BEA-BLS ILPA Value Added sheet.,"BLS detailed industries hours/employment workbook; hours worked, millions of hours.","Information is classified as unmeasurable because modern Information includes publishing/software, motion picture/sound, broadcasting/telecom, and data/internet/other information services.","BEA-BLS historical KLEMS 1963-2016, current BEA-BLS ILPA 1997-2024, and BLS detailed industry hours/employment 1987-2025."
2023,Total,17,total,2.858014e7,100.0,290973.792,100.0,Total,Current BEA-BLS ILPA Value Added sheet.,"BLS detailed industries hours/employment workbook; hours worked, millions of hours.","Information is classified as unmeasurable because modern Information includes publishing/software, motion picture/sound, broadcasting/telecom, and data/internet/other information services.","BEA-BLS historical KLEMS 1963-2016, current BEA-BLS ILPA 1997-2024, and BLS detailed industry hours/employment 1987-2025."
2024,"Agriculture, forestry, fishing, and hunting",1,sector,275794.0,0.9203949815156105,6010.330000000001,2.0583275816909645,Griliches measurable sectors,Current BEA-BLS ILPA Value Added sheet.,"BLS detailed industries hours/employment workbook; hours worked, millions of hours.","Information is classified as unmeasurable because modern Information includes publishing/software, motion picture/sound, broadcasting/telecom, and data/internet/other information services.","BEA-BLS historical KLEMS 1963-2016, current BEA-BLS ILPA 1997-2024, and BLS detailed industry hours/employment 1987-2025."
2024,Mining,2,sector,382677.0,1.2770908371518208,1404.155,0.48087392297415876,Griliches measurable sectors,Current BEA-BLS ILPA Value Added sheet.,"BLS detailed industries hours/employment workbook; hours worked, millions of hours.","Information is classified as unmeasurable because modern Information includes publishing/software, motion picture/sound, broadcasting/telecom, and data/internet/other information services.","BEA-BLS historical KLEMS 1963-2016, current BEA-BLS ILPA 1997-2024, and BLS detailed industry hours/employment 1987-2025."
2024,Utilities,3,sector,414860.0,1.384493723690748,1187.94,0.40682785594035,Griliches measurable sectors,Current BEA-BLS ILPA Value Added sheet.,"BLS detailed industries hours/employment workbook; hours worked, millions of hours.","Information is classified as unmeasurable because modern Information includes publishing/software, motion picture/sound, broadcasting/telecom, and data/internet/other information services.","BEA-BLS historical KLEMS 1963-2016, current BEA-BLS ILPA 1997-2024, and BLS detailed industry hours/employment 1987-2025."
2024,Construction,4,sector,1.302392e6,4.346414573072942,19056.896,6.526319629407404,Other sectors,Current BEA-BLS ILPA Value Added sheet.,"BLS detailed industries hours/employment workbook; hours worked, millions of hours.","Information is classified as unmeasurable because modern Information includes publishing/software, motion picture/sound, broadcasting/telecom, and data/internet/other information services.","BEA-BLS historical KLEMS 1963-2016, current BEA-BLS ILPA 1997-2024, and BLS detailed industry hours/employment 1987-2025."
2024,Manufacturing,5,sector,2.85448e6,9.526128439475405,25572.02699999999,8.757523878696514,Griliches measurable sectors,Current BEA-BLS ILPA Value Added sheet.,"BLS detailed industries hours/employment workbook; hours worked, millions of hours.","Information is classified as unmeasurable because modern Information includes publishing/software, motion picture/sound, broadcasting/telecom, and data/internet/other information services.","BEA-BLS historical KLEMS 1963-2016, current BEA-BLS ILPA 1997-2024, and BLS detailed industry hours/employment 1987-2025."
2024,Wholesale trade,6,sector,1.396294e6,4.659789517974858,11986.296,4.104886696589385,Other sectors,Current BEA-BLS ILPA Value Added sheet.,"BLS detailed industries hours/employment workbook; hours worked, millions of hours.","Information is classified as unmeasurable because modern Information includes publishing/software, motion picture/sound, broadcasting/telecom, and data/internet/other information services.","BEA-BLS historical KLEMS 1963-2016, current BEA-BLS ILPA 1997-2024, and BLS detailed industry hours/employment 1987-2025."
2024,Retail trade,7,sector,1.542036e6,5.146167776370791,24278.275,8.314459117615536,Other sectors,Current BEA-BLS ILPA Value Added sheet.,"BLS detailed industries hours/employment workbook; hours worked, millions of hours.","Information is classified as unmeasurable because modern Information includes publishing/software, motion picture/sound, broadcasting/telecom, and data/internet/other information services.","BEA-BLS historical KLEMS 1963-2016, current BEA-BLS ILPA 1997-2024, and BLS detailed industry hours/employment 1987-2025."
2024,Transportation and warehousing,8,sector,957420.0,3.1951549460926483,15096.52,5.1700295164407395,Griliches measurable sectors,Current BEA-BLS ILPA Value Added sheet.,"BLS detailed industries hours/employment workbook; hours worked, millions of hours.","Information is classified as unmeasurable because modern Information includes publishing/software, motion picture/sound, broadcasting/telecom, and data/internet/other information services.","BEA-BLS historical KLEMS 1963-2016, current BEA-BLS ILPA 1997-2024, and BLS detailed industry hours/employment 1987-2025."
2024,Information,9,sector,1.548467e6,5.1676296650490325,5384.795,1.8441037464251704,Other sectors,Current BEA-BLS ILPA Value Added sheet.,"BLS detailed industries hours/employment workbook; hours worked, millions of hours.","Information is classified as unmeasurable because modern Information includes publishing/software, motion picture/sound, broadcasting/telecom, and data/internet/other information services.","BEA-BLS historical KLEMS 1963-2016, current BEA-BLS ILPA 1997-2024, and BLS detailed industry hours/employment 1987-2025."
2024,"Finance, insurance, real estate, rental, and leasing",10,sector,6.244929e6,20.84092225183035,17800.684,6.096111003915765,Other sectors,Current BEA-BLS ILPA Value Added sheet.,"BLS detailed industries hours/employment workbook; hours worked, millions of hours.","Information is classified as unmeasurable because modern Information includes publishing/software, motion picture/sound, broadcasting/telecom, and data/internet/other information services.","BEA-BLS historical KLEMS 1963-2016, current BEA-BLS ILPA 1997-2024, and BLS detailed industry hours/employment 1987-2025."
2024,Professional and business services,11,service_detail,3.755795e6,12.534046678323032,43561.317,14.918225833836658,Other sectors,Current BEA-BLS ILPA Value Added sheet.,"BLS detailed industries hours/employment workbook; hours worked, millions of hours.","Information is classified as unmeasurable because modern Information includes publishing/software, motion picture/sound, broadcasting/telecom, and data/internet/other information services.","BEA-BLS historical KLEMS 1963-2016, current BEA-BLS ILPA 1997-2024, and BLS detailed industry hours/employment 1987-2025."
2024,"Educational services, health care, and social assistance",12,service_detail,2.528737e6,8.439040894192187,43651.787000000004,14.949208641155987,Other sectors,Current BEA-BLS ILPA Value Added sheet.,"BLS detailed industries hours/employment workbook; hours worked, millions of hours.","Information is classified as unmeasurable because modern Information includes publishing/software, motion picture/sound, broadcasting/telecom, and data/internet/other information services.","BEA-BLS historical KLEMS 1963-2016, current BEA-BLS ILPA 1997-2024, and BLS detailed industry hours/employment 1987-2025."
2024,"Arts, entertainment, recreation, accommodation, and food services",13,service_detail,1.135259e6,3.7886490870737957,23227.154000000002,7.954486978649028,Other sectors,Current BEA-BLS ILPA Value Added sheet.,"BLS detailed industries hours/employment workbook; hours worked, millions of hours.","Information is classified as unmeasurable because modern Information includes publishing/software, motion picture/sound, broadcasting/telecom, and data/internet/other information services.","BEA-BLS historical KLEMS 1963-2016, current BEA-BLS ILPA 1997-2024, and BLS detailed industry hours/employment 1987-2025."
2024,"Other services, except government",14,service_detail,606756.0,2.0248996620828796,11824.474,4.049468327560663,Other sectors,Current BEA-BLS ILPA Value Added sheet.,"BLS detailed industries hours/employment workbook; hours worked, millions of hours.","Information is classified as unmeasurable because modern Information includes publishing/software, motion picture/sound, broadcasting/telecom, and data/internet/other information services.","BEA-BLS historical KLEMS 1963-2016, current BEA-BLS ILPA 1997-2024, and BLS detailed industry hours/employment 1987-2025."
2024,Services,15,services_total,8.026547e6,26.786636321671896,122264.732,41.87138978120234,Other sectors,Current BEA-BLS ILPA Value Added sheet.,"BLS detailed industries hours/employment workbook; hours worked, millions of hours.","Information is classified as unmeasurable because modern Information includes publishing/software, motion picture/sound, broadcasting/telecom, and data/internet/other information services.","BEA-BLS historical KLEMS 1963-2016, current BEA-BLS ILPA 1997-2024, and BLS detailed industry hours/employment 1987-2025."
2024,Government,16,sector,5.018848e6,16.7491769661039,41958.004,14.369147269101664,Other sectors,Current BEA-BLS ILPA Value Added sheet.,"BLS detailed industries hours/employment workbook; hours worked, millions of hours.","Information is classified as unmeasurable because modern Information includes publishing/software, motion picture/sound, broadcasting/telecom, and data/internet/other information services.","BEA-BLS historical KLEMS 1963-2016, current BEA-BLS ILPA 1997-2024, and BLS detailed industry hours/employment 1987-2025."
2024,Total,17,total,2.9964744e7,100.0,292000.65400000004,100.0,Total,Current BEA-BLS ILPA Value Added sheet.,"BLS detailed industries hours/employment workbook; hours worked, millions of hours.","Information is classified as unmeasurable because modern Information includes publishing/software, motion picture/sound, broadcasting/telecom, and data/internet/other information services.","BEA-BLS historical KLEMS 1963-2016, current BEA-BLS ILPA 1997-2024, and BLS detailed industry hours/employment 1987-2025."
