year,sector,sector_order,row_type,value_thousands,share_of_persons_engaged_percent,share_of_domestic_industries_percent,source_table,source_line,source_description,classification_note,source_note
1929,"Agriculture, forestry, fishing, and hunting",1,sector,8627.0,18.916370652984256,18.916370652984256,Table 6.8A,4,"Agriculture, forestry, and fisheries",Legacy SIC agriculture/forestry/fishing mapped to Table 6D agriculture/forestry/fishing/hunting.,"BEA NIPA archive, 2024 Q1 Third estimate, released June 28, 2024; Section 6 Table 6.8A/B/C/D."
1929,Mining,2,sector,1017.0,2.229969740823576,2.229969740823576,Table 6.8A,7,Mining,Direct legacy SIC mapping.,"BEA NIPA archive, 2024 Q1 Third estimate, released June 28, 2024; Section 6 Table 6.8A/B/C/D."
1929,Utilities,3,sector,495.0,1.085383502170767,1.085383502170767,Table 6.8A,49,"Electric, gas, and sanitary services","Legacy electric, gas, and sanitary services mapped to Table 6D utilities.","BEA NIPA archive, 2024 Q1 Third estimate, released June 28, 2024; Section 6 Table 6.8A/B/C/D."
1929,Construction,4,sector,2306.0,5.056352234355129,5.056352234355129,Table 6.8A,13,Contract construction,Direct legacy SIC mapping.,"BEA NIPA archive, 2024 Q1 Third estimate, released June 28, 2024; Section 6 Table 6.8A/B/C/D."
1929,Manufacturing,5,sector,10556.0,23.14607727053458,23.14607727053458,Table 6.8A,14,Manufacturing,Direct legacy SIC mapping.,"BEA NIPA archive, 2024 Q1 Third estimate, released June 28, 2024; Section 6 Table 6.8A/B/C/D."
1929,Wholesale trade,6,sector,1744.0,3.8240582379511467,3.8240582379511467,Table 6.8A,52,Wholesale trade,Direct legacy SIC mapping.,"BEA NIPA archive, 2024 Q1 Third estimate, released June 28, 2024; Section 6 Table 6.8A/B/C/D."
1929,Retail trade,7,sector,6077.0,13.325001096346972,13.325001096346972,Table 6.8A,53,Retail trade and automobile services,Direct legacy SIC mapping.,"BEA NIPA archive, 2024 Q1 Third estimate, released June 28, 2024; Section 6 Table 6.8A/B/C/D."
1929,Transportation and warehousing,8,sector,3034.0,6.652633425426479,6.652633425426479,Table 6.8A,37 - 46 - 49,Transportation and public utilities less communications and electric/gas/sanitary services,Legacy transportation/public utilities adjusted by subtracting communications and electric/gas/sanitary services.,"BEA NIPA archive, 2024 Q1 Third estimate, released June 28, 2024; Section 6 Table 6.8A/B/C/D."
1929,Information,9,sector,539.0,1.1818620356970575,1.1818620356970575,Table 6.8A,46,Communication,Legacy communications mapped to Table 6D information.,"BEA NIPA archive, 2024 Q1 Third estimate, released June 28, 2024; Section 6 Table 6.8A/B/C/D."
1929,"Finance, insurance, real estate, rental, and leasing",10,sector,1575.0,3.4534929614524406,3.4534929614524406,Table 6.8A,54,"Finance, insurance, and real estate",Legacy finance/insurance/real estate mapped to Table 6D finance/insurance/real estate/rental/leasing.,"BEA NIPA archive, 2024 Q1 Third estimate, released June 28, 2024; Section 6 Table 6.8A/B/C/D."
1929,Professional and business services,11,service_detail,missing,missing,missing,Table 6.8A,,,Service detail is not available before Table 6.8D; kept missing by design.,"BEA NIPA archive, 2024 Q1 Third estimate, released June 28, 2024; Section 6 Table 6.8A/B/C/D."
1929,"Educational services, health care, and social assistance",12,service_detail,missing,missing,missing,Table 6.8A,,,Service detail is not available before Table 6.8D; kept missing by design.,"BEA NIPA archive, 2024 Q1 Third estimate, released June 28, 2024; Section 6 Table 6.8A/B/C/D."
1929,"Arts, entertainment, recreation, accommodation, and food services",13,service_detail,missing,missing,missing,Table 6.8A,,,Service detail is not available before Table 6.8D; kept missing by design.,"BEA NIPA archive, 2024 Q1 Third estimate, released June 28, 2024; Section 6 Table 6.8A/B/C/D."
1929,"Other services, except government",14,service_detail,missing,missing,missing,Table 6.8A,,,Service detail is not available before Table 6.8D; kept missing by design.,"BEA NIPA archive, 2024 Q1 Third estimate, released June 28, 2024; Section 6 Table 6.8A/B/C/D."
1929,Services,15,services_total,6484.0,14.217427531465159,14.217427531465159,Table 6.8A,61,Services,Legacy aggregate services mapped to total services.,"BEA NIPA archive, 2024 Q1 Third estimate, released June 28, 2024; Section 6 Table 6.8A/B/C/D."
1929,Government,16,sector,3152.0,6.91137131079244,6.91137131079244,Table 6.8A,75,Government,Direct legacy SIC mapping.,"BEA NIPA archive, 2024 Q1 Third estimate, released June 28, 2024; Section 6 Table 6.8A/B/C/D."
1929,Rest of the world,17,sector,0.0,0.0,missing,Table 6.8A,88,Rest of the world,Direct mapping.,"BEA NIPA archive, 2024 Q1 Third estimate, released June 28, 2024; Section 6 Table 6.8A/B/C/D."
1930,"Agriculture, forestry, fishing, and hunting",1,sector,8441.0,19.401475624612132,19.401475624612132,Table 6.8A,4,"Agriculture, forestry, and fisheries",Legacy SIC agriculture/forestry/fishing mapped to Table 6D agriculture/forestry/fishing/hunting.,"BEA NIPA archive, 2024 Q1 Third estimate, released June 28, 2024; Section 6 Table 6.8A/B/C/D."
1930,Mining,2,sector,956.0,2.1973475532672904,2.1973475532672904,Table 6.8A,7,Mining,Direct legacy SIC mapping.,"BEA NIPA archive, 2024 Q1 Third estimate, released June 28, 2024; Section 6 Table 6.8A/B/C/D."
1930,Utilities,3,sector,503.0,1.1561357942400075,1.1561357942400075,Table 6.8A,49,"Electric, gas, and sanitary services","Legacy electric, gas, and sanitary services mapped to Table 6D utilities.","BEA NIPA archive, 2024 Q1 Third estimate, released June 28, 2024; Section 6 Table 6.8A/B/C/D."
1930,Construction,4,sector,2183.0,5.017583377387547,5.017583377387547,Table 6.8A,13,Contract construction,Direct legacy SIC mapping.,"BEA NIPA archive, 2024 Q1 Third estimate, released June 28, 2024; Section 6 Table 6.8A/B/C/D."
1930,Manufacturing,5,sector,9418.0,21.647091272668767,21.647091272668767,Table 6.8A,14,Manufacturing,Direct legacy SIC mapping.,"BEA NIPA archive, 2024 Q1 Third estimate, released June 28, 2024; Section 6 Table 6.8A/B/C/D."
1930,Wholesale trade,6,sector,1685.0,3.872939986668812,3.872939986668812,Table 6.8A,52,Wholesale trade,Direct legacy SIC mapping.,"BEA NIPA archive, 2024 Q1 Third estimate, released June 28, 2024; Section 6 Table 6.8A/B/C/D."
1930,Retail trade,7,sector,5839.0,13.420828832141954,13.420828832141954,Table 6.8A,53,Retail trade and automobile services,Direct legacy SIC mapping.,"BEA NIPA archive, 2024 Q1 Third estimate, released June 28, 2024; Section 6 Table 6.8A/B/C/D."
1930,Transportation and warehousing,8,sector,2795.0,6.424253568391293,6.424253568391293,Table 6.8A,37 - 46 - 49,Transportation and public utilities less communications and electric/gas/sanitary services,Legacy transportation/public utilities adjusted by subtracting communications and electric/gas/sanitary services.,"BEA NIPA archive, 2024 Q1 Third estimate, released June 28, 2024; Section 6 Table 6.8A/B/C/D."
1930,Information,9,sector,531.0,1.220493253959133,1.220493253959133,Table 6.8A,46,Communication,Legacy communications mapped to Table 6D information.,"BEA NIPA archive, 2024 Q1 Third estimate, released June 28, 2024; Section 6 Table 6.8A/B/C/D."
1930,"Finance, insurance, real estate, rental, and leasing",10,sector,1551.0,3.5649435722987106,3.5649435722987106,Table 6.8A,54,"Finance, insurance, and real estate",Legacy finance/insurance/real estate mapped to Table 6D finance/insurance/real estate/rental/leasing.,"BEA NIPA archive, 2024 Q1 Third estimate, released June 28, 2024; Section 6 Table 6.8A/B/C/D."
1930,Professional and business services,11,service_detail,missing,missing,missing,Table 6.8A,,,Service detail is not available before Table 6.8D; kept missing by design.,"BEA NIPA archive, 2024 Q1 Third estimate, released June 28, 2024; Section 6 Table 6.8A/B/C/D."
1930,"Educational services, health care, and social assistance",12,service_detail,missing,missing,missing,Table 6.8A,,,Service detail is not available before Table 6.8D; kept missing by design.,"BEA NIPA archive, 2024 Q1 Third estimate, released June 28, 2024; Section 6 Table 6.8A/B/C/D."
1930,"Arts, entertainment, recreation, accommodation, and food services",13,service_detail,missing,missing,missing,Table 6.8A,,,Service detail is not available before Table 6.8D; kept missing by design.,"BEA NIPA archive, 2024 Q1 Third estimate, released June 28, 2024; Section 6 Table 6.8A/B/C/D."
1930,"Other services, except government",14,service_detail,missing,missing,missing,Table 6.8A,,,Service detail is not available before Table 6.8D; kept missing by design.,"BEA NIPA archive, 2024 Q1 Third estimate, released June 28, 2024; Section 6 Table 6.8A/B/C/D."
1930,Services,15,services_total,6318.0,14.521801089479855,14.521801089479855,Table 6.8A,61,Services,Legacy aggregate services mapped to total services.,"BEA NIPA archive, 2024 Q1 Third estimate, released June 28, 2024; Section 6 Table 6.8A/B/C/D."
1930,Government,16,sector,3287.0,7.555106074884502,7.555106074884502,Table 6.8A,75,Government,Direct legacy SIC mapping.,"BEA NIPA archive, 2024 Q1 Third estimate, released June 28, 2024; Section 6 Table 6.8A/B/C/D."
1930,Rest of the world,17,sector,0.0,0.0,missing,Table 6.8A,88,Rest of the world,Direct mapping.,"BEA NIPA archive, 2024 Q1 Third estimate, released June 28, 2024; Section 6 Table 6.8A/B/C/D."
1931,"Agriculture, forestry, fishing, and hunting",1,sector,8471.0,20.923798937878228,20.924315779073215,Table 6.8A,4,"Agriculture, forestry, and fisheries",Legacy SIC agriculture/forestry/fishing mapped to Table 6D agriculture/forestry/fishing/hunting.,"BEA NIPA archive, 2024 Q1 Third estimate, released June 28, 2024; Section 6 Table 6.8A/B/C/D."
1931,Mining,2,sector,839.0,2.0723724836359145,2.0724236735500443,Table 6.8A,7,Mining,Direct legacy SIC mapping.,"BEA NIPA archive, 2024 Q1 Third estimate, released June 28, 2024; Section 6 Table 6.8A/B/C/D."
1931,Utilities,3,sector,465.0,1.148573545757688,1.1486019168066397,Table 6.8A,49,"Electric, gas, and sanitary services","Legacy electric, gas, and sanitary services mapped to Table 6D utilities.","BEA NIPA archive, 2024 Q1 Third estimate, released June 28, 2024; Section 6 Table 6.8A/B/C/D."
1931,Construction,4,sector,1983.0,4.898110411263431,4.898231400059283,Table 6.8A,13,Contract construction,Direct legacy SIC mapping.,"BEA NIPA archive, 2024 Q1 Third estimate, released June 28, 2024; Section 6 Table 6.8A/B/C/D."
1931,Manufacturing,5,sector,7983.0,19.718414227491664,19.718901294338504,Table 6.8A,14,Manufacturing,Direct legacy SIC mapping.,"BEA NIPA archive, 2024 Q1 Third estimate, released June 28, 2024; Section 6 Table 6.8A/B/C/D."
1931,Wholesale trade,6,sector,1533.0,3.7865876250463133,3.7866811579883413,Table 6.8A,52,Wholesale trade,Direct legacy SIC mapping.,"BEA NIPA archive, 2024 Q1 Third estimate, released June 28, 2024; Section 6 Table 6.8A/B/C/D."
1931,Retail trade,7,sector,5507.0,13.602568852661479,13.602904851299279,Table 6.8A,53,Retail trade and automobile services,Direct legacy SIC mapping.,"BEA NIPA archive, 2024 Q1 Third estimate, released June 28, 2024; Section 6 Table 6.8A/B/C/D."
1931,Transportation and warehousing,8,sector,2444.0,6.036803754476967,6.036952870269737,Table 6.8A,37 - 46 - 49,Transportation and public utilities less communications and electric/gas/sanitary services,Legacy transportation/public utilities adjusted by subtracting communications and electric/gas/sanitary services.,"BEA NIPA archive, 2024 Q1 Third estimate, released June 28, 2024; Section 6 Table 6.8A/B/C/D."
1931,Information,9,sector,468.0,1.1559836976658022,1.1560122517537792,Table 6.8A,46,Communication,Legacy communications mapped to Table 6D information.,"BEA NIPA archive, 2024 Q1 Third estimate, released June 28, 2024; Section 6 Table 6.8A/B/C/D."
1931,"Finance, insurance, real estate, rental, and leasing",10,sector,1488.0,3.6754353464246017,3.675526133781247,Table 6.8A,54,"Finance, insurance, and real estate",Legacy finance/insurance/real estate mapped to Table 6D finance/insurance/real estate/rental/leasing.,"BEA NIPA archive, 2024 Q1 Third estimate, released June 28, 2024; Section 6 Table 6.8A/B/C/D."
1931,Professional and business services,11,service_detail,missing,missing,missing,Table 6.8A,,,Service detail is not available before Table 6.8D; kept missing by design.,"BEA NIPA archive, 2024 Q1 Third estimate, released June 28, 2024; Section 6 Table 6.8A/B/C/D."
1931,"Educational services, health care, and social assistance",12,service_detail,missing,missing,missing,Table 6.8A,,,Service detail is not available before Table 6.8D; kept missing by design.,"BEA NIPA archive, 2024 Q1 Third estimate, released June 28, 2024; Section 6 Table 6.8A/B/C/D."
1931,"Arts, entertainment, recreation, accommodation, and food services",13,service_detail,missing,missing,missing,Table 6.8A,,,Service detail is not available before Table 6.8D; kept missing by design.,"BEA NIPA archive, 2024 Q1 Third estimate, released June 28, 2024; Section 6 Table 6.8A/B/C/D."
1931,"Other services, except government",14,service_detail,missing,missing,missing,Table 6.8A,,,Service detail is not available before Table 6.8D; kept missing by design.,"BEA NIPA archive, 2024 Q1 Third estimate, released June 28, 2024; Section 6 Table 6.8A/B/C/D."
1931,Services,15,services_total,5934.0,14.657280474249722,14.65764252544215,Table 6.8A,61,Services,Legacy aggregate services mapped to total services.,"BEA NIPA archive, 2024 Q1 Third estimate, released June 28, 2024; Section 6 Table 6.8A/B/C/D."
1931,Government,16,sector,3369.0,8.321600592812153,8.321806145637783,Table 6.8A,75,Government,Direct legacy SIC mapping.,"BEA NIPA archive, 2024 Q1 Third estimate, released June 28, 2024; Section 6 Table 6.8A/B/C/D."
1931,Rest of the world,17,sector,1.0,0.0024700506360380388,missing,Table 6.8A,88,Rest of the world,Direct mapping.,"BEA NIPA archive, 2024 Q1 Third estimate, released June 28, 2024; Section 6 Table 6.8A/B/C/D."
1932,"Agriculture, forestry, fishing, and hunting",1,sector,8370.0,22.59536214669438,22.595972139733277,Table 6.8A,4,"Agriculture, forestry, and fisheries",Legacy SIC agriculture/forestry/fishing mapped to Table 6D agriculture/forestry/fishing/hunting.,"BEA NIPA archive, 2024 Q1 Third estimate, released June 28, 2024; Section 6 Table 6.8A/B/C/D."
1932,Mining,2,sector,701.0,1.8923953243527791,1.8924464121807678,Table 6.8A,7,Mining,Direct legacy SIC mapping.,"BEA NIPA archive, 2024 Q1 Third estimate, released June 28, 2024; Section 6 Table 6.8A/B/C/D."
1932,Utilities,3,sector,409.0,1.1041222363199525,1.104152043626154,Table 6.8A,49,"Electric, gas, and sanitary services","Legacy electric, gas, and sanitary services mapped to Table 6D utilities.","BEA NIPA archive, 2024 Q1 Third estimate, released June 28, 2024; Section 6 Table 6.8A/B/C/D."
1932,Construction,4,sector,1644.0,4.438085468239613,4.438205280492414,Table 6.8A,13,Contract construction,Direct legacy SIC mapping.,"BEA NIPA archive, 2024 Q1 Third estimate, released June 28, 2024; Section 6 Table 6.8A/B/C/D."
1932,Manufacturing,5,sector,6746.0,18.211267985854278,18.211759624210355,Table 6.8A,14,Manufacturing,Direct legacy SIC mapping.,"BEA NIPA archive, 2024 Q1 Third estimate, released June 28, 2024; Section 6 Table 6.8A/B/C/D."
1932,Wholesale trade,6,sector,1395.0,3.7658936911157306,3.7659953566222124,Table 6.8A,52,Wholesale trade,Direct legacy SIC mapping.,"BEA NIPA archive, 2024 Q1 Third estimate, released June 28, 2024; Section 6 Table 6.8A/B/C/D."
1932,Retail trade,7,sector,5058.0,13.654401641335745,13.654770260785055,Table 6.8A,53,Retail trade and automobile services,Direct legacy SIC mapping.,"BEA NIPA archive, 2024 Q1 Third estimate, released June 28, 2024; Section 6 Table 6.8A/B/C/D."
1932,Transportation and warehousing,8,sector,2100.0,5.669087276948411,5.669240321796879,Table 6.8A,37 - 46 - 49,Transportation and public utilities less communications and electric/gas/sanitary services,Legacy transportation/public utilities adjusted by subtracting communications and electric/gas/sanitary services.,"BEA NIPA archive, 2024 Q1 Third estimate, released June 28, 2024; Section 6 Table 6.8A/B/C/D."
1932,Information,9,sector,422.0,1.139216586129633,1.1392473408563253,Table 6.8A,46,Communication,Legacy communications mapped to Table 6D information.,"BEA NIPA archive, 2024 Q1 Third estimate, released June 28, 2024; Section 6 Table 6.8A/B/C/D."
1932,"Finance, insurance, real estate, rental, and leasing",10,sector,1423.0,3.8414815214750426,3.8415852275795044,Table 6.8A,54,"Finance, insurance, and real estate",Legacy finance/insurance/real estate mapped to Table 6D finance/insurance/real estate/rental/leasing.,"BEA NIPA archive, 2024 Q1 Third estimate, released June 28, 2024; Section 6 Table 6.8A/B/C/D."
1932,Professional and business services,11,service_detail,missing,missing,missing,Table 6.8A,,,Service detail is not available before Table 6.8D; kept missing by design.,"BEA NIPA archive, 2024 Q1 Third estimate, released June 28, 2024; Section 6 Table 6.8A/B/C/D."
1932,"Educational services, health care, and social assistance",12,service_detail,missing,missing,missing,Table 6.8A,,,Service detail is not available before Table 6.8D; kept missing by design.,"BEA NIPA archive, 2024 Q1 Third estimate, released June 28, 2024; Section 6 Table 6.8A/B/C/D."
1932,"Arts, entertainment, recreation, accommodation, and food services",13,service_detail,missing,missing,missing,Table 6.8A,,,Service detail is not available before Table 6.8D; kept missing by design.,"BEA NIPA archive, 2024 Q1 Third estimate, released June 28, 2024; Section 6 Table 6.8A/B/C/D."
1932,"Other services, except government",14,service_detail,missing,missing,missing,Table 6.8A,,,Service detail is not available before Table 6.8D; kept missing by design.,"BEA NIPA archive, 2024 Q1 Third estimate, released June 28, 2024; Section 6 Table 6.8A/B/C/D."
1932,Services,15,services_total,5443.0,14.693734308776287,14.694130986447815,Table 6.8A,61,Services,Legacy aggregate services mapped to total services.,"BEA NIPA archive, 2024 Q1 Third estimate, released June 28, 2024; Section 6 Table 6.8A/B/C/D."
1932,Government,16,sector,3331.0,8.992252247388171,8.992495005669241,Table 6.8A,75,Government,Direct legacy SIC mapping.,"BEA NIPA archive, 2024 Q1 Third estimate, released June 28, 2024; Section 6 Table 6.8A/B/C/D."
1932,Rest of the world,17,sector,1.0,0.002699565369975434,missing,Table 6.8A,88,Rest of the world,Direct mapping.,"BEA NIPA archive, 2024 Q1 Third estimate, released June 28, 2024; Section 6 Table 6.8A/B/C/D."
1933,"Agriculture, forestry, fishing, and hunting",1,sector,8438.0,22.480950604784994,22.481549569711987,Table 6.8A,4,"Agriculture, forestry, and fisheries",Legacy SIC agriculture/forestry/fishing mapped to Table 6D agriculture/forestry/fishing/hunting.,"BEA NIPA archive, 2024 Q1 Third estimate, released June 28, 2024; Section 6 Table 6.8A/B/C/D."
1933,Mining,2,sector,724.0,1.9289177812117013,1.9289691737937282,Table 6.8A,7,Mining,Direct legacy SIC mapping.,"BEA NIPA archive, 2024 Q1 Third estimate, released June 28, 2024; Section 6 Table 6.8A/B/C/D."
1933,Utilities,3,sector,395.0,1.0523791762135664,1.0524072149841472,Table 6.8A,49,"Electric, gas, and sanitary services","Legacy electric, gas, and sanitary services mapped to Table 6D utilities.","BEA NIPA archive, 2024 Q1 Third estimate, released June 28, 2024; Section 6 Table 6.8A/B/C/D."
1933,Construction,4,sector,1383.0,3.684659242286993,3.684757413476141,Table 6.8A,13,Contract construction,Direct legacy SIC mapping.,"BEA NIPA archive, 2024 Q1 Third estimate, released June 28, 2024; Section 6 Table 6.8A/B/C/D."
1933,Manufacturing,5,sector,7273.0,19.37709809772473,19.377614366024567,Table 6.8A,14,Manufacturing,Direct legacy SIC mapping.,"BEA NIPA archive, 2024 Q1 Third estimate, released June 28, 2024; Section 6 Table 6.8A/B/C/D."
1933,Wholesale trade,6,sector,1393.0,3.71130175307721,3.711400634108651,Table 6.8A,52,Wholesale trade,Direct legacy SIC mapping.,"BEA NIPA archive, 2024 Q1 Third estimate, released June 28, 2024; Section 6 Table 6.8A/B/C/D."
1933,Retail trade,7,sector,5038.0,13.422496936111258,13.422854554658567,Table 6.8A,53,Retail trade and automobile services,Direct legacy SIC mapping.,"BEA NIPA archive, 2024 Q1 Third estimate, released June 28, 2024; Section 6 Table 6.8A/B/C/D."
1933,Transportation and warehousing,8,sector,2008.0,5.349816166675548,5.34995870300802,Table 6.8A,37 - 46 - 49,Transportation and public utilities less communications and electric/gas/sanitary services,Legacy transportation/public utilities adjusted by subtracting communications and electric/gas/sanitary services.,"BEA NIPA archive, 2024 Q1 Third estimate, released June 28, 2024; Section 6 Table 6.8A/B/C/D."
1933,Information,9,sector,392.0,1.0443864229765014,1.0444142487943944,Table 6.8A,46,Communication,Legacy communications mapped to Table 6D information.,"BEA NIPA archive, 2024 Q1 Third estimate, released June 28, 2024; Section 6 Table 6.8A/B/C/D."
1933,"Finance, insurance, real estate, rental, and leasing",10,sector,1373.0,3.6580167314967764,3.658114192843631,Table 6.8A,54,"Finance, insurance, and real estate",Legacy finance/insurance/real estate mapped to Table 6D finance/insurance/real estate/rental/leasing.,"BEA NIPA archive, 2024 Q1 Third estimate, released June 28, 2024; Section 6 Table 6.8A/B/C/D."
1933,Professional and business services,11,service_detail,missing,missing,missing,Table 6.8A,,,Service detail is not available before Table 6.8D; kept missing by design.,"BEA NIPA archive, 2024 Q1 Third estimate, released June 28, 2024; Section 6 Table 6.8A/B/C/D."
1933,"Educational services, health care, and social assistance",12,service_detail,missing,missing,missing,Table 6.8A,,,Service detail is not available before Table 6.8D; kept missing by design.,"BEA NIPA archive, 2024 Q1 Third estimate, released June 28, 2024; Section 6 Table 6.8A/B/C/D."
1933,"Arts, entertainment, recreation, accommodation, and food services",13,service_detail,missing,missing,missing,Table 6.8A,,,Service detail is not available before Table 6.8D; kept missing by design.,"BEA NIPA archive, 2024 Q1 Third estimate, released June 28, 2024; Section 6 Table 6.8A/B/C/D."
1933,"Other services, except government",14,service_detail,missing,missing,missing,Table 6.8A,,,Service detail is not available before Table 6.8D; kept missing by design.,"BEA NIPA archive, 2024 Q1 Third estimate, released June 28, 2024; Section 6 Table 6.8A/B/C/D."
1933,Services,15,services_total,5275.0,14.0539244418394,14.054298883649055,Table 6.8A,61,Services,Legacy aggregate services mapped to total services.,"BEA NIPA archive, 2024 Q1 Third estimate, released June 28, 2024; Section 6 Table 6.8A/B/C/D."
1933,Government,16,sector,3841.0,10.233388394522299,10.233661044947112,Table 6.8A,75,Government,Direct legacy SIC mapping.,"BEA NIPA archive, 2024 Q1 Third estimate, released June 28, 2024; Section 6 Table 6.8A/B/C/D."
1933,Rest of the world,17,sector,1.0,0.002664251079021687,missing,Table 6.8A,88,Rest of the world,Direct mapping.,"BEA NIPA archive, 2024 Q1 Third estimate, released June 28, 2024; Section 6 Table 6.8A/B/C/D."
1934,"Agriculture, forestry, fishing, and hunting",1,sector,8523.0,20.8483158435459,20.848825831702545,Table 6.8A,4,"Agriculture, forestry, and fisheries",Legacy SIC agriculture/forestry/fishing mapped to Table 6D agriculture/forestry/fishing/hunting.,"BEA NIPA archive, 2024 Q1 Third estimate, released June 28, 2024; Section 6 Table 6.8A/B/C/D."
1934,Mining,2,sector,857.0,2.096328367701377,2.0963796477495107,Table 6.8A,7,Mining,Direct legacy SIC mapping.,"BEA NIPA archive, 2024 Q1 Third estimate, released June 28, 2024; Section 6 Table 6.8A/B/C/D."
1934,Utilities,3,sector,411.0,1.0053570118147794,1.0053816046966733,Table 6.8A,49,"Electric, gas, and sanitary services","Legacy electric, gas, and sanitary services mapped to Table 6D utilities.","BEA NIPA archive, 2024 Q1 Third estimate, released June 28, 2024; Section 6 Table 6.8A/B/C/D."
1934,Construction,4,sector,1460.0,3.5713412098529878,3.5714285714285716,Table 6.8A,13,Contract construction,Direct legacy SIC mapping.,"BEA NIPA archive, 2024 Q1 Third estimate, released June 28, 2024; Section 6 Table 6.8A/B/C/D."
1934,Manufacturing,5,sector,8441.0,20.647733666006214,20.648238747553815,Table 6.8A,14,Manufacturing,Direct legacy SIC mapping.,"BEA NIPA archive, 2024 Q1 Third estimate, released June 28, 2024; Section 6 Table 6.8A/B/C/D."
1934,Wholesale trade,6,sector,1530.0,3.742569897996624,3.7426614481409004,Table 6.8A,52,Wholesale trade,Direct legacy SIC mapping.,"BEA NIPA archive, 2024 Q1 Third estimate, released June 28, 2024; Section 6 Table 6.8A/B/C/D."
1934,Retail trade,7,sector,5431.0,13.284900075829848,13.28522504892368,Table 6.8A,53,Retail trade and automobile services,Direct legacy SIC mapping.,"BEA NIPA archive, 2024 Q1 Third estimate, released June 28, 2024; Section 6 Table 6.8A/B/C/D."
1934,Transportation and warehousing,8,sector,2077.0,5.080599789633326,5.080724070450098,Table 6.8A,37 - 46 - 49,Transportation and public utilities less communications and electric/gas/sanitary services,Legacy transportation/public utilities adjusted by subtracting communications and electric/gas/sanitary services.,"BEA NIPA archive, 2024 Q1 Third estimate, released June 28, 2024; Section 6 Table 6.8A/B/C/D."
1934,Information,9,sector,391.0,0.9564345294880262,0.9564579256360078,Table 6.8A,46,Communication,Legacy communications mapped to Table 6D information.,"BEA NIPA archive, 2024 Q1 Third estimate, released June 28, 2024; Section 6 Table 6.8A/B/C/D."
1934,"Finance, insurance, real estate, rental, and leasing",10,sector,1401.0,3.427019886989066,3.4271037181996085,Table 6.8A,54,"Finance, insurance, and real estate",Legacy finance/insurance/real estate mapped to Table 6D finance/insurance/real estate/rental/leasing.,"BEA NIPA archive, 2024 Q1 Third estimate, released June 28, 2024; Section 6 Table 6.8A/B/C/D."
1934,Professional and business services,11,service_detail,missing,missing,missing,Table 6.8A,,,Service detail is not available before Table 6.8D; kept missing by design.,"BEA NIPA archive, 2024 Q1 Third estimate, released June 28, 2024; Section 6 Table 6.8A/B/C/D."
1934,"Educational services, health care, and social assistance",12,service_detail,missing,missing,missing,Table 6.8A,,,Service detail is not available before Table 6.8D; kept missing by design.,"BEA NIPA archive, 2024 Q1 Third estimate, released June 28, 2024; Section 6 Table 6.8A/B/C/D."
1934,"Arts, entertainment, recreation, accommodation, and food services",13,service_detail,missing,missing,missing,Table 6.8A,,,Service detail is not available before Table 6.8D; kept missing by design.,"BEA NIPA archive, 2024 Q1 Third estimate, released June 28, 2024; Section 6 Table 6.8A/B/C/D."
1934,"Other services, except government",14,service_detail,missing,missing,missing,Table 6.8A,,,Service detail is not available before Table 6.8D; kept missing by design.,"BEA NIPA archive, 2024 Q1 Third estimate, released June 28, 2024; Section 6 Table 6.8A/B/C/D."
1934,Services,15,services_total,5658.0,13.840170250238497,13.84050880626223,Table 6.8A,61,Services,Legacy aggregate services mapped to total services.,"BEA NIPA archive, 2024 Q1 Third estimate, released June 28, 2024; Section 6 Table 6.8A/B/C/D."
1934,Government,16,sector,4700.0,11.496783346787016,11.49706457925636,Table 6.8A,75,Government,Direct legacy SIC mapping.,"BEA NIPA archive, 2024 Q1 Third estimate, released June 28, 2024; Section 6 Table 6.8A/B/C/D."
1934,Rest of the world,17,sector,1.0,0.002446124116337663,missing,Table 6.8A,88,Rest of the world,Direct mapping.,"BEA NIPA archive, 2024 Q1 Third estimate, released June 28, 2024; Section 6 Table 6.8A/B/C/D."
1935,"Agriculture, forestry, fishing, and hunting",1,sector,8651.0,20.408596569864823,20.409078040954988,Table 6.8A,4,"Agriculture, forestry, and fisheries",Legacy SIC agriculture/forestry/fishing mapped to Table 6D agriculture/forestry/fishing/hunting.,"BEA NIPA archive, 2024 Q1 Third estimate, released June 28, 2024; Section 6 Table 6.8A/B/C/D."
1935,Mining,2,sector,876.0,2.066573875297837,2.0666226290459564,Table 6.8A,7,Mining,Direct legacy SIC mapping.,"BEA NIPA archive, 2024 Q1 Third estimate, released June 28, 2024; Section 6 Table 6.8A/B/C/D."
1935,Utilities,3,sector,416.0,0.9813866805067353,0.9814098329715958,Table 6.8A,49,"Electric, gas, and sanitary services","Legacy electric, gas, and sanitary services mapped to Table 6D utilities.","BEA NIPA archive, 2024 Q1 Third estimate, released June 28, 2024; Section 6 Table 6.8A/B/C/D."
1935,Construction,4,sector,1514.0,3.571681332421147,3.571765594036048,Table 6.8A,13,Contract construction,Direct legacy SIC mapping.,"BEA NIPA archive, 2024 Q1 Third estimate, released June 28, 2024; Section 6 Table 6.8A/B/C/D."
1935,Manufacturing,5,sector,8983.0,21.191818632192312,21.192318580730394,Table 6.8A,14,Manufacturing,Direct legacy SIC mapping.,"BEA NIPA archive, 2024 Q1 Third estimate, released June 28, 2024; Section 6 Table 6.8A/B/C/D."
1935,Wholesale trade,6,sector,1572.0,3.7085092830687207,3.7085967726715108,Table 6.8A,52,Wholesale trade,Direct legacy SIC mapping.,"BEA NIPA archive, 2024 Q1 Third estimate, released June 28, 2024; Section 6 Table 6.8A/B/C/D."
1935,Retail trade,7,sector,5608.0,13.22984736606195,13.230159479097859,Table 6.8A,53,Retail trade and automobile services,Direct legacy SIC mapping.,"BEA NIPA archive, 2024 Q1 Third estimate, released June 28, 2024; Section 6 Table 6.8A/B/C/D."
1935,Transportation and warehousing,8,sector,2102.0,4.958833659675859,4.958950646409361,Table 6.8A,37 - 46 - 49,Transportation and public utilities less communications and electric/gas/sanitary services,Legacy transportation/public utilities adjusted by subtracting communications and electric/gas/sanitary services.,"BEA NIPA archive, 2024 Q1 Third estimate, released June 28, 2024; Section 6 Table 6.8A/B/C/D."
1935,Information,9,sector,390.0,0.9200500129750643,0.920071718410871,Table 6.8A,46,Communication,Legacy communications mapped to Table 6D information.,"BEA NIPA archive, 2024 Q1 Third estimate, released June 28, 2024; Section 6 Table 6.8A/B/C/D."
1935,"Finance, insurance, real estate, rental, and leasing",10,sector,1425.0,3.3617212012550426,3.3618005095781824,Table 6.8A,54,"Finance, insurance, and real estate",Legacy finance/insurance/real estate mapped to Table 6D finance/insurance/real estate/rental/leasing.,"BEA NIPA archive, 2024 Q1 Third estimate, released June 28, 2024; Section 6 Table 6.8A/B/C/D."
1935,Professional and business services,11,service_detail,missing,missing,missing,Table 6.8A,,,Service detail is not available before Table 6.8D; kept missing by design.,"BEA NIPA archive, 2024 Q1 Third estimate, released June 28, 2024; Section 6 Table 6.8A/B/C/D."
1935,"Educational services, health care, and social assistance",12,service_detail,missing,missing,missing,Table 6.8A,,,Service detail is not available before Table 6.8D; kept missing by design.,"BEA NIPA archive, 2024 Q1 Third estimate, released June 28, 2024; Section 6 Table 6.8A/B/C/D."
1935,"Arts, entertainment, recreation, accommodation, and food services",13,service_detail,missing,missing,missing,Table 6.8A,,,Service detail is not available before Table 6.8D; kept missing by design.,"BEA NIPA archive, 2024 Q1 Third estimate, released June 28, 2024; Section 6 Table 6.8A/B/C/D."
1935,"Other services, except government",14,service_detail,missing,missing,missing,Table 6.8A,,,Service detail is not available before Table 6.8D; kept missing by design.,"BEA NIPA archive, 2024 Q1 Third estimate, released June 28, 2024; Section 6 Table 6.8A/B/C/D."
1935,Services,15,services_total,5850.0,13.800750194625964,13.801075776163065,Table 6.8A,61,Services,Legacy aggregate services mapped to total services.,"BEA NIPA archive, 2024 Q1 Third estimate, released June 28, 2024; Section 6 Table 6.8A/B/C/D."
1935,Government,16,sector,5001.0,11.79787208945717,11.798150419930169,Table 6.8A,75,Government,Direct legacy SIC mapping.,"BEA NIPA archive, 2024 Q1 Third estimate, released June 28, 2024; Section 6 Table 6.8A/B/C/D."
1935,Rest of the world,17,sector,1.0,0.0023591025973719597,missing,Table 6.8A,88,Rest of the world,Direct mapping.,"BEA NIPA archive, 2024 Q1 Third estimate, released June 28, 2024; Section 6 Table 6.8A/B/C/D."
1936,"Agriculture, forestry, fishing, and hunting",1,sector,8544.0,18.80033446287902,18.800748157112995,Table 6.8A,4,"Agriculture, forestry, and fisheries",Legacy SIC agriculture/forestry/fishing mapped to Table 6D agriculture/forestry/fishing/hunting.,"BEA NIPA archive, 2024 Q1 Third estimate, released June 28, 2024; Section 6 Table 6.8A/B/C/D."
1936,Mining,2,sector,934.0,2.0551863750385073,2.0552315986357135,Table 6.8A,7,Mining,Direct legacy SIC mapping.,"BEA NIPA archive, 2024 Q1 Third estimate, released June 28, 2024; Section 6 Table 6.8A/B/C/D."
1936,Utilities,3,sector,444.0,0.9769836729305109,0.977005171085928,Table 6.8A,49,"Electric, gas, and sanitary services","Legacy electric, gas, and sanitary services mapped to Table 6D utilities.","BEA NIPA archive, 2024 Q1 Third estimate, released June 28, 2024; Section 6 Table 6.8A/B/C/D."
1936,Construction,4,sector,1763.0,3.879329313911015,3.8794146770821873,Table 6.8A,13,Contract construction,Direct legacy SIC mapping.,"BEA NIPA archive, 2024 Q1 Third estimate, released June 28, 2024; Section 6 Table 6.8A/B/C/D."
1936,Manufacturing,5,sector,9732.0,21.41442591207147,21.414897128396962,Table 6.8A,14,Manufacturing,Direct legacy SIC mapping.,"BEA NIPA archive, 2024 Q1 Third estimate, released June 28, 2024; Section 6 Table 6.8A/B/C/D."
1936,Wholesale trade,6,sector,1690.0,3.7186991154337017,3.7187809439982398,Table 6.8A,52,Wholesale trade,Direct legacy SIC mapping.,"BEA NIPA archive, 2024 Q1 Third estimate, released June 28, 2024; Section 6 Table 6.8A/B/C/D."
1936,Retail trade,7,sector,5949.0,13.090260969062184,13.090549015293211,Table 6.8A,53,Retail trade and automobile services,Direct legacy SIC mapping.,"BEA NIPA archive, 2024 Q1 Third estimate, released June 28, 2024; Section 6 Table 6.8A/B/C/D."
1936,Transportation and warehousing,8,sector,2218.0,4.8805175372970115,4.88062493123556,Table 6.8A,37 - 46 - 49,Transportation and public utilities less communications and electric/gas/sanitary services,Legacy transportation/public utilities adjusted by subtracting communications and electric/gas/sanitary services.,"BEA NIPA archive, 2024 Q1 Third estimate, released June 28, 2024; Section 6 Table 6.8A/B/C/D."
1936,Information,9,sector,409.0,0.8999691942085112,0.8999889976895148,Table 6.8A,46,Communication,Legacy communications mapped to Table 6D information.,"BEA NIPA archive, 2024 Q1 Third estimate, released June 28, 2024; Section 6 Table 6.8A/B/C/D."
1936,"Finance, insurance, real estate, rental, and leasing",10,sector,1475.0,3.245610174712846,3.245681593134558,Table 6.8A,54,"Finance, insurance, and real estate",Legacy finance/insurance/real estate mapped to Table 6D finance/insurance/real estate/rental/leasing.,"BEA NIPA archive, 2024 Q1 Third estimate, released June 28, 2024; Section 6 Table 6.8A/B/C/D."
1936,Professional and business services,11,service_detail,missing,missing,missing,Table 6.8A,,,Service detail is not available before Table 6.8D; kept missing by design.,"BEA NIPA archive, 2024 Q1 Third estimate, released June 28, 2024; Section 6 Table 6.8A/B/C/D."
1936,"Educational services, health care, and social assistance",12,service_detail,missing,missing,missing,Table 6.8A,,,Service detail is not available before Table 6.8D; kept missing by design.,"BEA NIPA archive, 2024 Q1 Third estimate, released June 28, 2024; Section 6 Table 6.8A/B/C/D."
1936,"Arts, entertainment, recreation, accommodation, and food services",13,service_detail,missing,missing,missing,Table 6.8A,,,Service detail is not available before Table 6.8D; kept missing by design.,"BEA NIPA archive, 2024 Q1 Third estimate, released June 28, 2024; Section 6 Table 6.8A/B/C/D."
1936,"Other services, except government",14,service_detail,missing,missing,missing,Table 6.8A,,,Service detail is not available before Table 6.8D; kept missing by design.,"BEA NIPA archive, 2024 Q1 Third estimate, released June 28, 2024; Section 6 Table 6.8A/B/C/D."
1936,Services,15,services_total,6167.0,13.569951150816353,13.570249752448014,Table 6.8A,61,Services,Legacy aggregate services mapped to total services.,"BEA NIPA archive, 2024 Q1 Third estimate, released June 28, 2024; Section 6 Table 6.8A/B/C/D."
1936,Government,16,sector,6120.0,13.466531707961098,13.466828033887117,Table 6.8A,75,Government,Direct legacy SIC mapping.,"BEA NIPA archive, 2024 Q1 Third estimate, released June 28, 2024; Section 6 Table 6.8A/B/C/D."
1936,Rest of the world,17,sector,1.0,0.002200413677771421,missing,Table 6.8A,88,Rest of the world,Direct mapping.,"BEA NIPA archive, 2024 Q1 Third estimate, released June 28, 2024; Section 6 Table 6.8A/B/C/D."
1937,"Agriculture, forestry, fishing, and hunting",1,sector,8367.0,17.942229751463557,17.942614513638702,Table 6.8A,4,"Agriculture, forestry, and fisheries",Legacy SIC agriculture/forestry/fishing mapped to Table 6D agriculture/forestry/fishing/hunting.,"BEA NIPA archive, 2024 Q1 Third estimate, released June 28, 2024; Section 6 Table 6.8A/B/C/D."
1937,Mining,2,sector,993.0,2.129393348058242,2.129439011837365,Table 6.8A,7,Mining,Direct legacy SIC mapping.,"BEA NIPA archive, 2024 Q1 Third estimate, released June 28, 2024; Section 6 Table 6.8A/B/C/D."
1937,Utilities,3,sector,460.0,0.9864259215576952,0.9864470749699777,Table 6.8A,49,"Electric, gas, and sanitary services","Legacy electric, gas, and sanitary services mapped to Table 6D utilities.","BEA NIPA archive, 2024 Q1 Third estimate, released June 28, 2024; Section 6 Table 6.8A/B/C/D."
1937,Construction,4,sector,1738.0,3.7269744601462484,3.727054383256133,Table 6.8A,13,Contract construction,Direct legacy SIC mapping.,"BEA NIPA archive, 2024 Q1 Third estimate, released June 28, 2024; Section 6 Table 6.8A/B/C/D."
1937,Manufacturing,5,sector,10686.0,22.915103038620718,22.915594441585178,Table 6.8A,14,Manufacturing,Direct legacy SIC mapping.,"BEA NIPA archive, 2024 Q1 Third estimate, released June 28, 2024; Section 6 Table 6.8A/B/C/D."
1937,Wholesale trade,6,sector,1857.0,3.9821585572448694,3.98224395265054,Table 6.8A,52,Wholesale trade,Direct legacy SIC mapping.,"BEA NIPA archive, 2024 Q1 Third estimate, released June 28, 2024; Section 6 Table 6.8A/B/C/D."
1937,Retail trade,7,sector,6305.0,13.520468337872321,13.52075827757763,Table 6.8A,53,Retail trade and automobile services,Direct legacy SIC mapping.,"BEA NIPA archive, 2024 Q1 Third estimate, released June 28, 2024; Section 6 Table 6.8A/B/C/D."
1937,Transportation and warehousing,8,sector,2333.0,5.002894945639354,5.003002230228169,Table 6.8A,37 - 46 - 49,Transportation and public utilities less communications and electric/gas/sanitary services,Legacy transportation/public utilities adjusted by subtracting communications and electric/gas/sanitary services.,"BEA NIPA archive, 2024 Q1 Third estimate, released June 28, 2024; Section 6 Table 6.8A/B/C/D."
1937,Information,9,sector,441.0,0.9456822421890078,0.9457025218733917,Table 6.8A,46,Communication,Legacy communications mapped to Table 6D information.,"BEA NIPA archive, 2024 Q1 Third estimate, released June 28, 2024; Section 6 Table 6.8A/B/C/D."
1937,"Finance, insurance, real estate, rental, and leasing",10,sector,1520.0,3.2594943494949926,3.2595642477268827,Table 6.8A,54,"Finance, insurance, and real estate",Legacy finance/insurance/real estate mapped to Table 6D finance/insurance/real estate/rental/leasing.,"BEA NIPA archive, 2024 Q1 Third estimate, released June 28, 2024; Section 6 Table 6.8A/B/C/D."
1937,Professional and business services,11,service_detail,missing,missing,missing,Table 6.8A,,,Service detail is not available before Table 6.8D; kept missing by design.,"BEA NIPA archive, 2024 Q1 Third estimate, released June 28, 2024; Section 6 Table 6.8A/B/C/D."
1937,"Educational services, health care, and social assistance",12,service_detail,missing,missing,missing,Table 6.8A,,,Service detail is not available before Table 6.8D; kept missing by design.,"BEA NIPA archive, 2024 Q1 Third estimate, released June 28, 2024; Section 6 Table 6.8A/B/C/D."
1937,"Arts, entertainment, recreation, accommodation, and food services",13,service_detail,missing,missing,missing,Table 6.8A,,,Service detail is not available before Table 6.8D; kept missing by design.,"BEA NIPA archive, 2024 Q1 Third estimate, released June 28, 2024; Section 6 Table 6.8A/B/C/D."
1937,"Other services, except government",14,service_detail,missing,missing,missing,Table 6.8A,,,Service detail is not available before Table 6.8D; kept missing by design.,"BEA NIPA archive, 2024 Q1 Third estimate, released June 28, 2024; Section 6 Table 6.8A/B/C/D."
1937,Services,15,services_total,6429.0,13.78637445585744,13.786670097786928,Table 6.8A,61,Services,Legacy aggregate services mapped to total services.,"BEA NIPA archive, 2024 Q1 Third estimate, released June 28, 2024; Section 6 Table 6.8A/B/C/D."
1937,Government,16,sector,5503.0,11.800656187678253,11.800909246869102,Table 6.8A,75,Government,Direct legacy SIC mapping.,"BEA NIPA archive, 2024 Q1 Third estimate, released June 28, 2024; Section 6 Table 6.8A/B/C/D."
1937,Rest of the world,17,sector,1.0,0.0021444041772993375,missing,Table 6.8A,88,Rest of the world,Direct mapping.,"BEA NIPA archive, 2024 Q1 Third estimate, released June 28, 2024; Section 6 Table 6.8A/B/C/D."
1938,"Agriculture, forestry, fishing, and hunting",1,sector,8066.0,18.012505582849485,18.012907836262535,Table 6.8A,4,"Agriculture, forestry, and fisheries",Legacy SIC agriculture/forestry/fishing mapped to Table 6D agriculture/forestry/fishing/hunting.,"BEA NIPA archive, 2024 Q1 Third estimate, released June 28, 2024; Section 6 Table 6.8A/B/C/D."
1938,Mining,2,sector,897.0,2.0031263957123717,2.0031711293240133,Table 6.8A,7,Mining,Direct legacy SIC mapping.,"BEA NIPA archive, 2024 Q1 Third estimate, released June 28, 2024; Section 6 Table 6.8A/B/C/D."
1938,Utilities,3,sector,446.0,0.995980348369808,0.9960025905000112,Table 6.8A,49,"Electric, gas, and sanitary services","Legacy electric, gas, and sanitary services mapped to Table 6D utilities.","BEA NIPA archive, 2024 Q1 Third estimate, released June 28, 2024; Section 6 Table 6.8A/B/C/D."
1938,Construction,4,sector,1686.0,3.7650736936132203,3.765157774849818,Table 6.8A,13,Contract construction,Direct legacy SIC mapping.,"BEA NIPA archive, 2024 Q1 Third estimate, released June 28, 2024; Section 6 Table 6.8A/B/C/D."
1938,Manufacturing,5,sector,9229.0,20.60964716391246,20.610107416422878,Table 6.8A,14,Manufacturing,Direct legacy SIC mapping.,"BEA NIPA archive, 2024 Q1 Third estimate, released June 28, 2024; Section 6 Table 6.8A/B/C/D."
1938,Wholesale trade,6,sector,1857.0,4.146940598481465,4.147033207530315,Table 6.8A,52,Wholesale trade,Direct legacy SIC mapping.,"BEA NIPA archive, 2024 Q1 Third estimate, released June 28, 2024; Section 6 Table 6.8A/B/C/D."
1938,Retail trade,7,sector,6218.0,13.885663242518982,13.885973335715402,Table 6.8A,53,Retail trade and automobile services,Direct legacy SIC mapping.,"BEA NIPA archive, 2024 Q1 Third estimate, released June 28, 2024; Section 6 Table 6.8A/B/C/D."
1938,Transportation and warehousing,8,sector,2073.0,4.6292987941045105,4.629402175126733,Table 6.8A,37 - 46 - 49,Transportation and public utilities less communications and electric/gas/sanitary services,Legacy transportation/public utilities adjusted by subtracting communications and electric/gas/sanitary services.,"BEA NIPA archive, 2024 Q1 Third estimate, released June 28, 2024; Section 6 Table 6.8A/B/C/D."
1938,Information,9,sector,419.0,0.9356855739169272,0.9357064695504589,Table 6.8A,46,Communication,Legacy communications mapped to Table 6D information.,"BEA NIPA archive, 2024 Q1 Third estimate, released June 28, 2024; Section 6 Table 6.8A/B/C/D."
1938,"Finance, insurance, real estate, rental, and leasing",10,sector,1520.0,3.3943724877177313,3.3944482904933118,Table 6.8A,54,"Finance, insurance, and real estate",Legacy finance/insurance/real estate mapped to Table 6D finance/insurance/real estate/rental/leasing.,"BEA NIPA archive, 2024 Q1 Third estimate, released June 28, 2024; Section 6 Table 6.8A/B/C/D."
1938,Professional and business services,11,service_detail,missing,missing,missing,Table 6.8A,,,Service detail is not available before Table 6.8D; kept missing by design.,"BEA NIPA archive, 2024 Q1 Third estimate, released June 28, 2024; Section 6 Table 6.8A/B/C/D."
1938,"Educational services, health care, and social assistance",12,service_detail,missing,missing,missing,Table 6.8A,,,Service detail is not available before Table 6.8D; kept missing by design.,"BEA NIPA archive, 2024 Q1 Third estimate, released June 28, 2024; Section 6 Table 6.8A/B/C/D."
1938,"Arts, entertainment, recreation, accommodation, and food services",13,service_detail,missing,missing,missing,Table 6.8A,,,Service detail is not available before Table 6.8D; kept missing by design.,"BEA NIPA archive, 2024 Q1 Third estimate, released June 28, 2024; Section 6 Table 6.8A/B/C/D."
1938,"Other services, except government",14,service_detail,missing,missing,missing,Table 6.8A,,,Service detail is not available before Table 6.8D; kept missing by design.,"BEA NIPA archive, 2024 Q1 Third estimate, released June 28, 2024; Section 6 Table 6.8A/B/C/D."
1938,Services,15,services_total,6241.0,13.937025457793657,13.937336698005762,Table 6.8A,61,Services,Legacy aggregate services mapped to total services.,"BEA NIPA archive, 2024 Q1 Third estimate, released June 28, 2024; Section 6 Table 6.8A/B/C/D."
1938,Government,16,sector,6127.0,13.682447521214828,13.682753076218763,Table 6.8A,75,Government,Direct legacy SIC mapping.,"BEA NIPA archive, 2024 Q1 Third estimate, released June 28, 2024; Section 6 Table 6.8A/B/C/D."
1938,Rest of the world,17,sector,1.0,0.0022331397945511387,missing,Table 6.8A,88,Rest of the world,Direct mapping.,"BEA NIPA archive, 2024 Q1 Third estimate, released June 28, 2024; Section 6 Table 6.8A/B/C/D."
1939,"Agriculture, forestry, fishing, and hunting",1,sector,7810.0,16.932983544001907,16.933350678634923,Table 6.8A,4,"Agriculture, forestry, and fisheries",Legacy SIC agriculture/forestry/fishing mapped to Table 6D agriculture/forestry/fishing/hunting.,"BEA NIPA archive, 2024 Q1 Third estimate, released June 28, 2024; Section 6 Table 6.8A/B/C/D."
1939,Mining,2,sector,870.0,1.8862606508683304,1.886301548068167,Table 6.8A,7,Mining,Direct legacy SIC mapping.,"BEA NIPA archive, 2024 Q1 Third estimate, released June 28, 2024; Section 6 Table 6.8A/B/C/D."
1939,Utilities,3,sector,447.0,0.9691477137220043,0.9691687264212306,Table 6.8A,49,"Electric, gas, and sanitary services","Legacy electric, gas, and sanitary services mapped to Table 6D utilities.","BEA NIPA archive, 2024 Q1 Third estimate, released June 28, 2024; Section 6 Table 6.8A/B/C/D."
1939,Construction,4,sector,1864.0,4.041367647377664,4.041455270803521,Table 6.8A,13,Contract construction,Direct legacy SIC mapping.,"BEA NIPA archive, 2024 Q1 Third estimate, released June 28, 2024; Section 6 Table 6.8A/B/C/D."
1939,Manufacturing,5,sector,10086.0,21.86761485592871,21.868088981397165,Table 6.8A,14,Manufacturing,Direct legacy SIC mapping.,"BEA NIPA archive, 2024 Q1 Third estimate, released June 28, 2024; Section 6 Table 6.8A/B/C/D."
1939,Wholesale trade,6,sector,1942.0,4.210480671248618,4.210571961319977,Table 6.8A,52,Wholesale trade,Direct legacy SIC mapping.,"BEA NIPA archive, 2024 Q1 Third estimate, released June 28, 2024; Section 6 Table 6.8A/B/C/D."
1939,Retail trade,7,sector,6440.0,13.96266504780695,13.962967781102295,Table 6.8A,53,Retail trade and automobile services,Direct legacy SIC mapping.,"BEA NIPA archive, 2024 Q1 Third estimate, released June 28, 2024; Section 6 Table 6.8A/B/C/D."
1939,Transportation and warehousing,8,sector,2169.0,4.702642933026906,4.702744893976844,Table 6.8A,37 - 46 - 49,Transportation and public utilities less communications and electric/gas/sanitary services,Legacy transportation/public utilities adjusted by subtracting communications and electric/gas/sanitary services.,"BEA NIPA archive, 2024 Q1 Third estimate, released June 28, 2024; Section 6 Table 6.8A/B/C/D."
1939,Information,9,sector,424.0,0.9192810528369794,0.9193009843458653,Table 6.8A,46,Communication,Legacy communications mapped to Table 6D information.,"BEA NIPA archive, 2024 Q1 Third estimate, released June 28, 2024; Section 6 Table 6.8A/B/C/D."
1939,"Finance, insurance, real estate, rental, and leasing",10,sector,1560.0,3.382260477419075,3.382333810329127,Table 6.8A,54,"Finance, insurance, and real estate",Legacy finance/insurance/real estate mapped to Table 6D finance/insurance/real estate/rental/leasing.,"BEA NIPA archive, 2024 Q1 Third estimate, released June 28, 2024; Section 6 Table 6.8A/B/C/D."
1939,Professional and business services,11,service_detail,missing,missing,missing,Table 6.8A,,,Service detail is not available before Table 6.8D; kept missing by design.,"BEA NIPA archive, 2024 Q1 Third estimate, released June 28, 2024; Section 6 Table 6.8A/B/C/D."
1939,"Educational services, health care, and social assistance",12,service_detail,missing,missing,missing,Table 6.8A,,,Service detail is not available before Table 6.8D; kept missing by design.,"BEA NIPA archive, 2024 Q1 Third estimate, released June 28, 2024; Section 6 Table 6.8A/B/C/D."
1939,"Arts, entertainment, recreation, accommodation, and food services",13,service_detail,missing,missing,missing,Table 6.8A,,,Service detail is not available before Table 6.8D; kept missing by design.,"BEA NIPA archive, 2024 Q1 Third estimate, released June 28, 2024; Section 6 Table 6.8A/B/C/D."
1939,"Other services, except government",14,service_detail,missing,missing,missing,Table 6.8A,,,Service detail is not available before Table 6.8D; kept missing by design.,"BEA NIPA archive, 2024 Q1 Third estimate, released June 28, 2024; Section 6 Table 6.8A/B/C/D."
1939,Services,15,services_total,6396.0,13.867267957418209,13.86756862234942,Table 6.8A,61,Services,Legacy aggregate services mapped to total services.,"BEA NIPA archive, 2024 Q1 Third estimate, released June 28, 2024; Section 6 Table 6.8A/B/C/D."
1939,Government,16,sector,6114.0,13.25585933265399,13.256146741251463,Table 6.8A,75,Government,Direct legacy SIC mapping.,"BEA NIPA archive, 2024 Q1 Third estimate, released June 28, 2024; Section 6 Table 6.8A/B/C/D."
1939,Rest of the world,17,sector,1.0,0.0021681156906532533,missing,Table 6.8A,88,Rest of the world,Direct mapping.,"BEA NIPA archive, 2024 Q1 Third estimate, released June 28, 2024; Section 6 Table 6.8A/B/C/D."
1940,"Agriculture, forestry, fishing, and hunting",1,sector,7589.0,15.805477454961991,15.806135838210485,Table 6.8A,4,"Agriculture, forestry, and fisheries",Legacy SIC agriculture/forestry/fishing mapped to Table 6D agriculture/forestry/fishing/hunting.,"BEA NIPA archive, 2024 Q1 Third estimate, released June 28, 2024; Section 6 Table 6.8A/B/C/D."
1940,Mining,2,sector,965.0,2.009788607726752,2.009872326244975,Table 6.8A,7,Mining,Direct legacy SIC mapping.,"BEA NIPA archive, 2024 Q1 Third estimate, released June 28, 2024; Section 6 Table 6.8A/B/C/D."
1940,Utilities,3,sector,467.0,0.9726127251900448,0.9726532397475683,Table 6.8A,49,"Electric, gas, and sanitary services","Legacy electric, gas, and sanitary services mapped to Table 6D utilities.","BEA NIPA archive, 2024 Q1 Third estimate, released June 28, 2024; Section 6 Table 6.8A/B/C/D."
1940,Construction,4,sector,1941.0,4.042486722899094,4.042655114239893,Table 6.8A,13,Contract construction,Direct legacy SIC mapping.,"BEA NIPA archive, 2024 Q1 Third estimate, released June 28, 2024; Section 6 Table 6.8A/B/C/D."
1940,Manufacturing,5,sector,11009.0,22.928251588045402,22.929206673192677,Table 6.8A,14,Manufacturing,Direct legacy SIC mapping.,"BEA NIPA archive, 2024 Q1 Third estimate, released June 28, 2024; Section 6 Table 6.8A/B/C/D."
1940,Wholesale trade,6,sector,2015.0,4.1966052275330625,4.196780038739508,Table 6.8A,52,Wholesale trade,Direct legacy SIC mapping.,"BEA NIPA archive, 2024 Q1 Third estimate, released June 28, 2024; Section 6 Table 6.8A/B/C/D."
1940,Retail trade,7,sector,6768.0,14.095595126522962,14.09618228396476,Table 6.8A,53,Retail trade and automobile services,Direct legacy SIC mapping.,"BEA NIPA archive, 2024 Q1 Third estimate, released June 28, 2024; Section 6 Table 6.8A/B/C/D."
1940,Transportation and warehousing,8,sector,2256.0,4.698531708840987,4.698727427988254,Table 6.8A,37 - 46 - 49,Transportation and public utilities less communications and electric/gas/sanitary services,Legacy transportation/public utilities adjusted by subtracting communications and electric/gas/sanitary services.,"BEA NIPA archive, 2024 Q1 Third estimate, released June 28, 2024; Section 6 Table 6.8A/B/C/D."
1940,Information,9,sector,434.0,0.903884202853275,0.9039218544977402,Table 6.8A,46,Communication,Legacy communications mapped to Table 6D information.,"BEA NIPA archive, 2024 Q1 Third estimate, released June 28, 2024; Section 6 Table 6.8A/B/C/D."
1940,"Finance, insurance, real estate, rental, and leasing",10,sector,1611.0,3.3552014995313963,3.3553412617416116,Table 6.8A,54,"Finance, insurance, and real estate",Legacy finance/insurance/real estate mapped to Table 6D finance/insurance/real estate/rental/leasing.,"BEA NIPA archive, 2024 Q1 Third estimate, released June 28, 2024; Section 6 Table 6.8A/B/C/D."
1940,Professional and business services,11,service_detail,missing,missing,missing,Table 6.8A,,,Service detail is not available before Table 6.8D; kept missing by design.,"BEA NIPA archive, 2024 Q1 Third estimate, released June 28, 2024; Section 6 Table 6.8A/B/C/D."
1940,"Educational services, health care, and social assistance",12,service_detail,missing,missing,missing,Table 6.8A,,,Service detail is not available before Table 6.8D; kept missing by design.,"BEA NIPA archive, 2024 Q1 Third estimate, released June 28, 2024; Section 6 Table 6.8A/B/C/D."
1940,"Arts, entertainment, recreation, accommodation, and food services",13,service_detail,missing,missing,missing,Table 6.8A,,,Service detail is not available before Table 6.8D; kept missing by design.,"BEA NIPA archive, 2024 Q1 Third estimate, released June 28, 2024; Section 6 Table 6.8A/B/C/D."
1940,"Other services, except government",14,service_detail,missing,missing,missing,Table 6.8A,,,Service detail is not available before Table 6.8D; kept missing by design.,"BEA NIPA archive, 2024 Q1 Third estimate, released June 28, 2024; Section 6 Table 6.8A/B/C/D."
1940,Services,15,services_total,6707.0,13.96855149432469,13.969133359715077,Table 6.8A,61,Services,Legacy aggregate services mapped to total services.,"BEA NIPA archive, 2024 Q1 Third estimate, released June 28, 2024; Section 6 Table 6.8A/B/C/D."
1940,Government,16,sector,6251.0,13.018848276580234,13.01939058171745,Table 6.8A,75,Government,Direct legacy SIC mapping.,"BEA NIPA archive, 2024 Q1 Third estimate, released June 28, 2024; Section 6 Table 6.8A/B/C/D."
1940,Rest of the world,17,sector,2.0,0.004165364990107258,missing,Table 6.8A,88,Rest of the world,Direct mapping.,"BEA NIPA archive, 2024 Q1 Third estimate, released June 28, 2024; Section 6 Table 6.8A/B/C/D."
1941,"Agriculture, forestry, fishing, and hunting",1,sector,7486.0,14.230315933543702,14.231127502233713,Table 6.8A,4,"Agriculture, forestry, and fisheries",Legacy SIC agriculture/forestry/fishing mapped to Table 6D agriculture/forestry/fishing/hunting.,"BEA NIPA archive, 2024 Q1 Third estimate, released June 28, 2024; Section 6 Table 6.8A/B/C/D."
1941,Mining,2,sector,1015.0,1.9294377067254687,1.929547744425223,Table 6.8A,7,Mining,Direct legacy SIC mapping.,"BEA NIPA archive, 2024 Q1 Third estimate, released June 28, 2024; Section 6 Table 6.8A/B/C/D."
1941,Utilities,3,sector,479.0,0.9105425236665019,0.9105944527878638,Table 6.8A,49,"Electric, gas, and sanitary services","Legacy electric, gas, and sanitary services mapped to Table 6D utilities.","BEA NIPA archive, 2024 Q1 Third estimate, released June 28, 2024; Section 6 Table 6.8A/B/C/D."
1941,Construction,4,sector,2449.0,4.655362506178003,4.655628006007262,Table 6.8A,13,Contract construction,Direct legacy SIC mapping.,"BEA NIPA archive, 2024 Q1 Third estimate, released June 28, 2024; Section 6 Table 6.8A/B/C/D."
1941,Manufacturing,5,sector,13274.0,25.23286317150135,25.234302226108777,Table 6.8A,14,Manufacturing,Direct legacy SIC mapping.,"BEA NIPA archive, 2024 Q1 Third estimate, released June 28, 2024; Section 6 Table 6.8A/B/C/D."
1941,Wholesale trade,6,sector,2136.0,4.060373341443942,4.060604908465296,Table 6.8A,52,Wholesale trade,Direct legacy SIC mapping.,"BEA NIPA archive, 2024 Q1 Third estimate, released June 28, 2024; Section 6 Table 6.8A/B/C/D."
1941,Retail trade,7,sector,7126.0,13.545983347907082,13.546755888447427,Table 6.8A,53,Retail trade and automobile services,Direct legacy SIC mapping.,"BEA NIPA archive, 2024 Q1 Third estimate, released June 28, 2024; Section 6 Table 6.8A/B/C/D."
1941,Transportation and warehousing,8,sector,2447.0,4.6515606584800215,4.651825941486227,Table 6.8A,37 - 46 - 49,Transportation and public utilities less communications and electric/gas/sanitary services,Legacy transportation/public utilities adjusted by subtracting communications and electric/gas/sanitary services.,"BEA NIPA archive, 2024 Q1 Third estimate, released June 28, 2024; Section 6 Table 6.8A/B/C/D."
1941,Information,9,sector,478.0,0.9086415998175114,0.9086934205273464,Table 6.8A,46,Communication,Legacy communications mapped to Table 6D information.,"BEA NIPA archive, 2024 Q1 Third estimate, released June 28, 2024; Section 6 Table 6.8A/B/C/D."
1941,"Finance, insurance, real estate, rental, and leasing",10,sector,1647.0,3.1308215792875336,3.1310001330722583,Table 6.8A,54,"Finance, insurance, and real estate",Legacy finance/insurance/real estate mapped to Table 6D finance/insurance/real estate/rental/leasing.,"BEA NIPA archive, 2024 Q1 Third estimate, released June 28, 2024; Section 6 Table 6.8A/B/C/D."
1941,Professional and business services,11,service_detail,missing,missing,missing,Table 6.8A,,,Service detail is not available before Table 6.8D; kept missing by design.,"BEA NIPA archive, 2024 Q1 Third estimate, released June 28, 2024; Section 6 Table 6.8A/B/C/D."
1941,"Educational services, health care, and social assistance",12,service_detail,missing,missing,missing,Table 6.8A,,,Service detail is not available before Table 6.8D; kept missing by design.,"BEA NIPA archive, 2024 Q1 Third estimate, released June 28, 2024; Section 6 Table 6.8A/B/C/D."
1941,"Arts, entertainment, recreation, accommodation, and food services",13,service_detail,missing,missing,missing,Table 6.8A,,,Service detail is not available before Table 6.8D; kept missing by design.,"BEA NIPA archive, 2024 Q1 Third estimate, released June 28, 2024; Section 6 Table 6.8A/B/C/D."
1941,"Other services, except government",14,service_detail,missing,missing,missing,Table 6.8A,,,Service detail is not available before Table 6.8D; kept missing by design.,"BEA NIPA archive, 2024 Q1 Third estimate, released June 28, 2024; Section 6 Table 6.8A/B/C/D."
1941,Services,15,services_total,6784.0,12.895867391552294,12.896602855350455,Table 6.8A,61,Services,Legacy aggregate services mapped to total services.,"BEA NIPA archive, 2024 Q1 Third estimate, released June 28, 2024; Section 6 Table 6.8A/B/C/D."
1941,Government,16,sector,7282.0,13.842527468349617,13.843316921088151,Table 6.8A,75,Government,Direct legacy SIC mapping.,"BEA NIPA archive, 2024 Q1 Third estimate, released June 28, 2024; Section 6 Table 6.8A/B/C/D."
1941,Rest of the world,17,sector,3.0,0.005702771546971829,missing,Table 6.8A,88,Rest of the world,Direct mapping.,"BEA NIPA archive, 2024 Q1 Third estimate, released June 28, 2024; Section 6 Table 6.8A/B/C/D."
1942,"Agriculture, forestry, fishing, and hunting",1,sector,7341.0,12.783408212308014,12.784521342366034,Table 6.8A,4,"Agriculture, forestry, and fisheries",Legacy SIC agriculture/forestry/fishing mapped to Table 6D agriculture/forestry/fishing/hunting.,"BEA NIPA archive, 2024 Q1 Third estimate, released June 28, 2024; Section 6 Table 6.8A/B/C/D."
1942,Mining,2,sector,1021.0,1.7779403057848362,1.7780951219936958,Table 6.8A,7,Mining,Direct legacy SIC mapping.,"BEA NIPA archive, 2024 Q1 Third estimate, released June 28, 2024; Section 6 Table 6.8A/B/C/D."
1942,Utilities,3,sector,447.0,0.7783930623759273,0.778460841852284,Table 6.8A,49,"Electric, gas, and sanitary services","Legacy electric, gas, and sanitary services mapped to Table 6D utilities.","BEA NIPA archive, 2024 Q1 Third estimate, released June 28, 2024; Section 6 Table 6.8A/B/C/D."
1942,Construction,4,sector,2859.0,4.97858113049838,4.979014646209575,Table 6.8A,13,Contract construction,Direct legacy SIC mapping.,"BEA NIPA archive, 2024 Q1 Third estimate, released June 28, 2024; Section 6 Table 6.8A/B/C/D."
1942,Manufacturing,5,sector,15430.0,26.869362309755164,26.871701990560943,Table 6.8A,14,Manufacturing,Direct legacy SIC mapping.,"BEA NIPA archive, 2024 Q1 Third estimate, released June 28, 2024; Section 6 Table 6.8A/B/C/D."
1942,Wholesale trade,6,sector,2041.0,3.5541392400654757,3.5544487208512563,Table 6.8A,52,Wholesale trade,Direct legacy SIC mapping.,"BEA NIPA archive, 2024 Q1 Third estimate, released June 28, 2024; Section 6 Table 6.8A/B/C/D."
1942,Retail trade,7,sector,6916.0,12.043325323024414,12.044374009508717,Table 6.8A,53,Retail trade and automobile services,Direct legacy SIC mapping.,"BEA NIPA archive, 2024 Q1 Third estimate, released June 28, 2024; Section 6 Table 6.8A/B/C/D."
1942,Transportation and warehousing,8,sector,2586.0,4.50318670985268,4.5035788300447575,Table 6.8A,37 - 46 - 49,Transportation and public utilities less communications and electric/gas/sanitary services,Legacy transportation/public utilities adjusted by subtracting communications and electric/gas/sanitary services.,"BEA NIPA archive, 2024 Q1 Third estimate, released June 28, 2024; Section 6 Table 6.8A/B/C/D."
1942,Information,9,sector,504.0,0.8776512381151395,0.8777276606119713,Table 6.8A,46,Communication,Legacy communications mapped to Table 6D information.,"BEA NIPA archive, 2024 Q1 Third estimate, released June 28, 2024; Section 6 Table 6.8A/B/C/D."
1942,"Finance, insurance, real estate, rental, and leasing",10,sector,1636.0,2.84888378086581,2.8491318507166365,Table 6.8A,54,"Finance, insurance, and real estate",Legacy finance/insurance/real estate mapped to Table 6D finance/insurance/real estate/rental/leasing.,"BEA NIPA archive, 2024 Q1 Third estimate, released June 28, 2024; Section 6 Table 6.8A/B/C/D."
1942,Professional and business services,11,service_detail,missing,missing,missing,Table 6.8A,,,Service detail is not available before Table 6.8D; kept missing by design.,"BEA NIPA archive, 2024 Q1 Third estimate, released June 28, 2024; Section 6 Table 6.8A/B/C/D."
1942,"Educational services, health care, and social assistance",12,service_detail,missing,missing,missing,Table 6.8A,,,Service detail is not available before Table 6.8D; kept missing by design.,"BEA NIPA archive, 2024 Q1 Third estimate, released June 28, 2024; Section 6 Table 6.8A/B/C/D."
1942,"Arts, entertainment, recreation, accommodation, and food services",13,service_detail,missing,missing,missing,Table 6.8A,,,Service detail is not available before Table 6.8D; kept missing by design.,"BEA NIPA archive, 2024 Q1 Third estimate, released June 28, 2024; Section 6 Table 6.8A/B/C/D."
1942,"Other services, except government",14,service_detail,missing,missing,missing,Table 6.8A,,,Service detail is not available before Table 6.8D; kept missing by design.,"BEA NIPA archive, 2024 Q1 Third estimate, released June 28, 2024; Section 6 Table 6.8A/B/C/D."
1942,Services,15,services_total,6926.0,12.060739038066382,12.061789240870064,Table 6.8A,61,Services,Legacy aggregate services mapped to total services.,"BEA NIPA archive, 2024 Q1 Third estimate, released June 28, 2024; Section 6 Table 6.8A/B/C/D."
1942,Government,16,sector,9714.0,16.915682791766795,16.917155744414064,Table 6.8A,75,Government,Direct legacy SIC mapping.,"BEA NIPA archive, 2024 Q1 Third estimate, released June 28, 2024; Section 6 Table 6.8A/B/C/D."
1942,Rest of the world,17,sector,5.0,0.008706857520983527,missing,Table 6.8A,88,Rest of the world,Direct mapping.,"BEA NIPA archive, 2024 Q1 Third estimate, released June 28, 2024; Section 6 Table 6.8A/B/C/D."
1943,"Agriculture, forestry, fishing, and hunting",1,sector,7154.0,11.344930937693272,11.341154090044387,Table 6.8A,4,"Agriculture, forestry, and fisheries",Legacy SIC agriculture/forestry/fishing mapped to Table 6D agriculture/forestry/fishing/hunting.,"BEA NIPA archive, 2024 Q1 Third estimate, released June 28, 2024; Section 6 Table 6.8A/B/C/D."
1943,Mining,2,sector,949.0,1.5049398182654339,1.504438807863031,Table 6.8A,7,Mining,Direct legacy SIC mapping.,"BEA NIPA archive, 2024 Q1 Third estimate, released June 28, 2024; Section 6 Table 6.8A/B/C/D."
1943,Utilities,3,sector,396.0,0.627983317210866,0.6277742549143944,Table 6.8A,49,"Electric, gas, and sanitary services","Legacy electric, gas, and sanitary services mapped to Table 6D utilities.","BEA NIPA archive, 2024 Q1 Third estimate, released June 28, 2024; Section 6 Table 6.8A/B/C/D."
1943,Construction,4,sector,2172.0,3.444393345914144,3.4432466708941027,Table 6.8A,13,Contract construction,Direct legacy SIC mapping.,"BEA NIPA archive, 2024 Q1 Third estimate, released June 28, 2024; Section 6 Table 6.8A/B/C/D."
1943,Manufacturing,5,sector,17556.0,27.840593729681725,27.83132530120482,Table 6.8A,14,Manufacturing,Direct legacy SIC mapping.,"BEA NIPA archive, 2024 Q1 Third estimate, released June 28, 2024; Section 6 Table 6.8A/B/C/D."
1943,Wholesale trade,6,sector,1912.0,3.032081066937313,3.0310716550412176,Table 6.8A,52,Wholesale trade,Direct legacy SIC mapping.,"BEA NIPA archive, 2024 Q1 Third estimate, released June 28, 2024; Section 6 Table 6.8A/B/C/D."
1943,Retail trade,7,sector,6648.0,10.542507810146054,10.538998097653772,Table 6.8A,53,Retail trade and automobile services,Direct legacy SIC mapping.,"BEA NIPA archive, 2024 Q1 Third estimate, released June 28, 2024; Section 6 Table 6.8A/B/C/D."
1943,Transportation and warehousing,8,sector,2789.0,4.422842100255316,4.421369689283449,Table 6.8A,37 - 46 - 49,Transportation and public utilities less communications and electric/gas/sanitary services,Legacy transportation/public utilities adjusted by subtracting communications and electric/gas/sanitary services.,"BEA NIPA archive, 2024 Q1 Third estimate, released June 28, 2024; Section 6 Table 6.8A/B/C/D."
1943,Information,9,sector,521.0,0.8262103744112657,0.8259353202282815,Table 6.8A,46,Communication,Legacy communications mapped to Table 6D information.,"BEA NIPA archive, 2024 Q1 Third estimate, released June 28, 2024; Section 6 Table 6.8A/B/C/D."
1943,"Finance, insurance, real estate, rental, and leasing",10,sector,1575.0,2.497660920725035,2.4968294229549777,Table 6.8A,54,"Finance, insurance, and real estate",Legacy finance/insurance/real estate mapped to Table 6D finance/insurance/real estate/rental/leasing.,"BEA NIPA archive, 2024 Q1 Third estimate, released June 28, 2024; Section 6 Table 6.8A/B/C/D."
1943,Professional and business services,11,service_detail,missing,missing,missing,Table 6.8A,,,Service detail is not available before Table 6.8D; kept missing by design.,"BEA NIPA archive, 2024 Q1 Third estimate, released June 28, 2024; Section 6 Table 6.8A/B/C/D."
1943,"Educational services, health care, and social assistance",12,service_detail,missing,missing,missing,Table 6.8A,,,Service detail is not available before Table 6.8D; kept missing by design.,"BEA NIPA archive, 2024 Q1 Third estimate, released June 28, 2024; Section 6 Table 6.8A/B/C/D."
1943,"Arts, entertainment, recreation, accommodation, and food services",13,service_detail,missing,missing,missing,Table 6.8A,,,Service detail is not available before Table 6.8D; kept missing by design.,"BEA NIPA archive, 2024 Q1 Third estimate, released June 28, 2024; Section 6 Table 6.8A/B/C/D."
1943,"Other services, except government",14,service_detail,missing,missing,missing,Table 6.8A,,,Service detail is not available before Table 6.8D; kept missing by design.,"BEA NIPA archive, 2024 Q1 Third estimate, released June 28, 2024; Section 6 Table 6.8A/B/C/D."
1943,Services,15,services_total,6598.0,10.463216987265893,10.459733671528218,Table 6.8A,61,Services,Legacy aggregate services mapped to total services.,"BEA NIPA archive, 2024 Q1 Third estimate, released June 28, 2024; Section 6 Table 6.8A/B/C/D."
1943,Government,16,sector,14810.0,23.48594173710335,23.478123018389347,Table 6.8A,75,Government,Direct legacy SIC mapping.,"BEA NIPA archive, 2024 Q1 Third estimate, released June 28, 2024; Section 6 Table 6.8A/B/C/D."
1943,Rest of the world,17,sector,-21.0,-0.033302145609667134,missing,Table 6.8A,88,Rest of the world,Direct mapping.,"BEA NIPA archive, 2024 Q1 Third estimate, released June 28, 2024; Section 6 Table 6.8A/B/C/D."
1944,"Agriculture, forestry, fishing, and hunting",1,sector,6931.0,10.796454662990483,10.787212849405465,Table 6.8A,4,"Agriculture, forestry, and fisheries",Legacy SIC agriculture/forestry/fishing mapped to Table 6D agriculture/forestry/fishing/hunting.,"BEA NIPA archive, 2024 Q1 Third estimate, released June 28, 2024; Section 6 Table 6.8A/B/C/D."
1944,Mining,2,sector,905.0,1.4097231957879652,1.4085164664134968,Table 6.8A,7,Mining,Direct legacy SIC mapping.,"BEA NIPA archive, 2024 Q1 Third estimate, released June 28, 2024; Section 6 Table 6.8A/B/C/D."
1944,Utilities,3,sector,377.0,0.5872548561459259,0.5867521633567827,Table 6.8A,49,"Electric, gas, and sanitary services","Legacy electric, gas, and sanitary services mapped to Table 6D utilities.","BEA NIPA archive, 2024 Q1 Third estimate, released June 28, 2024; Section 6 Table 6.8A/B/C/D."
1944,Construction,4,sector,1646.0,2.563982740626509,2.561787959907863,Table 6.8A,13,Contract construction,Direct legacy SIC mapping.,"BEA NIPA archive, 2024 Q1 Third estimate, released June 28, 2024; Section 6 Table 6.8A/B/C/D."
1944,Manufacturing,5,sector,17218.0,26.820567939311807,26.797609412936563,Table 6.8A,14,Manufacturing,Direct legacy SIC mapping.,"BEA NIPA archive, 2024 Q1 Third estimate, released June 28, 2024; Section 6 Table 6.8A/B/C/D."
1944,Wholesale trade,6,sector,1936.0,3.015717245354144,3.0131357778746186,Table 6.8A,52,Wholesale trade,Direct legacy SIC mapping.,"BEA NIPA archive, 2024 Q1 Third estimate, released June 28, 2024; Section 6 Table 6.8A/B/C/D."
1944,Retail trade,7,sector,6598.0,10.27773883514806,10.268941044636742,Table 6.8A,53,Retail trade and automobile services,Direct legacy SIC mapping.,"BEA NIPA archive, 2024 Q1 Third estimate, released June 28, 2024; Section 6 Table 6.8A/B/C/D."
1944,Transportation and warehousing,8,sector,2960.0,4.6108073585993115,4.606860486833095,Table 6.8A,37 - 46 - 49,Transportation and public utilities less communications and electric/gas/sanitary services,Legacy transportation/public utilities adjusted by subtracting communications and electric/gas/sanitary services.,"BEA NIPA archive, 2024 Q1 Third estimate, released June 28, 2024; Section 6 Table 6.8A/B/C/D."
1944,Information,9,sector,519.0,0.8084489929435955,0.8077569569818839,Table 6.8A,46,Communication,Legacy communications mapped to Table 6D information.,"BEA NIPA archive, 2024 Q1 Third estimate, released June 28, 2024; Section 6 Table 6.8A/B/C/D."
1944,"Finance, insurance, real estate, rental, and leasing",10,sector,1561.0,2.4315777995856505,2.4294963580900206,Table 6.8A,54,"Finance, insurance, and real estate",Legacy finance/insurance/real estate mapped to Table 6D finance/insurance/real estate/rental/leasing.,"BEA NIPA archive, 2024 Q1 Third estimate, released June 28, 2024; Section 6 Table 6.8A/B/C/D."
1944,Professional and business services,11,service_detail,missing,missing,missing,Table 6.8A,,,Service detail is not available before Table 6.8D; kept missing by design.,"BEA NIPA archive, 2024 Q1 Third estimate, released June 28, 2024; Section 6 Table 6.8A/B/C/D."
1944,"Educational services, health care, and social assistance",12,service_detail,missing,missing,missing,Table 6.8A,,,Service detail is not available before Table 6.8D; kept missing by design.,"BEA NIPA archive, 2024 Q1 Third estimate, released June 28, 2024; Section 6 Table 6.8A/B/C/D."
1944,"Arts, entertainment, recreation, accommodation, and food services",13,service_detail,missing,missing,missing,Table 6.8A,,,Service detail is not available before Table 6.8D; kept missing by design.,"BEA NIPA archive, 2024 Q1 Third estimate, released June 28, 2024; Section 6 Table 6.8A/B/C/D."
1944,"Other services, except government",14,service_detail,missing,missing,missing,Table 6.8A,,,Service detail is not available before Table 6.8D; kept missing by design.,"BEA NIPA archive, 2024 Q1 Third estimate, released June 28, 2024; Section 6 Table 6.8A/B/C/D."
1944,Services,15,services_total,6522.0,10.159353240805645,10.15065678889373,Table 6.8A,61,Services,Legacy aggregate services mapped to total services.,"BEA NIPA archive, 2024 Q1 Third estimate, released June 28, 2024; Section 6 Table 6.8A/B/C/D."
1944,Government,16,sector,17079.0,26.604046918080286,26.58127373466974,Table 6.8A,75,Government,Direct legacy SIC mapping.,"BEA NIPA archive, 2024 Q1 Third estimate, released June 28, 2024; Section 6 Table 6.8A/B/C/D."
1944,Rest of the world,17,sector,-55.0,-0.0856737853793791,missing,Table 6.8A,88,Rest of the world,Direct mapping.,"BEA NIPA archive, 2024 Q1 Third estimate, released June 28, 2024; Section 6 Table 6.8A/B/C/D."
1945,"Agriculture, forestry, fishing, and hunting",1,sector,6766.0,10.8129704505138,10.801577292102364,Table 6.8A,4,"Agriculture, forestry, and fisheries",Legacy SIC agriculture/forestry/fishing mapped to Table 6D agriculture/forestry/fishing/hunting.,"BEA NIPA archive, 2024 Q1 Third estimate, released June 28, 2024; Section 6 Table 6.8A/B/C/D."
1945,Mining,2,sector,855.0,1.3664040400811852,1.3649643193537573,Table 6.8A,7,Mining,Direct legacy SIC mapping.,"BEA NIPA archive, 2024 Q1 Third estimate, released June 28, 2024; Section 6 Table 6.8A/B/C/D."
1945,Utilities,3,sector,385.0,0.6152813513815863,0.6146330560832708,Table 6.8A,49,"Electric, gas, and sanitary services","Legacy electric, gas, and sanitary services mapped to Table 6D utilities.","BEA NIPA archive, 2024 Q1 Third estimate, released June 28, 2024; Section 6 Table 6.8A/B/C/D."
1945,Construction,4,sector,1700.0,2.716826746360251,2.7139641437443127,Table 6.8A,13,Contract construction,Direct legacy SIC mapping.,"BEA NIPA archive, 2024 Q1 Third estimate, released June 28, 2024; Section 6 Table 6.8A/B/C/D."
1945,Manufacturing,5,sector,15360.0,24.547328720054974,24.521464263478023,Table 6.8A,14,Manufacturing,Direct legacy SIC mapping.,"BEA NIPA archive, 2024 Q1 Third estimate, released June 28, 2024; Section 6 Table 6.8A/B/C/D."
1945,Wholesale trade,6,sector,2052.0,3.2793696961948444,3.2759143664490176,Table 6.8A,52,Wholesale trade,Direct legacy SIC mapping.,"BEA NIPA archive, 2024 Q1 Third estimate, released June 28, 2024; Section 6 Table 6.8A/B/C/D."
1945,Retail trade,7,sector,6862.0,10.966391255014143,10.954836443749102,Table 6.8A,53,Retail trade and automobile services,Direct legacy SIC mapping.,"BEA NIPA archive, 2024 Q1 Third estimate, released June 28, 2024; Section 6 Table 6.8A/B/C/D."
1945,Transportation and warehousing,8,sector,3018.0,4.8231665414795515,4.818084579894315,Table 6.8A,37 - 46 - 49,Transportation and public utilities less communications and electric/gas/sanitary services,Legacy transportation/public utilities adjusted by subtracting communications and electric/gas/sanitary services.,"BEA NIPA archive, 2024 Q1 Third estimate, released June 28, 2024; Section 6 Table 6.8A/B/C/D."
1945,Information,9,sector,536.0,0.8565994917935851,0.8556969300276186,Table 6.8A,46,Communication,Legacy communications mapped to Table 6D information.,"BEA NIPA archive, 2024 Q1 Third estimate, released June 28, 2024; Section 6 Table 6.8A/B/C/D."
1945,"Finance, insurance, real estate, rental, and leasing",10,sector,1602.0,2.560209675099484,2.5575120931049344,Table 6.8A,54,"Finance, insurance, and real estate",Legacy finance/insurance/real estate mapped to Table 6D finance/insurance/real estate/rental/leasing.,"BEA NIPA archive, 2024 Q1 Third estimate, released June 28, 2024; Section 6 Table 6.8A/B/C/D."
1945,Professional and business services,11,service_detail,missing,missing,missing,Table 6.8A,,,Service detail is not available before Table 6.8D; kept missing by design.,"BEA NIPA archive, 2024 Q1 Third estimate, released June 28, 2024; Section 6 Table 6.8A/B/C/D."
1945,"Educational services, health care, and social assistance",12,service_detail,missing,missing,missing,Table 6.8A,,,Service detail is not available before Table 6.8D; kept missing by design.,"BEA NIPA archive, 2024 Q1 Third estimate, released June 28, 2024; Section 6 Table 6.8A/B/C/D."
1945,"Arts, entertainment, recreation, accommodation, and food services",13,service_detail,missing,missing,missing,Table 6.8A,,,Service detail is not available before Table 6.8D; kept missing by design.,"BEA NIPA archive, 2024 Q1 Third estimate, released June 28, 2024; Section 6 Table 6.8A/B/C/D."
1945,"Other services, except government",14,service_detail,missing,missing,missing,Table 6.8A,,,Service detail is not available before Table 6.8D; kept missing by design.,"BEA NIPA archive, 2024 Q1 Third estimate, released June 28, 2024; Section 6 Table 6.8A/B/C/D."
1945,Services,15,services_total,6549.0,10.466175507007815,10.455147751400885,Table 6.8A,61,Services,Legacy aggregate services mapped to total services.,"BEA NIPA archive, 2024 Q1 Third estimate, released June 28, 2024; Section 6 Table 6.8A/B/C/D."
1945,Government,16,sector,16954.0,27.094753328112763,27.066204760612397,Table 6.8A,75,Government,Direct legacy SIC mapping.,"BEA NIPA archive, 2024 Q1 Third estimate, released June 28, 2024; Section 6 Table 6.8A/B/C/D."
1945,Rest of the world,17,sector,-66.0,-0.10547680309398623,missing,Table 6.8A,88,Rest of the world,Direct mapping.,"BEA NIPA archive, 2024 Q1 Third estimate, released June 28, 2024; Section 6 Table 6.8A/B/C/D."
1946,"Agriculture, forestry, fishing, and hunting",1,sector,6713.0,11.793745607870695,11.784015307107623,Table 6.8A,4,"Agriculture, forestry, and fisheries",Legacy SIC agriculture/forestry/fishing mapped to Table 6D agriculture/forestry/fishing/hunting.,"BEA NIPA archive, 2024 Q1 Third estimate, released June 28, 2024; Section 6 Table 6.8A/B/C/D."
1946,Mining,2,sector,901.0,1.5829234012649331,1.5816174276335422,Table 6.8A,7,Mining,Direct legacy SIC mapping.,"BEA NIPA archive, 2024 Q1 Third estimate, released June 28, 2024; Section 6 Table 6.8A/B/C/D."
1946,Utilities,3,sector,459.0,0.8063949402670415,0.8057296329453895,Table 6.8A,49,"Electric, gas, and sanitary services","Legacy electric, gas, and sanitary services mapped to Table 6D utilities.","BEA NIPA archive, 2024 Q1 Third estimate, released June 28, 2024; Section 6 Table 6.8A/B/C/D."
1946,Construction,4,sector,2551.0,4.481728742094167,4.478031140835922,Table 6.8A,13,Contract construction,Direct legacy SIC mapping.,"BEA NIPA archive, 2024 Q1 Third estimate, released June 28, 2024; Section 6 Table 6.8A/B/C/D."
1946,Manufacturing,5,sector,14681.0,25.792340126493325,25.771060438499482,Table 6.8A,14,Manufacturing,Direct legacy SIC mapping.,"BEA NIPA archive, 2024 Q1 Third estimate, released June 28, 2024; Section 6 Table 6.8A/B/C/D."
1946,Wholesale trade,6,sector,2419.0,4.249824314827829,4.246318043779732,Table 6.8A,52,Wholesale trade,Direct legacy SIC mapping.,"BEA NIPA archive, 2024 Q1 Third estimate, released June 28, 2024; Section 6 Table 6.8A/B/C/D."
1946,Retail trade,7,sector,7973.0,14.007378777231201,13.995822142643988,Table 6.8A,53,Retail trade and automobile services,Direct legacy SIC mapping.,"BEA NIPA archive, 2024 Q1 Third estimate, released June 28, 2024; Section 6 Table 6.8A/B/C/D."
1946,Transportation and warehousing,8,sector,3039.0,5.339072382290935,5.334667439043657,Table 6.8A,37 - 46 - 49,Transportation and public utilities less communications and electric/gas/sanitary services,Legacy transportation/public utilities adjusted by subtracting communications and electric/gas/sanitary services.,"BEA NIPA archive, 2024 Q1 Third estimate, released June 28, 2024; Section 6 Table 6.8A/B/C/D."
1946,Information,9,sector,652.0,1.1454673225579761,1.1445222672775466,Table 6.8A,46,Communication,Legacy communications mapped to Table 6D information.,"BEA NIPA archive, 2024 Q1 Third estimate, released June 28, 2024; Section 6 Table 6.8A/B/C/D."
1946,"Finance, insurance, real estate, rental, and leasing",10,sector,1813.0,3.185172171468728,3.182544280021767,Table 6.8A,54,"Finance, insurance, and real estate",Legacy finance/insurance/real estate mapped to Table 6D finance/insurance/real estate/rental/leasing.,"BEA NIPA archive, 2024 Q1 Third estimate, released June 28, 2024; Section 6 Table 6.8A/B/C/D."
1946,Professional and business services,11,service_detail,missing,missing,missing,Table 6.8A,,,Service detail is not available before Table 6.8D; kept missing by design.,"BEA NIPA archive, 2024 Q1 Third estimate, released June 28, 2024; Section 6 Table 6.8A/B/C/D."
1946,"Educational services, health care, and social assistance",12,service_detail,missing,missing,missing,Table 6.8A,,,Service detail is not available before Table 6.8D; kept missing by design.,"BEA NIPA archive, 2024 Q1 Third estimate, released June 28, 2024; Section 6 Table 6.8A/B/C/D."
1946,"Arts, entertainment, recreation, accommodation, and food services",13,service_detail,missing,missing,missing,Table 6.8A,,,Service detail is not available before Table 6.8D; kept missing by design.,"BEA NIPA archive, 2024 Q1 Third estimate, released June 28, 2024; Section 6 Table 6.8A/B/C/D."
1946,"Other services, except government",14,service_detail,missing,missing,missing,Table 6.8A,,,Service detail is not available before Table 6.8D; kept missing by design.,"BEA NIPA archive, 2024 Q1 Third estimate, released June 28, 2024; Section 6 Table 6.8A/B/C/D."
1946,Services,15,services_total,7068.0,12.41742796907941,12.407183106008741,Table 6.8A,61,Services,Legacy aggregate services mapped to total services.,"BEA NIPA archive, 2024 Q1 Third estimate, released June 28, 2024; Section 6 Table 6.8A/B/C/D."
1946,Government,16,sector,8698.0,15.28109627547435,15.26848877420261,Table 6.8A,75,Government,Direct legacy SIC mapping.,"BEA NIPA archive, 2024 Q1 Third estimate, released June 28, 2024; Section 6 Table 6.8A/B/C/D."
1946,Rest of the world,17,sector,-47.0,-0.0825720309205903,missing,Table 6.8A,88,Rest of the world,Direct mapping.,"BEA NIPA archive, 2024 Q1 Third estimate, released June 28, 2024; Section 6 Table 6.8A/B/C/D."
1947,"Agriculture, forestry, fishing, and hunting",1,sector,6657.0,11.626932145664135,11.625916870415647,Table 6.8A,4,"Agriculture, forestry, and fisheries",Legacy SIC agriculture/forestry/fishing mapped to Table 6D agriculture/forestry/fishing/hunting.,"BEA NIPA archive, 2024 Q1 Third estimate, released June 28, 2024; Section 6 Table 6.8A/B/C/D."
1947,Mining,2,sector,968.0,1.6906820365033621,1.6905344044708348,Table 6.8A,7,Mining,Direct legacy SIC mapping.,"BEA NIPA archive, 2024 Q1 Third estimate, released June 28, 2024; Section 6 Table 6.8A/B/C/D."
1947,Utilities,3,sector,501.0,0.8750327482315955,0.8749563395040167,Table 6.8A,49,"Electric, gas, and sanitary services","Legacy electric, gas, and sanitary services mapped to Table 6D utilities.","BEA NIPA archive, 2024 Q1 Third estimate, released June 28, 2024; Section 6 Table 6.8A/B/C/D."
1947,Construction,4,sector,3007.0,5.251943061741333,5.25148445686343,Table 6.8A,13,Contract construction,Direct legacy SIC mapping.,"BEA NIPA archive, 2024 Q1 Third estimate, released June 28, 2024; Section 6 Table 6.8A/B/C/D."
1947,Manufacturing,5,sector,15396.0,26.890227927691903,26.887879846315055,Table 6.8A,14,Manufacturing,Direct legacy SIC mapping.,"BEA NIPA archive, 2024 Q1 Third estimate, released June 28, 2024; Section 6 Table 6.8A/B/C/D."
1947,Wholesale trade,6,sector,2620.0,4.57601956161034,4.575619979042962,Table 6.8A,52,Wholesale trade,Direct legacy SIC mapping.,"BEA NIPA archive, 2024 Q1 Third estimate, released June 28, 2024; Section 6 Table 6.8A/B/C/D."
1947,Retail trade,7,sector,8376.0,14.62929001833901,14.628012574222844,Table 6.8A,53,Retail trade and automobile services,Direct legacy SIC mapping.,"BEA NIPA archive, 2024 Q1 Third estimate, released June 28, 2024; Section 6 Table 6.8A/B/C/D."
1947,Transportation and warehousing,8,sector,3043.0,5.314819666404681,5.314355571079288,Table 6.8A,37 - 46 - 49,Transportation and public utilities less communications and electric/gas/sanitary services,Legacy transportation/public utilities adjusted by subtracting communications and electric/gas/sanitary services.,"BEA NIPA archive, 2024 Q1 Third estimate, released June 28, 2024; Section 6 Table 6.8A/B/C/D."
1947,Information,9,sector,687.0,1.1998952056588945,1.1997904296192805,Table 6.8A,46,Communication,Legacy communications mapped to Table 6D information.,"BEA NIPA archive, 2024 Q1 Third estimate, released June 28, 2024; Section 6 Table 6.8A/B/C/D."
1947,"Finance, insurance, real estate, rental, and leasing",10,sector,1864.0,3.255610863680028,3.2553265805099545,Table 6.8A,54,"Finance, insurance, and real estate",Legacy finance/insurance/real estate mapped to Table 6D finance/insurance/real estate/rental/leasing.,"BEA NIPA archive, 2024 Q1 Third estimate, released June 28, 2024; Section 6 Table 6.8A/B/C/D."
1947,Professional and business services,11,service_detail,missing,missing,missing,Table 6.8A,,,Service detail is not available before Table 6.8D; kept missing by design.,"BEA NIPA archive, 2024 Q1 Third estimate, released June 28, 2024; Section 6 Table 6.8A/B/C/D."
1947,"Educational services, health care, and social assistance",12,service_detail,missing,missing,missing,Table 6.8A,,,Service detail is not available before Table 6.8D; kept missing by design.,"BEA NIPA archive, 2024 Q1 Third estimate, released June 28, 2024; Section 6 Table 6.8A/B/C/D."
1947,"Arts, entertainment, recreation, accommodation, and food services",13,service_detail,missing,missing,missing,Table 6.8A,,,Service detail is not available before Table 6.8D; kept missing by design.,"BEA NIPA archive, 2024 Q1 Third estimate, released June 28, 2024; Section 6 Table 6.8A/B/C/D."
1947,"Other services, except government",14,service_detail,missing,missing,missing,Table 6.8A,,,Service detail is not available before Table 6.8D; kept missing by design.,"BEA NIPA archive, 2024 Q1 Third estimate, released June 28, 2024; Section 6 Table 6.8A/B/C/D."
1947,Services,15,services_total,7444.0,13.001484586498997,13.000349283967866,Table 6.8A,61,Services,Legacy aggregate services mapped to total services.,"BEA NIPA archive, 2024 Q1 Third estimate, released June 28, 2024; Section 6 Table 6.8A/B/C/D."
1947,Government,16,sector,6697.0,11.696795039734521,11.695773663988822,Table 6.8A,75,Government,Direct legacy SIC mapping.,"BEA NIPA archive, 2024 Q1 Third estimate, released June 28, 2024; Section 6 Table 6.8A/B/C/D."
1947,Rest of the world,17,sector,-5.0,-0.008732861758798359,missing,Table 6.8A,88,Rest of the world,Direct mapping.,"BEA NIPA archive, 2024 Q1 Third estimate, released June 28, 2024; Section 6 Table 6.8A/B/C/D."
1948,"Agriculture, forestry, fishing, and hunting",1,sector,6625.0,11.375343406593407,11.376710799718373,Table 6.8B,4,"Agriculture, forestry, and fishing",Legacy SIC agriculture/forestry/fishing mapped to Table 6D agriculture/forestry/fishing/hunting.,"BEA NIPA archive, 2024 Q1 Third estimate, released June 28, 2024; Section 6 Table 6.8A/B/C/D."
1948,Mining,2,sector,1028.0,1.76510989010989,1.7653220682430923,Table 6.8B,7,Mining,Direct legacy SIC mapping.,"BEA NIPA archive, 2024 Q1 Third estimate, released June 28, 2024; Section 6 Table 6.8A/B/C/D."
1948,Utilities,3,sector,537.0,0.9220467032967034,0.9221575395394364,Table 6.8B,49,"Electric, gas, and sanitary services","Legacy electric, gas, and sanitary services mapped to Table 6D utilities.","BEA NIPA archive, 2024 Q1 Third estimate, released June 28, 2024; Section 6 Table 6.8A/B/C/D."
1948,Construction,4,sector,3305.0,5.674793956043956,5.675476104614222,Table 6.8B,12,Construction,Direct legacy SIC mapping.,"BEA NIPA archive, 2024 Q1 Third estimate, released June 28, 2024; Section 6 Table 6.8A/B/C/D."
1948,Manufacturing,5,sector,15961.0,27.405563186813186,27.408857520649804,Table 6.8B,13,Manufacturing,Direct legacy SIC mapping.,"BEA NIPA archive, 2024 Q1 Third estimate, released June 28, 2024; Section 6 Table 6.8A/B/C/D."
1948,Wholesale trade,6,sector,2839.0,4.874656593406593,4.875242560060447,Table 6.8B,50,Wholesale trade,Direct legacy SIC mapping.,"BEA NIPA archive, 2024 Q1 Third estimate, released June 28, 2024; Section 6 Table 6.8A/B/C/D."
1948,Retail trade,7,sector,7851.0,13.480425824175825,13.48204626242852,Table 6.8B,51,Retail trade,Direct legacy SIC mapping.,"BEA NIPA archive, 2024 Q1 Third estimate, released June 28, 2024; Section 6 Table 6.8A/B/C/D."
1948,Transportation and warehousing,8,sector,3039.0,5.218063186813187,5.218690433259492,Table 6.8B,37 - 46 - 49,Transportation and public utilities less communications and electric/gas/sanitary services,Legacy transportation/public utilities adjusted by subtracting communications and electric/gas/sanitary services.,"BEA NIPA archive, 2024 Q1 Third estimate, released June 28, 2024; Section 6 Table 6.8A/B/C/D."
1948,Information,9,sector,742.0,1.2740384615384615,1.2741916095684578,Table 6.8B,46,Communication,Legacy communications mapped to Table 6D information.,"BEA NIPA archive, 2024 Q1 Third estimate, released June 28, 2024; Section 6 Table 6.8A/B/C/D."
1948,"Finance, insurance, real estate, rental, and leasing",10,sector,1855.0,3.1850961538461537,3.1854790239211446,Table 6.8B,52,"Finance, insurance, and real estate",Legacy finance/insurance/real estate mapped to Table 6D finance/insurance/real estate/rental/leasing.,"BEA NIPA archive, 2024 Q1 Third estimate, released June 28, 2024; Section 6 Table 6.8A/B/C/D."
1948,Professional and business services,11,service_detail,missing,missing,missing,Table 6.8B,,,Service detail is not available before Table 6.8D; kept missing by design.,"BEA NIPA archive, 2024 Q1 Third estimate, released June 28, 2024; Section 6 Table 6.8A/B/C/D."
1948,"Educational services, health care, and social assistance",12,service_detail,missing,missing,missing,Table 6.8B,,,Service detail is not available before Table 6.8D; kept missing by design.,"BEA NIPA archive, 2024 Q1 Third estimate, released June 28, 2024; Section 6 Table 6.8A/B/C/D."
1948,"Arts, entertainment, recreation, accommodation, and food services",13,service_detail,missing,missing,missing,Table 6.8B,,,Service detail is not available before Table 6.8D; kept missing by design.,"BEA NIPA archive, 2024 Q1 Third estimate, released June 28, 2024; Section 6 Table 6.8A/B/C/D."
1948,"Other services, except government",14,service_detail,missing,missing,missing,Table 6.8B,,,Service detail is not available before Table 6.8D; kept missing by design.,"BEA NIPA archive, 2024 Q1 Third estimate, released June 28, 2024; Section 6 Table 6.8A/B/C/D."
1948,Services,15,services_total,7707.0,13.233173076923077,13.234763793725207,Table 6.8B,60,Services,Legacy aggregate services mapped to total services.,"BEA NIPA archive, 2024 Q1 Third estimate, released June 28, 2024; Section 6 Table 6.8A/B/C/D."
1948,Government,16,sector,6744.0,11.57967032967033,11.581062284271805,Table 6.8B,76,Government,Direct legacy SIC mapping.,"BEA NIPA archive, 2024 Q1 Third estimate, released June 28, 2024; Section 6 Table 6.8A/B/C/D."
1948,Rest of the world,17,sector,7.0,0.01201923076923077,missing,Table 6.8B,87,Rest of the world,Direct mapping.,"BEA NIPA archive, 2024 Q1 Third estimate, released June 28, 2024; Section 6 Table 6.8A/B/C/D."
1949,"Agriculture, forestry, fishing, and hunting",1,sector,6440.0,11.331444759206798,11.328454826906839,Table 6.8B,4,"Agriculture, forestry, and fishing",Legacy SIC agriculture/forestry/fishing mapped to Table 6D agriculture/forestry/fishing/hunting.,"BEA NIPA archive, 2024 Q1 Third estimate, released June 28, 2024; Section 6 Table 6.8A/B/C/D."
1949,Mining,2,sector,956.0,1.682121302764239,1.6816774556712637,Table 6.8B,7,Mining,Direct legacy SIC mapping.,"BEA NIPA archive, 2024 Q1 Third estimate, released June 28, 2024; Section 6 Table 6.8A/B/C/D."
1949,Utilities,3,sector,549.0,0.9659880703112628,0.9657331832254433,Table 6.8B,49,"Electric, gas, and sanitary services","Legacy electric, gas, and sanitary services mapped to Table 6D utilities.","BEA NIPA archive, 2024 Q1 Third estimate, released June 28, 2024; Section 6 Table 6.8A/B/C/D."
1949,Construction,4,sector,3155.0,5.551352207344324,5.549887419082466,Table 6.8B,12,Construction,Direct legacy SIC mapping.,"BEA NIPA archive, 2024 Q1 Third estimate, released June 28, 2024; Section 6 Table 6.8A/B/C/D."
1949,Manufacturing,5,sector,14777.0,26.000739007266905,25.993878412609064,Table 6.8B,13,Manufacturing,Direct legacy SIC mapping.,"BEA NIPA archive, 2024 Q1 Third estimate, released June 28, 2024; Section 6 Table 6.8A/B/C/D."
1949,Wholesale trade,6,sector,2783.0,4.896802913800081,4.895510835913313,Table 6.8B,50,Wholesale trade,Direct legacy SIC mapping.,"BEA NIPA archive, 2024 Q1 Third estimate, released June 28, 2024; Section 6 Table 6.8A/B/C/D."
1949,Retail trade,7,sector,7839.0,13.793042774444425,13.789403321137067,Table 6.8B,51,Retail trade,Direct legacy SIC mapping.,"BEA NIPA archive, 2024 Q1 Third estimate, released June 28, 2024; Section 6 Table 6.8A/B/C/D."
1949,Transportation and warehousing,8,sector,2847.0,5.009413544947478,5.008091753447791,Table 6.8B,37 - 46 - 49,Transportation and public utilities less communications and electric/gas/sanitary services,Legacy transportation/public utilities adjusted by subtracting communications and electric/gas/sanitary services.,"BEA NIPA archive, 2024 Q1 Third estimate, released June 28, 2024; Section 6 Table 6.8A/B/C/D."
1949,Information,9,sector,739.0,1.300300881530097,1.2999577821559245,Table 6.8B,46,Communication,Legacy communications mapped to Table 6D information.,"BEA NIPA archive, 2024 Q1 Third estimate, released June 28, 2024; Section 6 Table 6.8A/B/C/D."
1949,"Finance, insurance, real estate, rental, and leasing",10,sector,1868.0,3.286822796614643,3.285955530537574,Table 6.8B,52,"Finance, insurance, and real estate",Legacy finance/insurance/real estate mapped to Table 6D finance/insurance/real estate/rental/leasing.,"BEA NIPA archive, 2024 Q1 Third estimate, released June 28, 2024; Section 6 Table 6.8A/B/C/D."
1949,Professional and business services,11,service_detail,missing,missing,missing,Table 6.8B,,,Service detail is not available before Table 6.8D; kept missing by design.,"BEA NIPA archive, 2024 Q1 Third estimate, released June 28, 2024; Section 6 Table 6.8A/B/C/D."
1949,"Educational services, health care, and social assistance",12,service_detail,missing,missing,missing,Table 6.8B,,,Service detail is not available before Table 6.8D; kept missing by design.,"BEA NIPA archive, 2024 Q1 Third estimate, released June 28, 2024; Section 6 Table 6.8A/B/C/D."
1949,"Arts, entertainment, recreation, accommodation, and food services",13,service_detail,missing,missing,missing,Table 6.8B,,,Service detail is not available before Table 6.8D; kept missing by design.,"BEA NIPA archive, 2024 Q1 Third estimate, released June 28, 2024; Section 6 Table 6.8A/B/C/D."
1949,"Other services, except government",14,service_detail,missing,missing,missing,Table 6.8B,,,Service detail is not available before Table 6.8D; kept missing by design.,"BEA NIPA archive, 2024 Q1 Third estimate, released June 28, 2024; Section 6 Table 6.8A/B/C/D."
1949,Services,15,services_total,7688.0,13.527352066581036,13.523782718829159,Table 6.8B,60,Services,Legacy aggregate services mapped to total services.,"BEA NIPA archive, 2024 Q1 Third estimate, released June 28, 2024; Section 6 Table 6.8A/B/C/D."
1949,Government,16,sector,7207.0,12.681012791863882,12.677666760484097,Table 6.8B,76,Government,Direct legacy SIC mapping.,"BEA NIPA archive, 2024 Q1 Third estimate, released June 28, 2024; Section 6 Table 6.8A/B/C/D."
1949,Rest of the world,17,sector,-15.0,-0.026393116675171115,missing,Table 6.8B,87,Rest of the world,Direct mapping.,"BEA NIPA archive, 2024 Q1 Third estimate, released June 28, 2024; Section 6 Table 6.8A/B/C/D."
1950,"Agriculture, forestry, fishing, and hunting",1,sector,6402.0,10.939288826615178,10.938541186119227,Table 6.8B,4,"Agriculture, forestry, and fishing",Legacy SIC agriculture/forestry/fishing mapped to Table 6D agriculture/forestry/fishing/hunting.,"BEA NIPA archive, 2024 Q1 Third estimate, released June 28, 2024; Section 6 Table 6.8A/B/C/D."
1950,Mining,2,sector,957.0,1.6352545153187636,1.63514275462607,Table 6.8B,7,Mining,Direct legacy SIC mapping.,"BEA NIPA archive, 2024 Q1 Third estimate, released June 28, 2024; Section 6 Table 6.8A/B/C/D."
1950,Utilities,3,sector,553.0,0.94492763528869,0.9448630546585337,Table 6.8B,49,"Electric, gas, and sanitary services","Legacy electric, gas, and sanitary services mapped to Table 6D utilities.","BEA NIPA archive, 2024 Q1 Third estimate, released June 28, 2024; Section 6 Table 6.8A/B/C/D."
1950,Construction,4,sector,3415.0,5.8353126121354,5.83491380046816,Table 6.8B,12,Construction,Direct legacy SIC mapping.,"BEA NIPA archive, 2024 Q1 Third estimate, released June 28, 2024; Section 6 Table 6.8A/B/C/D."
1950,Manufacturing,5,sector,15508.0,26.498983305708865,26.4971722452885,Table 6.8B,13,Manufacturing,Direct legacy SIC mapping.,"BEA NIPA archive, 2024 Q1 Third estimate, released June 28, 2024; Section 6 Table 6.8A/B/C/D."
1950,Wholesale trade,6,sector,2818.0,4.8152008611998705,4.814871768585439,Table 6.8B,50,Wholesale trade,Direct legacy SIC mapping.,"BEA NIPA archive, 2024 Q1 Third estimate, released June 28, 2024; Section 6 Table 6.8A/B/C/D."
1950,Retail trade,7,sector,7971.0,13.620286041385437,13.61935516940899,Table 6.8B,51,Retail trade,Direct legacy SIC mapping.,"BEA NIPA archive, 2024 Q1 Third estimate, released June 28, 2024; Section 6 Table 6.8A/B/C/D."
1950,Transportation and warehousing,8,sector,2899.0,4.953607983186098,4.953269431202693,Table 6.8B,37 - 46 - 49,Transportation and public utilities less communications and electric/gas/sanitary services,Legacy transportation/public utilities adjusted by subtracting communications and electric/gas/sanitary services.,"BEA NIPA archive, 2024 Q1 Third estimate, released June 28, 2024; Section 6 Table 6.8A/B/C/D."
1950,Information,9,sector,720.0,1.2302855287664678,1.2302014454866985,Table 6.8B,46,Communication,Legacy communications mapped to Table 6D information.,"BEA NIPA archive, 2024 Q1 Third estimate, released June 28, 2024; Section 6 Table 6.8A/B/C/D."
1950,"Finance, insurance, real estate, rental, and leasing",10,sector,1941.0,3.3166447379662696,3.316418063457891,Table 6.8B,52,"Finance, insurance, and real estate",Legacy finance/insurance/real estate mapped to Table 6D finance/insurance/real estate/rental/leasing.,"BEA NIPA archive, 2024 Q1 Third estimate, released June 28, 2024; Section 6 Table 6.8A/B/C/D."
1950,Professional and business services,11,service_detail,missing,missing,missing,Table 6.8B,,,Service detail is not available before Table 6.8D; kept missing by design.,"BEA NIPA archive, 2024 Q1 Third estimate, released June 28, 2024; Section 6 Table 6.8A/B/C/D."
1950,"Educational services, health care, and social assistance",12,service_detail,missing,missing,missing,Table 6.8B,,,Service detail is not available before Table 6.8D; kept missing by design.,"BEA NIPA archive, 2024 Q1 Third estimate, released June 28, 2024; Section 6 Table 6.8A/B/C/D."
1950,"Arts, entertainment, recreation, accommodation, and food services",13,service_detail,missing,missing,missing,Table 6.8B,,,Service detail is not available before Table 6.8D; kept missing by design.,"BEA NIPA archive, 2024 Q1 Third estimate, released June 28, 2024; Section 6 Table 6.8A/B/C/D."
1950,"Other services, except government",14,service_detail,missing,missing,missing,Table 6.8B,,,Service detail is not available before Table 6.8D; kept missing by design.,"BEA NIPA archive, 2024 Q1 Third estimate, released June 28, 2024; Section 6 Table 6.8A/B/C/D."
1950,Services,15,services_total,7911.0,13.517762247321565,13.5168383822851,Table 6.8B,60,Services,Legacy aggregate services mapped to total services.,"BEA NIPA archive, 2024 Q1 Third estimate, released June 28, 2024; Section 6 Table 6.8A/B/C/D."
1950,Government,16,sector,7432.0,12.699280624711651,12.698412698412698,Table 6.8B,76,Government,Direct legacy SIC mapping.,"BEA NIPA archive, 2024 Q1 Third estimate, released June 28, 2024; Section 6 Table 6.8A/B/C/D."
1950,Rest of the world,17,sector,-4.0,-0.006834919604258155,missing,Table 6.8B,87,Rest of the world,Direct mapping.,"BEA NIPA archive, 2024 Q1 Third estimate, released June 28, 2024; Section 6 Table 6.8A/B/C/D."
1951,"Agriculture, forestry, fishing, and hunting",1,sector,6022.0,9.676071726974742,9.667528214348783,Table 6.8B,4,"Agriculture, forestry, and fishing",Legacy SIC agriculture/forestry/fishing mapped to Table 6D agriculture/forestry/fishing/hunting.,"BEA NIPA archive, 2024 Q1 Third estimate, released June 28, 2024; Section 6 Table 6.8A/B/C/D."
1951,Mining,2,sector,972.0,1.5617970306574973,1.5604180379188004,Table 6.8B,7,Mining,Direct legacy SIC mapping.,"BEA NIPA archive, 2024 Q1 Third estimate, released June 28, 2024; Section 6 Table 6.8A/B/C/D."
1951,Utilities,3,sector,564.0,0.9062279066778071,0.9054277503973287,Table 6.8B,49,"Electric, gas, and sanitary services","Legacy electric, gas, and sanitary services mapped to Table 6D utilities.","BEA NIPA archive, 2024 Q1 Third estimate, released June 28, 2024; Section 6 Table 6.8A/B/C/D."
1951,Construction,4,sector,3628.0,5.829423484799794,5.824276380215441,Table 6.8B,12,Construction,Direct legacy SIC mapping.,"BEA NIPA archive, 2024 Q1 Third estimate, released June 28, 2024; Section 6 Table 6.8A/B/C/D."
1951,Manufacturing,5,sector,16665.0,26.777106497846905,26.75346358221894,Table 6.8B,13,Manufacturing,Direct legacy SIC mapping.,"BEA NIPA archive, 2024 Q1 Third estimate, released June 28, 2024; Section 6 Table 6.8A/B/C/D."
1951,Wholesale trade,6,sector,2980.0,4.788225464361463,4.783997688269573,Table 6.8B,50,Wholesale trade,Direct legacy SIC mapping.,"BEA NIPA archive, 2024 Q1 Third estimate, released June 28, 2024; Section 6 Table 6.8A/B/C/D."
1951,Retail trade,7,sector,8302.0,13.339546243331833,13.327768056380537,Table 6.8B,51,Retail trade,Direct legacy SIC mapping.,"BEA NIPA archive, 2024 Q1 Third estimate, released June 28, 2024; Section 6 Table 6.8A/B/C/D."
1951,Transportation and warehousing,8,sector,3063.0,4.921588791053409,4.917243261466344,Table 6.8B,37 - 46 - 49,Transportation and public utilities less communications and electric/gas/sanitary services,Legacy transportation/public utilities adjusted by subtracting communications and electric/gas/sanitary services.,"BEA NIPA archive, 2024 Q1 Third estimate, released June 28, 2024; Section 6 Table 6.8A/B/C/D."
1951,Information,9,sector,750.0,1.2050903014332541,1.204026263826235,Table 6.8B,46,Communication,Legacy communications mapped to Table 6D information.,"BEA NIPA archive, 2024 Q1 Third estimate, released June 28, 2024; Section 6 Table 6.8A/B/C/D."
1951,"Finance, insurance, real estate, rental, and leasing",10,sector,2045.0,3.2858795552413396,3.282978279366201,Table 6.8B,52,"Finance, insurance, and real estate",Legacy finance/insurance/real estate mapped to Table 6D finance/insurance/real estate/rental/leasing.,"BEA NIPA archive, 2024 Q1 Third estimate, released June 28, 2024; Section 6 Table 6.8A/B/C/D."
1951,Professional and business services,11,service_detail,missing,missing,missing,Table 6.8B,,,Service detail is not available before Table 6.8D; kept missing by design.,"BEA NIPA archive, 2024 Q1 Third estimate, released June 28, 2024; Section 6 Table 6.8A/B/C/D."
1951,"Educational services, health care, and social assistance",12,service_detail,missing,missing,missing,Table 6.8B,,,Service detail is not available before Table 6.8D; kept missing by design.,"BEA NIPA archive, 2024 Q1 Third estimate, released June 28, 2024; Section 6 Table 6.8A/B/C/D."
1951,"Arts, entertainment, recreation, accommodation, and food services",13,service_detail,missing,missing,missing,Table 6.8B,,,Service detail is not available before Table 6.8D; kept missing by design.,"BEA NIPA archive, 2024 Q1 Third estimate, released June 28, 2024; Section 6 Table 6.8A/B/C/D."
1951,"Other services, except government",14,service_detail,missing,missing,missing,Table 6.8B,,,Service detail is not available before Table 6.8D; kept missing by design.,"BEA NIPA archive, 2024 Q1 Third estimate, released June 28, 2024; Section 6 Table 6.8A/B/C/D."
1951,Services,15,services_total,8033.0,12.90732052188444,12.895923969754861,Table 6.8B,60,Services,Legacy aggregate services mapped to total services.,"BEA NIPA archive, 2024 Q1 Third estimate, released June 28, 2024; Section 6 Table 6.8A/B/C/D."
1951,Government,16,sector,9267.0,14.890095764509287,14.87694851583696,Table 6.8B,76,Government,Direct legacy SIC mapping.,"BEA NIPA archive, 2024 Q1 Third estimate, released June 28, 2024; Section 6 Table 6.8A/B/C/D."
1951,Rest of the world,17,sector,-55.0,-0.08837328877177196,missing,Table 6.8B,87,Rest of the world,Direct mapping.,"BEA NIPA archive, 2024 Q1 Third estimate, released June 28, 2024; Section 6 Table 6.8A/B/C/D."
1952,"Agriculture, forestry, fishing, and hunting",1,sector,5879.0,9.286052756278629,9.276089494777368,Table 6.8B,4,"Agriculture, forestry, and fishing",Legacy SIC agriculture/forestry/fishing mapped to Table 6D agriculture/forestry/fishing/hunting.,"BEA NIPA archive, 2024 Q1 Third estimate, released June 28, 2024; Section 6 Table 6.8A/B/C/D."
1952,Mining,2,sector,949.0,1.4989733059548254,1.4973650162516963,Table 6.8B,7,Mining,Direct legacy SIC mapping.,"BEA NIPA archive, 2024 Q1 Third estimate, released June 28, 2024; Section 6 Table 6.8A/B/C/D."
1952,Utilities,3,sector,568.0,0.8971726425525194,0.896210041339266,Table 6.8B,49,"Electric, gas, and sanitary services","Legacy electric, gas, and sanitary services mapped to Table 6D utilities.","BEA NIPA archive, 2024 Q1 Third estimate, released June 28, 2024; Section 6 Table 6.8A/B/C/D."
1952,Construction,4,sector,3601.0,5.687885010266941,5.681782321941368,Table 6.8B,12,Construction,Direct legacy SIC mapping.,"BEA NIPA archive, 2024 Q1 Third estimate, released June 28, 2024; Section 6 Table 6.8A/B/C/D."
1952,Manufacturing,5,sector,16904.0,26.700363291739063,26.6717157373221,Table 6.8B,13,Manufacturing,Direct legacy SIC mapping.,"BEA NIPA archive, 2024 Q1 Third estimate, released June 28, 2024; Section 6 Table 6.8A/B/C/D."
1952,Wholesale trade,6,sector,3056.0,4.827041541620597,4.821862475938023,Table 6.8B,50,Wholesale trade,Direct legacy SIC mapping.,"BEA NIPA archive, 2024 Q1 Third estimate, released June 28, 2024; Section 6 Table 6.8A/B/C/D."
1952,Retail trade,7,sector,8409.0,13.282261885957984,13.268010981728676,Table 6.8B,51,Retail trade,Direct legacy SIC mapping.,"BEA NIPA archive, 2024 Q1 Third estimate, released June 28, 2024; Section 6 Table 6.8A/B/C/D."
1952,Transportation and warehousing,8,sector,3046.0,4.811246248617912,4.806084130139796,Table 6.8B,37 - 46 - 49,Transportation and public utilities less communications and electric/gas/sanitary services,Legacy transportation/public utilities adjusted by subtracting communications and electric/gas/sanitary services.,"BEA NIPA archive, 2024 Q1 Third estimate, released June 28, 2024; Section 6 Table 6.8A/B/C/D."
1952,Information,9,sector,776.0,1.2257147370083714,1.2243996339423775,Table 6.8B,46,Communication,Legacy communications mapped to Table 6D information.,"BEA NIPA archive, 2024 Q1 Third estimate, released June 28, 2024; Section 6 Table 6.8A/B/C/D."
1952,"Finance, insurance, real estate, rental, and leasing",10,sector,2141.0,3.3817722318749013,3.3781438354002966,Table 6.8B,52,"Finance, insurance, and real estate",Legacy finance/insurance/real estate mapped to Table 6D finance/insurance/real estate/rental/leasing.,"BEA NIPA archive, 2024 Q1 Third estimate, released June 28, 2024; Section 6 Table 6.8A/B/C/D."
1952,Professional and business services,11,service_detail,missing,missing,missing,Table 6.8B,,,Service detail is not available before Table 6.8D; kept missing by design.,"BEA NIPA archive, 2024 Q1 Third estimate, released June 28, 2024; Section 6 Table 6.8A/B/C/D."
1952,"Educational services, health care, and social assistance",12,service_detail,missing,missing,missing,Table 6.8B,,,Service detail is not available before Table 6.8D; kept missing by design.,"BEA NIPA archive, 2024 Q1 Third estimate, released June 28, 2024; Section 6 Table 6.8A/B/C/D."
1952,"Arts, entertainment, recreation, accommodation, and food services",13,service_detail,missing,missing,missing,Table 6.8B,,,Service detail is not available before Table 6.8D; kept missing by design.,"BEA NIPA archive, 2024 Q1 Third estimate, released June 28, 2024; Section 6 Table 6.8A/B/C/D."
1952,"Other services, except government",14,service_detail,missing,missing,missing,Table 6.8B,,,Service detail is not available before Table 6.8D; kept missing by design.,"BEA NIPA archive, 2024 Q1 Third estimate, released June 28, 2024; Section 6 Table 6.8A/B/C/D."
1952,Services,15,services_total,8006.0,12.64571157794977,12.632143646060147,Table 6.8B,60,Services,Legacy aggregate services mapped to total services.,"BEA NIPA archive, 2024 Q1 Third estimate, released June 28, 2024; Section 6 Table 6.8A/B/C/D."
1952,Government,16,sector,10043.0,15.863212762596746,15.846192685158888,Table 6.8B,76,Government,Direct legacy SIC mapping.,"BEA NIPA archive, 2024 Q1 Third estimate, released June 28, 2024; Section 6 Table 6.8A/B/C/D."
1952,Rest of the world,17,sector,-68.0,-0.10740799241825937,missing,Table 6.8B,87,Rest of the world,Direct mapping.,"BEA NIPA archive, 2024 Q1 Third estimate, released June 28, 2024; Section 6 Table 6.8A/B/C/D."
1953,"Agriculture, forestry, fishing, and hunting",1,sector,5696.0,8.88791798648712,8.877113691264709,Table 6.8B,4,"Agriculture, forestry, and fishing",Legacy SIC agriculture/forestry/fishing mapped to Table 6D agriculture/forestry/fishing/hunting.,"BEA NIPA archive, 2024 Q1 Third estimate, released June 28, 2024; Section 6 Table 6.8A/B/C/D."
1953,Mining,2,sector,908.0,1.416824004868382,1.4151016909530119,Table 6.8B,7,Mining,Direct legacy SIC mapping.,"BEA NIPA archive, 2024 Q1 Third estimate, released June 28, 2024; Section 6 Table 6.8A/B/C/D."
1953,Utilities,3,sector,580.0,0.9050197387925788,0.9039195823268137,Table 6.8B,49,"Electric, gas, and sanitary services","Legacy electric, gas, and sanitary services mapped to Table 6D utilities.","BEA NIPA archive, 2024 Q1 Third estimate, released June 28, 2024; Section 6 Table 6.8A/B/C/D."
1953,Construction,4,sector,3528.0,5.505016618034859,5.498324631808618,Table 6.8B,12,Construction,Direct legacy SIC mapping.,"BEA NIPA archive, 2024 Q1 Third estimate, released June 28, 2024; Section 6 Table 6.8A/B/C/D."
1953,Manufacturing,5,sector,17652.0,27.54380763649414,27.510324943505026,Table 6.8B,13,Manufacturing,Direct legacy SIC mapping.,"BEA NIPA archive, 2024 Q1 Third estimate, released June 28, 2024; Section 6 Table 6.8A/B/C/D."
1953,Wholesale trade,6,sector,3103.0,4.841855602540297,4.8359697654484535,Table 6.8B,50,Wholesale trade,Direct legacy SIC mapping.,"BEA NIPA archive, 2024 Q1 Third estimate, released June 28, 2024; Section 6 Table 6.8A/B/C/D."
1953,Retail trade,7,sector,8483.0,13.236693869271459,13.220603132548897,Table 6.8B,51,Retail trade,Direct legacy SIC mapping.,"BEA NIPA archive, 2024 Q1 Third estimate, released June 28, 2024; Section 6 Table 6.8A/B/C/D."
1953,Transportation and warehousing,8,sector,3054.0,4.765397038400923,4.759604145562222,Table 6.8B,37 - 46 - 49,Transportation and public utilities less communications and electric/gas/sanitary services,Legacy transportation/public utilities adjusted by subtracting communications and electric/gas/sanitary services.,"BEA NIPA archive, 2024 Q1 Third estimate, released June 28, 2024; Section 6 Table 6.8A/B/C/D."
1953,Information,9,sector,804.0,1.2545446034297127,1.2530195589495832,Table 6.8B,46,Communication,Legacy communications mapped to Table 6D information.,"BEA NIPA archive, 2024 Q1 Third estimate, released June 28, 2024; Section 6 Table 6.8A/B/C/D."
1953,"Finance, insurance, real estate, rental, and leasing",10,sector,2247.0,3.506171298391249,3.5019091404971556,Table 6.8B,52,"Finance, insurance, and real estate",Legacy finance/insurance/real estate mapped to Table 6D finance/insurance/real estate/rental/leasing.,"BEA NIPA archive, 2024 Q1 Third estimate, released June 28, 2024; Section 6 Table 6.8A/B/C/D."
1953,Professional and business services,11,service_detail,missing,missing,missing,Table 6.8B,,,Service detail is not available before Table 6.8D; kept missing by design.,"BEA NIPA archive, 2024 Q1 Third estimate, released June 28, 2024; Section 6 Table 6.8A/B/C/D."
1953,"Educational services, health care, and social assistance",12,service_detail,missing,missing,missing,Table 6.8B,,,Service detail is not available before Table 6.8D; kept missing by design.,"BEA NIPA archive, 2024 Q1 Third estimate, released June 28, 2024; Section 6 Table 6.8A/B/C/D."
1953,"Arts, entertainment, recreation, accommodation, and food services",13,service_detail,missing,missing,missing,Table 6.8B,,,Service detail is not available before Table 6.8D; kept missing by design.,"BEA NIPA archive, 2024 Q1 Third estimate, released June 28, 2024; Section 6 Table 6.8A/B/C/D."
1953,"Other services, except government",14,service_detail,missing,missing,missing,Table 6.8B,,,Service detail is not available before Table 6.8D; kept missing by design.,"BEA NIPA archive, 2024 Q1 Third estimate, released June 28, 2024; Section 6 Table 6.8A/B/C/D."
1953,Services,15,services_total,8097.0,12.634387629316398,12.619029065690018,Table 6.8B,60,Services,Legacy aggregate services mapped to total services.,"BEA NIPA archive, 2024 Q1 Third estimate, released June 28, 2024; Section 6 Table 6.8A/B/C/D."
1953,Government,16,sector,10013.0,15.624073525051882,15.605080651445492,Table 6.8B,76,Government,Direct legacy SIC mapping.,"BEA NIPA archive, 2024 Q1 Third estimate, released June 28, 2024; Section 6 Table 6.8A/B/C/D."
1953,Rest of the world,17,sector,-78.0,-0.12170955107900198,missing,Table 6.8B,87,Rest of the world,Direct mapping.,"BEA NIPA archive, 2024 Q1 Third estimate, released June 28, 2024; Section 6 Table 6.8A/B/C/D."
1954,"Agriculture, forestry, fishing, and hunting",1,sector,5713.0,9.198048654827648,9.179279539830972,Table 6.8B,4,"Agriculture, forestry, and fishing",Legacy SIC agriculture/forestry/fishing mapped to Table 6D agriculture/forestry/fishing/hunting.,"BEA NIPA archive, 2024 Q1 Third estimate, released June 28, 2024; Section 6 Table 6.8A/B/C/D."
1954,Mining,2,sector,833.0,1.3411473008001804,1.3384106173077541,Table 6.8B,7,Mining,Direct legacy SIC mapping.,"BEA NIPA archive, 2024 Q1 Third estimate, released June 28, 2024; Section 6 Table 6.8A/B/C/D."
1954,Utilities,3,sector,583.0,0.9386421084831994,0.9367267585719335,Table 6.8B,49,"Electric, gas, and sanitary services","Legacy electric, gas, and sanitary services mapped to Table 6D utilities.","BEA NIPA archive, 2024 Q1 Third estimate, released June 28, 2024; Section 6 Table 6.8A/B/C/D."
1954,Construction,4,sector,3394.0,5.464410490895332,5.4532600661975,Table 6.8B,12,Construction,Direct legacy SIC mapping.,"BEA NIPA archive, 2024 Q1 Third estimate, released June 28, 2024; Section 6 Table 6.8A/B/C/D."
1954,Manufacturing,5,sector,16378.0,26.36892015907005,26.315112953501078,Table 6.8B,13,Manufacturing,Direct legacy SIC mapping.,"BEA NIPA archive, 2024 Q1 Third estimate, released June 28, 2024; Section 6 Table 6.8A/B/C/D."
1954,Wholesale trade,6,sector,3092.0,4.97818421857642,4.968025964844629,Table 6.8B,50,Wholesale trade,Direct legacy SIC mapping.,"BEA NIPA archive, 2024 Q1 Third estimate, released June 28, 2024; Section 6 Table 6.8A/B/C/D."
1954,Retail trade,7,sector,8379.0,13.490364025695932,13.462836209389762,Table 6.8B,51,Retail trade,Direct legacy SIC mapping.,"BEA NIPA archive, 2024 Q1 Third estimate, released June 28, 2024; Section 6 Table 6.8A/B/C/D."
1954,Transportation and warehousing,8,sector,2841.0,4.574069005490171,4.564735370673865,Table 6.8B,37 - 46 - 49,Transportation and public utilities less communications and electric/gas/sanitary services,Legacy transportation/public utilities adjusted by subtracting communications and electric/gas/sanitary services.,"BEA NIPA archive, 2024 Q1 Third estimate, released June 28, 2024; Section 6 Table 6.8A/B/C/D."
1954,Information,9,sector,802.0,1.2912366569528746,1.2886018188245123,Table 6.8B,46,Communication,Legacy communications mapped to Table 6D information.,"BEA NIPA archive, 2024 Q1 Third estimate, released June 28, 2024; Section 6 Table 6.8A/B/C/D."
1954,"Finance, insurance, real estate, rental, and leasing",10,sector,2349.0,3.7819387870103522,3.77422153668177,Table 6.8B,52,"Finance, insurance, and real estate",Legacy finance/insurance/real estate mapped to Table 6D finance/insurance/real estate/rental/leasing.,"BEA NIPA archive, 2024 Q1 Third estimate, released June 28, 2024; Section 6 Table 6.8A/B/C/D."
1954,Professional and business services,11,service_detail,missing,missing,missing,Table 6.8B,,,Service detail is not available before Table 6.8D; kept missing by design.,"BEA NIPA archive, 2024 Q1 Third estimate, released June 28, 2024; Section 6 Table 6.8A/B/C/D."
1954,"Educational services, health care, and social assistance",12,service_detail,missing,missing,missing,Table 6.8B,,,Service detail is not available before Table 6.8D; kept missing by design.,"BEA NIPA archive, 2024 Q1 Third estimate, released June 28, 2024; Section 6 Table 6.8A/B/C/D."
1954,"Arts, entertainment, recreation, accommodation, and food services",13,service_detail,missing,missing,missing,Table 6.8B,,,Service detail is not available before Table 6.8D; kept missing by design.,"BEA NIPA archive, 2024 Q1 Third estimate, released June 28, 2024; Section 6 Table 6.8A/B/C/D."
1954,"Other services, except government",14,service_detail,missing,missing,missing,Table 6.8B,,,Service detail is not available before Table 6.8D; kept missing by design.,"BEA NIPA archive, 2024 Q1 Third estimate, released June 28, 2024; Section 6 Table 6.8A/B/C/D."
1954,Services,15,services_total,8019.0,12.91075654875948,12.88441145281018,Table 6.8B,60,Services,Legacy aggregate services mapped to total services.,"BEA NIPA archive, 2024 Q1 Third estimate, released June 28, 2024; Section 6 Table 6.8A/B/C/D."
1954,Government,16,sector,9855.0,15.866754681135387,15.834377711366047,Table 6.8B,76,Government,Direct legacy SIC mapping.,"BEA NIPA archive, 2024 Q1 Third estimate, released June 28, 2024; Section 6 Table 6.8A/B/C/D."
1954,Rest of the world,17,sector,-127.0,-0.20447263769702628,missing,Table 6.8B,87,Rest of the world,Direct mapping.,"BEA NIPA archive, 2024 Q1 Third estimate, released June 28, 2024; Section 6 Table 6.8A/B/C/D."
1955,"Agriculture, forestry, fishing, and hunting",1,sector,5525.0,8.750811726879643,8.731726590280521,Table 6.8B,4,"Agriculture, forestry, and fishing",Legacy SIC agriculture/forestry/fishing mapped to Table 6D agriculture/forestry/fishing/hunting.,"BEA NIPA archive, 2024 Q1 Third estimate, released June 28, 2024; Section 6 Table 6.8A/B/C/D."
1955,Mining,2,sector,835.0,1.3225208673202717,1.3196365073093639,Table 6.8B,7,Mining,Direct legacy SIC mapping.,"BEA NIPA archive, 2024 Q1 Third estimate, released June 28, 2024; Section 6 Table 6.8A/B/C/D."
1955,Utilities,3,sector,587.0,0.9297242504395204,0.927696562623469,Table 6.8B,49,"Electric, gas, and sanitary services","Legacy electric, gas, and sanitary services mapped to Table 6D utilities.","BEA NIPA archive, 2024 Q1 Third estimate, released June 28, 2024; Section 6 Table 6.8A/B/C/D."
1955,Construction,4,sector,3463.0,5.484897920395331,5.472935598577637,Table 6.8B,12,Construction,Direct legacy SIC mapping.,"BEA NIPA archive, 2024 Q1 Third estimate, released June 28, 2024; Section 6 Table 6.8A/B/C/D."
1955,Manufacturing,5,sector,16852.0,26.69116365997751,26.632951402607667,Table 6.8B,13,Manufacturing,Direct legacy SIC mapping.,"BEA NIPA archive, 2024 Q1 Third estimate, released June 28, 2024; Section 6 Table 6.8A/B/C/D."
1955,Wholesale trade,6,sector,3164.0,5.011324579881844,5.0003951007506915,Table 6.8B,50,Wholesale trade,Direct legacy SIC mapping.,"BEA NIPA archive, 2024 Q1 Third estimate, released June 28, 2024; Section 6 Table 6.8A/B/C/D."
1955,Retail trade,7,sector,8593.0,13.610086003452809,13.580403002765705,Table 6.8B,51,Retail trade,Direct legacy SIC mapping.,"BEA NIPA archive, 2024 Q1 Third estimate, released June 28, 2024; Section 6 Table 6.8A/B/C/D."
1955,Transportation and warehousing,8,sector,2882.0,4.564676813912603,4.554721453970762,Table 6.8B,37 - 46 - 49,Transportation and public utilities less communications and electric/gas/sanitary services,Legacy transportation/public utilities adjusted by subtracting communications and electric/gas/sanitary services.,"BEA NIPA archive, 2024 Q1 Third estimate, released June 28, 2024; Section 6 Table 6.8A/B/C/D."
1955,Information,9,sector,814.0,1.2892598634714985,1.286448044251284,Table 6.8B,46,Communication,Legacy communications mapped to Table 6D information.,"BEA NIPA archive, 2024 Q1 Third estimate, released June 28, 2024; Section 6 Table 6.8A/B/C/D."
1955,"Finance, insurance, real estate, rental, and leasing",10,sector,2433.0,3.853524874479307,3.845120505728961,Table 6.8B,52,"Finance, insurance, and real estate",Legacy finance/insurance/real estate mapped to Table 6D finance/insurance/real estate/rental/leasing.,"BEA NIPA archive, 2024 Q1 Third estimate, released June 28, 2024; Section 6 Table 6.8A/B/C/D."
1955,Professional and business services,11,service_detail,missing,missing,missing,Table 6.8B,,,Service detail is not available before Table 6.8D; kept missing by design.,"BEA NIPA archive, 2024 Q1 Third estimate, released June 28, 2024; Section 6 Table 6.8A/B/C/D."
1955,"Educational services, health care, and social assistance",12,service_detail,missing,missing,missing,Table 6.8B,,,Service detail is not available before Table 6.8D; kept missing by design.,"BEA NIPA archive, 2024 Q1 Third estimate, released June 28, 2024; Section 6 Table 6.8A/B/C/D."
1955,"Arts, entertainment, recreation, accommodation, and food services",13,service_detail,missing,missing,missing,Table 6.8B,,,Service detail is not available before Table 6.8D; kept missing by design.,"BEA NIPA archive, 2024 Q1 Third estimate, released June 28, 2024; Section 6 Table 6.8A/B/C/D."
1955,"Other services, except government",14,service_detail,missing,missing,missing,Table 6.8B,,,Service detail is not available before Table 6.8D; kept missing by design.,"BEA NIPA archive, 2024 Q1 Third estimate, released June 28, 2024; Section 6 Table 6.8A/B/C/D."
1955,Services,15,services_total,8382.0,13.275892107638944,13.246937969182142,Table 6.8B,60,Services,Legacy aggregate services mapped to total services.,"BEA NIPA archive, 2024 Q1 Third estimate, released June 28, 2024; Section 6 Table 6.8A/B/C/D."
1955,Government,16,sector,9745.0,15.434689643156945,15.401027261951798,Table 6.8B,76,Government,Direct legacy SIC mapping.,"BEA NIPA archive, 2024 Q1 Third estimate, released June 28, 2024; Section 6 Table 6.8A/B/C/D."
1955,Rest of the world,17,sector,-138.0,-0.21857231100622457,missing,Table 6.8B,87,Rest of the world,Direct mapping.,"BEA NIPA archive, 2024 Q1 Third estimate, released June 28, 2024; Section 6 Table 6.8A/B/C/D."
1956,"Agriculture, forestry, fishing, and hunting",1,sector,5251.0,8.16844004729015,8.150436159314562,Table 6.8B,4,"Agriculture, forestry, and fishing",Legacy SIC agriculture/forestry/fishing mapped to Table 6D agriculture/forestry/fishing/hunting.,"BEA NIPA archive, 2024 Q1 Third estimate, released June 28, 2024; Section 6 Table 6.8A/B/C/D."
1956,Mining,2,sector,873.0,1.358036214299048,1.3550429950641045,Table 6.8B,7,Mining,Direct legacy SIC mapping.,"BEA NIPA archive, 2024 Q1 Third estimate, released June 28, 2024; Section 6 Table 6.8A/B/C/D."
1956,Utilities,3,sector,593.0,0.922469043618941,0.9204358488808866,Table 6.8B,49,"Electric, gas, and sanitary services","Legacy electric, gas, and sanitary services mapped to Table 6D utilities.","BEA NIPA archive, 2024 Q1 Third estimate, released June 28, 2024; Section 6 Table 6.8A/B/C/D."
1956,Construction,4,sector,3580.0,5.569037396552797,5.556762797628287,Table 6.8B,12,Construction,Direct legacy SIC mapping.,"BEA NIPA archive, 2024 Q1 Third estimate, released June 28, 2024; Section 6 Table 6.8A/B/C/D."
1956,Manufacturing,5,sector,17121.0,26.6333768900504,26.574674820724553,Table 6.8B,13,Manufacturing,Direct legacy SIC mapping.,"BEA NIPA archive, 2024 Q1 Third estimate, released June 28, 2024; Section 6 Table 6.8A/B/C/D."
1956,Wholesale trade,6,sector,3307.0,5.144359405139693,5.13302083009965,Table 6.8B,50,Wholesale trade,Direct legacy SIC mapping.,"BEA NIPA archive, 2024 Q1 Third estimate, released June 28, 2024; Section 6 Table 6.8A/B/C/D."
1956,Retail trade,7,sector,8820.0,13.72036587642337,13.690125104771365,Table 6.8B,51,Retail trade,Direct legacy SIC mapping.,"BEA NIPA archive, 2024 Q1 Third estimate, released June 28, 2024; Section 6 Table 6.8A/B/C/D."
1956,Transportation and warehousing,8,sector,2936.0,4.56723290398855,4.557166361406885,Table 6.8B,37 - 46 - 49,Transportation and public utilities less communications and electric/gas/sanitary services,Legacy transportation/public utilities adjusted by subtracting communications and electric/gas/sanitary services.,"BEA NIPA archive, 2024 Q1 Third estimate, released June 28, 2024; Section 6 Table 6.8A/B/C/D."
1956,Information,9,sector,860.0,1.3378134528031858,1.3348648061341695,Table 6.8B,46,Communication,Legacy communications mapped to Table 6D information.,"BEA NIPA archive, 2024 Q1 Third estimate, released June 28, 2024; Section 6 Table 6.8A/B/C/D."
1956,"Finance, insurance, real estate, rental, and leasing",10,sector,2525.0,3.9278825213116795,3.9192251575450907,Table 6.8B,52,"Finance, insurance, and real estate",Legacy finance/insurance/real estate mapped to Table 6D finance/insurance/real estate/rental/leasing.,"BEA NIPA archive, 2024 Q1 Third estimate, released June 28, 2024; Section 6 Table 6.8A/B/C/D."
1956,Professional and business services,11,service_detail,missing,missing,missing,Table 6.8B,,,Service detail is not available before Table 6.8D; kept missing by design.,"BEA NIPA archive, 2024 Q1 Third estimate, released June 28, 2024; Section 6 Table 6.8A/B/C/D."
1956,"Educational services, health care, and social assistance",12,service_detail,missing,missing,missing,Table 6.8B,,,Service detail is not available before Table 6.8D; kept missing by design.,"BEA NIPA archive, 2024 Q1 Third estimate, released June 28, 2024; Section 6 Table 6.8A/B/C/D."
1956,"Arts, entertainment, recreation, accommodation, and food services",13,service_detail,missing,missing,missing,Table 6.8B,,,Service detail is not available before Table 6.8D; kept missing by design.,"BEA NIPA archive, 2024 Q1 Third estimate, released June 28, 2024; Section 6 Table 6.8A/B/C/D."
1956,"Other services, except government",14,service_detail,missing,missing,missing,Table 6.8B,,,Service detail is not available before Table 6.8D; kept missing by design.,"BEA NIPA archive, 2024 Q1 Third estimate, released June 28, 2024; Section 6 Table 6.8A/B/C/D."
1956,Services,15,services_total,8720.0,13.564806172609048,13.534908266848788,Table 6.8B,60,Services,Legacy aggregate services mapped to total services.,"BEA NIPA archive, 2024 Q1 Third estimate, released June 28, 2024; Section 6 Table 6.8A/B/C/D."
1956,Government,16,sector,9840.0,15.307074855329475,15.273336851581659,Table 6.8B,76,Government,Direct legacy SIC mapping.,"BEA NIPA archive, 2024 Q1 Third estimate, released June 28, 2024; Section 6 Table 6.8A/B/C/D."
1956,Rest of the world,17,sector,-142.0,-0.22089477941634,missing,Table 6.8B,87,Rest of the world,Direct mapping.,"BEA NIPA archive, 2024 Q1 Third estimate, released June 28, 2024; Section 6 Table 6.8A/B/C/D."
1957,"Agriculture, forestry, fishing, and hunting",1,sector,5010.0,7.762026493144318,7.746065122607378,Table 6.8B,4,"Agriculture, forestry, and fishing",Legacy SIC agriculture/forestry/fishing mapped to Table 6D agriculture/forestry/fishing/hunting.,"BEA NIPA archive, 2024 Q1 Third estimate, released June 28, 2024; Section 6 Table 6.8A/B/C/D."
1957,Mining,2,sector,869.0,1.3463475094895034,1.3435789603883856,Table 6.8B,7,Mining,Direct legacy SIC mapping.,"BEA NIPA archive, 2024 Q1 Third estimate, released June 28, 2024; Section 6 Table 6.8A/B/C/D."
1957,Utilities,3,sector,598.0,0.9264853977844915,0.9245802282074276,Table 6.8B,49,"Electric, gas, and sanitary services","Legacy electric, gas, and sanitary services mapped to Table 6D utilities.","BEA NIPA archive, 2024 Q1 Third estimate, released June 28, 2024; Section 6 Table 6.8A/B/C/D."
1957,Construction,4,sector,3525.0,5.461306065535672,5.450075759918365,Table 6.8B,12,Construction,Direct legacy SIC mapping.,"BEA NIPA archive, 2024 Q1 Third estimate, released June 28, 2024; Section 6 Table 6.8A/B/C/D."
1957,Manufacturing,5,sector,17077.0,26.457510264156788,26.403104610532175,Table 6.8B,13,Manufacturing,Direct legacy SIC mapping.,"BEA NIPA archive, 2024 Q1 Third estimate, released June 28, 2024; Section 6 Table 6.8A/B/C/D."
1957,Wholesale trade,6,sector,3318.0,5.140599581687195,5.130028757846563,Table 6.8B,50,Wholesale trade,Direct legacy SIC mapping.,"BEA NIPA archive, 2024 Q1 Third estimate, released June 28, 2024; Section 6 Table 6.8A/B/C/D."
1957,Retail trade,7,sector,8867.0,13.737702378185762,13.70945298246699,Table 6.8B,51,Retail trade,Direct legacy SIC mapping.,"BEA NIPA archive, 2024 Q1 Third estimate, released June 28, 2024; Section 6 Table 6.8A/B/C/D."
1957,Transportation and warehousing,8,sector,2900.0,4.492989387249206,4.483750270571137,Table 6.8B,37 - 46 - 49,Transportation and public utilities less communications and electric/gas/sanitary services,Legacy transportation/public utilities adjusted by subtracting communications and electric/gas/sanitary services.,"BEA NIPA archive, 2024 Q1 Third estimate, released June 28, 2024; Section 6 Table 6.8A/B/C/D."
1957,Information,9,sector,879.0,1.3618405763420869,1.3590401682179412,Table 6.8B,46,Communication,Legacy communications mapped to Table 6D information.,"BEA NIPA archive, 2024 Q1 Third estimate, released June 28, 2024; Section 6 Table 6.8A/B/C/D."
1957,"Finance, insurance, real estate, rental, and leasing",10,sector,2594.0,4.018901541560152,4.010637310986734,Table 6.8B,52,"Finance, insurance, and real estate",Legacy finance/insurance/real estate mapped to Table 6D finance/insurance/real estate/rental/leasing.,"BEA NIPA archive, 2024 Q1 Third estimate, released June 28, 2024; Section 6 Table 6.8A/B/C/D."
1957,Professional and business services,11,service_detail,missing,missing,missing,Table 6.8B,,,Service detail is not available before Table 6.8D; kept missing by design.,"BEA NIPA archive, 2024 Q1 Third estimate, released June 28, 2024; Section 6 Table 6.8A/B/C/D."
1957,"Educational services, health care, and social assistance",12,service_detail,missing,missing,missing,Table 6.8B,,,Service detail is not available before Table 6.8D; kept missing by design.,"BEA NIPA archive, 2024 Q1 Third estimate, released June 28, 2024; Section 6 Table 6.8A/B/C/D."
1957,"Arts, entertainment, recreation, accommodation, and food services",13,service_detail,missing,missing,missing,Table 6.8B,,,Service detail is not available before Table 6.8D; kept missing by design.,"BEA NIPA archive, 2024 Q1 Third estimate, released June 28, 2024; Section 6 Table 6.8A/B/C/D."
1957,"Other services, except government",14,service_detail,missing,missing,missing,Table 6.8B,,,Service detail is not available before Table 6.8D; kept missing by design.,"BEA NIPA archive, 2024 Q1 Third estimate, released June 28, 2024; Section 6 Table 6.8A/B/C/D."
1957,Services,15,services_total,9006.0,13.953056007436672,13.924363771297815,Table 6.8B,60,Services,Legacy aggregate services mapped to total services.,"BEA NIPA archive, 2024 Q1 Third estimate, released June 28, 2024; Section 6 Table 6.8A/B/C/D."
1957,Government,16,sector,10035.0,15.547292586567512,15.51532205695909,Table 6.8B,76,Government,Direct legacy SIC mapping.,"BEA NIPA archive, 2024 Q1 Third estimate, released June 28, 2024; Section 6 Table 6.8A/B/C/D."
1957,Rest of the world,17,sector,-133.0,-0.20605778913936013,missing,Table 6.8B,87,Rest of the world,Direct mapping.,"BEA NIPA archive, 2024 Q1 Third estimate, released June 28, 2024; Section 6 Table 6.8A/B/C/D."
1958,"Agriculture, forestry, fishing, and hunting",1,sector,4848.0,7.753078522309291,7.737240256631236,Table 6.8B,4,"Agriculture, forestry, and fishing",Legacy SIC agriculture/forestry/fishing mapped to Table 6D agriculture/forestry/fishing/hunting.,"BEA NIPA archive, 2024 Q1 Third estimate, released June 28, 2024; Section 6 Table 6.8A/B/C/D."
1958,Mining,2,sector,775.0,1.2394050855589318,1.2368731845893581,Table 6.8B,7,Mining,Direct legacy SIC mapping.,"BEA NIPA archive, 2024 Q1 Third estimate, released June 28, 2024; Section 6 Table 6.8A/B/C/D."
1958,Utilities,3,sector,610.0,0.975531744762514,0.973538893676785,Table 6.8B,49,"Electric, gas, and sanitary services","Legacy electric, gas, and sanitary services mapped to Table 6D utilities.","BEA NIPA archive, 2024 Q1 Third estimate, released June 28, 2024; Section 6 Table 6.8A/B/C/D."
1958,Construction,4,sector,3397.0,5.432592355669279,5.421494462000064,Table 6.8B,12,Construction,Direct legacy SIC mapping.,"BEA NIPA archive, 2024 Q1 Third estimate, released June 28, 2024; Section 6 Table 6.8A/B/C/D."
1958,Manufacturing,5,sector,15606.0,24.957620342235728,24.906636024130997,Table 6.8B,13,Manufacturing,Direct legacy SIC mapping.,"BEA NIPA archive, 2024 Q1 Third estimate, released June 28, 2024; Section 6 Table 6.8A/B/C/D."
1958,Wholesale trade,6,sector,3295.0,5.269470654086039,5.25870599125411,Table 6.8B,50,Wholesale trade,Direct legacy SIC mapping.,"BEA NIPA archive, 2024 Q1 Third estimate, released June 28, 2024; Section 6 Table 6.8A/B/C/D."
1958,Retail trade,7,sector,8775.0,14.033264033264032,14.004596380350474,Table 6.8B,51,Retail trade,Direct legacy SIC mapping.,"BEA NIPA archive, 2024 Q1 Third estimate, released June 28, 2024; Section 6 Table 6.8A/B/C/D."
1958,Transportation and warehousing,8,sector,2661.0,4.255557332480409,4.2468639279900415,Table 6.8B,37 - 46 - 49,Transportation and public utilities less communications and electric/gas/sanitary services,Legacy transportation/public utilities adjusted by subtracting communications and electric/gas/sanitary services.,"BEA NIPA archive, 2024 Q1 Third estimate, released June 28, 2024; Section 6 Table 6.8A/B/C/D."
1958,Information,9,sector,828.0,1.324164401087478,1.3214593507612755,Table 6.8B,46,Communication,Legacy communications mapped to Table 6D information.,"BEA NIPA archive, 2024 Q1 Third estimate, released June 28, 2024; Section 6 Table 6.8A/B/C/D."
1958,"Finance, insurance, real estate, rental, and leasing",10,sector,2628.0,4.202782664321126,4.194197069807527,Table 6.8B,52,"Finance, insurance, and real estate",Legacy finance/insurance/real estate mapped to Table 6D finance/insurance/real estate/rental/leasing.,"BEA NIPA archive, 2024 Q1 Third estimate, released June 28, 2024; Section 6 Table 6.8A/B/C/D."
1958,Professional and business services,11,service_detail,missing,missing,missing,Table 6.8B,,,Service detail is not available before Table 6.8D; kept missing by design.,"BEA NIPA archive, 2024 Q1 Third estimate, released June 28, 2024; Section 6 Table 6.8A/B/C/D."
1958,"Educational services, health care, and social assistance",12,service_detail,missing,missing,missing,Table 6.8B,,,Service detail is not available before Table 6.8D; kept missing by design.,"BEA NIPA archive, 2024 Q1 Third estimate, released June 28, 2024; Section 6 Table 6.8A/B/C/D."
1958,"Arts, entertainment, recreation, accommodation, and food services",13,service_detail,missing,missing,missing,Table 6.8B,,,Service detail is not available before Table 6.8D; kept missing by design.,"BEA NIPA archive, 2024 Q1 Third estimate, released June 28, 2024; Section 6 Table 6.8A/B/C/D."
1958,"Other services, except government",14,service_detail,missing,missing,missing,Table 6.8B,,,Service detail is not available before Table 6.8D; kept missing by design.,"BEA NIPA archive, 2024 Q1 Third estimate, released June 28, 2024; Section 6 Table 6.8A/B/C/D."
1958,Services,15,services_total,9158.0,14.645770030385416,14.615851128347538,Table 6.8B,60,Services,Legacy aggregate services mapped to total services.,"BEA NIPA archive, 2024 Q1 Third estimate, released June 28, 2024; Section 6 Table 6.8A/B/C/D."
1958,Government,16,sector,10077.0,16.11546457700304,16.082543330460595,Table 6.8B,76,Government,Direct legacy SIC mapping.,"BEA NIPA archive, 2024 Q1 Third estimate, released June 28, 2024; Section 6 Table 6.8A/B/C/D."
1958,Rest of the world,17,sector,-128.0,-0.20470174316328163,missing,Table 6.8B,87,Rest of the world,Direct mapping.,"BEA NIPA archive, 2024 Q1 Third estimate, released June 28, 2024; Section 6 Table 6.8A/B/C/D."
1959,"Agriculture, forestry, fishing, and hunting",1,sector,4704.0,7.34977031967751,7.334414369464887,Table 6.8B,4,"Agriculture, forestry, and fishing",Legacy SIC agriculture/forestry/fishing mapped to Table 6D agriculture/forestry/fishing/hunting.,"BEA NIPA archive, 2024 Q1 Third estimate, released June 28, 2024; Section 6 Table 6.8A/B/C/D."
1959,Mining,2,sector,742.0,1.1593387706634168,1.1569165523263065,Table 6.8B,7,Mining,Direct legacy SIC mapping.,"BEA NIPA archive, 2024 Q1 Third estimate, released June 28, 2024; Section 6 Table 6.8A/B/C/D."
1959,Utilities,3,sector,603.0,0.9421580575607013,0.9401895971061495,Table 6.8B,49,"Electric, gas, and sanitary services","Legacy electric, gas, and sanitary services mapped to Table 6D utilities.","BEA NIPA archive, 2024 Q1 Third estimate, released June 28, 2024; Section 6 Table 6.8A/B/C/D."
1959,Construction,4,sector,3533.0,5.5201399956251365,5.508606710739678,Table 6.8B,12,Construction,Direct legacy SIC mapping.,"BEA NIPA archive, 2024 Q1 Third estimate, released June 28, 2024; Section 6 Table 6.8A/B/C/D."
1959,Manufacturing,5,sector,16371.0,25.57888815974501,25.525445927404267,Table 6.8B,13,Manufacturing,Direct legacy SIC mapping.,"BEA NIPA archive, 2024 Q1 Third estimate, released June 28, 2024; Section 6 Table 6.8A/B/C/D."
1959,Wholesale trade,6,sector,3351.0,5.235773882066185,5.224834726206811,Table 6.8B,50,Wholesale trade,Direct legacy SIC mapping.,"BEA NIPA archive, 2024 Q1 Third estimate, released June 28, 2024; Section 6 Table 6.8A/B/C/D."
1959,Retail trade,7,sector,8911.0,13.923002406174808,13.893912935013097,Table 6.8B,51,Retail trade,Direct legacy SIC mapping.,"BEA NIPA archive, 2024 Q1 Third estimate, released June 28, 2024; Section 6 Table 6.8A/B/C/D."
1959,Transportation and warehousing,8,sector,2679.0,4.185806693540827,4.177061244854684,Table 6.8B,37 - 46 - 49,Transportation and public utilities less communications and electric/gas/sanitary services,Legacy transportation/public utilities adjusted by subtracting communications and electric/gas/sanitary services.,"BEA NIPA archive, 2024 Q1 Third estimate, released June 28, 2024; Section 6 Table 6.8A/B/C/D."
1959,Information,9,sector,801.0,1.2515233898940659,1.2489085692902582,Table 6.8B,46,Communication,Legacy communications mapped to Table 6D information.,"BEA NIPA archive, 2024 Q1 Third estimate, released June 28, 2024; Section 6 Table 6.8A/B/C/D."
1959,"Finance, insurance, real estate, rental, and leasing",10,sector,2668.0,4.168619730633417,4.159910190844456,Table 6.8B,52,"Finance, insurance, and real estate",Legacy finance/insurance/real estate mapped to Table 6D finance/insurance/real estate/rental/leasing.,"BEA NIPA archive, 2024 Q1 Third estimate, released June 28, 2024; Section 6 Table 6.8A/B/C/D."
1959,Professional and business services,11,service_detail,missing,missing,missing,Table 6.8B,,,Service detail is not available before Table 6.8D; kept missing by design.,"BEA NIPA archive, 2024 Q1 Third estimate, released June 28, 2024; Section 6 Table 6.8A/B/C/D."
1959,"Educational services, health care, and social assistance",12,service_detail,missing,missing,missing,Table 6.8B,,,Service detail is not available before Table 6.8D; kept missing by design.,"BEA NIPA archive, 2024 Q1 Third estimate, released June 28, 2024; Section 6 Table 6.8A/B/C/D."
1959,"Arts, entertainment, recreation, accommodation, and food services",13,service_detail,missing,missing,missing,Table 6.8B,,,Service detail is not available before Table 6.8D; kept missing by design.,"BEA NIPA archive, 2024 Q1 Third estimate, released June 28, 2024; Section 6 Table 6.8A/B/C/D."
1959,"Other services, except government",14,service_detail,missing,missing,missing,Table 6.8B,,,Service detail is not available before Table 6.8D; kept missing by design.,"BEA NIPA archive, 2024 Q1 Third estimate, released June 28, 2024; Section 6 Table 6.8A/B/C/D."
1959,Services,15,services_total,9430.0,14.733914565169838,14.70313084695023,Table 6.8B,60,Services,Legacy aggregate services mapped to total services.,"BEA NIPA archive, 2024 Q1 Third estimate, released June 28, 2024; Section 6 Table 6.8A/B/C/D."
1959,Government,16,sector,10343.0,16.160432486484797,16.126668329799177,Table 6.8B,76,Government,Direct legacy SIC mapping.,"BEA NIPA archive, 2024 Q1 Third estimate, released June 28, 2024; Section 6 Table 6.8A/B/C/D."
1959,Rest of the world,17,sector,-134.0,-0.20936845723571137,missing,Table 6.8B,87,Rest of the world,Direct mapping.,"BEA NIPA archive, 2024 Q1 Third estimate, released June 28, 2024; Section 6 Table 6.8A/B/C/D."
1960,"Agriculture, forestry, fishing, and hunting",1,sector,4531.0,6.983016367167031,6.967660582201787,Table 6.8B,4,"Agriculture, forestry, and fishing",Legacy SIC agriculture/forestry/fishing mapped to Table 6D agriculture/forestry/fishing/hunting.,"BEA NIPA archive, 2024 Q1 Third estimate, released June 28, 2024; Section 6 Table 6.8A/B/C/D."
1960,Mining,2,sector,721.0,1.1111796073112845,1.1087361023543343,Table 6.8B,7,Mining,Direct legacy SIC mapping.,"BEA NIPA archive, 2024 Q1 Third estimate, released June 28, 2024; Section 6 Table 6.8A/B/C/D."
1960,Utilities,3,sector,609.0,0.93856918287458,0.9365052515031755,Table 6.8B,49,"Electric, gas, and sanitary services","Legacy electric, gas, and sanitary services mapped to Table 6D utilities.","BEA NIPA archive, 2024 Q1 Third estimate, released June 28, 2024; Section 6 Table 6.8A/B/C/D."
1960,Construction,4,sector,3491.0,5.380205283111919,5.368374110012456,Table 6.8B,12,Construction,Direct legacy SIC mapping.,"BEA NIPA archive, 2024 Q1 Third estimate, released June 28, 2024; Section 6 Table 6.8A/B/C/D."
1960,Manufacturing,5,sector,16498.0,25.426131985328112,25.37021944055729,Table 6.8B,13,Manufacturing,Direct legacy SIC mapping.,"BEA NIPA archive, 2024 Q1 Third estimate, released June 28, 2024; Section 6 Table 6.8A/B/C/D."
1960,Wholesale trade,6,sector,3421.0,5.272323767838979,5.260729828230482,Table 6.8B,50,Wholesale trade,Direct legacy SIC mapping.,"BEA NIPA archive, 2024 Q1 Third estimate, released June 28, 2024; Section 6 Table 6.8A/B/C/D."
1960,Retail trade,7,sector,9075.0,13.986067872884751,13.95531224530594,Table 6.8B,51,Retail trade,Direct legacy SIC mapping.,"BEA NIPA archive, 2024 Q1 Third estimate, released June 28, 2024; Section 6 Table 6.8A/B/C/D."
1960,Transportation and warehousing,8,sector,2682.0,4.1334031994575104,4.12431376770364,Table 6.8B,37 - 46 - 49,Transportation and public utilities less communications and electric/gas/sanitary services,Legacy transportation/public utilities adjusted by subtracting communications and electric/gas/sanitary services.,"BEA NIPA archive, 2024 Q1 Third estimate, released June 28, 2024; Section 6 Table 6.8A/B/C/D."
1960,Information,9,sector,809.0,1.2468020836544094,1.2440603423088161,Table 6.8B,46,Communication,Legacy communications mapped to Table 6D information.,"BEA NIPA archive, 2024 Q1 Third estimate, released June 28, 2024; Section 6 Table 6.8A/B/C/D."
1960,"Finance, insurance, real estate, rental, and leasing",10,sector,2754.0,4.244367043738249,4.23503360039367,Table 6.8B,52,"Finance, insurance, and real estate",Legacy finance/insurance/real estate mapped to Table 6D finance/insurance/real estate/rental/leasing.,"BEA NIPA archive, 2024 Q1 Third estimate, released June 28, 2024; Section 6 Table 6.8A/B/C/D."
1960,Professional and business services,11,service_detail,missing,missing,missing,Table 6.8B,,,Service detail is not available before Table 6.8D; kept missing by design.,"BEA NIPA archive, 2024 Q1 Third estimate, released June 28, 2024; Section 6 Table 6.8A/B/C/D."
1960,"Educational services, health care, and social assistance",12,service_detail,missing,missing,missing,Table 6.8B,,,Service detail is not available before Table 6.8D; kept missing by design.,"BEA NIPA archive, 2024 Q1 Third estimate, released June 28, 2024; Section 6 Table 6.8A/B/C/D."
1960,"Arts, entertainment, recreation, accommodation, and food services",13,service_detail,missing,missing,missing,Table 6.8B,,,Service detail is not available before Table 6.8D; kept missing by design.,"BEA NIPA archive, 2024 Q1 Third estimate, released June 28, 2024; Section 6 Table 6.8A/B/C/D."
1960,"Other services, except government",14,service_detail,missing,missing,missing,Table 6.8B,,,Service detail is not available before Table 6.8D; kept missing by design.,"BEA NIPA archive, 2024 Q1 Third estimate, released June 28, 2024; Section 6 Table 6.8A/B/C/D."
1960,Services,15,services_total,9817.0,15.129611934777918,15.096341632194866,Table 6.8B,60,Services,Legacy aggregate services mapped to total services.,"BEA NIPA archive, 2024 Q1 Third estimate, released June 28, 2024; Section 6 Table 6.8A/B/C/D."
1960,Government,16,sector,10621.0,16.36870819591283,16.33271309723354,Table 6.8B,76,Government,Direct legacy SIC mapping.,"BEA NIPA archive, 2024 Q1 Third estimate, released June 28, 2024; Section 6 Table 6.8A/B/C/D."
1960,Rest of the world,17,sector,-143.0,-0.22038652405757791,missing,Table 6.8B,87,Rest of the world,Direct mapping.,"BEA NIPA archive, 2024 Q1 Third estimate, released June 28, 2024; Section 6 Table 6.8A/B/C/D."
1961,"Agriculture, forestry, fishing, and hunting",1,sector,4442.0,6.870205394704281,6.856948796715086,Table 6.8B,4,"Agriculture, forestry, and fishing",Legacy SIC agriculture/forestry/fishing mapped to Table 6D agriculture/forestry/fishing/hunting.,"BEA NIPA archive, 2024 Q1 Third estimate, released June 28, 2024; Section 6 Table 6.8A/B/C/D."
1961,Mining,2,sector,685.0,1.059453105666914,1.0574088081381887,Table 6.8B,7,Mining,Direct legacy SIC mapping.,"BEA NIPA archive, 2024 Q1 Third estimate, released June 28, 2024; Section 6 Table 6.8A/B/C/D."
1961,Utilities,3,sector,609.0,0.9419079435783222,0.9400904586221268,Table 6.8B,49,"Electric, gas, and sanitary services","Legacy electric, gas, and sanitary services mapped to Table 6D utilities.","BEA NIPA archive, 2024 Q1 Third estimate, released June 28, 2024; Section 6 Table 6.8A/B/C/D."
1961,Construction,4,sector,3461.0,5.3529448156396935,5.342615890461709,Table 6.8B,12,Construction,Direct legacy SIC mapping.,"BEA NIPA archive, 2024 Q1 Third estimate, released June 28, 2024; Section 6 Table 6.8A/B/C/D."
1961,Manufacturing,5,sector,16075.0,24.86234842860678,24.814374585140705,Table 6.8B,13,Manufacturing,Direct legacy SIC mapping.,"BEA NIPA archive, 2024 Q1 Third estimate, released June 28, 2024; Section 6 Table 6.8A/B/C/D."
1961,Wholesale trade,6,sector,3419.0,5.2879856471170505,5.2777820657291485,Table 6.8B,50,Wholesale trade,Direct legacy SIC mapping.,"BEA NIPA archive, 2024 Q1 Third estimate, released June 28, 2024; Section 6 Table 6.8A/B/C/D."
1961,Retail trade,7,sector,8934.0,13.8177431328879,13.791080718111791,Table 6.8B,51,Retail trade,Direct legacy SIC mapping.,"BEA NIPA archive, 2024 Q1 Third estimate, released June 28, 2024; Section 6 Table 6.8A/B/C/D."
1961,Transportation and warehousing,8,sector,2586.0,3.9996288047512993,3.991911208533366,Table 6.8B,37 - 46 - 49,Transportation and public utilities less communications and electric/gas/sanitary services,Legacy transportation/public utilities adjusted by subtracting communications and electric/gas/sanitary services.,"BEA NIPA archive, 2024 Q1 Third estimate, released June 28, 2024; Section 6 Table 6.8A/B/C/D."
1961,Information,9,sector,798.0,1.2342242019302152,1.2318426699186489,Table 6.8B,46,Communication,Legacy communications mapped to Table 6D information.,"BEA NIPA archive, 2024 Q1 Third estimate, released June 28, 2024; Section 6 Table 6.8A/B/C/D."
1961,"Finance, insurance, real estate, rental, and leasing",10,sector,2784.0,4.3058648849294725,4.29755638227258,Table 6.8B,52,"Finance, insurance, and real estate",Legacy finance/insurance/real estate mapped to Table 6D finance/insurance/real estate/rental/leasing.,"BEA NIPA archive, 2024 Q1 Third estimate, released June 28, 2024; Section 6 Table 6.8A/B/C/D."
1961,Professional and business services,11,service_detail,missing,missing,missing,Table 6.8B,,,Service detail is not available before Table 6.8D; kept missing by design.,"BEA NIPA archive, 2024 Q1 Third estimate, released June 28, 2024; Section 6 Table 6.8A/B/C/D."
1961,"Educational services, health care, and social assistance",12,service_detail,missing,missing,missing,Table 6.8B,,,Service detail is not available before Table 6.8D; kept missing by design.,"BEA NIPA archive, 2024 Q1 Third estimate, released June 28, 2024; Section 6 Table 6.8A/B/C/D."
1961,"Arts, entertainment, recreation, accommodation, and food services",13,service_detail,missing,missing,missing,Table 6.8B,,,Service detail is not available before Table 6.8D; kept missing by design.,"BEA NIPA archive, 2024 Q1 Third estimate, released June 28, 2024; Section 6 Table 6.8A/B/C/D."
1961,"Other services, except government",14,service_detail,missing,missing,missing,Table 6.8B,,,Service detail is not available before Table 6.8D; kept missing by design.,"BEA NIPA archive, 2024 Q1 Third estimate, released June 28, 2024; Section 6 Table 6.8A/B/C/D."
1961,Services,15,services_total,10005.0,15.474201930215294,15.444343248792084,Table 6.8B,60,Services,Legacy aggregate services mapped to total services.,"BEA NIPA archive, 2024 Q1 Third estimate, released June 28, 2024; Section 6 Table 6.8A/B/C/D."
1961,Government,16,sector,10983.0,16.986822568671123,16.954045167564562,Table 6.8B,76,Government,Direct legacy SIC mapping.,"BEA NIPA archive, 2024 Q1 Third estimate, released June 28, 2024; Section 6 Table 6.8A/B/C/D."
1961,Rest of the world,17,sector,-125.0,-0.193330858698342,missing,Table 6.8B,87,Rest of the world,Direct mapping.,"BEA NIPA archive, 2024 Q1 Third estimate, released June 28, 2024; Section 6 Table 6.8A/B/C/D."
1962,"Agriculture, forestry, fishing, and hunting",1,sector,4310.0,6.526051209060763,6.517071400489915,Table 6.8B,4,"Agriculture, forestry, and fishing",Legacy SIC agriculture/forestry/fishing mapped to Table 6D agriculture/forestry/fishing/hunting.,"BEA NIPA archive, 2024 Q1 Third estimate, released June 28, 2024; Section 6 Table 6.8A/B/C/D."
1962,Mining,2,sector,666.0,1.0084338991263269,1.0070462999364926,Table 6.8B,7,Mining,Direct legacy SIC mapping.,"BEA NIPA archive, 2024 Q1 Third estimate, released June 28, 2024; Section 6 Table 6.8A/B/C/D."
1962,Utilities,3,sector,605.0,0.916069833290432,0.9148093265188859,Table 6.8B,49,"Electric, gas, and sanitary services","Legacy electric, gas, and sanitary services mapped to Table 6D utilities.","BEA NIPA archive, 2024 Q1 Third estimate, released June 28, 2024; Section 6 Table 6.8A/B/C/D."
1962,Construction,4,sector,3541.0,5.361658313523008,5.354280702815496,Table 6.8B,12,Construction,Direct legacy SIC mapping.,"BEA NIPA archive, 2024 Q1 Third estimate, released June 28, 2024; Section 6 Table 6.8A/B/C/D."
1962,Manufacturing,5,sector,16658.0,25.222960798267795,25.188254150663802,Table 6.8B,13,Manufacturing,Direct legacy SIC mapping.,"BEA NIPA archive, 2024 Q1 Third estimate, released June 28, 2024; Section 6 Table 6.8A/B/C/D."
1962,Wholesale trade,6,sector,3448.0,5.220840967248611,5.2136571203919315,Table 6.8B,50,Wholesale trade,Direct legacy SIC mapping.,"BEA NIPA archive, 2024 Q1 Third estimate, released June 28, 2024; Section 6 Table 6.8A/B/C/D."
1962,Retail trade,7,sector,8985.0,13.604772648123193,13.586052559954032,Table 6.8B,51,Retail trade,Direct legacy SIC mapping.,"BEA NIPA archive, 2024 Q1 Third estimate, released June 28, 2024; Section 6 Table 6.8A/B/C/D."
1962,Transportation and warehousing,8,sector,2590.0,3.921687385491271,3.9162911664196933,Table 6.8B,37 - 46 - 49,Transportation and public utilities less communications and electric/gas/sanitary services,Legacy transportation/public utilities adjusted by subtracting communications and electric/gas/sanitary services.,"BEA NIPA archive, 2024 Q1 Third estimate, released June 28, 2024; Section 6 Table 6.8A/B/C/D."
1962,Information,9,sector,794.0,1.2022470208803355,1.200592735960323,Table 6.8B,46,Communication,Legacy communications mapped to Table 6D information.,"BEA NIPA archive, 2024 Q1 Third estimate, released June 28, 2024; Section 6 Table 6.8A/B/C/D."
1962,"Finance, insurance, real estate, rental, and leasing",10,sector,2836.0,4.2941719788622565,4.288263223152993,Table 6.8B,52,"Finance, insurance, and real estate",Legacy finance/insurance/real estate mapped to Table 6D finance/insurance/real estate/rental/leasing.,"BEA NIPA archive, 2024 Q1 Third estimate, released June 28, 2024; Section 6 Table 6.8A/B/C/D."
1962,Professional and business services,11,service_detail,missing,missing,missing,Table 6.8B,,,Service detail is not available before Table 6.8D; kept missing by design.,"BEA NIPA archive, 2024 Q1 Third estimate, released June 28, 2024; Section 6 Table 6.8A/B/C/D."
1962,"Educational services, health care, and social assistance",12,service_detail,missing,missing,missing,Table 6.8B,,,Service detail is not available before Table 6.8D; kept missing by design.,"BEA NIPA archive, 2024 Q1 Third estimate, released June 28, 2024; Section 6 Table 6.8A/B/C/D."
1962,"Arts, entertainment, recreation, accommodation, and food services",13,service_detail,missing,missing,missing,Table 6.8B,,,Service detail is not available before Table 6.8D; kept missing by design.,"BEA NIPA archive, 2024 Q1 Third estimate, released June 28, 2024; Section 6 Table 6.8A/B/C/D."
1962,"Other services, except government",14,service_detail,missing,missing,missing,Table 6.8B,,,Service detail is not available before Table 6.8D; kept missing by design.,"BEA NIPA archive, 2024 Q1 Third estimate, released June 28, 2024; Section 6 Table 6.8A/B/C/D."
1962,Services,15,services_total,10310.0,15.611041291279923,15.589560589106965,Table 6.8B,60,Services,Legacy aggregate services mapped to total services.,"BEA NIPA archive, 2024 Q1 Third estimate, released June 28, 2024; Section 6 Table 6.8A/B/C/D."
1962,Government,16,sector,11391.0,17.247853671093075,17.22412072458947,Table 6.8B,76,Government,Direct legacy SIC mapping.,"BEA NIPA archive, 2024 Q1 Third estimate, released June 28, 2024; Section 6 Table 6.8A/B/C/D."
1962,Rest of the world,17,sector,-91.0,-0.1377890162469906,missing,Table 6.8B,87,Rest of the world,Direct mapping.,"BEA NIPA archive, 2024 Q1 Third estimate, released June 28, 2024; Section 6 Table 6.8A/B/C/D."
1963,"Agriculture, forestry, fishing, and hunting",1,sector,4079.0,6.121958906782332,6.1153505944438615,Table 6.8B,4,"Agriculture, forestry, and fishing",Legacy SIC agriculture/forestry/fishing mapped to Table 6D agriculture/forestry/fishing/hunting.,"BEA NIPA archive, 2024 Q1 Third estimate, released June 28, 2024; Section 6 Table 6.8A/B/C/D."
1963,Mining,2,sector,647.0,0.9710486424830029,0.9700004497683693,Table 6.8B,7,Mining,Direct legacy SIC mapping.,"BEA NIPA archive, 2024 Q1 Third estimate, released June 28, 2024; Section 6 Table 6.8A/B/C/D."
1963,Utilities,3,sector,605.0,0.9080130273604586,0.9070328780677951,Table 6.8B,49,"Electric, gas, and sanitary services","Legacy electric, gas, and sanitary services mapped to Table 6D utilities.","BEA NIPA archive, 2024 Q1 Third estimate, released June 28, 2024; Section 6 Table 6.8A/B/C/D."
1963,Construction,4,sector,3619.0,5.431568836392562,5.425705761532811,Table 6.8B,12,Construction,Direct legacy SIC mapping.,"BEA NIPA archive, 2024 Q1 Third estimate, released June 28, 2024; Section 6 Table 6.8A/B/C/D."
1963,Manufacturing,5,sector,16776.0,25.1782256975191,25.151047210686496,Table 6.8B,13,Manufacturing,Direct legacy SIC mapping.,"BEA NIPA archive, 2024 Q1 Third estimate, released June 28, 2024; Section 6 Table 6.8A/B/C/D."
1963,Wholesale trade,6,sector,3480.0,5.222950967296523,5.217313083761862,Table 6.8B,50,Wholesale trade,Direct legacy SIC mapping.,"BEA NIPA archive, 2024 Q1 Third estimate, released June 28, 2024; Section 6 Table 6.8A/B/C/D."
1963,Retail trade,7,sector,9019.0,13.53614792357682,13.521536408749494,Table 6.8B,51,Retail trade,Direct legacy SIC mapping.,"BEA NIPA archive, 2024 Q1 Third estimate, released June 28, 2024; Section 6 Table 6.8A/B/C/D."
1963,Transportation and warehousing,8,sector,2578.0,3.86918609014093,3.86500952009715,Table 6.8B,37 - 46 - 49,Transportation and public utilities less communications and electric/gas/sanitary services,Legacy transportation/public utilities adjusted by subtracting communications and electric/gas/sanitary services.,"BEA NIPA archive, 2024 Q1 Third estimate, released June 28, 2024; Section 6 Table 6.8A/B/C/D."
1963,Information,9,sector,793.0,1.1901724474327995,1.1888877228227464,Table 6.8B,46,Communication,Legacy communications mapped to Table 6D information.,"BEA NIPA archive, 2024 Q1 Third estimate, released June 28, 2024; Section 6 Table 6.8A/B/C/D."
1963,"Finance, insurance, real estate, rental, and leasing",10,sector,2909.0,4.365966771225742,4.36125395421358,Table 6.8B,52,"Finance, insurance, and real estate",Legacy finance/insurance/real estate mapped to Table 6D finance/insurance/real estate/rental/leasing.,"BEA NIPA archive, 2024 Q1 Third estimate, released June 28, 2024; Section 6 Table 6.8A/B/C/D."
1963,Professional and business services,11,service_detail,missing,missing,missing,Table 6.8B,,,Service detail is not available before Table 6.8D; kept missing by design.,"BEA NIPA archive, 2024 Q1 Third estimate, released June 28, 2024; Section 6 Table 6.8A/B/C/D."
1963,"Educational services, health care, and social assistance",12,service_detail,missing,missing,missing,Table 6.8B,,,Service detail is not available before Table 6.8D; kept missing by design.,"BEA NIPA archive, 2024 Q1 Third estimate, released June 28, 2024; Section 6 Table 6.8A/B/C/D."
1963,"Arts, entertainment, recreation, accommodation, and food services",13,service_detail,missing,missing,missing,Table 6.8B,,,Service detail is not available before Table 6.8D; kept missing by design.,"BEA NIPA archive, 2024 Q1 Third estimate, released June 28, 2024; Section 6 Table 6.8A/B/C/D."
1963,"Other services, except government",14,service_detail,missing,missing,missing,Table 6.8B,,,Service detail is not available before Table 6.8D; kept missing by design.,"BEA NIPA archive, 2024 Q1 Third estimate, released June 28, 2024; Section 6 Table 6.8A/B/C/D."
1963,Services,15,services_total,10597.0,15.904486034609555,15.887318031213924,Table 6.8B,60,Services,Legacy aggregate services mapped to total services.,"BEA NIPA archive, 2024 Q1 Third estimate, released June 28, 2024; Section 6 Table 6.8A/B/C/D."
1963,Government,16,sector,11599.0,17.408335709675967,17.38954438464191,Table 6.8B,76,Government,Direct legacy SIC mapping.,"BEA NIPA archive, 2024 Q1 Third estimate, released June 28, 2024; Section 6 Table 6.8A/B/C/D."
1963,Rest of the world,17,sector,-72.0,-0.10806105449579012,missing,Table 6.8B,87,Rest of the world,Direct mapping.,"BEA NIPA archive, 2024 Q1 Third estimate, released June 28, 2024; Section 6 Table 6.8A/B/C/D."
1964,"Agriculture, forestry, fishing, and hunting",1,sector,3862.0,5.691128794577071,5.685850153850684,Table 6.8B,4,"Agriculture, forestry, and fishing",Legacy SIC agriculture/forestry/fishing mapped to Table 6D agriculture/forestry/fishing/hunting.,"BEA NIPA archive, 2024 Q1 Third estimate, released June 28, 2024; Section 6 Table 6.8A/B/C/D."
1964,Mining,2,sector,642.0,0.9460654288240495,0.945187933395168,Table 6.8B,7,Mining,Direct legacy SIC mapping.,"BEA NIPA archive, 2024 Q1 Third estimate, released June 28, 2024; Section 6 Table 6.8A/B/C/D."
1964,Utilities,3,sector,606.0,0.8930150309460654,0.8921867408683362,Table 6.8B,49,"Electric, gas, and sanitary services","Legacy electric, gas, and sanitary services mapped to Table 6D utilities.","BEA NIPA archive, 2024 Q1 Third estimate, released June 28, 2024; Section 6 Table 6.8A/B/C/D."
1964,Construction,4,sector,3728.0,5.493663424697908,5.488567937223032,Table 6.8B,12,Construction,Direct legacy SIC mapping.,"BEA NIPA archive, 2024 Q1 Third estimate, released June 28, 2024; Section 6 Table 6.8A/B/C/D."
1964,Manufacturing,5,sector,17006.0,25.060418508694372,25.03717444753618,Table 6.8B,13,Manufacturing,Direct legacy SIC mapping.,"BEA NIPA archive, 2024 Q1 Third estimate, released June 28, 2024; Section 6 Table 6.8A/B/C/D."
1964,Wholesale trade,6,sector,3555.0,5.2387267904509285,5.233867762024645,Table 6.8B,50,Wholesale trade,Direct legacy SIC mapping.,"BEA NIPA archive, 2024 Q1 Third estimate, released June 28, 2024; Section 6 Table 6.8A/B/C/D."
1964,Retail trade,7,sector,9294.0,13.695844385499559,13.683141204010424,Table 6.8B,51,Retail trade,Direct legacy SIC mapping.,"BEA NIPA archive, 2024 Q1 Third estimate, released June 28, 2024; Section 6 Table 6.8A/B/C/D."
1964,Transportation and warehousing,8,sector,2592.0,3.819628647214854,3.8160858619318936,Table 6.8B,37 - 46 - 49,Transportation and public utilities less communications and electric/gas/sanitary services,Legacy transportation/public utilities adjusted by subtracting communications and electric/gas/sanitary services.,"BEA NIPA archive, 2024 Q1 Third estimate, released June 28, 2024; Section 6 Table 6.8A/B/C/D."
1964,Information,9,sector,810.0,1.193633952254642,1.1925268318537168,Table 6.8B,46,Communication,Legacy communications mapped to Table 6D information.,"BEA NIPA archive, 2024 Q1 Third estimate, released June 28, 2024; Section 6 Table 6.8A/B/C/D."
1964,"Finance, insurance, real estate, rental, and leasing",10,sector,2969.0,4.375184202770409,4.371126128115661,Table 6.8B,52,"Finance, insurance, and real estate",Legacy finance/insurance/real estate mapped to Table 6D finance/insurance/real estate/rental/leasing.,"BEA NIPA archive, 2024 Q1 Third estimate, released June 28, 2024; Section 6 Table 6.8A/B/C/D."
1964,Professional and business services,11,service_detail,missing,missing,missing,Table 6.8B,,,Service detail is not available before Table 6.8D; kept missing by design.,"BEA NIPA archive, 2024 Q1 Third estimate, released June 28, 2024; Section 6 Table 6.8A/B/C/D."
1964,"Educational services, health care, and social assistance",12,service_detail,missing,missing,missing,Table 6.8B,,,Service detail is not available before Table 6.8D; kept missing by design.,"BEA NIPA archive, 2024 Q1 Third estimate, released June 28, 2024; Section 6 Table 6.8A/B/C/D."
1964,"Arts, entertainment, recreation, accommodation, and food services",13,service_detail,missing,missing,missing,Table 6.8B,,,Service detail is not available before Table 6.8D; kept missing by design.,"BEA NIPA archive, 2024 Q1 Third estimate, released June 28, 2024; Section 6 Table 6.8A/B/C/D."
1964,"Other services, except government",14,service_detail,missing,missing,missing,Table 6.8B,,,Service detail is not available before Table 6.8D; kept missing by design.,"BEA NIPA archive, 2024 Q1 Third estimate, released June 28, 2024; Section 6 Table 6.8A/B/C/D."
1964,Services,15,services_total,10920.0,16.091954022988507,16.077028399805663,Table 6.8B,60,Services,Legacy aggregate services mapped to total services.,"BEA NIPA archive, 2024 Q1 Third estimate, released June 28, 2024; Section 6 Table 6.8A/B/C/D."
1964,Government,16,sector,11939.0,17.59357500736811,17.577256599384597,Table 6.8B,76,Government,Direct legacy SIC mapping.,"BEA NIPA archive, 2024 Q1 Third estimate, released June 28, 2024; Section 6 Table 6.8A/B/C/D."
1964,Rest of the world,17,sector,-63.0,-0.09283819628647215,missing,Table 6.8B,87,Rest of the world,Direct mapping.,"BEA NIPA archive, 2024 Q1 Third estimate, released June 28, 2024; Section 6 Table 6.8A/B/C/D."
1965,"Agriculture, forestry, fishing, and hunting",1,sector,3713.0,5.292264713009023,5.290681105728128,Table 6.8B,4,"Agriculture, forestry, and fishing",Legacy SIC agriculture/forestry/fishing mapped to Table 6D agriculture/forestry/fishing/hunting.,"BEA NIPA archive, 2024 Q1 Third estimate, released June 28, 2024; Section 6 Table 6.8A/B/C/D."
1965,Mining,2,sector,644.0,0.9179150215938083,0.9176403533770305,Table 6.8B,7,Mining,Direct legacy SIC mapping.,"BEA NIPA archive, 2024 Q1 Third estimate, released June 28, 2024; Section 6 Table 6.8A/B/C/D."
1965,Utilities,3,sector,619.0,0.8822816744822475,0.8820176688515247,Table 6.8B,49,"Electric, gas, and sanitary services","Legacy electric, gas, and sanitary services mapped to Table 6D utilities.","BEA NIPA archive, 2024 Q1 Third estimate, released June 28, 2024; Section 6 Table 6.8A/B/C/D."
1965,Construction,4,sector,3903.0,5.563078151056885,5.561413508121972,Table 6.8B,12,Construction,Direct legacy SIC mapping.,"BEA NIPA archive, 2024 Q1 Third estimate, released June 28, 2024; Section 6 Table 6.8A/B/C/D."
1965,Manufacturing,5,sector,17902.0,25.51632719964652,25.508691935024224,Table 6.8B,13,Manufacturing,Direct legacy SIC mapping.,"BEA NIPA archive, 2024 Q1 Third estimate, released June 28, 2024; Section 6 Table 6.8A/B/C/D."
1965,Wholesale trade,6,sector,3648.0,5.199618010518964,5.198062125961813,Table 6.8B,50,Wholesale trade,Direct legacy SIC mapping.,"BEA NIPA archive, 2024 Q1 Third estimate, released June 28, 2024; Section 6 Table 6.8A/B/C/D."
1965,Retail trade,7,sector,9565.0,13.633318604883193,13.629239099458536,Table 6.8B,51,Retail trade,Direct legacy SIC mapping.,"BEA NIPA archive, 2024 Q1 Third estimate, released June 28, 2024; Section 6 Table 6.8A/B/C/D."
1965,Transportation and warehousing,8,sector,2643.0,3.7671574566342168,3.7660302080364776,Table 6.8B,37 - 46 - 49,Transportation and public utilities less communications and electric/gas/sanitary services,Legacy transportation/public utilities adjusted by subtracting communications and electric/gas/sanitary services.,"BEA NIPA archive, 2024 Q1 Third estimate, released June 28, 2024; Section 6 Table 6.8A/B/C/D."
1965,Information,9,sector,846.0,1.2058324662552202,1.2054716443431177,Table 6.8B,46,Communication,Legacy communications mapped to Table 6D information.,"BEA NIPA archive, 2024 Q1 Third estimate, released June 28, 2024; Section 6 Table 6.8A/B/C/D."
1965,"Finance, insurance, real estate, rental, and leasing",10,sector,3075.0,4.382901694721989,4.381590196637219,Table 6.8B,52,"Finance, insurance, and real estate",Legacy finance/insurance/real estate mapped to Table 6D finance/insurance/real estate/rental/leasing.,"BEA NIPA archive, 2024 Q1 Third estimate, released June 28, 2024; Section 6 Table 6.8A/B/C/D."
1965,Professional and business services,11,service_detail,missing,missing,missing,Table 6.8B,,,Service detail is not available before Table 6.8D; kept missing by design.,"BEA NIPA archive, 2024 Q1 Third estimate, released June 28, 2024; Section 6 Table 6.8A/B/C/D."
1965,"Educational services, health care, and social assistance",12,service_detail,missing,missing,missing,Table 6.8B,,,Service detail is not available before Table 6.8D; kept missing by design.,"BEA NIPA archive, 2024 Q1 Third estimate, released June 28, 2024; Section 6 Table 6.8A/B/C/D."
1965,"Arts, entertainment, recreation, accommodation, and food services",13,service_detail,missing,missing,missing,Table 6.8B,,,Service detail is not available before Table 6.8D; kept missing by design.,"BEA NIPA archive, 2024 Q1 Third estimate, released June 28, 2024; Section 6 Table 6.8A/B/C/D."
1965,"Other services, except government",14,service_detail,missing,missing,missing,Table 6.8B,,,Service detail is not available before Table 6.8D; kept missing by design.,"BEA NIPA archive, 2024 Q1 Third estimate, released June 28, 2024; Section 6 Table 6.8A/B/C/D."
1965,Services,15,services_total,11306.0,16.114824897732294,16.110002849814762,Table 6.8B,60,Services,Legacy aggregate services mapped to total services.,"BEA NIPA archive, 2024 Q1 Third estimate, released June 28, 2024; Section 6 Table 6.8A/B/C/D."
1965,Government,16,sector,12316.0,17.554412121039352,17.549159304645197,Table 6.8B,76,Government,Direct legacy SIC mapping.,"BEA NIPA archive, 2024 Q1 Third estimate, released June 28, 2024; Section 6 Table 6.8A/B/C/D."
1965,Rest of the world,17,sector,-21.0,-0.029932011573711143,missing,Table 6.8B,87,Rest of the world,Direct mapping.,"BEA NIPA archive, 2024 Q1 Third estimate, released June 28, 2024; Section 6 Table 6.8A/B/C/D."
1966,"Agriculture, forestry, fishing, and hunting",1,sector,3432.0,4.679446974448474,4.678490123641915,Table 6.8B,4,"Agriculture, forestry, and fishing",Legacy SIC agriculture/forestry/fishing mapped to Table 6D agriculture/forestry/fishing/hunting.,"BEA NIPA archive, 2024 Q1 Third estimate, released June 28, 2024; Section 6 Table 6.8A/B/C/D."
1966,Mining,2,sector,640.0,0.8726241444192959,0.8724457107024551,Table 6.8B,7,Mining,Direct legacy SIC mapping.,"BEA NIPA archive, 2024 Q1 Third estimate, released June 28, 2024; Section 6 Table 6.8A/B/C/D."
1966,Utilities,3,sector,626.0,0.8535354912601238,0.8533609607808389,Table 6.8B,49,"Electric, gas, and sanitary services","Legacy electric, gas, and sanitary services mapped to Table 6D utilities.","BEA NIPA archive, 2024 Q1 Third estimate, released June 28, 2024; Section 6 Table 6.8A/B/C/D."
1966,Construction,4,sector,3985.0,5.433448774235772,5.432337745545755,Table 6.8B,12,Construction,Direct legacy SIC mapping.,"BEA NIPA archive, 2024 Q1 Third estimate, released June 28, 2024; Section 6 Table 6.8A/B/C/D."
1966,Manufacturing,5,sector,19112.0,26.058738512721224,26.053410035852067,Table 6.8B,13,Manufacturing,Direct legacy SIC mapping.,"BEA NIPA archive, 2024 Q1 Third estimate, released June 28, 2024; Section 6 Table 6.8A/B/C/D."
1966,Wholesale trade,6,sector,3782.0,5.156663303427777,5.155608871682321,Table 6.8B,50,Wholesale trade,Direct legacy SIC mapping.,"BEA NIPA archive, 2024 Q1 Third estimate, released June 28, 2024; Section 6 Table 6.8A/B/C/D."
1966,Retail trade,7,sector,9833.0,13.407051893867088,13.40431042708944,Table 6.8B,51,Retail trade,Direct legacy SIC mapping.,"BEA NIPA archive, 2024 Q1 Third estimate, released June 28, 2024; Section 6 Table 6.8A/B/C/D."
1966,Transportation and warehousing,8,sector,2722.0,3.711379564233318,3.7106206633313796,Table 6.8B,37 - 46 - 49,Transportation and public utilities less communications and electric/gas/sanitary services,Legacy transportation/public utilities adjusted by subtracting communications and electric/gas/sanitary services.,"BEA NIPA archive, 2024 Q1 Third estimate, released June 28, 2024; Section 6 Table 6.8A/B/C/D."
1966,Information,9,sector,892.0,1.2162199012843937,1.215971209291547,Table 6.8B,46,Communication,Legacy communications mapped to Table 6D information.,"BEA NIPA archive, 2024 Q1 Third estimate, released June 28, 2024; Section 6 Table 6.8A/B/C/D."
1966,"Finance, insurance, real estate, rental, and leasing",10,sector,3166.0,4.316762564424204,4.315879875131207,Table 6.8B,52,"Finance, insurance, and real estate",Legacy finance/insurance/real estate mapped to Table 6D finance/insurance/real estate/rental/leasing.,"BEA NIPA archive, 2024 Q1 Third estimate, released June 28, 2024; Section 6 Table 6.8A/B/C/D."
1966,Professional and business services,11,service_detail,missing,missing,missing,Table 6.8B,,,Service detail is not available before Table 6.8D; kept missing by design.,"BEA NIPA archive, 2024 Q1 Third estimate, released June 28, 2024; Section 6 Table 6.8A/B/C/D."
1966,"Educational services, health care, and social assistance",12,service_detail,missing,missing,missing,Table 6.8B,,,Service detail is not available before Table 6.8D; kept missing by design.,"BEA NIPA archive, 2024 Q1 Third estimate, released June 28, 2024; Section 6 Table 6.8A/B/C/D."
1966,"Arts, entertainment, recreation, accommodation, and food services",13,service_detail,missing,missing,missing,Table 6.8B,,,Service detail is not available before Table 6.8D; kept missing by design.,"BEA NIPA archive, 2024 Q1 Third estimate, released June 28, 2024; Section 6 Table 6.8A/B/C/D."
1966,"Other services, except government",14,service_detail,missing,missing,missing,Table 6.8B,,,Service detail is not available before Table 6.8D; kept missing by design.,"BEA NIPA archive, 2024 Q1 Third estimate, released June 28, 2024; Section 6 Table 6.8A/B/C/D."
1966,Services,15,services_total,11874.0,16.18990482942925,16.186594326376486,Table 6.8B,60,Services,Legacy aggregate services mapped to total services.,"BEA NIPA archive, 2024 Q1 Third estimate, released June 28, 2024; Section 6 Table 6.8A/B/C/D."
1966,Government,16,sector,13293.0,18.12467617463391,18.120970050574588,Table 6.8B,76,Government,Direct legacy SIC mapping.,"BEA NIPA archive, 2024 Q1 Third estimate, released June 28, 2024; Section 6 Table 6.8A/B/C/D."
1966,Rest of the world,17,sector,-15.0,-0.020452128384827246,missing,Table 6.8B,87,Rest of the world,Direct mapping.,"BEA NIPA archive, 2024 Q1 Third estimate, released June 28, 2024; Section 6 Table 6.8A/B/C/D."
1967,"Agriculture, forestry, fishing, and hunting",1,sector,3338.0,4.44001064112796,4.43912494181794,Table 6.8B,4,"Agriculture, forestry, and fishing",Legacy SIC agriculture/forestry/fishing mapped to Table 6D agriculture/forestry/fishing/hunting.,"BEA NIPA archive, 2024 Q1 Third estimate, released June 28, 2024; Section 6 Table 6.8A/B/C/D."
1967,Mining,2,sector,624.0,0.8300079808459697,0.8298424097346898,Table 6.8B,7,Mining,Direct legacy SIC mapping.,"BEA NIPA archive, 2024 Q1 Third estimate, released June 28, 2024; Section 6 Table 6.8A/B/C/D."
1967,Utilities,3,sector,638.0,0.8486299547752062,0.8484606689274553,Table 6.8B,49,"Electric, gas, and sanitary services","Legacy electric, gas, and sanitary services mapped to Table 6D utilities.","BEA NIPA archive, 2024 Q1 Third estimate, released June 28, 2024; Section 6 Table 6.8A/B/C/D."
1967,Construction,4,sector,3965.0,5.274009044958766,5.272956978522508,Table 6.8B,12,Construction,Direct legacy SIC mapping.,"BEA NIPA archive, 2024 Q1 Third estimate, released June 28, 2024; Section 6 Table 6.8A/B/C/D."
1967,Manufacturing,5,sector,19335.0,25.71827613727055,25.713145820865748,Table 6.8B,13,Manufacturing,Direct legacy SIC mapping.,"BEA NIPA archive, 2024 Q1 Third estimate, released June 28, 2024; Section 6 Table 6.8A/B/C/D."
1967,Wholesale trade,6,sector,3849.0,5.119712689545092,5.11869140235388,Table 6.8B,50,Wholesale trade,Direct legacy SIC mapping.,"BEA NIPA archive, 2024 Q1 Third estimate, released June 28, 2024; Section 6 Table 6.8A/B/C/D."
1967,Retail trade,7,sector,9973.0,13.265496142591115,13.26284992353215,Table 6.8B,51,Retail trade,Direct legacy SIC mapping.,"BEA NIPA archive, 2024 Q1 Third estimate, released June 28, 2024; Section 6 Table 6.8A/B/C/D."
1967,Transportation and warehousing,8,sector,2766.0,3.679169992019154,3.6784360662278077,Table 6.8B,37 - 46 - 49,Transportation and public utilities less communications and electric/gas/sanitary services,Legacy transportation/public utilities adjusted by subtracting communications and electric/gas/sanitary services.,"BEA NIPA archive, 2024 Q1 Third estimate, released June 28, 2024; Section 6 Table 6.8A/B/C/D."
1967,Information,9,sector,926.0,1.2317105613194999,1.2314648580357737,Table 6.8B,46,Communication,Legacy communications mapped to Table 6D information.,"BEA NIPA archive, 2024 Q1 Third estimate, released June 28, 2024; Section 6 Table 6.8A/B/C/D."
1967,"Finance, insurance, real estate, rental, and leasing",10,sector,3332.0,4.432029795158287,4.431145687878184,Table 6.8B,52,"Finance, insurance, and real estate",Legacy finance/insurance/real estate mapped to Table 6D finance/insurance/real estate/rental/leasing.,"BEA NIPA archive, 2024 Q1 Third estimate, released June 28, 2024; Section 6 Table 6.8A/B/C/D."
1967,Professional and business services,11,service_detail,missing,missing,missing,Table 6.8B,,,Service detail is not available before Table 6.8D; kept missing by design.,"BEA NIPA archive, 2024 Q1 Third estimate, released June 28, 2024; Section 6 Table 6.8A/B/C/D."
1967,"Educational services, health care, and social assistance",12,service_detail,missing,missing,missing,Table 6.8B,,,Service detail is not available before Table 6.8D; kept missing by design.,"BEA NIPA archive, 2024 Q1 Third estimate, released June 28, 2024; Section 6 Table 6.8A/B/C/D."
1967,"Arts, entertainment, recreation, accommodation, and food services",13,service_detail,missing,missing,missing,Table 6.8B,,,Service detail is not available before Table 6.8D; kept missing by design.,"BEA NIPA archive, 2024 Q1 Third estimate, released June 28, 2024; Section 6 Table 6.8A/B/C/D."
1967,"Other services, except government",14,service_detail,missing,missing,missing,Table 6.8B,,,Service detail is not available before Table 6.8D; kept missing by design.,"BEA NIPA archive, 2024 Q1 Third estimate, released June 28, 2024; Section 6 Table 6.8A/B/C/D."
1967,Services,15,services_total,12443.0,16.55094440010641,16.54764279539863,Table 6.8B,60,Services,Legacy aggregate services mapped to total services.,"BEA NIPA archive, 2024 Q1 Third estimate, released June 28, 2024; Section 6 Table 6.8A/B/C/D."
1967,Government,16,sector,14006.0,18.629954775206173,18.626238446705234,Table 6.8B,76,Government,Direct legacy SIC mapping.,"BEA NIPA archive, 2024 Q1 Third estimate, released June 28, 2024; Section 6 Table 6.8A/B/C/D."
1967,Rest of the world,17,sector,-15.0,-0.019952114924181964,missing,Table 6.8B,87,Rest of the world,Direct mapping.,"BEA NIPA archive, 2024 Q1 Third estimate, released June 28, 2024; Section 6 Table 6.8A/B/C/D."
1968,"Agriculture, forestry, fishing, and hunting",1,sector,3303.0,4.291059318731,4.290167554227822,Table 6.8B,4,"Agriculture, forestry, and fishing",Legacy SIC agriculture/forestry/fishing mapped to Table 6D agriculture/forestry/fishing/hunting.,"BEA NIPA archive, 2024 Q1 Third estimate, released June 28, 2024; Section 6 Table 6.8A/B/C/D."
1968,Mining,2,sector,618.0,0.8028685010523033,0.8027016495648785,Table 6.8B,7,Mining,Direct legacy SIC mapping.,"BEA NIPA archive, 2024 Q1 Third estimate, released June 28, 2024; Section 6 Table 6.8A/B/C/D."
1968,Utilities,3,sector,649.0,0.8431418401018526,0.842966619041434,Table 6.8B,49,"Electric, gas, and sanitary services","Legacy electric, gas, and sanitary services mapped to Table 6D utilities.","BEA NIPA archive, 2024 Q1 Third estimate, released June 28, 2024; Section 6 Table 6.8A/B/C/D."
1968,Construction,4,sector,4084.0,5.305687634785772,5.304585011040395,Table 6.8B,12,Construction,Direct legacy SIC mapping.,"BEA NIPA archive, 2024 Q1 Third estimate, released June 28, 2024; Section 6 Table 6.8A/B/C/D."
1968,Manufacturing,5,sector,19642.0,25.517707277782108,25.512404208338744,Table 6.8B,13,Manufacturing,Direct legacy SIC mapping.,"BEA NIPA archive, 2024 Q1 Third estimate, released June 28, 2024; Section 6 Table 6.8A/B/C/D."
1968,Wholesale trade,6,sector,3920.0,5.092628679813963,5.091570333809585,Table 6.8B,50,Wholesale trade,Direct legacy SIC mapping.,"BEA NIPA archive, 2024 Q1 Third estimate, released June 28, 2024; Section 6 Table 6.8A/B/C/D."
1968,Retail trade,7,sector,10259.0,13.327876945462105,13.325107156773607,Table 6.8B,51,Retail trade,Direct legacy SIC mapping.,"BEA NIPA archive, 2024 Q1 Third estimate, released June 28, 2024; Section 6 Table 6.8A/B/C/D."
1968,Transportation and warehousing,8,sector,2807.0,3.646685893938213,3.6459280426029355,Table 6.8B,37 - 46 - 49,Transportation and public utilities less communications and electric/gas/sanitary services,Legacy transportation/public utilities adjusted by subtracting communications and electric/gas/sanitary services.,"BEA NIPA archive, 2024 Q1 Third estimate, released June 28, 2024; Section 6 Table 6.8A/B/C/D."
1968,Information,9,sector,938.0,1.2185932912411983,1.2183400441615795,Table 6.8B,46,Communication,Legacy communications mapped to Table 6D information.,"BEA NIPA archive, 2024 Q1 Third estimate, released June 28, 2024; Section 6 Table 6.8A/B/C/D."
1968,"Finance, insurance, real estate, rental, and leasing",10,sector,3493.0,4.537895912905657,4.536952851019613,Table 6.8B,52,"Finance, insurance, and real estate",Legacy finance/insurance/real estate mapped to Table 6D finance/insurance/real estate/rental/leasing.,"BEA NIPA archive, 2024 Q1 Third estimate, released June 28, 2024; Section 6 Table 6.8A/B/C/D."
1968,Professional and business services,11,service_detail,missing,missing,missing,Table 6.8B,,,Service detail is not available before Table 6.8D; kept missing by design.,"BEA NIPA archive, 2024 Q1 Third estimate, released June 28, 2024; Section 6 Table 6.8A/B/C/D."
1968,"Educational services, health care, and social assistance",12,service_detail,missing,missing,missing,Table 6.8B,,,Service detail is not available before Table 6.8D; kept missing by design.,"BEA NIPA archive, 2024 Q1 Third estimate, released June 28, 2024; Section 6 Table 6.8A/B/C/D."
1968,"Arts, entertainment, recreation, accommodation, and food services",13,service_detail,missing,missing,missing,Table 6.8B,,,Service detail is not available before Table 6.8D; kept missing by design.,"BEA NIPA archive, 2024 Q1 Third estimate, released June 28, 2024; Section 6 Table 6.8A/B/C/D."
1968,"Other services, except government",14,service_detail,missing,missing,missing,Table 6.8B,,,Service detail is not available before Table 6.8D; kept missing by design.,"BEA NIPA archive, 2024 Q1 Third estimate, released June 28, 2024; Section 6 Table 6.8A/B/C/D."
1968,Services,15,services_total,12821.0,16.656273546911944,16.652812053513443,Table 6.8B,60,Services,Legacy aggregate services mapped to total services.,"BEA NIPA archive, 2024 Q1 Third estimate, released June 28, 2024; Section 6 Table 6.8A/B/C/D."
1968,Government,16,sector,14456.0,18.78036739678333,18.77646447590596,Table 6.8B,76,Government,Direct legacy SIC mapping.,"BEA NIPA archive, 2024 Q1 Third estimate, released June 28, 2024; Section 6 Table 6.8A/B/C/D."
1968,Rest of the world,17,sector,-16.0,-0.02078623950944475,missing,Table 6.8B,87,Rest of the world,Direct mapping.,"BEA NIPA archive, 2024 Q1 Third estimate, released June 28, 2024; Section 6 Table 6.8A/B/C/D."
1969,"Agriculture, forestry, fishing, and hunting",1,sector,3193.0,4.046023036861513,4.044895425581778,Table 6.8B,4,"Agriculture, forestry, and fishing",Legacy SIC agriculture/forestry/fishing mapped to Table 6D agriculture/forestry/fishing/hunting.,"BEA NIPA archive, 2024 Q1 Third estimate, released June 28, 2024; Section 6 Table 6.8A/B/C/D."
1969,Mining,2,sector,626.0,0.7932384657298174,0.7930173931770101,Table 6.8B,7,Mining,Direct legacy SIC mapping.,"BEA NIPA archive, 2024 Q1 Third estimate, released June 28, 2024; Section 6 Table 6.8A/B/C/D."
1969,Utilities,3,sector,662.0,0.838856013279775,0.838622227289426,Table 6.8B,49,"Electric, gas, and sanitary services","Legacy electric, gas, and sanitary services mapped to Table 6D utilities.","BEA NIPA archive, 2024 Q1 Third estimate, released June 28, 2024; Section 6 Table 6.8A/B/C/D."
1969,Construction,4,sector,4256.0,5.39300784368387,5.391504832845615,Table 6.8B,12,Construction,Direct legacy SIC mapping.,"BEA NIPA archive, 2024 Q1 Third estimate, released June 28, 2024; Section 6 Table 6.8A/B/C/D."
1969,Manufacturing,5,sector,20057.0,25.415309755819404,25.4082266053535,Table 6.8B,13,Manufacturing,Direct legacy SIC mapping.,"BEA NIPA archive, 2024 Q1 Third estimate, released June 28, 2024; Section 6 Table 6.8A/B/C/D."
1969,Wholesale trade,6,sector,4041.0,5.120569712482735,5.119142629118687,Table 6.8B,50,Wholesale trade,Direct legacy SIC mapping.,"BEA NIPA archive, 2024 Q1 Third estimate, released June 28, 2024; Section 6 Table 6.8A/B/C/D."
1969,Retail trade,7,sector,10596.0,13.426764828870839,13.423022840421085,Table 6.8B,51,Retail trade,Direct legacy SIC mapping.,"BEA NIPA archive, 2024 Q1 Third estimate, released June 28, 2024; Section 6 Table 6.8A/B/C/D."
1969,Transportation and warehousing,8,sector,2822.0,3.575908866277228,3.574912274034381,Table 6.8B,37 - 46 - 49,Transportation and public utilities less communications and electric/gas/sanitary services,Legacy transportation/public utilities adjusted by subtracting communications and electric/gas/sanitary services.,"BEA NIPA archive, 2024 Q1 Third estimate, released June 28, 2024; Section 6 Table 6.8A/B/C/D."
1969,Information,9,sector,1004.0,1.2722227150043717,1.2718681513573773,Table 6.8B,46,Communication,Legacy communications mapped to Table 6D information.,"BEA NIPA archive, 2024 Q1 Third estimate, released June 28, 2024; Section 6 Table 6.8A/B/C/D."
1969,"Finance, insurance, real estate, rental, and leasing",10,sector,3653.0,4.628913922222082,4.627623861462649,Table 6.8B,52,"Finance, insurance, and real estate",Legacy finance/insurance/real estate mapped to Table 6D finance/insurance/real estate/rental/leasing.,"BEA NIPA archive, 2024 Q1 Third estimate, released June 28, 2024; Section 6 Table 6.8A/B/C/D."
1969,Professional and business services,11,service_detail,missing,missing,missing,Table 6.8B,,,Service detail is not available before Table 6.8D; kept missing by design.,"BEA NIPA archive, 2024 Q1 Third estimate, released June 28, 2024; Section 6 Table 6.8A/B/C/D."
1969,"Educational services, health care, and social assistance",12,service_detail,missing,missing,missing,Table 6.8B,,,Service detail is not available before Table 6.8D; kept missing by design.,"BEA NIPA archive, 2024 Q1 Third estimate, released June 28, 2024; Section 6 Table 6.8A/B/C/D."
1969,"Arts, entertainment, recreation, accommodation, and food services",13,service_detail,missing,missing,missing,Table 6.8B,,,Service detail is not available before Table 6.8D; kept missing by design.,"BEA NIPA archive, 2024 Q1 Third estimate, released June 28, 2024; Section 6 Table 6.8A/B/C/D."
1969,"Other services, except government",14,service_detail,missing,missing,missing,Table 6.8B,,,Service detail is not available before Table 6.8D; kept missing by design.,"BEA NIPA archive, 2024 Q1 Third estimate, released June 28, 2024; Section 6 Table 6.8A/B/C/D."
1969,Services,15,services_total,13313.0,16.869622514794024,16.86492101496092,Table 6.8B,60,Services,Legacy aggregate services mapped to total services.,"BEA NIPA archive, 2024 Q1 Third estimate, released June 28, 2024; Section 6 Table 6.8A/B/C/D."
1969,Government,16,sector,14716.0,18.647439715143758,18.642242744397574,Table 6.8B,76,Government,Direct legacy SIC mapping.,"BEA NIPA archive, 2024 Q1 Third estimate, released June 28, 2024; Section 6 Table 6.8A/B/C/D."
1969,Rest of the world,17,sector,-22.0,-0.027877390169418502,missing,Table 6.8B,87,Rest of the world,Direct mapping.,"BEA NIPA archive, 2024 Q1 Third estimate, released June 28, 2024; Section 6 Table 6.8A/B/C/D."
1970,"Agriculture, forestry, fishing, and hunting",1,sector,3118.0,3.981001506600955,3.9799851931275687,Table 6.8B,4,"Agriculture, forestry, and fishing",Legacy SIC agriculture/forestry/fishing mapped to Table 6D agriculture/forestry/fishing/hunting.,"BEA NIPA archive, 2024 Q1 Third estimate, released June 28, 2024; Section 6 Table 6.8A/B/C/D."
1970,Mining,2,sector,629.0,0.803094915860167,0.8028898930331112,Table 6.8B,7,Mining,Direct legacy SIC mapping.,"BEA NIPA archive, 2024 Q1 Third estimate, released June 28, 2024; Section 6 Table 6.8A/B/C/D."
1970,Utilities,3,sector,677.0,0.8643803784377314,0.8641597099895331,Table 6.8B,49,"Electric, gas, and sanitary services","Legacy electric, gas, and sanitary services mapped to Table 6D utilities.","BEA NIPA archive, 2024 Q1 Third estimate, released June 28, 2024; Section 6 Table 6.8A/B/C/D."
1970,Construction,4,sector,4179.0,5.335665585659202,5.334303438768477,Table 6.8B,12,Construction,Direct legacy SIC mapping.,"BEA NIPA archive, 2024 Q1 Third estimate, released June 28, 2024; Section 6 Table 6.8A/B/C/D."
1970,Manufacturing,5,sector,19177.0,24.484819080207348,24.47856832861045,Table 6.8B,13,Manufacturing,Direct legacy SIC mapping.,"BEA NIPA archive, 2024 Q1 Third estimate, released June 28, 2024; Section 6 Table 6.8A/B/C/D."
1970,Wholesale trade,6,sector,4123.0,5.26416587931871,5.262821985652651,Table 6.8B,50,Wholesale trade,Direct legacy SIC mapping.,"BEA NIPA archive, 2024 Q1 Third estimate, released June 28, 2024; Section 6 Table 6.8A/B/C/D."
1970,Retail trade,7,sector,10766.0,13.745818543959551,13.74230936151745,Table 6.8B,51,Retail trade,Direct legacy SIC mapping.,"BEA NIPA archive, 2024 Q1 Third estimate, released June 28, 2024; Section 6 Table 6.8A/B/C/D."
1970,Transportation and warehousing,8,sector,2785.0,3.5558336099691017,3.5549258379923923,Table 6.8B,37 - 46 - 49,Transportation and public utilities less communications and electric/gas/sanitary services,Legacy transportation/public utilities adjusted by subtracting communications and electric/gas/sanitary services.,"BEA NIPA archive, 2024 Q1 Third estimate, released June 28, 2024; Section 6 Table 6.8A/B/C/D."
1970,Information,9,sector,1068.0,1.363601542350808,1.363253427280386,Table 6.8B,46,Communication,Legacy communications mapped to Table 6D information.,"BEA NIPA archive, 2024 Q1 Third estimate, released June 28, 2024; Section 6 Table 6.8A/B/C/D."
1970,"Finance, insurance, real estate, rental, and leasing",10,sector,3749.0,4.786649983401854,4.785427995200531,Table 6.8B,52,"Finance, insurance, and real estate",Legacy finance/insurance/real estate mapped to Table 6D finance/insurance/real estate/rental/leasing.,"BEA NIPA archive, 2024 Q1 Third estimate, released June 28, 2024; Section 6 Table 6.8A/B/C/D."
1970,Professional and business services,11,service_detail,missing,missing,missing,Table 6.8B,,,Service detail is not available before Table 6.8D; kept missing by design.,"BEA NIPA archive, 2024 Q1 Third estimate, released June 28, 2024; Section 6 Table 6.8A/B/C/D."
1970,"Educational services, health care, and social assistance",12,service_detail,missing,missing,missing,Table 6.8B,,,Service detail is not available before Table 6.8D; kept missing by design.,"BEA NIPA archive, 2024 Q1 Third estimate, released June 28, 2024; Section 6 Table 6.8A/B/C/D."
1970,"Arts, entertainment, recreation, accommodation, and food services",13,service_detail,missing,missing,missing,Table 6.8B,,,Service detail is not available before Table 6.8D; kept missing by design.,"BEA NIPA archive, 2024 Q1 Third estimate, released June 28, 2024; Section 6 Table 6.8A/B/C/D."
1970,"Other services, except government",14,service_detail,missing,missing,missing,Table 6.8B,,,Service detail is not available before Table 6.8D; kept missing by design.,"BEA NIPA archive, 2024 Q1 Third estimate, released June 28, 2024; Section 6 Table 6.8A/B/C/D."
1970,Services,15,services_total,13380.0,17.08332269349608,17.07896147660259,Table 6.8B,60,Services,Legacy aggregate services mapped to total services.,"BEA NIPA archive, 2024 Q1 Third estimate, released June 28, 2024; Section 6 Table 6.8A/B/C/D."
1970,Government,16,sector,14691.0,18.75718189014581,18.75239335222486,Table 6.8B,76,Government,Direct legacy SIC mapping.,"BEA NIPA archive, 2024 Q1 Third estimate, released June 28, 2024; Section 6 Table 6.8A/B/C/D."
1970,Rest of the world,17,sector,-20.0,-0.025535609407318506,missing,Table 6.8B,87,Rest of the world,Direct mapping.,"BEA NIPA archive, 2024 Q1 Third estimate, released June 28, 2024; Section 6 Table 6.8A/B/C/D."
1971,"Agriculture, forestry, fishing, and hunting",1,sector,3065.0,3.9300918089962558,3.9291345648467444,Table 6.8B,4,"Agriculture, forestry, and fishing",Legacy SIC agriculture/forestry/fishing mapped to Table 6D agriculture/forestry/fishing/hunting.,"BEA NIPA archive, 2024 Q1 Third estimate, released June 28, 2024; Section 6 Table 6.8A/B/C/D."
1971,Mining,2,sector,617.0,0.7911473560034877,0.7909546579153153,Table 6.8B,7,Mining,Direct legacy SIC mapping.,"BEA NIPA archive, 2024 Q1 Third estimate, released June 28, 2024; Section 6 Table 6.8A/B/C/D."
1971,Utilities,3,sector,688.0,0.8821870031286865,0.8819721307062187,Table 6.8B,49,"Electric, gas, and sanitary services","Legacy electric, gas, and sanitary services mapped to Table 6D utilities.","BEA NIPA archive, 2024 Q1 Third estimate, released June 28, 2024; Section 6 Table 6.8A/B/C/D."
1971,Construction,4,sector,4261.0,5.4636610760629845,5.4623303036906945,Table 6.8B,12,Construction,Direct legacy SIC mapping.,"BEA NIPA archive, 2024 Q1 Third estimate, released June 28, 2024; Section 6 Table 6.8A/B/C/D."
1971,Manufacturing,5,sector,18336.0,23.51130943222034,23.50558283230992,Table 6.8B,13,Manufacturing,Direct legacy SIC mapping.,"BEA NIPA archive, 2024 Q1 Third estimate, released June 28, 2024; Section 6 Table 6.8A/B/C/D."
1971,Wholesale trade,6,sector,4154.0,5.326460481099656,5.3251631263860935,Table 6.8B,50,Wholesale trade,Direct legacy SIC mapping.,"BEA NIPA archive, 2024 Q1 Third estimate, released June 28, 2024; Section 6 Table 6.8A/B/C/D."
1971,Retail trade,7,sector,11004.0,14.109863055854747,14.106426346353532,Table 6.8B,51,Retail trade,Direct legacy SIC mapping.,"BEA NIPA archive, 2024 Q1 Third estimate, released June 28, 2024; Section 6 Table 6.8A/B/C/D."
1971,Transportation and warehousing,8,sector,2743.0,3.517207775555214,3.51635109669645,Table 6.8B,37 - 46 - 49,Transportation and public utilities less communications and electric/gas/sanitary services,Legacy transportation/public utilities adjusted by subtracting communications and electric/gas/sanitary services.,"BEA NIPA archive, 2024 Q1 Third estimate, released June 28, 2024; Section 6 Table 6.8A/B/C/D."
1971,Information,9,sector,1067.0,1.3681592039800996,1.3678259643365338,Table 6.8B,46,Communication,Legacy communications mapped to Table 6D information.,"BEA NIPA archive, 2024 Q1 Third estimate, released June 28, 2024; Section 6 Table 6.8A/B/C/D."
1971,"Finance, insurance, real estate, rental, and leasing",10,sector,3836.0,4.91870544186285,4.917507403181766,Table 6.8B,52,"Finance, insurance, and real estate",Legacy finance/insurance/real estate mapped to Table 6D finance/insurance/real estate/rental/leasing.,"BEA NIPA archive, 2024 Q1 Third estimate, released June 28, 2024; Section 6 Table 6.8A/B/C/D."
1971,Professional and business services,11,service_detail,missing,missing,missing,Table 6.8B,,,Service detail is not available before Table 6.8D; kept missing by design.,"BEA NIPA archive, 2024 Q1 Third estimate, released June 28, 2024; Section 6 Table 6.8A/B/C/D."
1971,"Educational services, health care, and social assistance",12,service_detail,missing,missing,missing,Table 6.8B,,,Service detail is not available before Table 6.8D; kept missing by design.,"BEA NIPA archive, 2024 Q1 Third estimate, released June 28, 2024; Section 6 Table 6.8A/B/C/D."
1971,"Arts, entertainment, recreation, accommodation, and food services",13,service_detail,missing,missing,missing,Table 6.8B,,,Service detail is not available before Table 6.8D; kept missing by design.,"BEA NIPA archive, 2024 Q1 Third estimate, released June 28, 2024; Section 6 Table 6.8A/B/C/D."
1971,"Other services, except government",14,service_detail,missing,missing,missing,Table 6.8B,,,Service detail is not available before Table 6.8D; kept missing by design.,"BEA NIPA archive, 2024 Q1 Third estimate, released June 28, 2024; Section 6 Table 6.8A/B/C/D."
1971,Services,15,services_total,13577.0,17.409088577729907,17.404848282846412,Table 6.8B,60,Services,Legacy aggregate services mapped to total services.,"BEA NIPA archive, 2024 Q1 Third estimate, released June 28, 2024; Section 6 Table 6.8A/B/C/D."
1971,Government,16,sector,14659.0,18.796481509975894,18.791903290730318,Table 6.8B,76,Government,Direct legacy SIC mapping.,"BEA NIPA archive, 2024 Q1 Third estimate, released June 28, 2024; Section 6 Table 6.8A/B/C/D."
1971,Rest of the world,17,sector,-19.0,-0.02436272247012361,missing,Table 6.8B,87,Rest of the world,Direct mapping.,"BEA NIPA archive, 2024 Q1 Third estimate, released June 28, 2024; Section 6 Table 6.8A/B/C/D."
1972,"Agriculture, forestry, fishing, and hunting",1,sector,3116.0,3.8994844070681283,3.8984598831462924,Table 6.8B,4,"Agriculture, forestry, and fishing",Legacy SIC agriculture/forestry/fishing mapped to Table 6D agriculture/forestry/fishing/hunting.,"BEA NIPA archive, 2024 Q1 Third estimate, released June 28, 2024; Section 6 Table 6.8A/B/C/D."
1972,Mining,2,sector,625.0,0.7821494718926766,0.7819439752780593,Table 6.8B,7,Mining,Direct legacy SIC mapping.,"BEA NIPA archive, 2024 Q1 Third estimate, released June 28, 2024; Section 6 Table 6.8A/B/C/D."
1972,Utilities,3,sector,702.0,0.8785102868298543,0.8782794730323161,Table 6.8B,49,"Electric, gas, and sanitary services","Legacy electric, gas, and sanitary services mapped to Table 6D utilities.","BEA NIPA archive, 2024 Q1 Third estimate, released June 28, 2024; Section 6 Table 6.8A/B/C/D."
1972,Construction,4,sector,4499.0,5.630224758472243,5.628745511641582,Table 6.8B,12,Construction,Direct legacy SIC mapping.,"BEA NIPA archive, 2024 Q1 Third estimate, released June 28, 2024; Section 6 Table 6.8A/B/C/D."
1972,Manufacturing,5,sector,18819.0,23.55083345847725,23.544645873212477,Table 6.8B,13,Manufacturing,Direct legacy SIC mapping.,"BEA NIPA archive, 2024 Q1 Third estimate, released June 28, 2024; Section 6 Table 6.8A/B/C/D."
1972,Wholesale trade,6,sector,4252.0,5.321119287180258,5.319721252611693,Table 6.8B,50,Wholesale trade,Direct legacy SIC mapping.,"BEA NIPA archive, 2024 Q1 Third estimate, released June 28, 2024; Section 6 Table 6.8A/B/C/D."
1972,Retail trade,7,sector,11236.0,14.061170345897782,14.057476009958839,Table 6.8B,51,Retail trade,Direct legacy SIC mapping.,"BEA NIPA archive, 2024 Q1 Third estimate, released June 28, 2024; Section 6 Table 6.8A/B/C/D."
1972,Transportation and warehousing,8,sector,2762.0,3.4564749461881163,3.4555668155487997,Table 6.8B,37 - 46 - 49,Transportation and public utilities less communications and electric/gas/sanitary services,Legacy transportation/public utilities adjusted by subtracting communications and electric/gas/sanitary services.,"BEA NIPA archive, 2024 Q1 Third estimate, released June 28, 2024; Section 6 Table 6.8A/B/C/D."
1972,Information,9,sector,1082.0,1.3540571657406018,1.3537014100013762,Table 6.8B,46,Communication,Legacy communications mapped to Table 6D information.,"BEA NIPA archive, 2024 Q1 Third estimate, released June 28, 2024; Section 6 Table 6.8A/B/C/D."
1972,"Finance, insurance, real estate, rental, and leasing",10,sector,3959.0,4.954447614756971,4.953145917001339,Table 6.8B,52,"Finance, insurance, and real estate",Legacy finance/insurance/real estate mapped to Table 6D finance/insurance/real estate/rental/leasing.,"BEA NIPA archive, 2024 Q1 Third estimate, released June 28, 2024; Section 6 Table 6.8A/B/C/D."
1972,Professional and business services,11,service_detail,missing,missing,missing,Table 6.8B,,,Service detail is not available before Table 6.8D; kept missing by design.,"BEA NIPA archive, 2024 Q1 Third estimate, released June 28, 2024; Section 6 Table 6.8A/B/C/D."
1972,"Educational services, health care, and social assistance",12,service_detail,missing,missing,missing,Table 6.8B,,,Service detail is not available before Table 6.8D; kept missing by design.,"BEA NIPA archive, 2024 Q1 Third estimate, released June 28, 2024; Section 6 Table 6.8A/B/C/D."
1972,"Arts, entertainment, recreation, accommodation, and food services",13,service_detail,missing,missing,missing,Table 6.8B,,,Service detail is not available before Table 6.8D; kept missing by design.,"BEA NIPA archive, 2024 Q1 Third estimate, released June 28, 2024; Section 6 Table 6.8A/B/C/D."
1972,"Other services, except government",14,service_detail,missing,missing,missing,Table 6.8B,,,Service detail is not available before Table 6.8D; kept missing by design.,"BEA NIPA archive, 2024 Q1 Third estimate, released June 28, 2024; Section 6 Table 6.8A/B/C/D."
1972,Services,15,services_total,14200.0,17.770436001401613,17.765767118317505,Table 6.8B,60,Services,Legacy aggregate services mapped to total services.,"BEA NIPA archive, 2024 Q1 Third estimate, released June 28, 2024; Section 6 Table 6.8A/B/C/D."
1972,Government,16,sector,14677.0,18.367372478350102,18.36254676024972,Table 6.8B,76,Government,Direct legacy SIC mapping.,"BEA NIPA archive, 2024 Q1 Third estimate, released June 28, 2024; Section 6 Table 6.8A/B/C/D."
1972,Rest of the world,17,sector,-21.0,-0.026280222255593934,missing,Table 6.8B,87,Rest of the world,Direct mapping.,"BEA NIPA archive, 2024 Q1 Third estimate, released June 28, 2024; Section 6 Table 6.8A/B/C/D."
1973,"Agriculture, forestry, fishing, and hunting",1,sector,3181.0,3.8164367126574685,3.81533811499988,Table 6.8B,4,"Agriculture, forestry, and fishing",Legacy SIC agriculture/forestry/fishing mapped to Table 6D agriculture/forestry/fishing/hunting.,"BEA NIPA archive, 2024 Q1 Third estimate, released June 28, 2024; Section 6 Table 6.8A/B/C/D."
1973,Mining,2,sector,641.0,0.7690461907618477,0.7688248134910164,Table 6.8B,7,Mining,Direct legacy SIC mapping.,"BEA NIPA archive, 2024 Q1 Third estimate, released June 28, 2024; Section 6 Table 6.8A/B/C/D."
1973,Utilities,3,sector,718.0,0.8614277144571085,0.861179744284789,Table 6.8B,49,"Electric, gas, and sanitary services","Legacy electric, gas, and sanitary services mapped to Table 6D utilities.","BEA NIPA archive, 2024 Q1 Third estimate, released June 28, 2024; Section 6 Table 6.8A/B/C/D."
1973,Construction,4,sector,4835.0,5.800839832033593,5.799170005037542,Table 6.8B,12,Construction,Direct legacy SIC mapping.,"BEA NIPA archive, 2024 Q1 Third estimate, released June 28, 2024; Section 6 Table 6.8A/B/C/D."
1973,Manufacturing,5,sector,19871.0,23.840431913617277,23.83356921822151,Table 6.8B,13,Manufacturing,Direct legacy SIC mapping.,"BEA NIPA archive, 2024 Q1 Third estimate, released June 28, 2024; Section 6 Table 6.8A/B/C/D."
1973,Wholesale trade,6,sector,4492.0,5.389322135572885,5.387770767865281,Table 6.8B,50,Wholesale trade,Direct legacy SIC mapping.,"BEA NIPA archive, 2024 Q1 Third estimate, released June 28, 2024; Section 6 Table 6.8A/B/C/D."
1973,Retail trade,7,sector,11717.0,14.057588482303538,14.053541871566676,Table 6.8B,51,Retail trade,Direct legacy SIC mapping.,"BEA NIPA archive, 2024 Q1 Third estimate, released June 28, 2024; Section 6 Table 6.8A/B/C/D."
1973,Transportation and warehousing,8,sector,2845.0,3.4133173365326934,3.412334780627054,Table 6.8B,37 - 46 - 49,Transportation and public utilities less communications and electric/gas/sanitary services,Legacy transportation/public utilities adjusted by subtracting communications and electric/gas/sanitary services.,"BEA NIPA archive, 2024 Q1 Third estimate, released June 28, 2024; Section 6 Table 6.8A/B/C/D."
1973,Information,9,sector,1107.0,1.328134373125375,1.3277520569961858,Table 6.8B,46,Communication,Legacy communications mapped to Table 6D information.,"BEA NIPA archive, 2024 Q1 Third estimate, released June 28, 2024; Section 6 Table 6.8A/B/C/D."
1973,"Finance, insurance, real estate, rental, and leasing",10,sector,4202.0,5.0413917216556685,5.0399405090315925,Table 6.8B,52,"Finance, insurance, and real estate",Legacy finance/insurance/real estate mapped to Table 6D finance/insurance/real estate/rental/leasing.,"BEA NIPA archive, 2024 Q1 Third estimate, released June 28, 2024; Section 6 Table 6.8A/B/C/D."
1973,Professional and business services,11,service_detail,missing,missing,missing,Table 6.8B,,,Service detail is not available before Table 6.8D; kept missing by design.,"BEA NIPA archive, 2024 Q1 Third estimate, released June 28, 2024; Section 6 Table 6.8A/B/C/D."
1973,"Educational services, health care, and social assistance",12,service_detail,missing,missing,missing,Table 6.8B,,,Service detail is not available before Table 6.8D; kept missing by design.,"BEA NIPA archive, 2024 Q1 Third estimate, released June 28, 2024; Section 6 Table 6.8A/B/C/D."
1973,"Arts, entertainment, recreation, accommodation, and food services",13,service_detail,missing,missing,missing,Table 6.8B,,,Service detail is not available before Table 6.8D; kept missing by design.,"BEA NIPA archive, 2024 Q1 Third estimate, released June 28, 2024; Section 6 Table 6.8A/B/C/D."
1973,"Other services, except government",14,service_detail,missing,missing,missing,Table 6.8B,,,Service detail is not available before Table 6.8D; kept missing by design.,"BEA NIPA archive, 2024 Q1 Third estimate, released June 28, 2024; Section 6 Table 6.8A/B/C/D."
1973,Services,15,services_total,14879.0,17.85122975404919,17.84609110753952,Table 6.8B,60,Services,Legacy aggregate services mapped to total services.,"BEA NIPA archive, 2024 Q1 Third estimate, released June 28, 2024; Section 6 Table 6.8A/B/C/D."
1973,Government,16,sector,14886.0,17.859628074385125,17.854487010338953,Table 6.8B,76,Government,Direct legacy SIC mapping.,"BEA NIPA archive, 2024 Q1 Third estimate, released June 28, 2024; Section 6 Table 6.8A/B/C/D."
1973,Rest of the world,17,sector,-24.0,-0.028794241151769647,missing,Table 6.8B,87,Rest of the world,Direct mapping.,"BEA NIPA archive, 2024 Q1 Third estimate, released June 28, 2024; Section 6 Table 6.8A/B/C/D."
1974,"Agriculture, forestry, fishing, and hunting",1,sector,3255.0,3.844382241434291,3.843428976266383,Table 6.8B,4,"Agriculture, forestry, and fishing",Legacy SIC agriculture/forestry/fishing mapped to Table 6D agriculture/forestry/fishing/hunting.,"BEA NIPA archive, 2024 Q1 Third estimate, released June 28, 2024; Section 6 Table 6.8A/B/C/D."
1974,Mining,2,sector,701.0,0.8279299389386907,0.8277246428149723,Table 6.8B,7,Mining,Direct legacy SIC mapping.,"BEA NIPA archive, 2024 Q1 Third estimate, released June 28, 2024; Section 6 Table 6.8A/B/C/D."
1974,Utilities,3,sector,729.0,0.8609998937037169,0.8607863974495218,Table 6.8B,49,"Electric, gas, and sanitary services","Legacy electric, gas, and sanitary services mapped to Table 6D utilities.","BEA NIPA archive, 2024 Q1 Third estimate, released June 28, 2024; Section 6 Table 6.8A/B/C/D."
1974,Construction,4,sector,4816.0,5.6880322195845,5.68662179714252,Table 6.8B,12,Construction,Direct legacy SIC mapping.,"BEA NIPA archive, 2024 Q1 Third estimate, released June 28, 2024; Section 6 Table 6.8A/B/C/D."
1974,Manufacturing,5,sector,19804.0,23.38990657737779,23.38410674223639,Table 6.8B,13,Manufacturing,Direct legacy SIC mapping.,"BEA NIPA archive, 2024 Q1 Third estimate, released June 28, 2024; Section 6 Table 6.8A/B/C/D."
1974,Wholesale trade,6,sector,4617.0,5.452999326790207,5.451647183846971,Table 6.8B,50,Wholesale trade,Direct legacy SIC mapping.,"BEA NIPA archive, 2024 Q1 Third estimate, released June 28, 2024; Section 6 Table 6.8A/B/C/D."
1974,Retail trade,7,sector,11948.0,14.111422126161877,14.107923013342779,Table 6.8B,51,Retail trade,Direct legacy SIC mapping.,"BEA NIPA archive, 2024 Q1 Third estimate, released June 28, 2024; Section 6 Table 6.8A/B/C/D."
1974,Transportation and warehousing,8,sector,2893.0,3.4168349691150244,3.4159877199197073,Table 6.8B,37 - 46 - 49,Transportation and public utilities less communications and electric/gas/sanitary services,Legacy transportation/public utilities adjusted by subtracting communications and electric/gas/sanitary services.,"BEA NIPA archive, 2024 Q1 Third estimate, released June 28, 2024; Section 6 Table 6.8A/B/C/D."
1974,Information,9,sector,1122.0,1.3251603302271198,1.324831739284449,Table 6.8B,46,Communication,Legacy communications mapped to Table 6D information.,"BEA NIPA archive, 2024 Q1 Third estimate, released June 28, 2024; Section 6 Table 6.8A/B/C/D."
1974,"Finance, insurance, real estate, rental, and leasing",10,sector,4334.0,5.118756569700835,5.117487306647774,Table 6.8B,52,"Finance, insurance, and real estate",Legacy finance/insurance/real estate mapped to Table 6D finance/insurance/real estate/rental/leasing.,"BEA NIPA archive, 2024 Q1 Third estimate, released June 28, 2024; Section 6 Table 6.8A/B/C/D."
1974,Professional and business services,11,service_detail,missing,missing,missing,Table 6.8B,,,Service detail is not available before Table 6.8D; kept missing by design.,"BEA NIPA archive, 2024 Q1 Third estimate, released June 28, 2024; Section 6 Table 6.8A/B/C/D."
1974,"Educational services, health care, and social assistance",12,service_detail,missing,missing,missing,Table 6.8B,,,Service detail is not available before Table 6.8D; kept missing by design.,"BEA NIPA archive, 2024 Q1 Third estimate, released June 28, 2024; Section 6 Table 6.8A/B/C/D."
1974,"Arts, entertainment, recreation, accommodation, and food services",13,service_detail,missing,missing,missing,Table 6.8B,,,Service detail is not available before Table 6.8D; kept missing by design.,"BEA NIPA archive, 2024 Q1 Third estimate, released June 28, 2024; Section 6 Table 6.8A/B/C/D."
1974,"Other services, except government",14,service_detail,missing,missing,missing,Table 6.8B,,,Service detail is not available before Table 6.8D; kept missing by design.,"BEA NIPA archive, 2024 Q1 Third estimate, released June 28, 2024; Section 6 Table 6.8A/B/C/D."
1974,Services,15,services_total,15313.0,18.0857220470302,18.081237454244892,Table 6.8B,60,Services,Legacy aggregate services mapped to total services.,"BEA NIPA archive, 2024 Q1 Third estimate, released June 28, 2024; Section 6 Table 6.8A/B/C/D."
1974,Government,16,sector,15158.0,17.90265622600952,17.898217026803636,Table 6.8B,76,Government,Direct legacy SIC mapping.,"BEA NIPA archive, 2024 Q1 Third estimate, released June 28, 2024; Section 6 Table 6.8A/B/C/D."
1974,Rest of the world,17,sector,-21.0,-0.02480246607376962,missing,Table 6.8B,87,Rest of the world,Direct mapping.,"BEA NIPA archive, 2024 Q1 Third estimate, released June 28, 2024; Section 6 Table 6.8A/B/C/D."
1975,"Agriculture, forestry, fishing, and hunting",1,sector,3191.0,3.850051880987428,3.8488909259772996,Table 6.8B,4,"Agriculture, forestry, and fishing",Legacy SIC agriculture/forestry/fishing mapped to Table 6D agriculture/forestry/fishing/hunting.,"BEA NIPA archive, 2024 Q1 Third estimate, released June 28, 2024; Section 6 Table 6.8A/B/C/D."
1975,Mining,2,sector,755.0,0.9109336164667841,0.9106589310914639,Table 6.8B,7,Mining,Direct legacy SIC mapping.,"BEA NIPA archive, 2024 Q1 Third estimate, released June 28, 2024; Section 6 Table 6.8A/B/C/D."
1975,Utilities,3,sector,719.0,0.8674983711783016,0.8672367833837915,Table 6.8B,49,"Electric, gas, and sanitary services","Legacy electric, gas, and sanitary services mapped to Table 6D utilities.","BEA NIPA archive, 2024 Q1 Third estimate, released June 28, 2024; Section 6 Table 6.8A/B/C/D."
1975,Construction,4,sector,4296.0,5.183272604425569,5.181709626448913,Table 6.8B,12,Construction,Direct legacy SIC mapping.,"BEA NIPA archive, 2024 Q1 Third estimate, released June 28, 2024; Section 6 Table 6.8A/B/C/D."
1975,Manufacturing,5,sector,18062.0,21.792427788904707,21.785856441554994,Table 6.8B,13,Manufacturing,Direct legacy SIC mapping.,"BEA NIPA archive, 2024 Q1 Third estimate, released June 28, 2024; Section 6 Table 6.8A/B/C/D."
1975,Wholesale trade,6,sector,4521.0,5.454742887478584,5.4530980496218655,Table 6.8B,50,Wholesale trade,Direct legacy SIC mapping.,"BEA NIPA archive, 2024 Q1 Third estimate, released June 28, 2024; Section 6 Table 6.8A/B/C/D."
1975,Retail trade,7,sector,11979.0,14.453077869742526,14.448719649728009,Table 6.8B,51,Retail trade,Direct legacy SIC mapping.,"BEA NIPA archive, 2024 Q1 Third estimate, released June 28, 2024; Section 6 Table 6.8A/B/C/D."
1975,Transportation and warehousing,8,sector,2764.0,3.3348616104823727,3.333856007333518,Table 6.8B,37 - 46 - 49,Transportation and public utilities less communications and electric/gas/sanitary services,Legacy transportation/public utilities adjusted by subtracting communications and electric/gas/sanitary services.,"BEA NIPA archive, 2024 Q1 Third estimate, released June 28, 2024; Section 6 Table 6.8A/B/C/D."
1975,Information,9,sector,1101.0,1.328394585072754,1.3279940173929825,Table 6.8B,46,Communication,Legacy communications mapped to Table 6D information.,"BEA NIPA archive, 2024 Q1 Third estimate, released June 28, 2024; Section 6 Table 6.8A/B/C/D."
1975,"Finance, insurance, real estate, rental, and leasing",10,sector,4405.0,5.3147848748823625,5.313182240341588,Table 6.8B,52,"Finance, insurance, and real estate",Legacy finance/insurance/real estate mapped to Table 6D finance/insurance/real estate/rental/leasing.,"BEA NIPA archive, 2024 Q1 Third estimate, released June 28, 2024; Section 6 Table 6.8A/B/C/D."
1975,Professional and business services,11,service_detail,missing,missing,missing,Table 6.8B,,,Service detail is not available before Table 6.8D; kept missing by design.,"BEA NIPA archive, 2024 Q1 Third estimate, released June 28, 2024; Section 6 Table 6.8A/B/C/D."
1975,"Educational services, health care, and social assistance",12,service_detail,missing,missing,missing,Table 6.8B,,,Service detail is not available before Table 6.8D; kept missing by design.,"BEA NIPA archive, 2024 Q1 Third estimate, released June 28, 2024; Section 6 Table 6.8A/B/C/D."
1975,"Arts, entertainment, recreation, accommodation, and food services",13,service_detail,missing,missing,missing,Table 6.8B,,,Service detail is not available before Table 6.8D; kept missing by design.,"BEA NIPA archive, 2024 Q1 Third estimate, released June 28, 2024; Section 6 Table 6.8A/B/C/D."
1975,"Other services, except government",14,service_detail,missing,missing,missing,Table 6.8B,,,Service detail is not available before Table 6.8D; kept missing by design.,"BEA NIPA archive, 2024 Q1 Third estimate, released June 28, 2024; Section 6 Table 6.8A/B/C/D."
1975,Services,15,services_total,15650.0,18.882266354576387,18.87657254514094,Table 6.8B,60,Services,Legacy aggregate services mapped to total services.,"BEA NIPA archive, 2024 Q1 Third estimate, released June 28, 2024; Section 6 Table 6.8A/B/C/D."
1975,Government,16,sector,15464.0,18.657850920585894,18.652224781984632,Table 6.8B,76,Government,Direct legacy SIC mapping.,"BEA NIPA archive, 2024 Q1 Third estimate, released June 28, 2024; Section 6 Table 6.8A/B/C/D."
1975,Rest of the world,17,sector,-25.0,-0.030163364783668347,missing,Table 6.8B,87,Rest of the world,Direct mapping.,"BEA NIPA archive, 2024 Q1 Third estimate, released June 28, 2024; Section 6 Table 6.8A/B/C/D."
1976,"Agriculture, forestry, fishing, and hunting",1,sector,3210.0,3.7672961141690235,3.766191101933546,Table 6.8B,4,"Agriculture, forestry, and fishing",Legacy SIC agriculture/forestry/fishing mapped to Table 6D agriculture/forestry/fishing/hunting.,"BEA NIPA archive, 2024 Q1 Third estimate, released June 28, 2024; Section 6 Table 6.8A/B/C/D."
1976,Mining,2,sector,791.0,0.9283274848310585,0.9280551905387647,Table 6.8B,7,Mining,Direct legacy SIC mapping.,"BEA NIPA archive, 2024 Q1 Third estimate, released June 28, 2024; Section 6 Table 6.8A/B/C/D."
1976,Utilities,3,sector,719.0,0.8438273850739962,0.8435798761028721,Table 6.8B,49,"Electric, gas, and sanitary services","Legacy electric, gas, and sanitary services mapped to Table 6D utilities.","BEA NIPA archive, 2024 Q1 Third estimate, released June 28, 2024; Section 6 Table 6.8A/B/C/D."
1976,Construction,4,sector,4400.0,5.163894985153802,5.162380326637883,Table 6.8B,12,Construction,Direct legacy SIC mapping.,"BEA NIPA archive, 2024 Q1 Third estimate, released June 28, 2024; Section 6 Table 6.8A/B/C/D."
1976,Manufacturing,5,sector,18839.0,22.109685823934655,22.103200675802515,Table 6.8B,13,Manufacturing,Direct legacy SIC mapping.,"BEA NIPA archive, 2024 Q1 Third estimate, released June 28, 2024; Section 6 Table 6.8A/B/C/D."
1976,Wholesale trade,6,sector,4690.0,5.504242609175303,5.5026281208935615,Table 6.8B,50,Wholesale trade,Direct legacy SIC mapping.,"BEA NIPA archive, 2024 Q1 Third estimate, released June 28, 2024; Section 6 Table 6.8A/B/C/D."
1976,Retail trade,7,sector,12407.0,14.561010245637096,14.556739252862775,Table 6.8B,51,Retail trade,Direct legacy SIC mapping.,"BEA NIPA archive, 2024 Q1 Third estimate, released June 28, 2024; Section 6 Table 6.8A/B/C/D."
1976,Transportation and warehousing,8,sector,2788.0,3.272031640592909,3.271071897878731,Table 6.8B,37 - 46 - 49,Transportation and public utilities less communications and electric/gas/sanitary services,Legacy transportation/public utilities adjusted by subtracting communications and electric/gas/sanitary services.,"BEA NIPA archive, 2024 Q1 Third estimate, released June 28, 2024; Section 6 Table 6.8A/B/C/D."
1976,Information,9,sector,1087.0,1.2757167838323142,1.2753425943307677,Table 6.8B,46,Communication,Legacy communications mapped to Table 6D information.,"BEA NIPA archive, 2024 Q1 Third estimate, released June 28, 2024; Section 6 Table 6.8A/B/C/D."
1976,"Finance, insurance, real estate, rental, and leasing",10,sector,4507.0,5.28947152229277,5.287920030035667,Table 6.8B,52,"Finance, insurance, and real estate",Legacy finance/insurance/real estate mapped to Table 6D finance/insurance/real estate/rental/leasing.,"BEA NIPA archive, 2024 Q1 Third estimate, released June 28, 2024; Section 6 Table 6.8A/B/C/D."
1976,Professional and business services,11,service_detail,missing,missing,missing,Table 6.8B,,,Service detail is not available before Table 6.8D; kept missing by design.,"BEA NIPA archive, 2024 Q1 Third estimate, released June 28, 2024; Section 6 Table 6.8A/B/C/D."
1976,"Educational services, health care, and social assistance",12,service_detail,missing,missing,missing,Table 6.8B,,,Service detail is not available before Table 6.8D; kept missing by design.,"BEA NIPA archive, 2024 Q1 Third estimate, released June 28, 2024; Section 6 Table 6.8A/B/C/D."
1976,"Arts, entertainment, recreation, accommodation, and food services",13,service_detail,missing,missing,missing,Table 6.8B,,,Service detail is not available before Table 6.8D; kept missing by design.,"BEA NIPA archive, 2024 Q1 Third estimate, released June 28, 2024; Section 6 Table 6.8A/B/C/D."
1976,"Other services, except government",14,service_detail,missing,missing,missing,Table 6.8B,,,Service detail is not available before Table 6.8D; kept missing by design.,"BEA NIPA archive, 2024 Q1 Third estimate, released June 28, 2024; Section 6 Table 6.8A/B/C/D."
1976,Services,15,services_total,16252.0,19.073550295163543,19.06795569739065,Table 6.8B,60,Services,Legacy aggregate services mapped to total services.,"BEA NIPA archive, 2024 Q1 Third estimate, released June 28, 2024; Section 6 Table 6.8A/B/C/D."
1976,Government,16,sector,15542.0,18.24028542255918,18.234935235592268,Table 6.8B,76,Government,Direct legacy SIC mapping.,"BEA NIPA archive, 2024 Q1 Third estimate, released June 28, 2024; Section 6 Table 6.8A/B/C/D."
1976,Rest of the world,17,sector,-25.0,-0.0293403124156466,missing,Table 6.8B,87,Rest of the world,Direct mapping.,"BEA NIPA archive, 2024 Q1 Third estimate, released June 28, 2024; Section 6 Table 6.8A/B/C/D."
1977,"Agriculture, forestry, fishing, and hunting",1,sector,3105.0,3.521406294301106,3.5204879929250095,Table 6.8B,4,"Agriculture, forestry, and fishing",Legacy SIC agriculture/forestry/fishing mapped to Table 6D agriculture/forestry/fishing/hunting.,"BEA NIPA archive, 2024 Q1 Third estimate, released June 28, 2024; Section 6 Table 6.8A/B/C/D."
1977,Mining,2,sector,831.0,0.9424440034023249,0.9421982357876596,Table 6.8B,7,Mining,Direct legacy SIC mapping.,"BEA NIPA archive, 2024 Q1 Third estimate, released June 28, 2024; Section 6 Table 6.8A/B/C/D."
1977,Utilities,3,sector,733.0,0.8313013892826765,0.831084605093086,Table 6.8B,49,"Electric, gas, and sanitary services","Legacy electric, gas, and sanitary services mapped to Table 6D utilities.","BEA NIPA archive, 2024 Q1 Third estimate, released June 28, 2024; Section 6 Table 6.8A/B/C/D."
1977,Construction,4,sector,4735.0,5.3700028352707685,5.368602462640876,Table 6.8B,12,Construction,Direct legacy SIC mapping.,"BEA NIPA archive, 2024 Q1 Third estimate, released June 28, 2024; Section 6 Table 6.8A/B/C/D."
1977,Manufacturing,5,sector,19557.0,22.179756166713922,22.173972198916076,Table 6.8B,13,Manufacturing,Direct legacy SIC mapping.,"BEA NIPA archive, 2024 Q1 Third estimate, released June 28, 2024; Section 6 Table 6.8A/B/C/D."
1977,Wholesale trade,6,sector,4832.0,5.480011341083073,5.478582280777342,Table 6.8B,50,Wholesale trade,Direct legacy SIC mapping.,"BEA NIPA archive, 2024 Q1 Third estimate, released June 28, 2024; Section 6 Table 6.8A/B/C/D."
1977,Retail trade,7,sector,13008.0,14.752480861922313,14.74863375586748,Table 6.8B,51,Retail trade,Direct legacy SIC mapping.,"BEA NIPA archive, 2024 Q1 Third estimate, released June 28, 2024; Section 6 Table 6.8A/B/C/D."
1977,Transportation and warehousing,8,sector,2879.0,3.2650978168415086,3.2642463547926255,Table 6.8B,37 - 46 - 49,Transportation and public utilities less communications and electric/gas/sanitary services,Legacy transportation/public utilities adjusted by subtracting communications and electric/gas/sanitary services.,"BEA NIPA archive, 2024 Q1 Third estimate, released June 28, 2024; Section 6 Table 6.8A/B/C/D."
1977,Information,9,sector,1105.0,1.253189679614403,1.2528628767092225,Table 6.8B,46,Communication,Legacy communications mapped to Table 6D information.,"BEA NIPA archive, 2024 Q1 Third estimate, released June 28, 2024; Section 6 Table 6.8A/B/C/D."
1977,"Finance, insurance, real estate, rental, and leasing",10,sector,4708.0,5.339381910972498,5.337989523571963,Table 6.8B,52,"Finance, insurance, and real estate",Legacy finance/insurance/real estate mapped to Table 6D finance/insurance/real estate/rental/leasing.,"BEA NIPA archive, 2024 Q1 Third estimate, released June 28, 2024; Section 6 Table 6.8A/B/C/D."
1977,Professional and business services,11,service_detail,missing,missing,missing,Table 6.8B,,,Service detail is not available before Table 6.8D; kept missing by design.,"BEA NIPA archive, 2024 Q1 Third estimate, released June 28, 2024; Section 6 Table 6.8A/B/C/D."
1977,"Educational services, health care, and social assistance",12,service_detail,missing,missing,missing,Table 6.8B,,,Service detail is not available before Table 6.8D; kept missing by design.,"BEA NIPA archive, 2024 Q1 Third estimate, released June 28, 2024; Section 6 Table 6.8A/B/C/D."
1977,"Arts, entertainment, recreation, accommodation, and food services",13,service_detail,missing,missing,missing,Table 6.8B,,,Service detail is not available before Table 6.8D; kept missing by design.,"BEA NIPA archive, 2024 Q1 Third estimate, released June 28, 2024; Section 6 Table 6.8A/B/C/D."
1977,"Other services, except government",14,service_detail,missing,missing,missing,Table 6.8B,,,Service detail is not available before Table 6.8D; kept missing by design.,"BEA NIPA archive, 2024 Q1 Third estimate, released June 28, 2024; Section 6 Table 6.8A/B/C/D."
1977,Services,15,services_total,17035.0,19.31953501559399,19.31449692736797,Table 6.8B,60,Services,Legacy aggregate services mapped to total services.,"BEA NIPA archive, 2024 Q1 Third estimate, released June 28, 2024; Section 6 Table 6.8A/B/C/D."
1977,Government,16,sector,15670.0,17.771477176070313,17.766842785550693,Table 6.8B,76,Government,Direct legacy SIC mapping.,"BEA NIPA archive, 2024 Q1 Third estimate, released June 28, 2024; Section 6 Table 6.8A/B/C/D."
1977,Rest of the world,17,sector,-23.0,-0.02608449106889708,missing,Table 6.8B,87,Rest of the world,Direct mapping.,"BEA NIPA archive, 2024 Q1 Third estimate, released June 28, 2024; Section 6 Table 6.8A/B/C/D."
1978,"Agriculture, forestry, fishing, and hunting",1,sector,3158.0,3.409262657886214,3.4082324246152518,Table 6.8B,4,"Agriculture, forestry, and fishing",Legacy SIC agriculture/forestry/fishing mapped to Table 6D agriculture/forestry/fishing/hunting.,"BEA NIPA archive, 2024 Q1 Third estimate, released June 28, 2024; Section 6 Table 6.8A/B/C/D."
1978,Mining,2,sector,879.0,0.9489366296016409,0.9486498737291977,Table 6.8B,7,Mining,Direct legacy SIC mapping.,"BEA NIPA archive, 2024 Q1 Third estimate, released June 28, 2024; Section 6 Table 6.8A/B/C/D."
1978,Utilities,3,sector,762.0,0.822627658425996,0.8223790714239462,Table 6.8B,49,"Electric, gas, and sanitary services","Legacy electric, gas, and sanitary services mapped to Table 6D utilities.","BEA NIPA archive, 2024 Q1 Third estimate, released June 28, 2024; Section 6 Table 6.8A/B/C/D."
1978,Construction,4,sector,5313.0,5.735722768001727,5.73398950981027,Table 6.8B,12,Construction,Direct legacy SIC mapping.,"BEA NIPA archive, 2024 Q1 Third estimate, released June 28, 2024; Section 6 Table 6.8A/B/C/D."
1978,Manufacturing,5,sector,20422.0,22.04685307135917,22.040190809212373,Table 6.8B,13,Manufacturing,Direct legacy SIC mapping.,"BEA NIPA archive, 2024 Q1 Third estimate, released June 28, 2024; Section 6 Table 6.8A/B/C/D."
1978,Wholesale trade,6,sector,5074.0,5.477707006369426,5.4760517170670635,Table 6.8B,50,Wholesale trade,Direct legacy SIC mapping.,"BEA NIPA archive, 2024 Q1 Third estimate, released June 28, 2024; Section 6 Table 6.8A/B/C/D."
1978,Retail trade,7,sector,13758.0,14.852639533628414,14.848151265945736,Table 6.8B,51,Retail trade,Direct legacy SIC mapping.,"BEA NIPA archive, 2024 Q1 Third estimate, released June 28, 2024; Section 6 Table 6.8A/B/C/D."
1978,Transportation and warehousing,8,sector,3034.0,3.2753967397171544,3.274406958924216,Table 6.8B,37 - 46 - 49,Transportation and public utilities less communications and electric/gas/sanitary services,Legacy transportation/public utilities adjusted by subtracting communications and electric/gas/sanitary services.,"BEA NIPA archive, 2024 Q1 Third estimate, released June 28, 2024; Section 6 Table 6.8A/B/C/D."
1978,Information,9,sector,1148.0,1.2393393069200043,1.2389647952686222,Table 6.8B,46,Communication,Legacy communications mapped to Table 6D information.,"BEA NIPA archive, 2024 Q1 Third estimate, released June 28, 2024; Section 6 Table 6.8A/B/C/D."
1978,"Finance, insurance, real estate, rental, and leasing",10,sector,5056.0,5.4582748569577895,5.456625439789333,Table 6.8B,52,"Finance, insurance, and real estate",Legacy finance/insurance/real estate mapped to Table 6D finance/insurance/real estate/rental/leasing.,"BEA NIPA archive, 2024 Q1 Third estimate, released June 28, 2024; Section 6 Table 6.8A/B/C/D."
1978,Professional and business services,11,service_detail,missing,missing,missing,Table 6.8B,,,Service detail is not available before Table 6.8D; kept missing by design.,"BEA NIPA archive, 2024 Q1 Third estimate, released June 28, 2024; Section 6 Table 6.8A/B/C/D."
1978,"Educational services, health care, and social assistance",12,service_detail,missing,missing,missing,Table 6.8B,,,Service detail is not available before Table 6.8D; kept missing by design.,"BEA NIPA archive, 2024 Q1 Third estimate, released June 28, 2024; Section 6 Table 6.8A/B/C/D."
1978,"Arts, entertainment, recreation, accommodation, and food services",13,service_detail,missing,missing,missing,Table 6.8B,,,Service detail is not available before Table 6.8D; kept missing by design.,"BEA NIPA archive, 2024 Q1 Third estimate, released June 28, 2024; Section 6 Table 6.8A/B/C/D."
1978,"Other services, except government",14,service_detail,missing,missing,missing,Table 6.8B,,,Service detail is not available before Table 6.8D; kept missing by design.,"BEA NIPA archive, 2024 Q1 Third estimate, released June 28, 2024; Section 6 Table 6.8A/B/C/D."
1978,Services,15,services_total,18045.0,19.480729785166794,19.474842970925337,Table 6.8B,60,Services,Legacy aggregate services mapped to total services.,"BEA NIPA archive, 2024 Q1 Third estimate, released June 28, 2024; Section 6 Table 6.8A/B/C/D."
1978,Government,16,sector,16009.0,17.282737773939328,17.27751516328865,Table 6.8B,76,Government,Direct legacy SIC mapping.,"BEA NIPA archive, 2024 Q1 Third estimate, released June 28, 2024; Section 6 Table 6.8A/B/C/D."
1978,Rest of the world,17,sector,-28.0,-0.030227787973658642,missing,Table 6.8B,87,Rest of the world,Direct mapping.,"BEA NIPA archive, 2024 Q1 Third estimate, released June 28, 2024; Section 6 Table 6.8A/B/C/D."
1979,"Agriculture, forestry, fishing, and hunting",1,sector,3183.0,3.3253933429449005,3.3246292040944225,Table 6.8B,4,"Agriculture, forestry, and fishing",Legacy SIC agriculture/forestry/fishing mapped to Table 6D agriculture/forestry/fishing/hunting.,"BEA NIPA archive, 2024 Q1 Third estimate, released June 28, 2024; Section 6 Table 6.8A/B/C/D."
1979,Mining,2,sector,951.0,0.9935435341315113,0.9933152287445164,Table 6.8B,7,Mining,Direct legacy SIC mapping.,"BEA NIPA archive, 2024 Q1 Third estimate, released June 28, 2024; Section 6 Table 6.8A/B/C/D."
1979,Utilities,3,sector,797.0,0.8326542552080068,0.8324629204094423,Table 6.8B,49,"Electric, gas, and sanitary services","Legacy electric, gas, and sanitary services mapped to Table 6D utilities.","BEA NIPA archive, 2024 Q1 Third estimate, released June 28, 2024; Section 6 Table 6.8A/B/C/D."
1979,Construction,4,sector,5626.0,5.87768235859504,5.876331731773553,Table 6.8B,12,Construction,Direct legacy SIC mapping.,"BEA NIPA archive, 2024 Q1 Third estimate, released June 28, 2024; Section 6 Table 6.8A/B/C/D."
1979,Manufacturing,5,sector,20957.0,21.894523496103137,21.889492375182787,Table 6.8B,13,Manufacturing,Direct legacy SIC mapping.,"BEA NIPA archive, 2024 Q1 Third estimate, released June 28, 2024; Section 6 Table 6.8A/B/C/D."
1979,Wholesale trade,6,sector,5345.0,5.5841116613385156,5.582828493837477,Table 6.8B,50,Wholesale trade,Direct legacy SIC mapping.,"BEA NIPA archive, 2024 Q1 Third estimate, released June 28, 2024; Section 6 Table 6.8A/B/C/D."
1979,Retail trade,7,sector,14124.0,14.755845295555694,14.752454564445372,Table 6.8B,51,Retail trade,Direct legacy SIC mapping.,"BEA NIPA archive, 2024 Q1 Third estimate, released June 28, 2024; Section 6 Table 6.8A/B/C/D."
1979,Transportation and warehousing,8,sector,3160.0,3.3013644246641176,3.300605807395028,Table 6.8B,37 - 46 - 49,Transportation and public utilities less communications and electric/gas/sanitary services,Legacy transportation/public utilities adjusted by subtracting communications and electric/gas/sanitary services.,"BEA NIPA archive, 2024 Q1 Third estimate, released June 28, 2024; Section 6 Table 6.8A/B/C/D."
1979,Information,9,sector,1211.0,1.2651747842621033,1.2648840609985377,Table 6.8B,46,Communication,Legacy communications mapped to Table 6D information.,"BEA NIPA archive, 2024 Q1 Third estimate, released June 28, 2024; Section 6 Table 6.8A/B/C/D."
1979,"Finance, insurance, real estate, rental, and leasing",10,sector,5330.0,5.568440627677135,5.567161061207437,Table 6.8B,52,"Finance, insurance, and real estate",Legacy finance/insurance/real estate mapped to Table 6D finance/insurance/real estate/rental/leasing.,"BEA NIPA archive, 2024 Q1 Third estimate, released June 28, 2024; Section 6 Table 6.8A/B/C/D."
1979,Professional and business services,11,service_detail,missing,missing,missing,Table 6.8B,,,Service detail is not available before Table 6.8D; kept missing by design.,"BEA NIPA archive, 2024 Q1 Third estimate, released June 28, 2024; Section 6 Table 6.8A/B/C/D."
1979,"Educational services, health care, and social assistance",12,service_detail,missing,missing,missing,Table 6.8B,,,Service detail is not available before Table 6.8D; kept missing by design.,"BEA NIPA archive, 2024 Q1 Third estimate, released June 28, 2024; Section 6 Table 6.8A/B/C/D."
1979,"Arts, entertainment, recreation, accommodation, and food services",13,service_detail,missing,missing,missing,Table 6.8B,,,Service detail is not available before Table 6.8D; kept missing by design.,"BEA NIPA archive, 2024 Q1 Third estimate, released June 28, 2024; Section 6 Table 6.8A/B/C/D."
1979,"Other services, except government",14,service_detail,missing,missing,missing,Table 6.8B,,,Service detail is not available before Table 6.8D; kept missing by design.,"BEA NIPA archive, 2024 Q1 Third estimate, released June 28, 2024; Section 6 Table 6.8A/B/C/D."
1979,Services,15,services_total,18911.0,19.756994504690862,19.752454564445372,Table 6.8B,60,Services,Legacy aggregate services mapped to total services.,"BEA NIPA archive, 2024 Q1 Third estimate, released June 28, 2024; Section 6 Table 6.8A/B/C/D."
1979,Government,16,sector,16144.0,16.866211161954908,16.862335491957385,Table 6.8B,76,Government,Direct legacy SIC mapping.,"BEA NIPA archive, 2024 Q1 Third estimate, released June 28, 2024; Section 6 Table 6.8A/B/C/D."
1979,Rest of the world,17,sector,-22.0,-0.02298418270335778,missing,Table 6.8B,87,Rest of the world,Direct mapping.,"BEA NIPA archive, 2024 Q1 Third estimate, released June 28, 2024; Section 6 Table 6.8A/B/C/D."
1980,"Agriculture, forestry, fishing, and hunting",1,sector,3275.0,3.4157279933249898,3.4148732065398733,Table 6.8B,4,"Agriculture, forestry, and fishing",Legacy SIC agriculture/forestry/fishing mapped to Table 6D agriculture/forestry/fishing/hunting.,"BEA NIPA archive, 2024 Q1 Third estimate, released June 28, 2024; Section 6 Table 6.8A/B/C/D."
1980,Mining,2,sector,1040.0,1.0846891948268669,1.0844177510844177,Table 6.8B,7,Mining,Direct legacy SIC mapping.,"BEA NIPA archive, 2024 Q1 Third estimate, released June 28, 2024; Section 6 Table 6.8A/B/C/D."
1980,Utilities,3,sector,813.0,0.8479349186483104,0.8477227227227228,Table 6.8B,49,"Electric, gas, and sanitary services","Legacy electric, gas, and sanitary services mapped to Table 6D utilities.","BEA NIPA archive, 2024 Q1 Third estimate, released June 28, 2024; Section 6 Table 6.8A/B/C/D."
1980,Construction,4,sector,5417.0,5.649770546516479,5.648356690023356,Table 6.8B,12,Construction,Direct legacy SIC mapping.,"BEA NIPA archive, 2024 Q1 Third estimate, released June 28, 2024; Section 6 Table 6.8A/B/C/D."
1980,Manufacturing,5,sector,20176.0,21.04297037964122,21.037704371037705,Table 6.8B,13,Manufacturing,Direct legacy SIC mapping.,"BEA NIPA archive, 2024 Q1 Third estimate, released June 28, 2024; Section 6 Table 6.8A/B/C/D."
1980,Wholesale trade,6,sector,5406.0,5.638297872340425,5.636886886886887,Table 6.8B,50,Wholesale trade,Direct legacy SIC mapping.,"BEA NIPA archive, 2024 Q1 Third estimate, released June 28, 2024; Section 6 Table 6.8A/B/C/D."
1980,Retail trade,7,sector,14053.0,14.656862745098039,14.653194861528196,Table 6.8B,51,Retail trade,Direct legacy SIC mapping.,"BEA NIPA archive, 2024 Q1 Third estimate, released June 28, 2024; Section 6 Table 6.8A/B/C/D."
1980,Transportation and warehousing,8,sector,3115.0,3.2488527325823946,3.2480397063730395,Table 6.8B,37 - 46 - 49,Transportation and public utilities less communications and electric/gas/sanitary services,Legacy transportation/public utilities adjusted by subtracting communications and electric/gas/sanitary services.,"BEA NIPA archive, 2024 Q1 Third estimate, released June 28, 2024; Section 6 Table 6.8A/B/C/D."
1980,Information,9,sector,1245.0,1.2984981226533165,1.2981731731731732,Table 6.8B,46,Communication,Legacy communications mapped to Table 6D information.,"BEA NIPA archive, 2024 Q1 Third estimate, released June 28, 2024; Section 6 Table 6.8A/B/C/D."
1980,"Finance, insurance, real estate, rental, and leasing",10,sector,5495.0,5.731122236128494,5.729688021354688,Table 6.8B,52,"Finance, insurance, and real estate",Legacy finance/insurance/real estate mapped to Table 6D finance/insurance/real estate/rental/leasing.,"BEA NIPA archive, 2024 Q1 Third estimate, released June 28, 2024; Section 6 Table 6.8A/B/C/D."
1980,Professional and business services,11,service_detail,missing,missing,missing,Table 6.8B,,,Service detail is not available before Table 6.8D; kept missing by design.,"BEA NIPA archive, 2024 Q1 Third estimate, released June 28, 2024; Section 6 Table 6.8A/B/C/D."
1980,"Educational services, health care, and social assistance",12,service_detail,missing,missing,missing,Table 6.8B,,,Service detail is not available before Table 6.8D; kept missing by design.,"BEA NIPA archive, 2024 Q1 Third estimate, released June 28, 2024; Section 6 Table 6.8A/B/C/D."
1980,"Arts, entertainment, recreation, accommodation, and food services",13,service_detail,missing,missing,missing,Table 6.8B,,,Service detail is not available before Table 6.8D; kept missing by design.,"BEA NIPA archive, 2024 Q1 Third estimate, released June 28, 2024; Section 6 Table 6.8A/B/C/D."
1980,"Other services, except government",14,service_detail,missing,missing,missing,Table 6.8B,,,Service detail is not available before Table 6.8D; kept missing by design.,"BEA NIPA archive, 2024 Q1 Third estimate, released June 28, 2024; Section 6 Table 6.8A/B/C/D."
1980,Services,15,services_total,19581.0,20.42240300375469,20.41729229229229,Table 6.8B,60,Services,Legacy aggregate services mapped to total services.,"BEA NIPA archive, 2024 Q1 Third estimate, released June 28, 2024; Section 6 Table 6.8A/B/C/D."
1980,Government,16,sector,16288.0,16.987901543596163,16.98365031698365,Table 6.8B,76,Government,Direct legacy SIC mapping.,"BEA NIPA archive, 2024 Q1 Third estimate, released June 28, 2024; Section 6 Table 6.8A/B/C/D."
1980,Rest of the world,17,sector,-24.0,-0.025031289111389236,missing,Table 6.8B,87,Rest of the world,Direct mapping.,"BEA NIPA archive, 2024 Q1 Third estimate, released June 28, 2024; Section 6 Table 6.8A/B/C/D."
1981,"Agriculture, forestry, fishing, and hunting",1,sector,3260.0,3.3699618553397355,3.3678033863986196,Table 6.8B,4,"Agriculture, forestry, and fishing",Legacy SIC agriculture/forestry/fishing mapped to Table 6D agriculture/forestry/fishing/hunting.,"BEA NIPA archive, 2024 Q1 Third estimate, released June 28, 2024; Section 6 Table 6.8A/B/C/D."
1981,Mining,2,sector,1154.0,1.1929251475650475,1.192161076044174,Table 6.8B,7,Mining,Direct legacy SIC mapping.,"BEA NIPA archive, 2024 Q1 Third estimate, released June 28, 2024; Section 6 Table 6.8A/B/C/D."
1981,Utilities,3,sector,845.0,0.8735023827491032,0.8729429023027098,Table 6.8B,49,"Electric, gas, and sanitary services","Legacy electric, gas, and sanitary services mapped to Table 6D utilities.","BEA NIPA archive, 2024 Q1 Third estimate, released June 28, 2024; Section 6 Table 6.8A/B/C/D."
1981,Construction,4,sector,5240.0,5.416748503674913,5.413279062800235,Table 6.8B,12,Construction,Direct legacy SIC mapping.,"BEA NIPA archive, 2024 Q1 Third estimate, released June 28, 2024; Section 6 Table 6.8A/B/C/D."
1981,Manufacturing,5,sector,20115.0,20.793491631950545,20.78017334889823,Table 6.8B,13,Manufacturing,Direct legacy SIC mapping.,"BEA NIPA archive, 2024 Q1 Third estimate, released June 28, 2024; Section 6 Table 6.8A/B/C/D."
1981,Wholesale trade,6,sector,5534.0,5.720665309033772,5.7170012086901725,Table 6.8B,50,Wholesale trade,Direct legacy SIC mapping.,"BEA NIPA archive, 2024 Q1 Third estimate, released June 28, 2024; Section 6 Table 6.8A/B/C/D."
1981,Retail trade,7,sector,14153.0,14.630389613074625,14.621018812177812,Table 6.8B,51,Retail trade,Direct legacy SIC mapping.,"BEA NIPA archive, 2024 Q1 Third estimate, released June 28, 2024; Section 6 Table 6.8A/B/C/D."
1981,Transportation and warehousing,8,sector,3099.0,3.2035312238336933,3.201479354125559,Table 6.8B,37 - 46 - 49,Transportation and public utilities less communications and electric/gas/sanitary services,Legacy transportation/public utilities adjusted by subtracting communications and electric/gas/sanitary services.,"BEA NIPA archive, 2024 Q1 Third estimate, released June 28, 2024; Section 6 Table 6.8A/B/C/D."
1981,Information,9,sector,1286.0,1.3293775907873926,1.3285261211376151,Table 6.8B,46,Communication,Legacy communications mapped to Table 6D information.,"BEA NIPA archive, 2024 Q1 Third estimate, released June 28, 2024; Section 6 Table 6.8A/B/C/D."
1981,"Finance, insurance, real estate, rental, and leasing",10,sector,5617.0,5.806464951362974,5.80274589613529,Table 6.8B,52,"Finance, insurance, and real estate",Legacy finance/insurance/real estate mapped to Table 6D finance/insurance/real estate/rental/leasing.,"BEA NIPA archive, 2024 Q1 Third estimate, released June 28, 2024; Section 6 Table 6.8A/B/C/D."
1981,Professional and business services,11,service_detail,missing,missing,missing,Table 6.8B,,,Service detail is not available before Table 6.8D; kept missing by design.,"BEA NIPA archive, 2024 Q1 Third estimate, released June 28, 2024; Section 6 Table 6.8A/B/C/D."
1981,"Educational services, health care, and social assistance",12,service_detail,missing,missing,missing,Table 6.8B,,,Service detail is not available before Table 6.8D; kept missing by design.,"BEA NIPA archive, 2024 Q1 Third estimate, released June 28, 2024; Section 6 Table 6.8A/B/C/D."
1981,"Arts, entertainment, recreation, accommodation, and food services",13,service_detail,missing,missing,missing,Table 6.8B,,,Service detail is not available before Table 6.8D; kept missing by design.,"BEA NIPA archive, 2024 Q1 Third estimate, released June 28, 2024; Section 6 Table 6.8A/B/C/D."
1981,"Other services, except government",14,service_detail,missing,missing,missing,Table 6.8B,,,Service detail is not available before Table 6.8D; kept missing by design.,"BEA NIPA archive, 2024 Q1 Third estimate, released June 28, 2024; Section 6 Table 6.8A/B/C/D."
1981,Services,15,services_total,20331.0,21.016777448132565,21.003316149960227,Table 6.8B,60,Services,Legacy aggregate services mapped to total services.,"BEA NIPA archive, 2024 Q1 Third estimate, released June 28, 2024; Section 6 Table 6.8A/B/C/D."
1981,Government,16,sector,16165.0,16.710255641584915,16.69955268132935,Table 6.8B,76,Government,Direct legacy SIC mapping.,"BEA NIPA archive, 2024 Q1 Third estimate, released June 28, 2024; Section 6 Table 6.8A/B/C/D."
1981,Rest of the world,17,sector,-62.0,-0.06409129908928332,missing,Table 6.8B,87,Rest of the world,Direct mapping.,"BEA NIPA archive, 2024 Q1 Third estimate, released June 28, 2024; Section 6 Table 6.8A/B/C/D."
1982,"Agriculture, forestry, fishing, and hunting",1,sector,3140.0,3.3141940386726336,3.3119567968947767,Table 6.8B,4,"Agriculture, forestry, and fishing",Legacy SIC agriculture/forestry/fishing mapped to Table 6D agriculture/forestry/fishing/hunting.,"BEA NIPA archive, 2024 Q1 Third estimate, released June 28, 2024; Section 6 Table 6.8A/B/C/D."
1982,Mining,2,sector,1142.0,1.205353373300684,1.2045397012910304,Table 6.8B,7,Mining,Direct legacy SIC mapping.,"BEA NIPA archive, 2024 Q1 Third estimate, released June 28, 2024; Section 6 Table 6.8A/B/C/D."
1982,Utilities,3,sector,863.0,0.910875622730727,0.9102607374905072,Table 6.8B,49,"Electric, gas, and sanitary services","Legacy electric, gas, and sanitary services mapped to Table 6D utilities.","BEA NIPA archive, 2024 Q1 Third estimate, released June 28, 2024; Section 6 Table 6.8A/B/C/D."
1982,Construction,4,sector,4871.0,5.14122266317656,5.137752088431356,Table 6.8B,12,Construction,Direct legacy SIC mapping.,"BEA NIPA archive, 2024 Q1 Third estimate, released June 28, 2024; Section 6 Table 6.8A/B/C/D."
1982,Manufacturing,5,sector,18607.0,19.639238368656592,19.625980929879336,Table 6.8B,13,Manufacturing,Direct legacy SIC mapping.,"BEA NIPA archive, 2024 Q1 Third estimate, released June 28, 2024; Section 6 Table 6.8A/B/C/D."
1982,Wholesale trade,6,sector,5387.0,5.685848180359706,5.682009956965657,Table 6.8B,50,Wholesale trade,Direct legacy SIC mapping.,"BEA NIPA archive, 2024 Q1 Third estimate, released June 28, 2024; Section 6 Table 6.8A/B/C/D."
1982,Retail trade,7,sector,13935.0,14.70805539137043,14.698126740359463,Table 6.8B,51,Retail trade,Direct legacy SIC mapping.,"BEA NIPA archive, 2024 Q1 Third estimate, released June 28, 2024; Section 6 Table 6.8A/B/C/D."
1982,Transportation and warehousing,8,sector,2965.0,3.1294857721861016,3.127373217450004,Table 6.8B,37 - 46 - 49,Transportation and public utilities less communications and electric/gas/sanitary services,Legacy transportation/public utilities adjusted by subtracting communications and electric/gas/sanitary services.,"BEA NIPA archive, 2024 Q1 Third estimate, released June 28, 2024; Section 6 Table 6.8A/B/C/D."
1982,Information,9,sector,1324.0,1.3974499704466774,1.3965066239135937,Table 6.8B,46,Communication,Legacy communications mapped to Table 6D information.,"BEA NIPA archive, 2024 Q1 Third estimate, released June 28, 2024; Section 6 Table 6.8A/B/C/D."
1982,"Finance, insurance, real estate, rental, and leasing",10,sector,5700.0,6.016212108418475,6.012150873344021,Table 6.8B,52,"Finance, insurance, and real estate",Legacy finance/insurance/real estate mapped to Table 6D finance/insurance/real estate/rental/leasing.,"BEA NIPA archive, 2024 Q1 Third estimate, released June 28, 2024; Section 6 Table 6.8A/B/C/D."
1982,Professional and business services,11,service_detail,missing,missing,missing,Table 6.8B,,,Service detail is not available before Table 6.8D; kept missing by design.,"BEA NIPA archive, 2024 Q1 Third estimate, released June 28, 2024; Section 6 Table 6.8A/B/C/D."
1982,"Educational services, health care, and social assistance",12,service_detail,missing,missing,missing,Table 6.8B,,,Service detail is not available before Table 6.8D; kept missing by design.,"BEA NIPA archive, 2024 Q1 Third estimate, released June 28, 2024; Section 6 Table 6.8A/B/C/D."
1982,"Arts, entertainment, recreation, accommodation, and food services",13,service_detail,missing,missing,missing,Table 6.8B,,,Service detail is not available before Table 6.8D; kept missing by design.,"BEA NIPA archive, 2024 Q1 Third estimate, released June 28, 2024; Section 6 Table 6.8A/B/C/D."
1982,"Other services, except government",14,service_detail,missing,missing,missing,Table 6.8B,,,Service detail is not available before Table 6.8D; kept missing by design.,"BEA NIPA archive, 2024 Q1 Third estimate, released June 28, 2024; Section 6 Table 6.8A/B/C/D."
1982,Services,15,services_total,20704.0,21.852571139069493,21.837819593283267,Table 6.8B,60,Services,Legacy aggregate services mapped to total services.,"BEA NIPA archive, 2024 Q1 Third estimate, released June 28, 2024; Section 6 Table 6.8A/B/C/D."
1982,Government,16,sector,16171.0,17.068099299164064,17.0565775040081,Table 6.8B,76,Government,Direct legacy SIC mapping.,"BEA NIPA archive, 2024 Q1 Third estimate, released June 28, 2024; Section 6 Table 6.8A/B/C/D."
1982,Rest of the world,17,sector,-64.0,-0.06755045174364603,missing,Table 6.8B,87,Rest of the world,Direct mapping.,"BEA NIPA archive, 2024 Q1 Third estimate, released June 28, 2024; Section 6 Table 6.8A/B/C/D."
1983,"Agriculture, forestry, fishing, and hunting",1,sector,3166.0,3.312963040475493,3.3105380931467887,Table 6.8B,4,"Agriculture, forestry, and fishing",Legacy SIC agriculture/forestry/fishing mapped to Table 6D agriculture/forestry/fishing/hunting.,"BEA NIPA archive, 2024 Q1 Third estimate, released June 28, 2024; Section 6 Table 6.8A/B/C/D."
1983,Mining,2,sector,968.0,1.0129337407391905,1.0121923165401425,Table 6.8B,7,Mining,Direct legacy SIC mapping.,"BEA NIPA archive, 2024 Q1 Third estimate, released June 28, 2024; Section 6 Table 6.8A/B/C/D."
1983,Utilities,3,sector,868.0,0.9082918253735717,0.9076269945835164,Table 6.8B,49,"Electric, gas, and sanitary services","Legacy electric, gas, and sanitary services mapped to Table 6D utilities.","BEA NIPA archive, 2024 Q1 Third estimate, released June 28, 2024; Section 6 Table 6.8A/B/C/D."
1983,Construction,4,sector,4968.0,5.198610355363945,5.194805194805195,Table 6.8B,12,Construction,Direct legacy SIC mapping.,"BEA NIPA archive, 2024 Q1 Third estimate, released June 28, 2024; Section 6 Table 6.8A/B/C/D."
1983,Manufacturing,5,sector,18310.0,19.15993470344481,19.145910450258278,Table 6.8B,13,Manufacturing,Direct legacy SIC mapping.,"BEA NIPA archive, 2024 Q1 Third estimate, released June 28, 2024; Section 6 Table 6.8A/B/C/D."
1983,Wholesale trade,6,sector,5389.0,5.6391528190532,5.635025200242591,Table 6.8B,50,Wholesale trade,Direct legacy SIC mapping.,"BEA NIPA archive, 2024 Q1 Third estimate, released June 28, 2024; Section 6 Table 6.8A/B/C/D."
1983,Retail trade,7,sector,14323.0,14.987861537817588,14.976891063847585,Table 6.8B,51,Retail trade,Direct legacy SIC mapping.,"BEA NIPA archive, 2024 Q1 Third estimate, released June 28, 2024; Section 6 Table 6.8A/B/C/D."
1983,Transportation and warehousing,8,sector,2938.0,3.0743794734418817,3.072129159085681,Table 6.8B,37 - 46 - 49,Transportation and public utilities less communications and electric/gas/sanitary services,Legacy transportation/public utilities adjusted by subtracting communications and electric/gas/sanitary services.,"BEA NIPA archive, 2024 Q1 Third estimate, released June 28, 2024; Section 6 Table 6.8A/B/C/D."
1983,Information,9,sector,1274.0,1.3331380017579841,1.332162201727419,Table 6.8B,46,Communication,Legacy communications mapped to Table 6D information.,"BEA NIPA archive, 2024 Q1 Third estimate, released June 28, 2024; Section 6 Table 6.8A/B/C/D."
1983,"Finance, insurance, real estate, rental, and leasing",10,sector,5876.0,6.148758946883763,6.144258318171362,Table 6.8B,52,"Finance, insurance, and real estate",Legacy finance/insurance/real estate mapped to Table 6D finance/insurance/real estate/rental/leasing.,"BEA NIPA archive, 2024 Q1 Third estimate, released June 28, 2024; Section 6 Table 6.8A/B/C/D."
1983,Professional and business services,11,service_detail,missing,missing,missing,Table 6.8B,,,Service detail is not available before Table 6.8D; kept missing by design.,"BEA NIPA archive, 2024 Q1 Third estimate, released June 28, 2024; Section 6 Table 6.8A/B/C/D."
1983,"Educational services, health care, and social assistance",12,service_detail,missing,missing,missing,Table 6.8B,,,Service detail is not available before Table 6.8D; kept missing by design.,"BEA NIPA archive, 2024 Q1 Third estimate, released June 28, 2024; Section 6 Table 6.8A/B/C/D."
1983,"Arts, entertainment, recreation, accommodation, and food services",13,service_detail,missing,missing,missing,Table 6.8B,,,Service detail is not available before Table 6.8D; kept missing by design.,"BEA NIPA archive, 2024 Q1 Third estimate, released June 28, 2024; Section 6 Table 6.8A/B/C/D."
1983,"Other services, except government",14,service_detail,missing,missing,missing,Table 6.8B,,,Service detail is not available before Table 6.8D; kept missing by design.,"BEA NIPA archive, 2024 Q1 Third estimate, released June 28, 2024; Section 6 Table 6.8A/B/C/D."
1983,Services,15,services_total,21501.0,22.49905822276171,22.48258987389422,Table 6.8B,60,Services,Legacy aggregate services mapped to total services.,"BEA NIPA archive, 2024 Q1 Third estimate, released June 28, 2024; Section 6 Table 6.8A/B/C/D."
1983,Government,16,sector,16055.0,16.800259511950106,16.787962440136354,Table 6.8B,76,Government,Direct legacy SIC mapping.,"BEA NIPA archive, 2024 Q1 Third estimate, released June 28, 2024; Section 6 Table 6.8A/B/C/D."
1983,Rest of the world,17,sector,-70.0,-0.0732493407559332,missing,Table 6.8B,87,Rest of the world,Direct mapping.,"BEA NIPA archive, 2024 Q1 Third estimate, released June 28, 2024; Section 6 Table 6.8A/B/C/D."
1984,"Agriculture, forestry, fishing, and hunting",1,sector,3074.0,3.0728016073731244,3.070560971711683,Table 6.8B,4,"Agriculture, forestry, and fishing",Legacy SIC agriculture/forestry/fishing mapped to Table 6D agriculture/forestry/fishing/hunting.,"BEA NIPA archive, 2024 Q1 Third estimate, released June 28, 2024; Section 6 Table 6.8A/B/C/D."
1984,Mining,2,sector,983.0,0.9826167794560121,0.9819002716957008,Table 6.8B,7,Mining,Direct legacy SIC mapping.,"BEA NIPA archive, 2024 Q1 Third estimate, released June 28, 2024; Section 6 Table 6.8A/B/C/D."
1984,Utilities,3,sector,884.0,0.8836553744039825,0.883011027649033,Table 6.8B,49,"Electric, gas, and sanitary services","Legacy electric, gas, and sanitary services mapped to Table 6D utilities.","BEA NIPA archive, 2024 Q1 Third estimate, released June 28, 2024; Section 6 Table 6.8A/B/C/D."
1984,Construction,4,sector,5505.0,5.502853886984076,5.498841297746524,Table 6.8B,12,Construction,Direct legacy SIC mapping.,"BEA NIPA archive, 2024 Q1 Third estimate, released June 28, 2024; Section 6 Table 6.8A/B/C/D."
1984,Manufacturing,5,sector,19252.0,19.244494647087635,19.230461882691387,Table 6.8B,13,Manufacturing,Direct legacy SIC mapping.,"BEA NIPA archive, 2024 Q1 Third estimate, released June 28, 2024; Section 6 Table 6.8A/B/C/D."
1984,Wholesale trade,6,sector,5673.0,5.670788392526915,5.66665334824996,Table 6.8B,50,Wholesale trade,Direct legacy SIC mapping.,"BEA NIPA archive, 2024 Q1 Third estimate, released June 28, 2024; Section 6 Table 6.8A/B/C/D."
1984,Retail trade,7,sector,15234.0,15.228061056188087,15.216957008150871,Table 6.8B,51,Retail trade,Direct legacy SIC mapping.,"BEA NIPA archive, 2024 Q1 Third estimate, released June 28, 2024; Section 6 Table 6.8A/B/C/D."
1984,Transportation and warehousing,8,sector,3097.0,3.095792640870061,3.093535240530606,Table 6.8B,37 - 46 - 49,Transportation and public utilities less communications and electric/gas/sanitary services,Legacy transportation/public utilities adjusted by subtracting communications and electric/gas/sanitary services.,"BEA NIPA archive, 2024 Q1 Third estimate, released June 28, 2024; Section 6 Table 6.8A/B/C/D."
1984,Information,9,sector,1264.0,1.26350723217945,1.2625859037877578,Table 6.8B,46,Communication,Legacy communications mapped to Table 6D information.,"BEA NIPA archive, 2024 Q1 Third estimate, released June 28, 2024; Section 6 Table 6.8A/B/C/D."
1984,"Finance, insurance, real estate, rental, and leasing",10,sector,6105.0,6.102619978208499,6.09817004954451,Table 6.8B,52,"Finance, insurance, and real estate",Legacy finance/insurance/real estate mapped to Table 6D finance/insurance/real estate/rental/leasing.,"BEA NIPA archive, 2024 Q1 Third estimate, released June 28, 2024; Section 6 Table 6.8A/B/C/D."
1984,Professional and business services,11,service_detail,missing,missing,missing,Table 6.8B,,,Service detail is not available before Table 6.8D; kept missing by design.,"BEA NIPA archive, 2024 Q1 Third estimate, released June 28, 2024; Section 6 Table 6.8A/B/C/D."
1984,"Educational services, health care, and social assistance",12,service_detail,missing,missing,missing,Table 6.8B,,,Service detail is not available before Table 6.8D; kept missing by design.,"BEA NIPA archive, 2024 Q1 Third estimate, released June 28, 2024; Section 6 Table 6.8A/B/C/D."
1984,"Arts, entertainment, recreation, accommodation, and food services",13,service_detail,missing,missing,missing,Table 6.8B,,,Service detail is not available before Table 6.8D; kept missing by design.,"BEA NIPA archive, 2024 Q1 Third estimate, released June 28, 2024; Section 6 Table 6.8A/B/C/D."
1984,"Other services, except government",14,service_detail,missing,missing,missing,Table 6.8B,,,Service detail is not available before Table 6.8D; kept missing by design.,"BEA NIPA archive, 2024 Q1 Third estimate, released June 28, 2024; Section 6 Table 6.8A/B/C/D."
1984,Services,15,services_total,22778.0,22.769120043183158,22.75251718075755,Table 6.8B,60,Services,Legacy aggregate services mapped to total services.,"BEA NIPA archive, 2024 Q1 Third estimate, released June 28, 2024; Section 6 Table 6.8A/B/C/D."
1984,Government,16,sector,16264.0,16.257659512790013,16.245804698737413,Table 6.8B,76,Government,Direct legacy SIC mapping.,"BEA NIPA archive, 2024 Q1 Third estimate, released June 28, 2024; Section 6 Table 6.8A/B/C/D."
1984,Rest of the world,17,sector,-73.0,-0.0729715410989714,missing,Table 6.8B,87,Rest of the world,Direct mapping.,"BEA NIPA archive, 2024 Q1 Third estimate, released June 28, 2024; Section 6 Table 6.8A/B/C/D."
1985,"Agriculture, forestry, fishing, and hunting",1,sector,2889.0,2.823826093756109,2.8218402031646805,Table 6.8B,4,"Agriculture, forestry, and fishing",Legacy SIC agriculture/forestry/fishing mapped to Table 6D agriculture/forestry/fishing/hunting.,"BEA NIPA archive, 2024 Q1 Third estimate, released June 28, 2024; Section 6 Table 6.8A/B/C/D."
1985,Mining,2,sector,934.0,0.9129295851741799,0.9122875561633131,Table 6.8B,7,Mining,Direct legacy SIC mapping.,"BEA NIPA archive, 2024 Q1 Third estimate, released June 28, 2024; Section 6 Table 6.8A/B/C/D."
1985,Utilities,3,sector,897.0,0.8767642804081792,0.876147685094745,Table 6.8B,49,"Electric, gas, and sanitary services","Legacy electric, gas, and sanitary services mapped to Table 6D utilities.","BEA NIPA archive, 2024 Q1 Third estimate, released June 28, 2024; Section 6 Table 6.8A/B/C/D."
1985,Construction,4,sector,5826.0,5.694569339641084,5.690564563391288,Table 6.8B,12,Construction,Direct legacy SIC mapping.,"BEA NIPA archive, 2024 Q1 Third estimate, released June 28, 2024; Section 6 Table 6.8A/B/C/D."
1985,Manufacturing,5,sector,19105.0,18.67400398795793,18.660871263918732,Table 6.8B,13,Manufacturing,Direct legacy SIC mapping.,"BEA NIPA archive, 2024 Q1 Third estimate, released June 28, 2024; Section 6 Table 6.8A/B/C/D."
1985,Wholesale trade,6,sector,5780.0,5.649607068850921,5.645633912873608,Table 6.8B,50,Wholesale trade,Direct legacy SIC mapping.,"BEA NIPA archive, 2024 Q1 Third estimate, released June 28, 2024; Section 6 Table 6.8A/B/C/D."
1985,Retail trade,7,sector,15825.0,15.467998592485436,15.45712053135378,Table 6.8B,51,Retail trade,Direct legacy SIC mapping.,"BEA NIPA archive, 2024 Q1 Third estimate, released June 28, 2024; Section 6 Table 6.8A/B/C/D."
1985,Transportation and warehousing,8,sector,3167.0,3.09555459983579,3.093377612815003,Table 6.8B,37 - 46 - 49,Transportation and public utilities less communications and electric/gas/sanitary services,Legacy transportation/public utilities adjusted by subtracting communications and electric/gas/sanitary services.,"BEA NIPA archive, 2024 Q1 Third estimate, released June 28, 2024; Section 6 Table 6.8A/B/C/D."
1985,Information,9,sector,1233.0,1.2051843453102398,1.2043367845282282,Table 6.8B,46,Communication,Legacy communications mapped to Table 6D information.,"BEA NIPA archive, 2024 Q1 Third estimate, released June 28, 2024; Section 6 Table 6.8A/B/C/D."
1985,"Finance, insurance, real estate, rental, and leasing",10,sector,6328.0,6.185244555655472,6.180894705997265,Table 6.8B,52,"Finance, insurance, and real estate",Legacy finance/insurance/real estate mapped to Table 6D finance/insurance/real estate/rental/leasing.,"BEA NIPA archive, 2024 Q1 Third estimate, released June 28, 2024; Section 6 Table 6.8A/B/C/D."
1985,Professional and business services,11,service_detail,missing,missing,missing,Table 6.8B,,,Service detail is not available before Table 6.8D; kept missing by design.,"BEA NIPA archive, 2024 Q1 Third estimate, released June 28, 2024; Section 6 Table 6.8A/B/C/D."
1985,"Educational services, health care, and social assistance",12,service_detail,missing,missing,missing,Table 6.8B,,,Service detail is not available before Table 6.8D; kept missing by design.,"BEA NIPA archive, 2024 Q1 Third estimate, released June 28, 2024; Section 6 Table 6.8A/B/C/D."
1985,"Arts, entertainment, recreation, accommodation, and food services",13,service_detail,missing,missing,missing,Table 6.8B,,,Service detail is not available before Table 6.8D; kept missing by design.,"BEA NIPA archive, 2024 Q1 Third estimate, released June 28, 2024; Section 6 Table 6.8A/B/C/D."
1985,"Other services, except government",14,service_detail,missing,missing,missing,Table 6.8B,,,Service detail is not available before Table 6.8D; kept missing by design.,"BEA NIPA archive, 2024 Q1 Third estimate, released June 28, 2024; Section 6 Table 6.8A/B/C/D."
1985,Services,15,services_total,23776.0,23.23962935449818,23.223285798007424,Table 6.8B,60,Services,Legacy aggregate services mapped to total services.,"BEA NIPA archive, 2024 Q1 Third estimate, released June 28, 2024; Section 6 Table 6.8A/B/C/D."
1985,Government,16,sector,16617.0,16.24213160261172,16.230709122875563,Table 6.8B,76,Government,Direct legacy SIC mapping.,"BEA NIPA archive, 2024 Q1 Third estimate, released June 28, 2024; Section 6 Table 6.8A/B/C/D."
1985,Rest of the world,17,sector,-72.0,-0.07037572819329867,missing,Table 6.8B,87,Rest of the world,Direct mapping.,"BEA NIPA archive, 2024 Q1 Third estimate, released June 28, 2024; Section 6 Table 6.8A/B/C/D."
1986,"Agriculture, forestry, fishing, and hunting",1,sector,2869.0,2.758017380604476,2.7562421342863455,Table 6.8B,4,"Agriculture, forestry, and fishing",Legacy SIC agriculture/forestry/fishing mapped to Table 6D agriculture/forestry/fishing/hunting.,"BEA NIPA archive, 2024 Q1 Third estimate, released June 28, 2024; Section 6 Table 6.8A/B/C/D."
1986,Mining,2,sector,791.0,0.7604014458201953,0.7599120000768558,Table 6.8B,7,Mining,Direct legacy SIC mapping.,"BEA NIPA archive, 2024 Q1 Third estimate, released June 28, 2024; Section 6 Table 6.8A/B/C/D."
1986,Utilities,3,sector,903.0,0.8680689071752673,0.8675101593797735,Table 6.8B,49,"Electric, gas, and sanitary services","Legacy electric, gas, and sanitary services mapped to Table 6D utilities.","BEA NIPA archive, 2024 Q1 Third estimate, released June 28, 2024; Section 6 Table 6.8A/B/C/D."
1986,Construction,4,sector,6037.0,5.803468430362224,5.799732925997445,Table 6.8B,12,Construction,Direct legacy SIC mapping.,"BEA NIPA archive, 2024 Q1 Third estimate, released June 28, 2024; Section 6 Table 6.8A/B/C/D."
1986,Manufacturing,5,sector,18847.0,18.117934322848573,18.10627239626865,Table 6.8B,13,Manufacturing,Direct legacy SIC mapping.,"BEA NIPA archive, 2024 Q1 Third estimate, released June 28, 2024; Section 6 Table 6.8A/B/C/D."
1986,Wholesale trade,6,sector,5809.0,5.584288241175114,5.580693815987933,Table 6.8B,50,Wholesale trade,Direct legacy SIC mapping.,"BEA NIPA archive, 2024 Q1 Third estimate, released June 28, 2024; Section 6 Table 6.8A/B/C/D."
1986,Retail trade,7,sector,16246.0,15.617549796200876,15.607497286028572,Table 6.8B,51,Retail trade,Direct legacy SIC mapping.,"BEA NIPA archive, 2024 Q1 Third estimate, released June 28, 2024; Section 6 Table 6.8A/B/C/D."
1986,Transportation and warehousing,8,sector,3212.0,3.0877489810043834,3.085761497151531,Table 6.8B,37 - 46 - 49,Transportation and public utilities less communications and electric/gas/sanitary services,Legacy transportation/public utilities adjusted by subtracting communications and electric/gas/sanitary services.,"BEA NIPA archive, 2024 Q1 Third estimate, released June 28, 2024; Section 6 Table 6.8A/B/C/D."
1986,Information,9,sector,1214.0,1.16703837575944,1.1662871910155537,Table 6.8B,46,Communication,Legacy communications mapped to Table 6D information.,"BEA NIPA archive, 2024 Q1 Third estimate, released June 28, 2024; Section 6 Table 6.8A/B/C/D."
1986,"Finance, insurance, real estate, rental, and leasing",10,sector,6608.0,6.352380219949242,6.34829139887214,Table 6.8B,52,"Finance, insurance, and real estate",Legacy finance/insurance/real estate mapped to Table 6D finance/insurance/real estate/rental/leasing.,"BEA NIPA archive, 2024 Q1 Third estimate, released June 28, 2024; Section 6 Table 6.8A/B/C/D."
1986,Professional and business services,11,service_detail,missing,missing,missing,Table 6.8B,,,Service detail is not available before Table 6.8D; kept missing by design.,"BEA NIPA archive, 2024 Q1 Third estimate, released June 28, 2024; Section 6 Table 6.8A/B/C/D."
1986,"Educational services, health care, and social assistance",12,service_detail,missing,missing,missing,Table 6.8B,,,Service detail is not available before Table 6.8D; kept missing by design.,"BEA NIPA archive, 2024 Q1 Third estimate, released June 28, 2024; Section 6 Table 6.8A/B/C/D."
1986,"Arts, entertainment, recreation, accommodation, and food services",13,service_detail,missing,missing,missing,Table 6.8B,,,Service detail is not available before Table 6.8D; kept missing by design.,"BEA NIPA archive, 2024 Q1 Third estimate, released June 28, 2024; Section 6 Table 6.8A/B/C/D."
1986,"Other services, except government",14,service_detail,missing,missing,missing,Table 6.8B,,,Service detail is not available before Table 6.8D; kept missing by design.,"BEA NIPA archive, 2024 Q1 Third estimate, released June 28, 2024; Section 6 Table 6.8A/B/C/D."
1986,Services,15,services_total,24599.0,23.64742751672691,23.632206434754206,Table 6.8B,60,Services,Legacy aggregate services mapped to total services.,"BEA NIPA archive, 2024 Q1 Third estimate, released June 28, 2024; Section 6 Table 6.8A/B/C/D."
1986,Government,16,sector,16955.0,16.29912327924325,16.288632062330077,Table 6.8B,76,Government,Direct legacy SIC mapping.,"BEA NIPA archive, 2024 Q1 Third estimate, released June 28, 2024; Section 6 Table 6.8A/B/C/D."
1986,Rest of the world,17,sector,-67.0,-0.0644082134891948,missing,Table 6.8B,87,Rest of the world,Direct mapping.,"BEA NIPA archive, 2024 Q1 Third estimate, released June 28, 2024; Section 6 Table 6.8A/B/C/D."
1987,"Agriculture, forestry, fishing, and hunting",1,sector,2932.0,2.741032280983855,2.7393420720712305,Table 6.8B,4,"Agriculture, forestry, and fishing",Legacy SIC agriculture/forestry/fishing mapped to Table 6D agriculture/forestry/fishing/hunting.,"BEA NIPA archive, 2024 Q1 Third estimate, released June 28, 2024; Section 6 Table 6.8A/B/C/D."
1987,Mining,2,sector,734.0,0.6861929380089187,0.6857698093111471,Table 6.8B,7,Mining,Direct legacy SIC mapping.,"BEA NIPA archive, 2024 Q1 Third estimate, released June 28, 2024; Section 6 Table 6.8A/B/C/D."
1987,Utilities,3,sector,908.0,0.8488599287630765,0.8483364943522091,Table 6.8B,49,"Electric, gas, and sanitary services","Legacy electric, gas, and sanitary services mapped to Table 6D utilities.","BEA NIPA archive, 2024 Q1 Third estimate, released June 28, 2024; Section 6 Table 6.8A/B/C/D."
1987,Construction,4,sector,6141.0,5.741022932306225,5.737482832397485,Table 6.8B,12,Construction,Direct legacy SIC mapping.,"BEA NIPA archive, 2024 Q1 Third estimate, released June 28, 2024; Section 6 Table 6.8A/B/C/D."
1987,Manufacturing,5,sector,18939.0,17.70546056260342,17.694542804555603,Table 6.8B,13,Manufacturing,Direct legacy SIC mapping.,"BEA NIPA archive, 2024 Q1 Third estimate, released June 28, 2024; Section 6 Table 6.8A/B/C/D."
1987,Wholesale trade,6,sector,5964.0,5.575551338263202,5.572113273476404,Table 6.8B,50,Wholesale trade,Direct legacy SIC mapping.,"BEA NIPA archive, 2024 Q1 Third estimate, released June 28, 2024; Section 6 Table 6.8A/B/C/D."
1987,Retail trade,7,sector,16803.0,15.70858302093169,15.698896601982566,Table 6.8B,51,Retail trade,Direct legacy SIC mapping.,"BEA NIPA archive, 2024 Q1 Third estimate, released June 28, 2024; Section 6 Table 6.8A/B/C/D."
1987,Transportation and warehousing,8,sector,3347.0,3.129002402610151,3.127072958807097,Table 6.8B,37 - 46 - 49,Transportation and public utilities less communications and electric/gas/sanitary services,Legacy transportation/public utilities adjusted by subtracting communications and electric/gas/sanitary services.,"BEA NIPA archive, 2024 Q1 Third estimate, released June 28, 2024; Section 6 Table 6.8A/B/C/D."
1987,Information,9,sector,1200.0,1.121841315545916,1.121149552007325,Table 6.8B,46,Communication,Legacy communications mapped to Table 6D information.,"BEA NIPA archive, 2024 Q1 Third estimate, released June 28, 2024; Section 6 Table 6.8A/B/C/D."
1987,"Finance, insurance, real estate, rental, and leasing",10,sector,6904.0,6.454327035440837,6.450347089215476,Table 6.8B,52,"Finance, insurance, and real estate",Legacy finance/insurance/real estate mapped to Table 6D finance/insurance/real estate/rental/leasing.,"BEA NIPA archive, 2024 Q1 Third estimate, released June 28, 2024; Section 6 Table 6.8A/B/C/D."
1987,Professional and business services,11,service_detail,missing,missing,missing,Table 6.8B,,,Service detail is not available before Table 6.8D; kept missing by design.,"BEA NIPA archive, 2024 Q1 Third estimate, released June 28, 2024; Section 6 Table 6.8A/B/C/D."
1987,"Educational services, health care, and social assistance",12,service_detail,missing,missing,missing,Table 6.8B,,,Service detail is not available before Table 6.8D; kept missing by design.,"BEA NIPA archive, 2024 Q1 Third estimate, released June 28, 2024; Section 6 Table 6.8A/B/C/D."
1987,"Arts, entertainment, recreation, accommodation, and food services",13,service_detail,missing,missing,missing,Table 6.8B,,,Service detail is not available before Table 6.8D; kept missing by design.,"BEA NIPA archive, 2024 Q1 Third estimate, released June 28, 2024; Section 6 Table 6.8A/B/C/D."
1987,"Other services, except government",14,service_detail,missing,missing,missing,Table 6.8B,,,Service detail is not available before Table 6.8D; kept missing by design.,"BEA NIPA archive, 2024 Q1 Third estimate, released June 28, 2024; Section 6 Table 6.8A/B/C/D."
1987,Services,15,services_total,25925.0,24.23644675460656,24.221501779824912,Table 6.8B,60,Services,Legacy aggregate services mapped to total services.,"BEA NIPA archive, 2024 Q1 Third estimate, released June 28, 2024; Section 6 Table 6.8A/B/C/D."
1987,Government,16,sector,17237.0,16.11431563005413,16.10437902329188,Table 6.8B,76,Government,Direct legacy SIC mapping.,"BEA NIPA archive, 2024 Q1 Third estimate, released June 28, 2024; Section 6 Table 6.8A/B/C/D."
1987,Rest of the world,17,sector,-66.0,-0.06170127235502538,missing,Table 6.8B,87,Rest of the world,Direct mapping.,"BEA NIPA archive, 2024 Q1 Third estimate, released June 28, 2024; Section 6 Table 6.8A/B/C/D."
1988,"Agriculture, forestry, fishing, and hunting",1,sector,2988.0,2.714093667114777,2.712245953870034,Table 6.8C,4,"Agriculture, forestry, and fishing",Legacy SIC agriculture/forestry/fishing mapped to Table 6D agriculture/forestry/fishing/hunting.,"BEA NIPA archive, 2024 Q1 Third estimate, released June 28, 2024; Section 6 Table 6.8A/B/C/D."
1988,Mining,2,sector,745.0,0.6767067543509065,0.676246062795574,Table 6.8C,7,Mining,Direct legacy SIC mapping.,"BEA NIPA archive, 2024 Q1 Third estimate, released June 28, 2024; Section 6 Table 6.8A/B/C/D."
1988,Utilities,3,sector,920.0,0.8356647167823275,0.8350958090898364,Table 6.8C,49,"Electric, gas, and sanitary services","Legacy electric, gas, and sanitary services mapped to Table 6D utilities.","BEA NIPA archive, 2024 Q1 Third estimate, released June 28, 2024; Section 6 Table 6.8A/B/C/D."
1988,Construction,4,sector,6357.0,5.774261526723104,5.770330498243576,Table 6.8C,12,Construction,Direct legacy SIC mapping.,"BEA NIPA archive, 2024 Q1 Third estimate, released June 28, 2024; Section 6 Table 6.8A/B/C/D."
1988,Manufacturing,5,sector,19310.0,17.53987574028994,17.52793486252689,Table 6.8C,13,Manufacturing,Direct legacy SIC mapping.,"BEA NIPA archive, 2024 Q1 Third estimate, released June 28, 2024; Section 6 Table 6.8A/B/C/D."
1988,Wholesale trade,6,sector,6136.0,5.573520328452567,5.569725961494822,Table 6.8C,50,Wholesale trade,Direct legacy SIC mapping.,"BEA NIPA archive, 2024 Q1 Third estimate, released June 28, 2024; Section 6 Table 6.8A/B/C/D."
1988,Retail trade,7,sector,17221.0,15.64237183446572,15.631722748191383,Table 6.8C,51,Retail trade,Direct legacy SIC mapping.,"BEA NIPA archive, 2024 Q1 Third estimate, released June 28, 2024; Section 6 Table 6.8A/B/C/D."
1988,Transportation and warehousing,8,sector,3483.0,3.1637176179922246,3.1615638076738044,Table 6.8C,37 - 46 - 49,Transportation and public utilities less communications and electric/gas/sanitary services,Legacy transportation/public utilities adjusted by subtracting communications and electric/gas/sanitary services.,"BEA NIPA archive, 2024 Q1 Third estimate, released June 28, 2024; Section 6 Table 6.8A/B/C/D."
1988,Information,9,sector,1199.0,1.0890891254587072,1.088347690324689,Table 6.8C,46,Communications,Legacy communications mapped to Table 6D information.,"BEA NIPA archive, 2024 Q1 Third estimate, released June 28, 2024; Section 6 Table 6.8A/B/C/D."
1988,"Finance, insurance, real estate, rental, and leasing",10,sector,7014.0,6.371035134251353,6.366697831474035,Table 6.8C,52,"Finance, insurance, and real estate",Legacy finance/insurance/real estate mapped to Table 6D finance/insurance/real estate/rental/leasing.,"BEA NIPA archive, 2024 Q1 Third estimate, released June 28, 2024; Section 6 Table 6.8A/B/C/D."
1988,Professional and business services,11,service_detail,missing,missing,missing,Table 6.8C,,,Service detail is not available before Table 6.8D; kept missing by design.,"BEA NIPA archive, 2024 Q1 Third estimate, released June 28, 2024; Section 6 Table 6.8A/B/C/D."
1988,"Educational services, health care, and social assistance",12,service_detail,missing,missing,missing,Table 6.8C,,,Service detail is not available before Table 6.8D; kept missing by design.,"BEA NIPA archive, 2024 Q1 Third estimate, released June 28, 2024; Section 6 Table 6.8A/B/C/D."
1988,"Arts, entertainment, recreation, accommodation, and food services",13,service_detail,missing,missing,missing,Table 6.8C,,,Service detail is not available before Table 6.8D; kept missing by design.,"BEA NIPA archive, 2024 Q1 Third estimate, released June 28, 2024; Section 6 Table 6.8A/B/C/D."
1988,"Other services, except government",14,service_detail,missing,missing,missing,Table 6.8C,,,Service detail is not available before Table 6.8D; kept missing by design.,"BEA NIPA archive, 2024 Q1 Third estimate, released June 28, 2024; Section 6 Table 6.8A/B/C/D."
1988,Services,15,services_total,27151.0,24.662100788431495,24.645311209345813,Table 6.8C,60,Services,Legacy aggregate services mapped to total services.,"BEA NIPA archive, 2024 Q1 Third estimate, released June 28, 2024; Section 6 Table 6.8A/B/C/D."
1988,Government,16,sector,17642.0,16.024779275515023,16.013869852133578,Table 6.8C,76,Government,Direct legacy SIC mapping.,"BEA NIPA archive, 2024 Q1 Third estimate, released June 28, 2024; Section 6 Table 6.8A/B/C/D."
1988,Rest of the world,17,sector,-75.0,-0.06812484104203757,missing,Table 6.8C,87,Rest of the world\6\,Direct mapping.,"BEA NIPA archive, 2024 Q1 Third estimate, released June 28, 2024; Section 6 Table 6.8A/B/C/D."
1989,"Agriculture, forestry, fishing, and hunting",1,sector,2940.0,2.605805450919566,2.6038898926559675,Table 6.8C,4,"Agriculture, forestry, and fishing",Legacy SIC agriculture/forestry/fishing mapped to Table 6D agriculture/forestry/fishing/hunting.,"BEA NIPA archive, 2024 Q1 Third estimate, released June 28, 2024; Section 6 Table 6.8A/B/C/D."
1989,Mining,2,sector,715.0,0.6337247950365611,0.6332589364792575,Table 6.8C,7,Mining,Direct legacy SIC mapping.,"BEA NIPA archive, 2024 Q1 Third estimate, released June 28, 2024; Section 6 Table 6.8A/B/C/D."
1989,Utilities,3,sector,922.0,0.8171947706625304,0.8165940411662592,Table 6.8C,49,"Electric, gas, and sanitary services","Legacy electric, gas, and sanitary services mapped to Table 6D utilities.","BEA NIPA archive, 2024 Q1 Third estimate, released June 28, 2024; Section 6 Table 6.8A/B/C/D."
1989,Construction,4,sector,6419.0,5.6893419011743855,5.685159598965529,Table 6.8C,12,Construction,Direct legacy SIC mapping.,"BEA NIPA archive, 2024 Q1 Third estimate, released June 28, 2024; Section 6 Table 6.8A/B/C/D."
1989,Manufacturing,5,sector,19364.0,17.16286284068247,17.150246218159918,Table 6.8C,13,Manufacturing,Direct legacy SIC mapping.,"BEA NIPA archive, 2024 Q1 Third estimate, released June 28, 2024; Section 6 Table 6.8A/B/C/D."
1989,Wholesale trade,6,sector,6375.0,5.650343452249058,5.6461898182591135,Table 6.8C,50,Wholesale trade,Direct legacy SIC mapping.,"BEA NIPA archive, 2024 Q1 Third estimate, released June 28, 2024; Section 6 Table 6.8A/B/C/D."
1989,Retail trade,7,sector,17757.0,15.738533126523377,15.726963545541503,Table 6.8C,51,Retail trade,Direct legacy SIC mapping.,"BEA NIPA archive, 2024 Q1 Third estimate, released June 28, 2024; Section 6 Table 6.8A/B/C/D."
1989,Transportation and warehousing,8,sector,3565.0,3.1597606913361402,3.15743791405392,Table 6.8C,37 - 46 - 49,Transportation and public utilities less communications and electric/gas/sanitary services,Legacy transportation/public utilities adjusted by subtracting communications and electric/gas/sanitary services.,"BEA NIPA archive, 2024 Q1 Third estimate, released June 28, 2024; Section 6 Table 6.8A/B/C/D."
1989,Information,9,sector,1181.0,1.0467538222911588,1.0459843412335708,Table 6.8C,46,Communications,Legacy communications mapped to Table 6D information.,"BEA NIPA archive, 2024 Q1 Third estimate, released June 28, 2024; Section 6 Table 6.8A/B/C/D."
1989,"Finance, insurance, real estate, rental, and leasing",10,sector,7047.0,6.245956126744959,6.241364650866192,Table 6.8C,52,"Finance, insurance, and real estate",Legacy finance/insurance/real estate mapped to Table 6D finance/insurance/real estate/rental/leasing.,"BEA NIPA archive, 2024 Q1 Third estimate, released June 28, 2024; Section 6 Table 6.8A/B/C/D."
1989,Professional and business services,11,service_detail,missing,missing,missing,Table 6.8C,,,Service detail is not available before Table 6.8D; kept missing by design.,"BEA NIPA archive, 2024 Q1 Third estimate, released June 28, 2024; Section 6 Table 6.8A/B/C/D."
1989,"Educational services, health care, and social assistance",12,service_detail,missing,missing,missing,Table 6.8C,,,Service detail is not available before Table 6.8D; kept missing by design.,"BEA NIPA archive, 2024 Q1 Third estimate, released June 28, 2024; Section 6 Table 6.8A/B/C/D."
1989,"Arts, entertainment, recreation, accommodation, and food services",13,service_detail,missing,missing,missing,Table 6.8C,,,Service detail is not available before Table 6.8D; kept missing by design.,"BEA NIPA archive, 2024 Q1 Third estimate, released June 28, 2024; Section 6 Table 6.8A/B/C/D."
1989,"Other services, except government",14,service_detail,missing,missing,missing,Table 6.8C,,,Service detail is not available before Table 6.8D; kept missing by design.,"BEA NIPA archive, 2024 Q1 Third estimate, released June 28, 2024; Section 6 Table 6.8A/B/C/D."
1989,Services,15,services_total,28577.0,25.328606248615113,25.309986891982852,Table 6.8C,60,Services,Legacy aggregate services mapped to total services.,"BEA NIPA archive, 2024 Q1 Third estimate, released June 28, 2024; Section 6 Table 6.8A/B/C/D."
1989,Government,16,sector,18045.0,15.993795701307334,15.98203847380168,Table 6.8C,76,Government,Direct legacy SIC mapping.,"BEA NIPA archive, 2024 Q1 Third estimate, released June 28, 2024; Section 6 Table 6.8A/B/C/D."
1989,Rest of the world,17,sector,-83.0,-0.07356525592732108,missing,Table 6.8C,87,Rest of the world\6\,Direct mapping.,"BEA NIPA archive, 2024 Q1 Third estimate, released June 28, 2024; Section 6 Table 6.8A/B/C/D."
1990,"Agriculture, forestry, fishing, and hunting",1,sector,2931.0,2.5705114712692065,2.5686642244930153,Table 6.8C,4,"Agriculture, forestry, and fishing",Legacy SIC agriculture/forestry/fishing mapped to Table 6D agriculture/forestry/fishing/hunting.,"BEA NIPA archive, 2024 Q1 Third estimate, released June 28, 2024; Section 6 Table 6.8A/B/C/D."
1990,Mining,2,sector,730.0,0.6402160948572231,0.6397560163356879,Table 6.8C,7,Mining,Direct legacy SIC mapping.,"BEA NIPA archive, 2024 Q1 Third estimate, released June 28, 2024; Section 6 Table 6.8A/B/C/D."
1990,Utilities,3,sector,944.0,0.8278958815687926,0.827300930713547,Table 6.8C,49,"Electric, gas, and sanitary services","Legacy electric, gas, and sanitary services mapped to Table 6D utilities.","BEA NIPA archive, 2024 Q1 Third estimate, released June 28, 2024; Section 6 Table 6.8A/B/C/D."
1990,Construction,4,sector,6406.0,5.618115484459412,5.614078137871803,Table 6.8C,12,Construction,Direct legacy SIC mapping.,"BEA NIPA archive, 2024 Q1 Third estimate, released June 28, 2024; Section 6 Table 6.8A/B/C/D."
1990,Manufacturing,5,sector,19081.0,16.734196309548867,16.722170613289396,Table 6.8C,13,Manufacturing,Direct legacy SIC mapping.,"BEA NIPA archive, 2024 Q1 Third estimate, released June 28, 2024; Section 6 Table 6.8A/B/C/D."
1990,Wholesale trade,6,sector,6306.0,5.530414649547463,5.52644032741486,Table 6.8C,50,Wholesale trade,Direct legacy SIC mapping.,"BEA NIPA archive, 2024 Q1 Third estimate, released June 28, 2024; Section 6 Table 6.8A/B/C/D."
1990,Retail trade,7,sector,17851.0,15.655476040131902,15.644225544668991,Table 6.8C,51,Retail trade,Direct legacy SIC mapping.,"BEA NIPA archive, 2024 Q1 Third estimate, released June 28, 2024; Section 6 Table 6.8A/B/C/D."
1990,Transportation and warehousing,8,sector,3575.0,3.135304848102154,3.133051723835732,Table 6.8C,37 - 46 - 49,Transportation and public utilities less communications and electric/gas/sanitary services,Legacy transportation/public utilities adjusted by subtracting communications and electric/gas/sanitary services.,"BEA NIPA archive, 2024 Q1 Third estimate, released June 28, 2024; Section 6 Table 6.8A/B/C/D."
1990,Information,9,sector,1228.0,1.0769662527187258,1.0761923124112667,Table 6.8C,46,Communications,Legacy communications mapped to Table 6D information.,"BEA NIPA archive, 2024 Q1 Third estimate, released June 28, 2024; Section 6 Table 6.8A/B/C/D."
1990,"Finance, insurance, real estate, rental, and leasing",10,sector,7135.0,6.257454570967516,6.252957776102922,Table 6.8C,52,"Finance, insurance, and real estate",Legacy finance/insurance/real estate mapped to Table 6D finance/insurance/real estate/rental/leasing.,"BEA NIPA archive, 2024 Q1 Third estimate, released June 28, 2024; Section 6 Table 6.8A/B/C/D."
1990,Professional and business services,11,service_detail,missing,missing,missing,Table 6.8C,,,Service detail is not available before Table 6.8D; kept missing by design.,"BEA NIPA archive, 2024 Q1 Third estimate, released June 28, 2024; Section 6 Table 6.8A/B/C/D."
1990,"Educational services, health care, and social assistance",12,service_detail,missing,missing,missing,Table 6.8C,,,Service detail is not available before Table 6.8D; kept missing by design.,"BEA NIPA archive, 2024 Q1 Third estimate, released June 28, 2024; Section 6 Table 6.8A/B/C/D."
1990,"Arts, entertainment, recreation, accommodation, and food services",13,service_detail,missing,missing,missing,Table 6.8C,,,Service detail is not available before Table 6.8D; kept missing by design.,"BEA NIPA archive, 2024 Q1 Third estimate, released June 28, 2024; Section 6 Table 6.8A/B/C/D."
1990,"Other services, except government",14,service_detail,missing,missing,missing,Table 6.8C,,,Service detail is not available before Table 6.8D; kept missing by design.,"BEA NIPA archive, 2024 Q1 Third estimate, released June 28, 2024; Section 6 Table 6.8A/B/C/D."
1990,Services,15,services_total,29549.0,25.91471970813162,25.896096611922246,Table 6.8C,60,Services,Legacy aggregate services mapped to total services.,"BEA NIPA archive, 2024 Q1 Third estimate, released June 28, 2024; Section 6 Table 6.8A/B/C/D."
1990,Government,16,sector,18372.0,16.112397390023155,16.100818537149667,Table 6.8C,76,Government,Direct legacy SIC mapping.,"BEA NIPA archive, 2024 Q1 Third estimate, released June 28, 2024; Section 6 Table 6.8A/B/C/D."
1990,Rest of the world,17,sector,-82.0,-0.07191468462779765,missing,Table 6.8C,87,Rest of the world\6\,Direct mapping.,"BEA NIPA archive, 2024 Q1 Third estimate, released June 28, 2024; Section 6 Table 6.8A/B/C/D."
1991,"Agriculture, forestry, fishing, and hunting",1,sector,2964.0,2.6282187699510535,2.6263091672721472,Table 6.8C,4,"Agriculture, forestry, and fishing",Legacy SIC agriculture/forestry/fishing mapped to Table 6D agriculture/forestry/fishing/hunting.,"BEA NIPA archive, 2024 Q1 Third estimate, released June 28, 2024; Section 6 Table 6.8A/B/C/D."
1991,Mining,2,sector,708.0,0.6277931474781868,0.6273370075670311,Table 6.8C,7,Mining,Direct legacy SIC mapping.,"BEA NIPA archive, 2024 Q1 Third estimate, released June 28, 2024; Section 6 Table 6.8A/B/C/D."
1991,Utilities,3,sector,951.0,0.8432645243668866,0.8426518279608003,Table 6.8C,49,"Electric, gas, and sanitary services","Legacy electric, gas, and sanitary services mapped to Table 6D utilities.","BEA NIPA archive, 2024 Q1 Third estimate, released June 28, 2024; Section 6 Table 6.8A/B/C/D."
1991,Construction,4,sector,5958.0,5.283038944456267,5.279200411136118,Table 6.8C,12,Construction,Direct legacy SIC mapping.,"BEA NIPA archive, 2024 Q1 Third estimate, released June 28, 2024; Section 6 Table 6.8A/B/C/D."
1991,Manufacturing,5,sector,18400.0,16.315528126551747,16.30367364298499,Table 6.8C,13,Manufacturing,Direct legacy SIC mapping.,"BEA NIPA archive, 2024 Q1 Third estimate, released June 28, 2024; Section 6 Table 6.8A/B/C/D."
1991,Wholesale trade,6,sector,6163.0,5.464815208909697,5.460844601180244,Table 6.8C,50,Wholesale trade,Direct legacy SIC mapping.,"BEA NIPA archive, 2024 Q1 Third estimate, released June 28, 2024; Section 6 Table 6.8A/B/C/D."
1991,Retail trade,7,sector,17426.0,15.451869192026672,15.440642222970459,Table 6.8C,51,Retail trade,Direct legacy SIC mapping.,"BEA NIPA archive, 2024 Q1 Third estimate, released June 28, 2024; Section 6 Table 6.8A/B/C/D."
1991,Transportation and warehousing,8,sector,3568.0,3.163793714974817,3.161494975987524,Table 6.8C,37 - 46 - 49,Transportation and public utilities less communications and electric/gas/sanitary services,Legacy transportation/public utilities adjusted by subtracting communications and electric/gas/sanitary services.,"BEA NIPA archive, 2024 Q1 Third estimate, released June 28, 2024; Section 6 Table 6.8A/B/C/D."
1991,Information,9,sector,1206.0,1.0693764630772504,1.0685994789912987,Table 6.8C,46,Communications,Legacy communications mapped to Table 6D information.,"BEA NIPA archive, 2024 Q1 Third estimate, released June 28, 2024; Section 6 Table 6.8A/B/C/D."
1991,"Finance, insurance, real estate, rental, and leasing",10,sector,7062.0,6.261970632049372,6.257420829715217,Table 6.8C,52,"Finance, insurance, and real estate",Legacy finance/insurance/real estate mapped to Table 6D finance/insurance/real estate/rental/leasing.,"BEA NIPA archive, 2024 Q1 Third estimate, released June 28, 2024; Section 6 Table 6.8A/B/C/D."
1991,Professional and business services,11,service_detail,missing,missing,missing,Table 6.8C,,,Service detail is not available before Table 6.8D; kept missing by design.,"BEA NIPA archive, 2024 Q1 Third estimate, released June 28, 2024; Section 6 Table 6.8A/B/C/D."
1991,"Educational services, health care, and social assistance",12,service_detail,missing,missing,missing,Table 6.8C,,,Service detail is not available before Table 6.8D; kept missing by design.,"BEA NIPA archive, 2024 Q1 Third estimate, released June 28, 2024; Section 6 Table 6.8A/B/C/D."
1991,"Arts, entertainment, recreation, accommodation, and food services",13,service_detail,missing,missing,missing,Table 6.8C,,,Service detail is not available before Table 6.8D; kept missing by design.,"BEA NIPA archive, 2024 Q1 Third estimate, released June 28, 2024; Section 6 Table 6.8A/B/C/D."
1991,"Other services, except government",14,service_detail,missing,missing,missing,Table 6.8C,,,Service detail is not available before Table 6.8D; kept missing by design.,"BEA NIPA archive, 2024 Q1 Third estimate, released June 28, 2024; Section 6 Table 6.8A/B/C/D."
1991,Services,15,services_total,30028.0,26.626232531744343,26.60688652997572,Table 6.8C,60,Services,Legacy aggregate services mapped to total services.,"BEA NIPA archive, 2024 Q1 Third estimate, released June 28, 2024; Section 6 Table 6.8A/B/C/D."
1991,Government,16,sector,18422.0,16.3350358232248,16.323167165818994,Table 6.8C,76,Government,Direct legacy SIC mapping.,"BEA NIPA archive, 2024 Q1 Third estimate, released June 28, 2024; Section 6 Table 6.8A/B/C/D."
1991,Rest of the world,17,sector,-82.0,-0.07271050578137192,missing,Table 6.8C,87,Rest of the world\6\,Direct mapping.,"BEA NIPA archive, 2024 Q1 Third estimate, released June 28, 2024; Section 6 Table 6.8A/B/C/D."
1992,"Agriculture, forestry, fishing, and hunting",1,sector,2883.0,2.561437176821792,2.559663328361389,Table 6.8C,4,"Agriculture, forestry, and fishing",Legacy SIC agriculture/forestry/fishing mapped to Table 6D agriculture/forestry/fishing/hunting.,"BEA NIPA archive, 2024 Q1 Third estimate, released June 28, 2024; Section 6 Table 6.8A/B/C/D."
1992,Mining,2,sector,653.0,0.5801659647813494,0.5797641877974288,Table 6.8C,7,Mining,Direct legacy SIC mapping.,"BEA NIPA archive, 2024 Q1 Third estimate, released June 28, 2024; Section 6 Table 6.8A/B/C/D."
1992,Utilities,3,sector,949.0,0.8431508431508431,0.8425669436749769,Table 6.8C,49,"Electric, gas, and sanitary services","Legacy electric, gas, and sanitary services mapped to Table 6D utilities.","BEA NIPA archive, 2024 Q1 Third estimate, released June 28, 2024; Section 6 Table 6.8A/B/C/D."
1992,Construction,4,sector,5812.0,5.163743625282087,5.160167625541587,Table 6.8C,12,Construction,Direct legacy SIC mapping.,"BEA NIPA archive, 2024 Q1 Third estimate, released June 28, 2024; Section 6 Table 6.8A/B/C/D."
1992,Manufacturing,5,sector,18039.0,16.02697371928141,16.01587470701044,Table 6.8C,13,Manufacturing,Direct legacy SIC mapping.,"BEA NIPA archive, 2024 Q1 Third estimate, released June 28, 2024; Section 6 Table 6.8A/B/C/D."
1992,Wholesale trade,6,sector,6166.0,5.4782593244131705,5.474465516016762,Table 6.8C,50,Wholesale trade,Direct legacy SIC mapping.,"BEA NIPA archive, 2024 Q1 Third estimate, released June 28, 2024; Section 6 Table 6.8A/B/C/D."
1992,Retail trade,7,sector,17441.0,15.49567318798088,15.484942112365935,Table 6.8C,51,Retail trade,Direct legacy SIC mapping.,"BEA NIPA archive, 2024 Q1 Third estimate, released June 28, 2024; Section 6 Table 6.8A/B/C/D."
1992,Transportation and warehousing,8,sector,3574.0,3.1753647138262524,3.1731657077917466,Table 6.8C,37 - 46 - 49,Transportation and public utilities less communications and electric/gas/sanitary services,Legacy transportation/public utilities adjusted by subtracting communications and electric/gas/sanitary services.,"BEA NIPA archive, 2024 Q1 Third estimate, released June 28, 2024; Section 6 Table 6.8A/B/C/D."
1992,Information,9,sector,1176.0,1.0448318140625832,1.0441082463243128,Table 6.8C,46,Communications,Legacy communications mapped to Table 6D information.,"BEA NIPA archive, 2024 Q1 Third estimate, released June 28, 2024; Section 6 Table 6.8A/B/C/D."
1992,"Finance, insurance, real estate, rental, and leasing",10,sector,6990.0,6.210352364198518,6.20605156616237,Table 6.8C,52,"Finance, insurance, and real estate",Legacy finance/insurance/real estate mapped to Table 6D finance/insurance/real estate/rental/leasing.,"BEA NIPA archive, 2024 Q1 Third estimate, released June 28, 2024; Section 6 Table 6.8A/B/C/D."
1992,Professional and business services,11,service_detail,missing,missing,missing,Table 6.8C,,,Service detail is not available before Table 6.8D; kept missing by design.,"BEA NIPA archive, 2024 Q1 Third estimate, released June 28, 2024; Section 6 Table 6.8A/B/C/D."
1992,"Educational services, health care, and social assistance",12,service_detail,missing,missing,missing,Table 6.8C,,,Service detail is not available before Table 6.8D; kept missing by design.,"BEA NIPA archive, 2024 Q1 Third estimate, released June 28, 2024; Section 6 Table 6.8A/B/C/D."
1992,"Arts, entertainment, recreation, accommodation, and food services",13,service_detail,missing,missing,missing,Table 6.8C,,,Service detail is not available before Table 6.8D; kept missing by design.,"BEA NIPA archive, 2024 Q1 Third estimate, released June 28, 2024; Section 6 Table 6.8A/B/C/D."
1992,"Other services, except government",14,service_detail,missing,missing,missing,Table 6.8C,,,Service detail is not available before Table 6.8D; kept missing by design.,"BEA NIPA archive, 2024 Q1 Third estimate, released June 28, 2024; Section 6 Table 6.8A/B/C/D."
1992,Services,15,services_total,30609.0,27.194946425715656,27.176113360323885,Table 6.8C,60,Services,Legacy aggregate services mapped to total services.,"BEA NIPA archive, 2024 Q1 Third estimate, released June 28, 2024; Section 6 Table 6.8A/B/C/D."
1992,Government,16,sector,18338.0,16.292623984931677,16.281341004332695,Table 6.8C,76,Government,Direct legacy SIC mapping.,"BEA NIPA archive, 2024 Q1 Third estimate, released June 28, 2024; Section 6 Table 6.8A/B/C/D."
1992,Rest of the world,17,sector,-78.0,-0.0693000693000693,missing,Table 6.8C,87,Rest of the world\6\,Direct mapping.,"BEA NIPA archive, 2024 Q1 Third estimate, released June 28, 2024; Section 6 Table 6.8A/B/C/D."
1993,"Agriculture, forestry, fishing, and hunting",1,sector,2936.0,2.563498092219574,2.5553544074641414,Table 6.8C,4,"Agriculture, forestry, and fishing",Legacy SIC agriculture/forestry/fishing mapped to Table 6D agriculture/forestry/fishing/hunting.,"BEA NIPA archive, 2024 Q1 Third estimate, released June 28, 2024; Section 6 Table 6.8A/B/C/D."
1993,Mining,2,sector,621.0,0.5422112790423553,0.5404887898621362,Table 6.8C,7,Mining,Direct legacy SIC mapping.,"BEA NIPA archive, 2024 Q1 Third estimate, released June 28, 2024; Section 6 Table 6.8A/B/C/D."
1993,Utilities,3,sector,942.0,0.8224847421222202,0.8198718841386994,Table 6.8C,49,"Electric, gas, and sanitary services","Legacy electric, gas, and sanitary services mapped to Table 6D utilities.","BEA NIPA archive, 2024 Q1 Third estimate, released June 28, 2024; Section 6 Table 6.8A/B/C/D."
1993,Construction,4,sector,6068.0,5.298128890867974,5.281297869377524,Table 6.8C,12,Construction,Direct legacy SIC mapping.,"BEA NIPA archive, 2024 Q1 Third estimate, released June 28, 2024; Section 6 Table 6.8A/B/C/D."
1993,Manufacturing,5,sector,18078.0,15.784372789899678,15.734229215986632,Table 6.8C,13,Manufacturing,Direct legacy SIC mapping.,"BEA NIPA archive, 2024 Q1 Third estimate, released June 28, 2024; Section 6 Table 6.8A/B/C/D."
1993,Wholesale trade,6,sector,6105.0,5.330434554836682,5.3135009051664115,Table 6.8C,50,Wholesale trade,Direct legacy SIC mapping.,"BEA NIPA archive, 2024 Q1 Third estimate, released June 28, 2024; Section 6 Table 6.8A/B/C/D."
1993,Retail trade,7,sector,17997.0,15.713649579589806,15.663730678178526,Table 6.8C,51,Retail trade,Direct legacy SIC mapping.,"BEA NIPA archive, 2024 Q1 Third estimate, released June 28, 2024; Section 6 Table 6.8A/B/C/D."
1993,Transportation and warehousing,8,sector,3741.0,3.266364565052257,3.2559880239520957,Table 6.8C,37 - 46 - 49,Transportation and public utilities less communications and electric/gas/sanitary services,Legacy transportation/public utilities adjusted by subtracting communications and electric/gas/sanitary services.,"BEA NIPA archive, 2024 Q1 Third estimate, released June 28, 2024; Section 6 Table 6.8A/B/C/D."
1993,Information,9,sector,1186.0,1.0355274991050458,1.032237849881632,Table 6.8C,46,Communications,Legacy communications mapped to Table 6D information.,"BEA NIPA archive, 2024 Q1 Third estimate, released June 28, 2024; Section 6 Table 6.8A/B/C/D."
1993,"Finance, insurance, real estate, rental, and leasing",10,sector,7138.0,6.2323737678008575,6.212574850299402,Table 6.8C,52,"Finance, insurance, and real estate",Legacy finance/insurance/real estate mapped to Table 6D finance/insurance/real estate/rental/leasing.,"BEA NIPA archive, 2024 Q1 Third estimate, released June 28, 2024; Section 6 Table 6.8A/B/C/D."
1993,Professional and business services,11,service_detail,missing,missing,missing,Table 6.8C,,,Service detail is not available before Table 6.8D; kept missing by design.,"BEA NIPA archive, 2024 Q1 Third estimate, released June 28, 2024; Section 6 Table 6.8A/B/C/D."
1993,"Educational services, health care, and social assistance",12,service_detail,missing,missing,missing,Table 6.8C,,,Service detail is not available before Table 6.8D; kept missing by design.,"BEA NIPA archive, 2024 Q1 Third estimate, released June 28, 2024; Section 6 Table 6.8A/B/C/D."
1993,"Arts, entertainment, recreation, accommodation, and food services",13,service_detail,missing,missing,missing,Table 6.8C,,,Service detail is not available before Table 6.8D; kept missing by design.,"BEA NIPA archive, 2024 Q1 Third estimate, released June 28, 2024; Section 6 Table 6.8A/B/C/D."
1993,"Other services, except government",14,service_detail,missing,missing,missing,Table 6.8C,,,Service detail is not available before Table 6.8D; kept missing by design.,"BEA NIPA archive, 2024 Q1 Third estimate, released June 28, 2024; Section 6 Table 6.8A/B/C/D."
1993,Services,15,services_total,31799.0,27.764535365970787,27.676333379752123,Table 6.8C,60,Services,Legacy aggregate services mapped to total services.,"BEA NIPA archive, 2024 Q1 Third estimate, released June 28, 2024; Section 6 Table 6.8A/B/C/D."
1993,Government,16,sector,18281.0,15.961617378700963,15.910910736666203,Table 6.8C,76,Government,Direct legacy SIC mapping.,"BEA NIPA archive, 2024 Q1 Third estimate, released June 28, 2024; Section 6 Table 6.8A/B/C/D."
1993,Rest of the world,17,sector,-365.0,-0.3186910094210301,missing,Table 6.8C,87,Rest of the world\6\,Direct mapping.,"BEA NIPA archive, 2024 Q1 Third estimate, released June 28, 2024; Section 6 Table 6.8A/B/C/D."
1994,"Agriculture, forestry, fishing, and hunting",1,sector,2995.0,2.5523682909785075,2.543459614617037,Table 6.8C,4,"Agriculture, forestry, and fishing",Legacy SIC agriculture/forestry/fishing mapped to Table 6D agriculture/forestry/fishing/hunting.,"BEA NIPA archive, 2024 Q1 Third estimate, released June 28, 2024; Section 6 Table 6.8A/B/C/D."
1994,Mining,2,sector,610.0,0.5198479657752553,0.5180335108235035,Table 6.8C,7,Mining,Direct legacy SIC mapping.,"BEA NIPA archive, 2024 Q1 Third estimate, released June 28, 2024; Section 6 Table 6.8A/B/C/D."
1994,Utilities,3,sector,930.0,0.7925550953622744,0.7897887951899315,Table 6.8C,49,"Electric, gas, and sanitary services","Legacy electric, gas, and sanitary services mapped to Table 6D utilities.","BEA NIPA archive, 2024 Q1 Third estimate, released June 28, 2024; Section 6 Table 6.8A/B/C/D."
1994,Construction,4,sector,6334.0,5.3978967462630605,5.379056159927985,Table 6.8C,12,Construction,Direct legacy SIC mapping.,"BEA NIPA archive, 2024 Q1 Third estimate, released June 28, 2024; Section 6 Table 6.8A/B/C/D."
1994,Manufacturing,5,sector,18409.0,15.688329839273235,15.633571968442418,Table 6.8C,13,Manufacturing,Direct legacy SIC mapping.,"BEA NIPA archive, 2024 Q1 Third estimate, released June 28, 2024; Section 6 Table 6.8A/B/C/D."
1994,Wholesale trade,6,sector,6288.0,5.358695096384926,5.339991337800311,Table 6.8C,50,Wholesale trade,Direct legacy SIC mapping.,"BEA NIPA archive, 2024 Q1 Third estimate, released June 28, 2024; Section 6 Table 6.8A/B/C/D."
1994,Retail trade,7,sector,18613.0,15.862180634384961,15.806815962226015,Table 6.8C,51,Retail trade,Direct legacy SIC mapping.,"BEA NIPA archive, 2024 Q1 Third estimate, released June 28, 2024; Section 6 Table 6.8A/B/C/D."
1994,Transportation and warehousing,8,sector,3908.0,3.330435820081471,3.318811410325002,Table 6.8C,37 - 46 - 49,Transportation and public utilities less communications and electric/gas/sanitary services,Legacy transportation/public utilities adjusted by subtracting communications and electric/gas/sanitary services.,"BEA NIPA archive, 2024 Q1 Third estimate, released June 28, 2024; Section 6 Table 6.8A/B/C/D."
1994,Information,9,sector,1197.0,1.0200951066114434,1.0165346105831699,Table 6.8C,46,Communications,Legacy communications mapped to Table 6D information.,"BEA NIPA archive, 2024 Q1 Third estimate, released June 28, 2024; Section 6 Table 6.8A/B/C/D."
1994,"Finance, insurance, real estate, rental, and leasing",10,sector,7226.0,6.158067869986876,6.136574015099403,Table 6.8C,52,"Finance, insurance, and real estate",Legacy finance/insurance/real estate mapped to Table 6D finance/insurance/real estate/rental/leasing.,"BEA NIPA archive, 2024 Q1 Third estimate, released June 28, 2024; Section 6 Table 6.8A/B/C/D."
1994,Professional and business services,11,service_detail,missing,missing,missing,Table 6.8C,,,Service detail is not available before Table 6.8D; kept missing by design.,"BEA NIPA archive, 2024 Q1 Third estimate, released June 28, 2024; Section 6 Table 6.8A/B/C/D."
1994,"Educational services, health care, and social assistance",12,service_detail,missing,missing,missing,Table 6.8C,,,Service detail is not available before Table 6.8D; kept missing by design.,"BEA NIPA archive, 2024 Q1 Third estimate, released June 28, 2024; Section 6 Table 6.8A/B/C/D."
1994,"Arts, entertainment, recreation, accommodation, and food services",13,service_detail,missing,missing,missing,Table 6.8C,,,Service detail is not available before Table 6.8D; kept missing by design.,"BEA NIPA archive, 2024 Q1 Third estimate, released June 28, 2024; Section 6 Table 6.8A/B/C/D."
1994,"Other services, except government",14,service_detail,missing,missing,missing,Table 6.8C,,,Service detail is not available before Table 6.8D; kept missing by design.,"BEA NIPA archive, 2024 Q1 Third estimate, released June 28, 2024; Section 6 Table 6.8A/B/C/D."
1994,Services,15,services_total,32960.0,28.08883434746297,27.990794289742087,Table 6.8C,60,Services,Legacy aggregate services mapped to total services.,"BEA NIPA archive, 2024 Q1 Third estimate, released June 28, 2024; Section 6 Table 6.8A/B/C/D."
1994,Government,16,sector,18290.0,15.586916875458062,15.532512972068652,Table 6.8C,76,Government,Direct legacy SIC mapping.,"BEA NIPA archive, 2024 Q1 Third estimate, released June 28, 2024; Section 6 Table 6.8A/B/C/D."
1994,Rest of the world,17,sector,-411.0,-0.3502582195633277,missing,Table 6.8C,87,Rest of the world\6\,Direct mapping.,"BEA NIPA archive, 2024 Q1 Third estimate, released June 28, 2024; Section 6 Table 6.8A/B/C/D."
1995,"Agriculture, forestry, fishing, and hunting",1,sector,3209.0,2.668207669538032,2.6591645466824665,Table 6.8C,4,"Agriculture, forestry, and fishing",Legacy SIC agriculture/forestry/fishing mapped to Table 6D agriculture/forestry/fishing/hunting.,"BEA NIPA archive, 2024 Q1 Third estimate, released June 28, 2024; Section 6 Table 6.8A/B/C/D."
1995,Mining,2,sector,594.0,0.4938969634482988,0.4922230416732269,Table 6.8C,7,Mining,Direct legacy SIC mapping.,"BEA NIPA archive, 2024 Q1 Third estimate, released June 28, 2024; Section 6 Table 6.8A/B/C/D."
1995,Utilities,3,sector,910.0,0.7566434961918382,0.7540790705768291,Table 6.8C,49,"Electric, gas, and sanitary services","Legacy electric, gas, and sanitary services mapped to Table 6D utilities.","BEA NIPA archive, 2024 Q1 Third estimate, released June 28, 2024; Section 6 Table 6.8A/B/C/D."
1995,Construction,4,sector,6572.0,5.464462699970067,5.445942474539473,Table 6.8C,12,Construction,Direct legacy SIC mapping.,"BEA NIPA archive, 2024 Q1 Third estimate, released June 28, 2024; Section 6 Table 6.8A/B/C/D."
1995,Manufacturing,5,sector,18584.0,15.452156849702332,15.399786206153617,Table 6.8C,13,Manufacturing,Direct legacy SIC mapping.,"BEA NIPA archive, 2024 Q1 Third estimate, released June 28, 2024; Section 6 Table 6.8A/B/C/D."
1995,Wholesale trade,6,sector,6517.0,5.41873149965078,5.400366266977137,Table 6.8C,50,Wholesale trade,Direct legacy SIC mapping.,"BEA NIPA archive, 2024 Q1 Third estimate, released June 28, 2024; Section 6 Table 6.8A/B/C/D."
1995,Retail trade,7,sector,19157.0,15.928592809392358,15.874607423121224,Table 6.8C,51,Retail trade,Direct legacy SIC mapping.,"BEA NIPA archive, 2024 Q1 Third estimate, released June 28, 2024; Section 6 Table 6.8A/B/C/D."
1995,Transportation and warehousing,8,sector,4042.0,3.360827485282868,3.349436926672025,Table 6.8C,37 - 46 - 49,Transportation and public utilities less communications and electric/gas/sanitary services,Legacy transportation/public utilities adjusted by subtracting communications and electric/gas/sanitary services.,"BEA NIPA archive, 2024 Q1 Third estimate, released June 28, 2024; Section 6 Table 6.8A/B/C/D."
1995,Information,9,sector,1225.0,1.018558552565936,1.0151064411611161,Table 6.8C,46,Communications,Legacy communications mapped to Table 6D information.,"BEA NIPA archive, 2024 Q1 Third estimate, released June 28, 2024; Section 6 Table 6.8A/B/C/D."
1995,"Finance, insurance, real estate, rental, and leasing",10,sector,7181.0,5.970831808959989,5.950595391002428,Table 6.8C,52,"Finance, insurance, and real estate",Legacy finance/insurance/real estate mapped to Table 6D finance/insurance/real estate/rental/leasing.,"BEA NIPA archive, 2024 Q1 Third estimate, released June 28, 2024; Section 6 Table 6.8A/B/C/D."
1995,Professional and business services,11,service_detail,missing,missing,missing,Table 6.8C,,,Service detail is not available before Table 6.8D; kept missing by design.,"BEA NIPA archive, 2024 Q1 Third estimate, released June 28, 2024; Section 6 Table 6.8A/B/C/D."
1995,"Educational services, health care, and social assistance",12,service_detail,missing,missing,missing,Table 6.8C,,,Service detail is not available before Table 6.8D; kept missing by design.,"BEA NIPA archive, 2024 Q1 Third estimate, released June 28, 2024; Section 6 Table 6.8A/B/C/D."
1995,"Arts, entertainment, recreation, accommodation, and food services",13,service_detail,missing,missing,missing,Table 6.8C,,,Service detail is not available before Table 6.8D; kept missing by design.,"BEA NIPA archive, 2024 Q1 Third estimate, released June 28, 2024; Section 6 Table 6.8A/B/C/D."
1995,"Other services, except government",14,service_detail,missing,missing,missing,Table 6.8C,,,Service detail is not available before Table 6.8D; kept missing by design.,"BEA NIPA archive, 2024 Q1 Third estimate, released June 28, 2024; Section 6 Table 6.8A/B/C/D."
1995,Services,15,services_total,34290.0,28.511324708151793,28.4146937693181,Table 6.8C,60,Services,Legacy aggregate services mapped to total services.,"BEA NIPA archive, 2024 Q1 Third estimate, released June 28, 2024; Section 6 Table 6.8A/B/C/D."
1995,Government,16,sector,18396.0,15.295839292247315,15.24399844212236,Table 6.8C,76,Government,Direct legacy SIC mapping.,"BEA NIPA archive, 2024 Q1 Third estimate, released June 28, 2024; Section 6 Table 6.8A/B/C/D."
1995,Rest of the world,17,sector,-409.0,-0.34007383510160644,missing,Table 6.8C,87,Rest of the world\6\,Direct mapping.,"BEA NIPA archive, 2024 Q1 Third estimate, released June 28, 2024; Section 6 Table 6.8A/B/C/D."
1996,"Agriculture, forestry, fishing, and hunting",1,sector,3154.0,2.5763553638673105,2.5684457401586345,Table 6.8C,4,"Agriculture, forestry, and fishing",Legacy SIC agriculture/forestry/fishing mapped to Table 6D agriculture/forestry/fishing/hunting.,"BEA NIPA archive, 2024 Q1 Third estimate, released June 28, 2024; Section 6 Table 6.8A/B/C/D."
1996,Mining,2,sector,586.0,0.4786760441427533,0.4772064691607355,Table 6.8C,7,Mining,Direct legacy SIC mapping.,"BEA NIPA archive, 2024 Q1 Third estimate, released June 28, 2024; Section 6 Table 6.8A/B/C/D."
1996,Utilities,3,sector,877.0,0.7163803595788304,0.7141810127200768,Table 6.8C,49,"Electric, gas, and sanitary services","Legacy electric, gas, and sanitary services mapped to Table 6D utilities.","BEA NIPA archive, 2024 Q1 Third estimate, released June 28, 2024; Section 6 Table 6.8A/B/C/D."
1996,Construction,4,sector,6861.0,5.604430612394932,5.587224547631069,Table 6.8C,12,Construction,Direct legacy SIC mapping.,"BEA NIPA archive, 2024 Q1 Third estimate, released June 28, 2024; Section 6 Table 6.8A/B/C/D."
1996,Manufacturing,5,sector,18527.0,15.133841416096912,15.087379273278067,Table 6.8C,13,Manufacturing,Direct legacy SIC mapping.,"BEA NIPA archive, 2024 Q1 Third estimate, released June 28, 2024; Section 6 Table 6.8A/B/C/D."
1996,Wholesale trade,6,sector,6550.0,5.3503892306058605,5.333963093861463,Table 6.8C,50,Wholesale trade,Direct legacy SIC mapping.,"BEA NIPA archive, 2024 Q1 Third estimate, released June 28, 2024; Section 6 Table 6.8A/B/C/D."
1996,Retail trade,7,sector,19532.0,15.95477900033491,15.905796511343834,Table 6.8C,51,Retail trade,Direct legacy SIC mapping.,"BEA NIPA archive, 2024 Q1 Third estimate, released June 28, 2024; Section 6 Table 6.8A/B/C/D."
1996,Transportation and warehousing,8,sector,4180.0,3.4144468677759536,3.403964233945178,Table 6.8C,37 - 46 - 49,Transportation and public utilities less communications and electric/gas/sanitary services,Legacy transportation/public utilities adjusted by subtracting communications and electric/gas/sanitary services.,"BEA NIPA archive, 2024 Q1 Third estimate, released June 28, 2024; Section 6 Table 6.8A/B/C/D."
1996,Information,9,sector,1264.0,1.0325025935092835,1.0293327252886855,Table 6.8C,46,Communications,Legacy communications mapped to Table 6D information.,"BEA NIPA archive, 2024 Q1 Third estimate, released June 28, 2024; Section 6 Table 6.8A/B/C/D."
1996,"Finance, insurance, real estate, rental, and leasing",10,sector,7270.0,5.9385236193136794,5.920291861430968,Table 6.8C,52,"Finance, insurance, and real estate",Legacy finance/insurance/real estate mapped to Table 6D finance/insurance/real estate/rental/leasing.,"BEA NIPA archive, 2024 Q1 Third estimate, released June 28, 2024; Section 6 Table 6.8A/B/C/D."
1996,Professional and business services,11,service_detail,missing,missing,missing,Table 6.8C,,,Service detail is not available before Table 6.8D; kept missing by design.,"BEA NIPA archive, 2024 Q1 Third estimate, released June 28, 2024; Section 6 Table 6.8A/B/C/D."
1996,"Educational services, health care, and social assistance",12,service_detail,missing,missing,missing,Table 6.8C,,,Service detail is not available before Table 6.8D; kept missing by design.,"BEA NIPA archive, 2024 Q1 Third estimate, released June 28, 2024; Section 6 Table 6.8A/B/C/D."
1996,"Arts, entertainment, recreation, accommodation, and food services",13,service_detail,missing,missing,missing,Table 6.8C,,,Service detail is not available before Table 6.8D; kept missing by design.,"BEA NIPA archive, 2024 Q1 Third estimate, released June 28, 2024; Section 6 Table 6.8A/B/C/D."
1996,"Other services, except government",14,service_detail,missing,missing,missing,Table 6.8C,,,Service detail is not available before Table 6.8D; kept missing by design.,"BEA NIPA archive, 2024 Q1 Third estimate, released June 28, 2024; Section 6 Table 6.8A/B/C/D."
1996,Services,15,services_total,35585.0,29.06772530856634,28.97848499161224,Table 6.8C,60,Services,Legacy aggregate services mapped to total services.,"BEA NIPA archive, 2024 Q1 Third estimate, released June 28, 2024; Section 6 Table 6.8A/B/C/D."
1996,Government,16,sector,18408.0,15.03663587129659,14.990472157526996,Table 6.8C,76,Government,Direct legacy SIC mapping.,"BEA NIPA archive, 2024 Q1 Third estimate, released June 28, 2024; Section 6 Table 6.8A/B/C/D."
1996,Rest of the world,17,sector,-377.0,-0.3079537007539556,missing,Table 6.8C,87,Rest of the world\6\,Direct mapping.,"BEA NIPA archive, 2024 Q1 Third estimate, released June 28, 2024; Section 6 Table 6.8A/B/C/D."
1997,"Agriculture, forestry, fishing, and hunting",1,sector,3133.0,2.501057740665938,2.493017482155788,Table 6.8C,4,"Agriculture, forestry, and fishing",Legacy SIC agriculture/forestry/fishing mapped to Table 6D agriculture/forestry/fishing/hunting.,"BEA NIPA archive, 2024 Q1 Third estimate, released June 28, 2024; Section 6 Table 6.8A/B/C/D."
1997,Mining,2,sector,601.0,0.4797752001724317,0.4782328460822306,Table 6.8C,7,Mining,Direct legacy SIC mapping.,"BEA NIPA archive, 2024 Q1 Third estimate, released June 28, 2024; Section 6 Table 6.8A/B/C/D."
1997,Utilities,3,sector,866.0,0.6913233333599431,0.6891009063347948,Table 6.8C,49,"Electric, gas, and sanitary services","Legacy electric, gas, and sanitary services mapped to Table 6D utilities.","BEA NIPA archive, 2024 Q1 Third estimate, released June 28, 2024; Section 6 Table 6.8A/B/C/D."
1997,Construction,4,sector,7152.0,5.709404711536159,5.69105044123147,Table 6.8C,12,Construction,Direct legacy SIC mapping.,"BEA NIPA archive, 2024 Q1 Third estimate, released June 28, 2024; Section 6 Table 6.8A/B/C/D."
1997,Manufacturing,5,sector,18717.0,14.941684561776047,14.893650882065074,Table 6.8C,13,Manufacturing,Direct legacy SIC mapping.,"BEA NIPA archive, 2024 Q1 Third estimate, released June 28, 2024; Section 6 Table 6.8A/B/C/D."
1997,Wholesale trade,6,sector,6701.0,5.349373737696281,5.332176874537483,Table 6.8C,50,Wholesale trade,Direct legacy SIC mapping.,"BEA NIPA archive, 2024 Q1 Third estimate, released June 28, 2024; Section 6 Table 6.8A/B/C/D."
1997,Retail trade,7,sector,19929.0,15.909217910543079,15.858073859522085,Table 6.8C,51,Retail trade,Direct legacy SIC mapping.,"BEA NIPA archive, 2024 Q1 Third estimate, released June 28, 2024; Section 6 Table 6.8A/B/C/D."
1997,Transportation and warehousing,8,sector,4285.0,3.4206933988999495,3.409696747857501,Table 6.8C,37 - 46 - 49,Transportation and public utilities less communications and electric/gas/sanitary services,Legacy transportation/public utilities adjusted by subtracting communications and electric/gas/sanitary services.,"BEA NIPA archive, 2024 Q1 Third estimate, released June 28, 2024; Section 6 Table 6.8A/B/C/D."
1997,Information,9,sector,1325.0,1.0577406659375574,1.0543403012628212,Table 6.8C,46,Communications,Legacy communications mapped to Table 6D information.,"BEA NIPA archive, 2024 Q1 Third estimate, released June 28, 2024; Section 6 Table 6.8A/B/C/D."
1997,"Finance, insurance, real estate, rental, and leasing",10,sector,7383.0,5.893810820088292,5.8748637314893655,Table 6.8C,52,"Finance, insurance, and real estate",Legacy finance/insurance/real estate mapped to Table 6D finance/insurance/real estate/rental/leasing.,"BEA NIPA archive, 2024 Q1 Third estimate, released June 28, 2024; Section 6 Table 6.8A/B/C/D."
1997,Professional and business services,11,service_detail,missing,missing,missing,Table 6.8C,,,Service detail is not available before Table 6.8D; kept missing by design.,"BEA NIPA archive, 2024 Q1 Third estimate, released June 28, 2024; Section 6 Table 6.8A/B/C/D."
1997,"Educational services, health care, and social assistance",12,service_detail,missing,missing,missing,Table 6.8C,,,Service detail is not available before Table 6.8D; kept missing by design.,"BEA NIPA archive, 2024 Q1 Third estimate, released June 28, 2024; Section 6 Table 6.8A/B/C/D."
1997,"Arts, entertainment, recreation, accommodation, and food services",13,service_detail,missing,missing,missing,Table 6.8C,,,Service detail is not available before Table 6.8D; kept missing by design.,"BEA NIPA archive, 2024 Q1 Third estimate, released June 28, 2024; Section 6 Table 6.8A/B/C/D."
1997,"Other services, except government",14,service_detail,missing,missing,missing,Table 6.8C,,,Service detail is not available before Table 6.8D; kept missing by design.,"BEA NIPA archive, 2024 Q1 Third estimate, released June 28, 2024; Section 6 Table 6.8A/B/C/D."
1997,Services,15,services_total,37050.0,29.576823904140756,29.481742008896244,Table 6.8C,60,Services,Legacy aggregate services mapped to total services.,"BEA NIPA archive, 2024 Q1 Third estimate, released June 28, 2024; Section 6 Table 6.8A/B/C/D."
1997,Government,16,sector,18532.0,14.794000015965898,14.746441104152908,Table 6.8C,76,Government,Direct legacy SIC mapping.,"BEA NIPA archive, 2024 Q1 Third estimate, released June 28, 2024; Section 6 Table 6.8A/B/C/D."
1997,Rest of the world,17,sector,-404.0,-0.32251111625567785,missing,Table 6.8C,87,Rest of the world\6\,Direct mapping.,"BEA NIPA archive, 2024 Q1 Third estimate, released June 28, 2024; Section 6 Table 6.8A/B/C/D."
1998,"Agriculture, forestry, fishing, and hunting",1,sector,2180.0,1.7018087572892842,1.6964980544747081,Table 6.8D,4,"Agriculture, forestry, fishing, and hunting",Direct Table 6D NAICS mapping.,"BEA NIPA archive, 2024 Q1 Third estimate, released June 28, 2024; Section 6 Table 6.8A/B/C/D."
1998,Mining,2,sector,568.0,0.4434070523579419,0.44202334630350193,Table 6.8D,7,Mining,Direct Table 6D NAICS mapping.,"BEA NIPA archive, 2024 Q1 Third estimate, released June 28, 2024; Section 6 Table 6.8A/B/C/D."
1998,Utilities,3,sector,598.0,0.46682643892614306,0.4653696498054475,Table 6.8D,11,Utilities,Direct Table 6D NAICS mapping.,"BEA NIPA archive, 2024 Q1 Third estimate, released June 28, 2024; Section 6 Table 6.8A/B/C/D."
1998,Construction,4,sector,7773.0,6.0679630598209195,6.049027237354085,Table 6.8D,12,Construction,Direct Table 6D NAICS mapping.,"BEA NIPA archive, 2024 Q1 Third estimate, released June 28, 2024; Section 6 Table 6.8A/B/C/D."
1998,Manufacturing,5,sector,17574.0,13.719076651652237,13.676264591439688,Table 6.8D,13,Manufacturing,Direct Table 6D NAICS mapping.,"BEA NIPA archive, 2024 Q1 Third estimate, released June 28, 2024; Section 6 Table 6.8A/B/C/D."
1998,Wholesale trade,6,sector,5564.0,4.3435155621823744,4.329961089494163,Table 6.8D,35,Wholesale trade,Direct Table 6D NAICS mapping.,"BEA NIPA archive, 2024 Q1 Third estimate, released June 28, 2024; Section 6 Table 6.8A/B/C/D."
1998,Retail trade,7,sector,13295.0,10.378691480807813,10.346303501945526,Table 6.8D,38,Retail trade,Direct Table 6D NAICS mapping.,"BEA NIPA archive, 2024 Q1 Third estimate, released June 28, 2024; Section 6 Table 6.8A/B/C/D."
1998,Transportation and warehousing,8,sector,4402.0,3.4364046557740497,3.42568093385214,Table 6.8D,43,Transportation and warehousing,Direct Table 6D NAICS mapping.,"BEA NIPA archive, 2024 Q1 Third estimate, released June 28, 2024; Section 6 Table 6.8A/B/C/D."
1998,Information,9,sector,3171.0,2.4754291602588623,2.467704280155642,Table 6.8D,52,Information,Direct Table 6D NAICS mapping.,"BEA NIPA archive, 2024 Q1 Third estimate, released June 28, 2024; Section 6 Table 6.8A/B/C/D."
1998,"Finance, insurance, real estate, rental, and leasing",10,sector,7827.0,6.110117955643682,6.091050583657587,Table 6.8D,57 + 62,Finance and insurance + Real estate and rental and leasing,Constructed as finance and insurance plus real estate/rental/leasing.,"BEA NIPA archive, 2024 Q1 Third estimate, released June 28, 2024; Section 6 Table 6.8A/B/C/D."
1998,Professional and business services,11,service_detail,16125.0,12.587920280408122,12.54863813229572,Table 6.8D,65 + 69 + 70,"Professional, scientific, and technical services + Management of companies and enterprises\7\ + Administrative and waste management services",Constructed as professional/scientific/technical services plus management plus administrative/waste-management services.,"BEA NIPA archive, 2024 Q1 Third estimate, released June 28, 2024; Section 6 Table 6.8A/B/C/D."
1998,"Educational services, health care, and social assistance",12,service_detail,14295.0,11.159337699747852,11.124513618677042,Table 6.8D,73 + 74,Educational services + Health care and social assistance,Constructed as educational services plus health care/social assistance.,"BEA NIPA archive, 2024 Q1 Third estimate, released June 28, 2024; Section 6 Table 6.8A/B/C/D."
1998,"Arts, entertainment, recreation, accommodation, and food services",13,service_detail,9945.0,7.763526647358684,7.739299610894942,Table 6.8D,79 + 82,"Arts, entertainment, and recreation + Accommodation and food services",Constructed as arts/entertainment/recreation plus accommodation/food services.,"BEA NIPA archive, 2024 Q1 Third estimate, released June 28, 2024; Section 6 Table 6.8A/B/C/D."
1998,"Other services, except government",14,service_detail,6483.0,5.06092943738827,5.045136186770428,Table 6.8D,85,"Other services, except government",Direct Table 6D NAICS mapping.,"BEA NIPA archive, 2024 Q1 Third estimate, released June 28, 2024; Section 6 Table 6.8A/B/C/D."
1998,Services,15,services_total,46848.0,36.57171406490293,36.45758754863813,Table 6.8D,65 + 69 + 70 + 73 + 74 + 79 + 82 + 85,Sum of Table 6.8D service detail rows,Total services constructed as the sum of the four Table 6D-style service detail rows.,"BEA NIPA archive, 2024 Q1 Third estimate, released June 28, 2024; Section 6 Table 6.8A/B/C/D."
1998,Government,16,sector,18701.0,14.598864940397661,14.553307392996109,Table 6.8D,86,Government,Direct Table 6D NAICS mapping.,"BEA NIPA archive, 2024 Q1 Third estimate, released June 28, 2024; Section 6 Table 6.8A/B/C/D."
1998,Rest of the world,17,sector,-401.0,-0.31303913379495546,missing,Table 6.8D,97,Rest of the world\10\,Direct mapping.,"BEA NIPA archive, 2024 Q1 Third estimate, released June 28, 2024; Section 6 Table 6.8A/B/C/D."
1999,"Agriculture, forestry, fishing, and hunting",1,sector,2183.0,1.6734509271822704,1.6678126671250668,Table 6.8D,4,"Agriculture, forestry, fishing, and hunting",Direct Table 6D NAICS mapping.,"BEA NIPA archive, 2024 Q1 Third estimate, released June 28, 2024; Section 6 Table 6.8A/B/C/D."
1999,Mining,2,sector,529.0,0.4055224647180124,0.40415616166246465,Table 6.8D,7,Mining,Direct Table 6D NAICS mapping.,"BEA NIPA archive, 2024 Q1 Third estimate, released June 28, 2024; Section 6 Table 6.8A/B/C/D."
1999,Utilities,3,sector,594.0,0.4553503668100177,0.45381618152647263,Table 6.8D,11,Utilities,Direct Table 6D NAICS mapping.,"BEA NIPA archive, 2024 Q1 Third estimate, released June 28, 2024; Section 6 Table 6.8A/B/C/D."
1999,Construction,4,sector,8094.0,6.2047236851183225,6.183818473527389,Table 6.8D,12,Construction,Direct Table 6D NAICS mapping.,"BEA NIPA archive, 2024 Q1 Third estimate, released June 28, 2024; Section 6 Table 6.8A/B/C/D."
1999,Manufacturing,5,sector,17372.0,13.317081771420249,13.272213308885323,Table 6.8D,13,Manufacturing,Direct Table 6D NAICS mapping.,"BEA NIPA archive, 2024 Q1 Third estimate, released June 28, 2024; Section 6 Table 6.8A/B/C/D."
1999,Wholesale trade,6,sector,5679.0,4.353425476623048,4.338757735503094,Table 6.8D,35,Wholesale trade,Direct Table 6D NAICS mapping.,"BEA NIPA archive, 2024 Q1 Third estimate, released June 28, 2024; Section 6 Table 6.8A/B/C/D."
1999,Retail trade,7,sector,13627.0,10.446228027811635,10.411032164412866,Table 6.8D,38,Retail trade,Direct Table 6D NAICS mapping.,"BEA NIPA archive, 2024 Q1 Third estimate, released June 28, 2024; Section 6 Table 6.8A/B/C/D."
1999,Transportation and warehousing,8,sector,4477.0,3.4319925794755037,3.4204293681717473,Table 6.8D,43,Transportation and warehousing,Direct Table 6D NAICS mapping.,"BEA NIPA archive, 2024 Q1 Third estimate, released June 28, 2024; Section 6 Table 6.8A/B/C/D."
1999,Information,9,sector,3320.0,2.5450559222378093,2.5364810145924057,Table 6.8D,52,Information,Direct Table 6D NAICS mapping.,"BEA NIPA archive, 2024 Q1 Third estimate, released June 28, 2024; Section 6 Table 6.8A/B/C/D."
1999,"Finance, insurance, real estate, rental, and leasing",10,sector,7941.0,6.087436469424833,6.0669264267705705,Table 6.8D,57 + 62,Finance and insurance + Real estate and rental and leasing,Constructed as finance and insurance plus real estate/rental/leasing.,"BEA NIPA archive, 2024 Q1 Third estimate, released June 28, 2024; Section 6 Table 6.8A/B/C/D."
1999,Professional and business services,11,service_detail,16841.0,12.910026140484021,12.866529146611658,Table 6.8D,65 + 69 + 70,"Professional, scientific, and technical services + Management of companies and enterprises\7\ + Administrative and waste management services",Constructed as professional/scientific/technical services plus management plus administrative/waste-management services.,"BEA NIPA archive, 2024 Q1 Third estimate, released June 28, 2024; Section 6 Table 6.8A/B/C/D."
1999,"Educational services, health care, and social assistance",12,service_detail,14575.0,11.172948815245805,11.135304454121782,Table 6.8D,73 + 74,Educational services + Health care and social assistance,Constructed as educational services plus health care/social assistance.,"BEA NIPA archive, 2024 Q1 Third estimate, released June 28, 2024; Section 6 Table 6.8A/B/C/D."
1999,"Arts, entertainment, recreation, accommodation, and food services",13,service_detail,10252.0,7.859010034572898,7.832531133012453,Table 6.8D,79 + 82,"Arts, entertainment, and recreation + Accommodation and food services",Constructed as arts/entertainment/recreation plus accommodation/food services.,"BEA NIPA archive, 2024 Q1 Third estimate, released June 28, 2024; Section 6 Table 6.8A/B/C/D."
1999,"Other services, except government",14,service_detail,6562.0,5.030318361965213,5.013370005348002,Table 6.8D,85,"Other services, except government",Direct Table 6D NAICS mapping.,"BEA NIPA archive, 2024 Q1 Third estimate, released June 28, 2024; Section 6 Table 6.8A/B/C/D."
1999,Services,15,services_total,48230.0,36.972303352267936,36.847734739093895,Table 6.8D,65 + 69 + 70 + 73 + 74 + 79 + 82 + 85,Sum of Table 6.8D service detail rows,Total services constructed as the sum of the four Table 6D-style service detail rows.,"BEA NIPA archive, 2024 Q1 Third estimate, released June 28, 2024; Section 6 Table 6.8A/B/C/D."
1999,Government,16,sector,18844.0,14.445492108026892,14.396821758728704,Table 6.8D,86,Government,Direct Table 6D NAICS mapping.,"BEA NIPA archive, 2024 Q1 Third estimate, released June 28, 2024; Section 6 Table 6.8A/B/C/D."
1999,Rest of the world,17,sector,-441.0,-0.3380631511165283,missing,Table 6.8D,97,Rest of the world\10\,Direct mapping.,"BEA NIPA archive, 2024 Q1 Third estimate, released June 28, 2024; Section 6 Table 6.8A/B/C/D."
2000,"Agriculture, forestry, fishing, and hunting",1,sector,2166.0,1.6258697953025425,1.621051213543187,Table 6.8D,4,"Agriculture, forestry, fishing, and hunting",Direct Table 6D NAICS mapping.,"BEA NIPA archive, 2024 Q1 Third estimate, released June 28, 2024; Section 6 Table 6.8A/B/C/D."
2000,Mining,2,sector,520.0,0.3903288520578587,0.3891720364923625,Table 6.8D,7,Mining,Direct Table 6D NAICS mapping.,"BEA NIPA archive, 2024 Q1 Third estimate, released June 28, 2024; Section 6 Table 6.8A/B/C/D."
2000,Utilities,3,sector,592.0,0.44437438541971613,0.443057395391305,Table 6.8D,11,Utilities,Direct Table 6D NAICS mapping.,"BEA NIPA archive, 2024 Q1 Third estimate, released June 28, 2024; Section 6 Table 6.8A/B/C/D."
2000,Construction,4,sector,8397.0,6.303060328326615,6.284379981589169,Table 6.8D,12,Construction,Direct Table 6D NAICS mapping.,"BEA NIPA archive, 2024 Q1 Third estimate, released June 28, 2024; Section 6 Table 6.8A/B/C/D."
2000,Manufacturing,5,sector,17272.0,12.96492294758334,12.926498873646317,Table 6.8D,13,Manufacturing,Direct Table 6D NAICS mapping.,"BEA NIPA archive, 2024 Q1 Third estimate, released June 28, 2024; Section 6 Table 6.8A/B/C/D."
2000,Wholesale trade,6,sector,5782.0,4.340156581920268,4.327293682690077,Table 6.8D,35,Wholesale trade,Direct Table 6D NAICS mapping.,"BEA NIPA archive, 2024 Q1 Third estimate, released June 28, 2024; Section 6 Table 6.8A/B/C/D."
2000,Retail trade,7,sector,13999.0,10.50810307684224,10.47696026703189,Table 6.8D,38,Retail trade,Direct Table 6D NAICS mapping.,"BEA NIPA archive, 2024 Q1 Third estimate, released June 28, 2024; Section 6 Table 6.8A/B/C/D."
2000,Transportation and warehousing,8,sector,4563.0,3.4251356768077104,3.4149846202204808,Table 6.8D,43,Transportation and warehousing,Direct Table 6D NAICS mapping.,"BEA NIPA archive, 2024 Q1 Third estimate, released June 28, 2024; Section 6 Table 6.8A/B/C/D."
2000,Information,9,sector,3545.0,2.660991885663672,2.653105518010433,Table 6.8D,52,Information,Direct Table 6D NAICS mapping.,"BEA NIPA archive, 2024 Q1 Third estimate, released June 28, 2024; Section 6 Table 6.8A/B/C/D."
2000,"Finance, insurance, real estate, rental, and leasing",10,sector,7965.0,5.978787128155471,5.961067828195514,Table 6.8D,57 + 62,Finance and insurance + Real estate and rental and leasing,Constructed as finance and insurance plus real estate/rental/leasing.,"BEA NIPA archive, 2024 Q1 Third estimate, released June 28, 2024; Section 6 Table 6.8A/B/C/D."
2000,Professional and business services,11,service_detail,17585.0,13.199870891225858,13.16075050330422,Table 6.8D,65 + 69 + 70,"Professional, scientific, and technical services + Management of companies and enterprises\7\ + Administrative and waste management services",Constructed as professional/scientific/technical services plus management plus administrative/waste-management services.,"BEA NIPA archive, 2024 Q1 Third estimate, released June 28, 2024; Section 6 Table 6.8A/B/C/D."
2000,"Educational services, health care, and social assistance",12,service_detail,14927.0,11.204689951283957,11.171482670618259,Table 6.8D,73 + 74,Educational services + Health care and social assistance,Constructed as educational services plus health care/social assistance.,"BEA NIPA archive, 2024 Q1 Third estimate, released June 28, 2024; Section 6 Table 6.8A/B/C/D."
2000,"Arts, entertainment, recreation, accommodation, and food services",13,service_detail,10555.0,7.922925064366729,7.899443933032473,Table 6.8D,79 + 82,"Arts, entertainment, and recreation + Accommodation and food services",Constructed as arts/entertainment/recreation plus accommodation/food services.,"BEA NIPA archive, 2024 Q1 Third estimate, released June 28, 2024; Section 6 Table 6.8A/B/C/D."
2000,"Other services, except government",14,service_detail,6651.0,4.992456144301574,4.977660028289813,Table 6.8D,85,"Other services, except government",Direct Table 6D NAICS mapping.,"BEA NIPA archive, 2024 Q1 Third estimate, released June 28, 2024; Section 6 Table 6.8A/B/C/D."
2000,Services,15,services_total,49718.0,37.31994205117812,37.209337135244766,Table 6.8D,65 + 69 + 70 + 73 + 74 + 79 + 82 + 85,Sum of Table 6.8D service detail rows,Total services constructed as the sum of the four Table 6D-style service detail rows.,"BEA NIPA archive, 2024 Q1 Third estimate, released June 28, 2024; Section 6 Table 6.8A/B/C/D."
2000,Government,16,sector,19101.0,14.337829621456077,14.295336671231954,Table 6.8D,86,Government,Direct Table 6D NAICS mapping.,"BEA NIPA archive, 2024 Q1 Third estimate, released June 28, 2024; Section 6 Table 6.8A/B/C/D."
2000,Rest of the world,17,sector,-396.0,-0.2972504334902155,missing,Table 6.8D,97,Rest of the world\10\,Direct mapping.,"BEA NIPA archive, 2024 Q1 Third estimate, released June 28, 2024; Section 6 Table 6.8A/B/C/D."
2001,"Agriculture, forestry, fishing, and hunting",1,sector,2070.0,1.5526902045500575,1.5464148575355974,Table 6.8D,4,"Agriculture, forestry, fishing, and hunting",Direct Table 6D NAICS mapping.,"BEA NIPA archive, 2024 Q1 Third estimate, released June 28, 2024; Section 6 Table 6.8A/B/C/D."
2001,Mining,2,sector,548.0,0.4110503536683244,0.4093890540722258,Table 6.8D,7,Mining,Direct Table 6D NAICS mapping.,"BEA NIPA archive, 2024 Q1 Third estimate, released June 28, 2024; Section 6 Table 6.8A/B/C/D."
2001,Utilities,3,sector,592.0,0.4440543966635913,0.44225970804882786,Table 6.8D,11,Utilities,Direct Table 6D NAICS mapping.,"BEA NIPA archive, 2024 Q1 Third estimate, released June 28, 2024; Section 6 Table 6.8A/B/C/D."
2001,Construction,4,sector,8512.0,6.384782135811637,6.3589774238372,Table 6.8D,12,Construction,Direct Table 6D NAICS mapping.,"BEA NIPA archive, 2024 Q1 Third estimate, released June 28, 2024; Section 6 Table 6.8A/B/C/D."
2001,Manufacturing,5,sector,16481.0,12.36226437738623,12.312301095190426,Table 6.8D,13,Manufacturing,Direct Table 6D NAICS mapping.,"BEA NIPA archive, 2024 Q1 Third estimate, released June 28, 2024; Section 6 Table 6.8A/B/C/D."
2001,Wholesale trade,6,sector,5761.0,4.321279356721198,4.303814489981921,Table 6.8D,35,Wholesale trade,Direct Table 6D NAICS mapping.,"BEA NIPA archive, 2024 Q1 Third estimate, released June 28, 2024; Section 6 Table 6.8A/B/C/D."
2001,Retail trade,7,sector,14401.0,10.802073253973612,10.758415634478327,Table 6.8D,38,Retail trade,Direct Table 6D NAICS mapping.,"BEA NIPA archive, 2024 Q1 Third estimate, released June 28, 2024; Section 6 Table 6.8A/B/C/D."
2001,Transportation and warehousing,8,sector,4571.0,3.4286700120764793,3.414812711978365,Table 6.8D,43,Transportation and warehousing,Direct Table 6D NAICS mapping.,"BEA NIPA archive, 2024 Q1 Third estimate, released June 28, 2024; Section 6 Table 6.8A/B/C/D."
2001,Information,9,sector,3536.0,2.6523249098014507,2.6416052832105663,Table 6.8D,52,Information,Direct Table 6D NAICS mapping.,"BEA NIPA archive, 2024 Q1 Third estimate, released June 28, 2024; Section 6 Table 6.8A/B/C/D."
2001,"Finance, insurance, real estate, rental, and leasing",10,sector,8203.0,6.1530037429585125,6.1281357856833365,Table 6.8D,57 + 62,Finance and insurance + Real estate and rental and leasing,Constructed as finance and insurance plus real estate/rental/leasing.,"BEA NIPA archive, 2024 Q1 Third estimate, released June 28, 2024; Section 6 Table 6.8A/B/C/D."
2001,Professional and business services,11,service_detail,17360.0,13.021595145405312,12.968967114404817,Table 6.8D,65 + 69 + 70,"Professional, scientific, and technical services + Management of companies and enterprises\7\ + Administrative and waste management services",Constructed as professional/scientific/technical services plus management plus administrative/waste-management services.,"BEA NIPA archive, 2024 Q1 Third estimate, released June 28, 2024; Section 6 Table 6.8A/B/C/D."
2001,"Educational services, health care, and social assistance",12,service_detail,15314.0,11.4869071461254,11.440481704492822,Table 6.8D,73 + 74,Educational services + Health care and social assistance,Constructed as educational services plus health care/social assistance.,"BEA NIPA archive, 2024 Q1 Third estimate, released June 28, 2024; Section 6 Table 6.8A/B/C/D."
2001,"Arts, entertainment, recreation, accommodation, and food services",13,service_detail,10472.0,7.854962232873527,7.823215646431293,Table 6.8D,79 + 82,"Arts, entertainment, and recreation + Accommodation and food services",Constructed as arts/entertainment/recreation plus accommodation/food services.,"BEA NIPA archive, 2024 Q1 Third estimate, released June 28, 2024; Section 6 Table 6.8A/B/C/D."
2001,"Other services, except government",14,service_detail,6607.0,4.95585709249383,4.935827518713861,Table 6.8D,85,"Other services, except government",Direct Table 6D NAICS mapping.,"BEA NIPA archive, 2024 Q1 Third estimate, released June 28, 2024; Section 6 Table 6.8A/B/C/D."
2001,Services,15,services_total,49753.0,37.31932161689807,37.16849198404279,Table 6.8D,65 + 69 + 70 + 73 + 74 + 79 + 82 + 85,Sum of Table 6.8D service detail rows,Total services constructed as the sum of the four Table 6D-style service detail rows.,"BEA NIPA archive, 2024 Q1 Third estimate, released June 28, 2024; Section 6 Table 6.8A/B/C/D."
2001,Government,16,sector,19431.0,14.575035441841626,14.516129032258064,Table 6.8D,86,Government,Direct Table 6D NAICS mapping.,"BEA NIPA archive, 2024 Q1 Third estimate, released June 28, 2024; Section 6 Table 6.8A/B/C/D."
2001,Rest of the world,17,sector,-541.0,-0.4057997104645319,missing,Table 6.8D,97,Rest of the world\10\,Direct mapping.,"BEA NIPA archive, 2024 Q1 Third estimate, released June 28, 2024; Section 6 Table 6.8A/B/C/D."
2002,"Agriculture, forestry, fishing, and hunting",1,sector,2075.0,1.5733046221036031,1.5667826966784206,Table 6.8D,4,"Agriculture, forestry, fishing, and hunting",Direct Table 6D NAICS mapping.,"BEA NIPA archive, 2024 Q1 Third estimate, released June 28, 2024; Section 6 Table 6.8A/B/C/D."
2002,Mining,2,sector,513.0,0.38896639572971003,0.38735398717880953,Table 6.8D,7,Mining,Direct Table 6D NAICS mapping.,"BEA NIPA archive, 2024 Q1 Third estimate, released June 28, 2024; Section 6 Table 6.8A/B/C/D."
2002,Utilities,3,sector,580.0,0.4397670750940192,0.4379440790715586,Table 6.8D,11,Utilities,Direct Table 6D NAICS mapping.,"BEA NIPA archive, 2024 Q1 Third estimate, released June 28, 2024; Section 6 Table 6.8A/B/C/D."
2002,Construction,4,sector,8356.0,6.3356787577338345,6.30941504262404,Table 6.8D,12,Construction,Direct Table 6D NAICS mapping.,"BEA NIPA archive, 2024 Q1 Third estimate, released June 28, 2024; Section 6 Table 6.8A/B/C/D."
2002,Manufacturing,5,sector,15288.0,11.591653524202354,11.543601863527565,Table 6.8D,13,Manufacturing,Direct Table 6D NAICS mapping.,"BEA NIPA archive, 2024 Q1 Third estimate, released June 28, 2024; Section 6 Table 6.8A/B/C/D."
2002,Wholesale trade,6,sector,5631.0,4.269531723886934,4.251832946986114,Table 6.8D,35,Wholesale trade,Direct Table 6D NAICS mapping.,"BEA NIPA archive, 2024 Q1 Third estimate, released June 28, 2024; Section 6 Table 6.8A/B/C/D."
2002,Retail trade,7,sector,14206.0,10.771260463423511,10.726609633259587,Table 6.8D,38,Retail trade,Direct Table 6D NAICS mapping.,"BEA NIPA archive, 2024 Q1 Third estimate, released June 28, 2024; Section 6 Table 6.8A/B/C/D."
2002,Transportation and warehousing,8,sector,4428.0,3.3573941526143396,3.3434765209118296,Table 6.8D,43,Transportation and warehousing,Direct Table 6D NAICS mapping.,"BEA NIPA archive, 2024 Q1 Third estimate, released June 28, 2024; Section 6 Table 6.8A/B/C/D."
2002,Information,9,sector,3296.0,2.4990901370860126,2.488730490723891,Table 6.8D,52,Information,Direct Table 6D NAICS mapping.,"BEA NIPA archive, 2024 Q1 Third estimate, released June 28, 2024; Section 6 Table 6.8A/B/C/D."
2002,"Finance, insurance, real estate, rental, and leasing",10,sector,8186.0,6.2067815115855876,6.18105212289617,Table 6.8D,57 + 62,Finance and insurance + Real estate and rental and leasing,Constructed as finance and insurance plus real estate/rental/leasing.,"BEA NIPA archive, 2024 Q1 Third estimate, released June 28, 2024; Section 6 Table 6.8A/B/C/D."
2002,Professional and business services,11,service_detail,16882.0,12.800254761615916,12.747193004975951,Table 6.8D,65 + 69 + 70,"Professional, scientific, and technical services + Management of companies and enterprises\7\ + Administrative and waste management services",Constructed as professional/scientific/technical services plus management plus administrative/waste-management services.,"BEA NIPA archive, 2024 Q1 Third estimate, released June 28, 2024; Section 6 Table 6.8A/B/C/D."
2002,"Educational services, health care, and social assistance",12,service_detail,15837.0,12.007915807351692,11.958138586648746,Table 6.8D,73 + 74,Educational services + Health care and social assistance,Constructed as educational services plus health care/social assistance.,"BEA NIPA archive, 2024 Q1 Third estimate, released June 28, 2024; Section 6 Table 6.8A/B/C/D."
2002,"Arts, entertainment, recreation, accommodation, and food services",13,service_detail,10516.0,7.9734320029115615,7.940379199166396,Table 6.8D,79 + 82,"Arts, entertainment, and recreation + Accommodation and food services",Constructed as arts/entertainment/recreation plus accommodation/food services.,"BEA NIPA archive, 2024 Q1 Third estimate, released June 28, 2024; Section 6 Table 6.8A/B/C/D."
2002,"Other services, except government",14,service_detail,6826.0,5.175603542399612,5.154148765073205,Table 6.8D,85,"Other services, except government",Direct Table 6D NAICS mapping.,"BEA NIPA archive, 2024 Q1 Third estimate, released June 28, 2024; Section 6 Table 6.8A/B/C/D."
2002,Services,15,services_total,50061.0,37.95720611427878,37.799859555864295,Table 6.8D,65 + 69 + 70 + 73 + 74 + 79 + 82 + 85,Sum of Table 6.8D service detail rows,Total services constructed as the sum of the four Table 6D-style service detail rows.,"BEA NIPA archive, 2024 Q1 Third estimate, released June 28, 2024; Section 6 Table 6.8A/B/C/D."
2002,Government,16,sector,19816.0,15.024869586315662,14.962585984279318,Table 6.8D,86,Government,Direct Table 6D NAICS mapping.,"BEA NIPA archive, 2024 Q1 Third estimate, released June 28, 2024; Section 6 Table 6.8A/B/C/D."
2002,Rest of the world,17,sector,-549.0,-0.41626228314933883,missing,Table 6.8D,97,Rest of the world\10\,Direct mapping.,"BEA NIPA archive, 2024 Q1 Third estimate, released June 28, 2024; Section 6 Table 6.8A/B/C/D."
2003,"Agriculture, forestry, fishing, and hunting",1,sector,2049.0,1.5561749538615772,1.5492095175448546,Table 6.8D,4,"Agriculture, forestry, fishing, and hunting",Direct Table 6D NAICS mapping.,"BEA NIPA archive, 2024 Q1 Third estimate, released June 28, 2024; Section 6 Table 6.8A/B/C/D."
2003,Mining,2,sector,501.0,0.3804995860832846,0.3787964706149205,Table 6.8D,7,Mining,Direct Table 6D NAICS mapping.,"BEA NIPA archive, 2024 Q1 Third estimate, released June 28, 2024; Section 6 Table 6.8A/B/C/D."
2003,Utilities,3,sector,559.0,0.4245494383643834,0.4226491558358095,Table 6.8D,11,Utilities,Direct Table 6D NAICS mapping.,"BEA NIPA archive, 2024 Q1 Third estimate, released June 28, 2024; Section 6 Table 6.8A/B/C/D."
2003,Construction,4,sector,8461.0,6.425962071558225,6.3971994767921005,Table 6.8D,12,Construction,Direct Table 6D NAICS mapping.,"BEA NIPA archive, 2024 Q1 Third estimate, released June 28, 2024; Section 6 Table 6.8A/B/C/D."
2003,Manufacturing,5,sector,14539.0,11.042082798532684,10.9926584556294,Table 6.8D,13,Manufacturing,Direct Table 6D NAICS mapping.,"BEA NIPA archive, 2024 Q1 Third estimate, released June 28, 2024; Section 6 Table 6.8A/B/C/D."
2003,Wholesale trade,6,sector,5641.0,4.284227874442731,4.26505167812129,Table 6.8D,35,Wholesale trade,Direct Table 6D NAICS mapping.,"BEA NIPA archive, 2024 Q1 Third estimate, released June 28, 2024; Section 6 Table 6.8A/B/C/D."
2003,Retail trade,7,sector,14153.0,10.748923436799855,10.700811274676587,Table 6.8D,38,Retail trade,Direct Table 6D NAICS mapping.,"BEA NIPA archive, 2024 Q1 Third estimate, released June 28, 2024; Section 6 Table 6.8A/B/C/D."
2003,Transportation and warehousing,8,sector,4373.0,3.321206965952502,3.3063412494990967,Table 6.8D,43,Transportation and warehousing,Direct Table 6D NAICS mapping.,"BEA NIPA archive, 2024 Q1 Third estimate, released June 28, 2024; Section 6 Table 6.8A/B/C/D."
2003,Information,9,sector,3123.0,2.3718567012736482,2.3612402749109713,Table 6.8D,52,Information,Direct Table 6D NAICS mapping.,"BEA NIPA archive, 2024 Q1 Third estimate, released June 28, 2024; Section 6 Table 6.8A/B/C/D."
2003,"Finance, insurance, real estate, rental, and leasing",10,sector,8364.0,6.3522924910191465,6.323859641164062,Table 6.8D,57 + 62,Finance and insurance + Real estate and rental and leasing,Constructed as finance and insurance plus real estate/rental/leasing.,"BEA NIPA archive, 2024 Q1 Third estimate, released June 28, 2024; Section 6 Table 6.8A/B/C/D."
2003,Professional and business services,11,service_detail,16836.0,12.786608844906546,12.729376006532538,Table 6.8D,65 + 69 + 70,"Professional, scientific, and technical services + Management of companies and enterprises\7\ + Administrative and waste management services",Constructed as professional/scientific/technical services plus management plus administrative/waste-management services.,"BEA NIPA archive, 2024 Q1 Third estimate, released June 28, 2024; Section 6 Table 6.8A/B/C/D."
2003,"Educational services, health care, and social assistance",12,service_detail,16215.0,12.31497163341409,12.259849842357157,Table 6.8D,73 + 74,Educational services + Health care and social assistance,Constructed as educational services plus health care/social assistance.,"BEA NIPA archive, 2024 Q1 Third estimate, released June 28, 2024; Section 6 Table 6.8A/B/C/D."
2003,"Arts, entertainment, recreation, accommodation, and food services",13,service_detail,10660.0,8.096059057181265,8.05982111128753,Table 6.8D,79 + 82,"Arts, entertainment, and recreation + Accommodation and food services",Constructed as arts/entertainment/recreation plus accommodation/food services.,"BEA NIPA archive, 2024 Q1 Third estimate, released June 28, 2024; Section 6 Table 6.8A/B/C/D."
2003,"Other services, except government",14,service_detail,6868.0,5.216110094251494,5.192762794776994,Table 6.8D,85,"Other services, except government",Direct Table 6D NAICS mapping.,"BEA NIPA archive, 2024 Q1 Third estimate, released June 28, 2024; Section 6 Table 6.8A/B/C/D."
2003,Services,15,services_total,50579.0,38.4137496297534,38.24180975495422,Table 6.8D,65 + 69 + 70 + 73 + 74 + 79 + 82 + 85,Sum of Table 6.8D service detail rows,Total services constructed as the sum of the four Table 6D-style service detail rows.,"BEA NIPA archive, 2024 Q1 Third estimate, released June 28, 2024; Section 6 Table 6.8A/B/C/D."
2003,Government,16,sector,19921.0,15.129605298133956,15.06188521181603,Table 6.8D,86,Government,Direct Table 6D NAICS mapping.,"BEA NIPA archive, 2024 Q1 Third estimate, released June 28, 2024; Section 6 Table 6.8A/B/C/D."
2003,Rest of the world,17,sector,-592.0,-0.44961228535190517,missing,Table 6.8D,97,Rest of the world\10\,Direct mapping.,"BEA NIPA archive, 2024 Q1 Third estimate, released June 28, 2024; Section 6 Table 6.8A/B/C/D."
2004,"Agriculture, forestry, fishing, and hunting",1,sector,2007.0,1.5101352876555658,1.503033026286228,Table 6.8D,4,"Agriculture, forestry, fishing, and hunting",Direct Table 6D NAICS mapping.,"BEA NIPA archive, 2024 Q1 Third estimate, released June 28, 2024; Section 6 Table 6.8A/B/C/D."
2004,Mining,2,sector,523.0,0.3935230470572301,0.39167228338201154,Table 6.8D,7,Mining,Direct Table 6D NAICS mapping.,"BEA NIPA archive, 2024 Q1 Third estimate, released June 28, 2024; Section 6 Table 6.8A/B/C/D."
2004,Utilities,3,sector,553.0,0.4160960707890024,0.41413914476147684,Table 6.8D,11,Utilities,Direct Table 6D NAICS mapping.,"BEA NIPA archive, 2024 Q1 Third estimate, released June 28, 2024; Section 6 Table 6.8A/B/C/D."
2004,Construction,4,sector,8859.0,6.665813907992355,6.6344641653561,Table 6.8D,12,Construction,Direct Table 6D NAICS mapping.,"BEA NIPA archive, 2024 Q1 Third estimate, released June 28, 2024; Section 6 Table 6.8A/B/C/D."
2004,Manufacturing,5,sector,14337.0,10.787648041413973,10.736913053246461,Table 6.8D,13,Manufacturing,Direct Table 6D NAICS mapping.,"BEA NIPA archive, 2024 Q1 Third estimate, released June 28, 2024; Section 6 Table 6.8A/B/C/D."
2004,Wholesale trade,6,sector,5673.0,4.268558787678138,4.248483486856886,Table 6.8D,35,Wholesale trade,Direct Table 6D NAICS mapping.,"BEA NIPA archive, 2024 Q1 Third estimate, released June 28, 2024; Section 6 Table 6.8A/B/C/D."
2004,Retail trade,7,sector,14183.0,10.671773186257543,10.621583164831874,Table 6.8D,38,Retail trade,Direct Table 6D NAICS mapping.,"BEA NIPA archive, 2024 Q1 Third estimate, released June 28, 2024; Section 6 Table 6.8A/B/C/D."
2004,Transportation and warehousing,8,sector,4489.0,3.377676784397526,3.3617913577473226,Table 6.8D,43,Transportation and warehousing,Direct Table 6D NAICS mapping.,"BEA NIPA archive, 2024 Q1 Third estimate, released June 28, 2024; Section 6 Table 6.8A/B/C/D."
2004,Information,9,sector,3029.0,2.279122962784608,2.2684041039466787,Table 6.8D,52,Information,Direct Table 6D NAICS mapping.,"BEA NIPA archive, 2024 Q1 Third estimate, released June 28, 2024; Section 6 Table 6.8A/B/C/D."
2004,"Finance, insurance, real estate, rental, and leasing",10,sector,8486.0,6.3851559795939865,6.355126188871415,Table 6.8D,57 + 62,Finance and insurance + Real estate and rental and leasing,Constructed as finance and insurance plus real estate/rental/leasing.,"BEA NIPA archive, 2024 Q1 Third estimate, released June 28, 2024; Section 6 Table 6.8A/B/C/D."
2004,Professional and business services,11,service_detail,17349.0,13.053979624083912,12.992585935744776,Table 6.8D,65 + 69 + 70,"Professional, scientific, and technical services + Management of companies and enterprises\7\ + Administrative and waste management services",Constructed as professional/scientific/technical services plus management plus administrative/waste-management services.,"BEA NIPA archive, 2024 Q1 Third estimate, released June 28, 2024; Section 6 Table 6.8A/B/C/D."
2004,"Educational services, health care, and social assistance",12,service_detail,16509.0,12.421934959594287,12.363513817119749,Table 6.8D,73 + 74,Educational services + Health care and social assistance,Constructed as educational services plus health care/social assistance.,"BEA NIPA archive, 2024 Q1 Third estimate, released June 28, 2024; Section 6 Table 6.8A/B/C/D."
2004,"Arts, entertainment, recreation, accommodation, and food services",13,service_detail,10694.0,8.046530526252427,8.00868718640006,Table 6.8D,79 + 82,"Arts, entertainment, and recreation + Accommodation and food services",Constructed as arts/entertainment/recreation plus accommodation/food services.,"BEA NIPA archive, 2024 Q1 Third estimate, released June 28, 2024; Section 6 Table 6.8A/B/C/D."
2004,"Other services, except government",14,service_detail,6881.0,5.17749920994417,5.153149105070022,Table 6.8D,85,"Other services, except government",Direct Table 6D NAICS mapping.,"BEA NIPA archive, 2024 Q1 Third estimate, released June 28, 2024; Section 6 Table 6.8A/B/C/D."
2004,Services,15,services_total,51433.0,38.699944319874795,38.517936044334604,Table 6.8D,65 + 69 + 70 + 73 + 74 + 79 + 82 + 85,Sum of Table 6.8D service detail rows,Total services constructed as the sum of the four Table 6D-style service detail rows.,"BEA NIPA archive, 2024 Q1 Third estimate, released June 28, 2024; Section 6 Table 6.8A/B/C/D."
2004,Government,16,sector,19957.0,15.016327820499315,14.945705084999625,Table 6.8D,86,Government,Direct Table 6D NAICS mapping.,"BEA NIPA archive, 2024 Q1 Third estimate, released June 28, 2024; Section 6 Table 6.8A/B/C/D."
2004,Rest of the world,17,sector,-628.0,-0.47252863011843316,missing,Table 6.8D,97,Rest of the world\10\,Direct mapping.,"BEA NIPA archive, 2024 Q1 Third estimate, released June 28, 2024; Section 6 Table 6.8A/B/C/D."
2005,"Agriculture, forestry, fishing, and hunting",1,sector,1971.0,1.4584119514306644,1.4512708744440845,Table 6.8D,4,"Agriculture, forestry, fishing, and hunting",Direct Table 6D NAICS mapping.,"BEA NIPA archive, 2024 Q1 Third estimate, released June 28, 2024; Section 6 Table 6.8A/B/C/D."
2005,Mining,2,sector,560.0,0.4143636188742628,0.41233469796483374,Table 6.8D,7,Mining,Direct Table 6D NAICS mapping.,"BEA NIPA archive, 2024 Q1 Third estimate, released June 28, 2024; Section 6 Table 6.8A/B/C/D."
2005,Utilities,3,sector,541.0,0.40030485323388604,0.39834477071245544,Table 6.8D,11,Utilities,Direct Table 6D NAICS mapping.,"BEA NIPA archive, 2024 Q1 Third estimate, released June 28, 2024; Section 6 Table 6.8A/B/C/D."
2005,Construction,4,sector,9145.0,6.766705883223453,6.733572880157865,Table 6.8D,12,Construction,Direct Table 6D NAICS mapping.,"BEA NIPA archive, 2024 Q1 Third estimate, released June 28, 2024; Section 6 Table 6.8A/B/C/D."
2005,Manufacturing,5,sector,14267.0,10.55665312585555,10.504962742614792,Table 6.8D,13,Manufacturing,Direct Table 6D NAICS mapping.,"BEA NIPA archive, 2024 Q1 Third estimate, released June 28, 2024; Section 6 Table 6.8A/B/C/D."
2005,Wholesale trade,6,sector,5819.0,4.305681961123813,4.284599299031013,Table 6.8D,35,Wholesale trade,Direct Table 6D NAICS mapping.,"BEA NIPA archive, 2024 Q1 Third estimate, released June 28, 2024; Section 6 Table 6.8A/B/C/D."
2005,Retail trade,7,sector,14476.0,10.711299547899694,10.658851942390951,Table 6.8D,38,Retail trade,Direct Table 6D NAICS mapping.,"BEA NIPA archive, 2024 Q1 Third estimate, released June 28, 2024; Section 6 Table 6.8A/B/C/D."
2005,Transportation and warehousing,8,sector,4623.0,3.4207196608137806,3.403970194091833,Table 6.8D,43,Transportation and warehousing,Direct Table 6D NAICS mapping.,"BEA NIPA archive, 2024 Q1 Third estimate, released June 28, 2024; Section 6 Table 6.8A/B/C/D."
2005,Information,9,sector,2983.0,2.2072262055391536,2.196418578623391,Table 6.8D,52,Information,Direct Table 6D NAICS mapping.,"BEA NIPA archive, 2024 Q1 Third estimate, released June 28, 2024; Section 6 Table 6.8A/B/C/D."
2005,"Finance, insurance, real estate, rental, and leasing",10,sector,8601.0,6.364181224888455,6.333019173563455,Table 6.8D,57 + 62,Finance and insurance + Real estate and rental and leasing,Constructed as finance and insurance plus real estate/rental/leasing.,"BEA NIPA archive, 2024 Q1 Third estimate, released June 28, 2024; Section 6 Table 6.8A/B/C/D."
2005,Professional and business services,11,service_detail,17906.0,13.249276713504555,13.18440196742556,Table 6.8D,65 + 69 + 70,"Professional, scientific, and technical services + Management of companies and enterprises\7\ + Administrative and waste management services",Constructed as professional/scientific/technical services plus management plus administrative/waste-management services.,"BEA NIPA archive, 2024 Q1 Third estimate, released June 28, 2024; Section 6 Table 6.8A/B/C/D."
2005,"Educational services, health care, and social assistance",12,service_detail,16868.0,12.48122414851976,12.420110152269313,Table 6.8D,73 + 74,Educational services + Health care and social assistance,Constructed as educational services plus health care/social assistance.,"BEA NIPA archive, 2024 Q1 Third estimate, released June 28, 2024; Section 6 Table 6.8A/B/C/D."
2005,"Arts, entertainment, recreation, accommodation, and food services",13,service_detail,11205.0,8.290972052653776,8.250375519099933,Table 6.8D,79 + 82,"Arts, entertainment, and recreation + Accommodation and food services",Constructed as arts/entertainment/recreation plus accommodation/food services.,"BEA NIPA archive, 2024 Q1 Third estimate, released June 28, 2024; Section 6 Table 6.8A/B/C/D."
2005,"Other services, except government",14,service_detail,6847.0,5.066335175771568,5.041527994580744,Table 6.8D,85,"Other services, except government",Direct Table 6D NAICS mapping.,"BEA NIPA archive, 2024 Q1 Third estimate, released June 28, 2024; Section 6 Table 6.8A/B/C/D."
2005,Services,15,services_total,52826.0,39.087808090449656,38.89641563337555,Table 6.8D,65 + 69 + 70 + 73 + 74 + 79 + 82 + 85,Sum of Table 6.8D service detail rows,Total services constructed as the sum of the four Table 6D-style service detail rows.,"BEA NIPA archive, 2024 Q1 Third estimate, released June 28, 2024; Section 6 Table 6.8A/B/C/D."
2005,Government,16,sector,19998.0,14.797220804013408,14.724766589108473,Table 6.8D,86,Government,Direct Table 6D NAICS mapping.,"BEA NIPA archive, 2024 Q1 Third estimate, released June 28, 2024; Section 6 Table 6.8A/B/C/D."
2005,Rest of the world,17,sector,-665.0,-0.49205679741318714,missing,Table 6.8D,97,Rest of the world\10\,Direct mapping.,"BEA NIPA archive, 2024 Q1 Third estimate, released June 28, 2024; Section 6 Table 6.8A/B/C/D."
2006,"Agriculture, forestry, fishing, and hunting",1,sector,2000.0,1.4547464740582334,1.4475236489176142,Table 6.8D,4,"Agriculture, forestry, fishing, and hunting",Direct Table 6D NAICS mapping.,"BEA NIPA archive, 2024 Q1 Third estimate, released June 28, 2024; Section 6 Table 6.8A/B/C/D."
2006,Mining,2,sector,616.0,0.4480619140099359,0.4458372838666252,Table 6.8D,7,Mining,Direct Table 6D NAICS mapping.,"BEA NIPA archive, 2024 Q1 Third estimate, released June 28, 2024; Section 6 Table 6.8A/B/C/D."
2006,Utilities,3,sector,543.0,0.3949636677068104,0.39300267068113226,Table 6.8D,11,Utilities,Direct Table 6D NAICS mapping.,"BEA NIPA archive, 2024 Q1 Third estimate, released June 28, 2024; Section 6 Table 6.8A/B/C/D."
2006,Construction,4,sector,9516.0,6.921683723569075,6.887317521550008,Table 6.8D,12,Construction,Direct Table 6D NAICS mapping.,"BEA NIPA archive, 2024 Q1 Third estimate, released June 28, 2024; Section 6 Table 6.8A/B/C/D."
2006,Manufacturing,5,sector,14215.0,10.339610564368895,10.288274334681942,Table 6.8D,13,Manufacturing,Direct Table 6D NAICS mapping.,"BEA NIPA archive, 2024 Q1 Third estimate, released June 28, 2024; Section 6 Table 6.8A/B/C/D."
2006,Wholesale trade,6,sector,5932.0,4.31477804205672,4.293355142689644,Table 6.8D,35,Wholesale trade,Direct Table 6D NAICS mapping.,"BEA NIPA archive, 2024 Q1 Third estimate, released June 28, 2024; Section 6 Table 6.8A/B/C/D."
2006,Retail trade,7,sector,14495.0,10.543275070737048,10.490927645530409,Table 6.8D,38,Retail trade,Direct Table 6D NAICS mapping.,"BEA NIPA archive, 2024 Q1 Third estimate, released June 28, 2024; Section 6 Table 6.8A/B/C/D."
2006,Transportation and warehousing,8,sector,4691.0,3.412107854903587,3.395166718536264,Table 6.8D,43,Transportation and warehousing,Direct Table 6D NAICS mapping.,"BEA NIPA archive, 2024 Q1 Third estimate, released June 28, 2024; Section 6 Table 6.8A/B/C/D."
2006,Information,9,sector,2978.0,2.1661174998727097,2.1553627132383277,Table 6.8D,52,Information,Direct Table 6D NAICS mapping.,"BEA NIPA archive, 2024 Q1 Third estimate, released June 28, 2024; Section 6 Table 6.8A/B/C/D."
2006,"Finance, insurance, real estate, rental, and leasing",10,sector,8821.0,6.416159323833839,6.384303053551138,Table 6.8D,57 + 62,Finance and insurance + Real estate and rental and leasing,Constructed as finance and insurance plus real estate/rental/leasing.,"BEA NIPA archive, 2024 Q1 Third estimate, released June 28, 2024; Section 6 Table 6.8A/B/C/D."
2006,Professional and business services,11,service_detail,18461.0,13.428037328794524,13.361367041334038,Table 6.8D,65 + 69 + 70,"Professional, scientific, and technical services + Management of companies and enterprises\7\ + Administrative and waste management services",Constructed as professional/scientific/technical services plus management plus administrative/waste-management services.,"BEA NIPA archive, 2024 Q1 Third estimate, released June 28, 2024; Section 6 Table 6.8A/B/C/D."
2006,"Educational services, health care, and social assistance",12,service_detail,17457.0,12.69775459881729,12.634710169577396,Table 6.8D,73 + 74,Educational services + Health care and social assistance,Constructed as educational services plus health care/social assistance.,"BEA NIPA archive, 2024 Q1 Third estimate, released June 28, 2024; Section 6 Table 6.8A/B/C/D."
2006,"Arts, entertainment, recreation, accommodation, and food services",13,service_detail,11496.0,8.361882732886727,8.320365933978447,Table 6.8D,79 + 82,"Arts, entertainment, and recreation + Accommodation and food services",Constructed as arts/entertainment/recreation plus accommodation/food services.,"BEA NIPA archive, 2024 Q1 Third estimate, released June 28, 2024; Section 6 Table 6.8A/B/C/D."
2006,"Other services, except government",14,service_detail,6916.0,5.030513307293371,5.00553677795711,Table 6.8D,85,"Other services, except government",Direct Table 6D NAICS mapping.,"BEA NIPA archive, 2024 Q1 Third estimate, released June 28, 2024; Section 6 Table 6.8A/B/C/D."
2006,Services,15,services_total,54330.0,39.51818796779191,39.32197992284699,Table 6.8D,65 + 69 + 70 + 73 + 74 + 79 + 82 + 85,Sum of Table 6.8D service detail rows,Total services constructed as the sum of the four Table 6D-style service detail rows.,"BEA NIPA archive, 2024 Q1 Third estimate, released June 28, 2024; Section 6 Table 6.8A/B/C/D."
2006,Government,16,sector,20031.0,14.570013310930237,14.497673105734364,Table 6.8D,86,Government,Direct Table 6D NAICS mapping.,"BEA NIPA archive, 2024 Q1 Third estimate, released June 28, 2024; Section 6 Table 6.8A/B/C/D."
2006,Rest of the world,17,sector,-686.0,-0.4989780406019741,missing,Table 6.8D,97,Rest of the world\10\,Direct mapping.,"BEA NIPA archive, 2024 Q1 Third estimate, released June 28, 2024; Section 6 Table 6.8A/B/C/D."
2007,"Agriculture, forestry, fishing, and hunting",1,sector,1958.0,1.4125353494546085,1.4051858390567027,Table 6.8D,4,"Agriculture, forestry, fishing, and hunting",Direct Table 6D NAICS mapping.,"BEA NIPA archive, 2024 Q1 Third estimate, released June 28, 2024; Section 6 Table 6.8A/B/C/D."
2007,Mining,2,sector,667.0,0.48118543313903156,0.4786817950208481,Table 6.8D,7,Mining,Direct Table 6D NAICS mapping.,"BEA NIPA archive, 2024 Q1 Third estimate, released June 28, 2024; Section 6 Table 6.8A/B/C/D."
2007,Utilities,3,sector,544.0,0.392451087897501,0.3904091401669286,Table 6.8D,11,Utilities,Direct Table 6D NAICS mapping.,"BEA NIPA archive, 2024 Q1 Third estimate, released June 28, 2024; Section 6 Table 6.8A/B/C/D."
2007,Construction,4,sector,9460.0,6.8246089917469845,6.789100121285192,Table 6.8D,12,Construction,Direct Table 6D NAICS mapping.,"BEA NIPA archive, 2024 Q1 Third estimate, released June 28, 2024; Section 6 Table 6.8A/B/C/D."
2007,Manufacturing,5,sector,13939.0,10.055837709932476,10.003516552916945,Table 6.8D,13,Manufacturing,Direct Table 6D NAICS mapping.,"BEA NIPA archive, 2024 Q1 Third estimate, released June 28, 2024; Section 6 Table 6.8A/B/C/D."
2007,Wholesale trade,6,sector,6013.0,4.337883072661165,4.315312793793643,Table 6.8D,35,Wholesale trade,Direct Table 6D NAICS mapping.,"BEA NIPA archive, 2024 Q1 Third estimate, released June 28, 2024; Section 6 Table 6.8A/B/C/D."
2007,Retail trade,7,sector,14610.0,10.53990881283546,10.485069003380197,Table 6.8D,38,Retail trade,Direct Table 6D NAICS mapping.,"BEA NIPA archive, 2024 Q1 Third estimate, released June 28, 2024; Section 6 Table 6.8A/B/C/D."
2007,Transportation and warehousing,8,sector,4730.0,3.4123044958734923,3.394550060642596,Table 6.8D,43,Transportation and warehousing,Direct Table 6D NAICS mapping.,"BEA NIPA archive, 2024 Q1 Third estimate, released June 28, 2024; Section 6 Table 6.8A/B/C/D."
2007,Information,9,sector,2988.0,2.155595313672303,2.1443796154757035,Table 6.8D,52,Information,Direct Table 6D NAICS mapping.,"BEA NIPA archive, 2024 Q1 Third estimate, released June 28, 2024; Section 6 Table 6.8A/B/C/D."
2007,"Finance, insurance, real estate, rental, and leasing",10,sector,8767.0,6.324666705142263,6.291759065888719,Table 6.8D,57 + 62,Finance and insurance + Real estate and rental and leasing,Constructed as finance and insurance plus real estate/rental/leasing.,"BEA NIPA archive, 2024 Q1 Third estimate, released June 28, 2024; Section 6 Table 6.8A/B/C/D."
2007,Professional and business services,11,service_detail,18916.0,13.646332313730017,13.575329587127982,Table 6.8D,65 + 69 + 70,"Professional, scientific, and technical services + Management of companies and enterprises\7\ + Administrative and waste management services",Constructed as professional/scientific/technical services plus management plus administrative/waste-management services.,"BEA NIPA archive, 2024 Q1 Third estimate, released June 28, 2024; Section 6 Table 6.8A/B/C/D."
2007,"Educational services, health care, and social assistance",12,service_detail,17801.0,12.841951867028337,12.775134382557898,Table 6.8D,73 + 74,Educational services + Health care and social assistance,Constructed as educational services plus health care/social assistance.,"BEA NIPA archive, 2024 Q1 Third estimate, released June 28, 2024; Section 6 Table 6.8A/B/C/D."
2007,"Arts, entertainment, recreation, accommodation, and food services",13,service_detail,11715.0,8.451405321175045,8.407432126940384,Table 6.8D,79 + 82,"Arts, entertainment, and recreation + Accommodation and food services",Constructed as arts/entertainment/recreation plus accommodation/food services.,"BEA NIPA archive, 2024 Q1 Third estimate, released June 28, 2024; Section 6 Table 6.8A/B/C/D."
2007,"Other services, except government",14,service_detail,6971.0,5.029000981127719,5.002834772249374,Table 6.8D,85,"Other services, except government",Direct Table 6D NAICS mapping.,"BEA NIPA archive, 2024 Q1 Third estimate, released June 28, 2024; Section 6 Table 6.8A/B/C/D."
2007,Services,15,services_total,55403.0,39.96869048306112,39.76073086887563,Table 6.8D,65 + 69 + 70 + 73 + 74 + 79 + 82 + 85,Sum of Table 6.8D service detail rows,Total services constructed as the sum of the four Table 6D-style service detail rows.,"BEA NIPA archive, 2024 Q1 Third estimate, released June 28, 2024; Section 6 Table 6.8A/B/C/D."
2007,Government,16,sector,20259.0,14.615195936976972,14.539152151915086,Table 6.8D,86,Government,Direct Table 6D NAICS mapping.,"BEA NIPA archive, 2024 Q1 Third estimate, released June 28, 2024; Section 6 Table 6.8A/B/C/D."
2007,Rest of the world,17,sector,-725.0,-0.5230276447163387,missing,Table 6.8D,97,Rest of the world\10\,Direct mapping.,"BEA NIPA archive, 2024 Q1 Third estimate, released June 28, 2024; Section 6 Table 6.8A/B/C/D."
2008,"Agriculture, forestry, fishing, and hunting",1,sector,1948.0,1.4199285662220278,1.4086340299370887,Table 6.8D,4,"Agriculture, forestry, fishing, and hunting",Direct Table 6D NAICS mapping.,"BEA NIPA archive, 2024 Q1 Third estimate, released June 28, 2024; Section 6 Table 6.8A/B/C/D."
2008,Mining,2,sector,723.0,0.5270063415700853,0.5228143755875334,Table 6.8D,7,Mining,Direct Table 6D NAICS mapping.,"BEA NIPA archive, 2024 Q1 Third estimate, released June 28, 2024; Section 6 Table 6.8A/B/C/D."
2008,Utilities,3,sector,554.0,0.40381952037320507,0.40060741919155396,Table 6.8D,11,Utilities,Direct Table 6D NAICS mapping.,"BEA NIPA archive, 2024 Q1 Third estimate, released June 28, 2024; Section 6 Table 6.8A/B/C/D."
2008,Construction,4,sector,8928.0,6.507762956483709,6.455998264516595,Table 6.8D,12,Construction,Direct Table 6D NAICS mapping.,"BEA NIPA archive, 2024 Q1 Third estimate, released June 28, 2024; Section 6 Table 6.8A/B/C/D."
2008,Manufacturing,5,sector,13436.0,9.793716743202857,9.715814592522959,Table 6.8D,13,Manufacturing,Direct Table 6D NAICS mapping.,"BEA NIPA archive, 2024 Q1 Third estimate, released June 28, 2024; Section 6 Table 6.8A/B/C/D."
2008,Wholesale trade,6,sector,5974.0,4.354544791894453,4.319907440885096,Table 6.8D,35,Wholesale trade,Direct Table 6D NAICS mapping.,"BEA NIPA archive, 2024 Q1 Third estimate, released June 28, 2024; Section 6 Table 6.8A/B/C/D."
2008,Retail trade,7,sector,14288.0,10.414753261899556,10.331911201099139,Table 6.8D,38,Retail trade,Direct Table 6D NAICS mapping.,"BEA NIPA archive, 2024 Q1 Third estimate, released June 28, 2024; Section 6 Table 6.8A/B/C/D."
2008,Transportation and warehousing,8,sector,4697.0,3.423718929951163,3.396485646106009,Table 6.8D,43,Transportation and warehousing,Direct Table 6D NAICS mapping.,"BEA NIPA archive, 2024 Q1 Third estimate, released June 28, 2024; Section 6 Table 6.8A/B/C/D."
2008,Information,9,sector,2921.0,2.1291639332312853,2.1122279268204496,Table 6.8D,52,Information,Direct Table 6D NAICS mapping.,"BEA NIPA archive, 2024 Q1 Third estimate, released June 28, 2024; Section 6 Table 6.8A/B/C/D."
2008,"Finance, insurance, real estate, rental, and leasing",10,sector,8558.0,6.238063998833734,6.188444572998771,Table 6.8D,57 + 62,Finance and insurance + Real estate and rental and leasing,Constructed as finance and insurance plus real estate/rental/leasing.,"BEA NIPA archive, 2024 Q1 Third estimate, released June 28, 2024; Section 6 Table 6.8A/B/C/D."
2008,Professional and business services,11,service_detail,18749.0,13.66644799183614,13.557740979101887,Table 6.8D,65 + 69 + 70,"Professional, scientific, and technical services + Management of companies and enterprises\7\ + Administrative and waste management services",Constructed as professional/scientific/technical services plus management plus administrative/waste-management services.,"BEA NIPA archive, 2024 Q1 Third estimate, released June 28, 2024; Section 6 Table 6.8A/B/C/D."
2008,"Educational services, health care, and social assistance",12,service_detail,18265.0,13.313652598585902,13.207751825873165,Table 6.8D,73 + 74,Educational services + Health care and social assistance,Constructed as educational services plus health care/social assistance.,"BEA NIPA archive, 2024 Q1 Third estimate, released June 28, 2024; Section 6 Table 6.8A/B/C/D."
2008,"Arts, entertainment, recreation, accommodation, and food services",13,service_detail,11709.0,8.534878635469058,8.466989659411382,Table 6.8D,79 + 82,"Arts, entertainment, and recreation + Accommodation and food services",Constructed as arts/entertainment/recreation plus accommodation/food services.,"BEA NIPA archive, 2024 Q1 Third estimate, released June 28, 2024; Section 6 Table 6.8A/B/C/D."
2008,"Other services, except government",14,service_detail,6969.0,5.0798163131423575,5.039409935642491,Table 6.8D,85,"Other services, except government",Direct Table 6D NAICS mapping.,"BEA NIPA archive, 2024 Q1 Third estimate, released June 28, 2024; Section 6 Table 6.8A/B/C/D."
2008,Services,15,services_total,55692.0,40.594795539033456,40.271892400028925,Table 6.8D,65 + 69 + 70 + 73 + 74 + 79 + 82 + 85,Sum of Table 6.8D service detail rows,Total services constructed as the sum of the four Table 6D-style service detail rows.,"BEA NIPA archive, 2024 Q1 Third estimate, released June 28, 2024; Section 6 Table 6.8A/B/C/D."
2008,Government,16,sector,20571.0,14.994533129236824,14.87526213030588,Table 6.8D,86,Government,Direct Table 6D NAICS mapping.,"BEA NIPA archive, 2024 Q1 Third estimate, released June 28, 2024; Section 6 Table 6.8A/B/C/D."
2008,Rest of the world,17,sector,-1100.0,-0.8018077119323566,missing,Table 6.8D,97,Rest of the world\10\,Direct mapping.,"BEA NIPA archive, 2024 Q1 Third estimate, released June 28, 2024; Section 6 Table 6.8A/B/C/D."
2009,"Agriculture, forestry, fishing, and hunting",1,sector,1896.0,1.4530517151528157,1.4441753119144463,Table 6.8D,4,"Agriculture, forestry, fishing, and hunting",Direct Table 6D NAICS mapping.,"BEA NIPA archive, 2024 Q1 Third estimate, released June 28, 2024; Section 6 Table 6.8A/B/C/D."
2009,Mining,2,sector,648.0,0.49661261150792435,0.493578904072026,Table 6.8D,7,Mining,Direct Table 6D NAICS mapping.,"BEA NIPA archive, 2024 Q1 Third estimate, released June 28, 2024; Section 6 Table 6.8A/B/C/D."
2009,Utilities,3,sector,555.0,0.42533950522669445,0.4227411909876148,Table 6.8D,11,Utilities,Direct Table 6D NAICS mapping.,"BEA NIPA archive, 2024 Q1 Third estimate, released June 28, 2024; Section 6 Table 6.8A/B/C/D."
2009,Construction,4,sector,7557.0,5.7915146684650995,5.756135459988117,Table 6.8D,12,Construction,Direct Table 6D NAICS mapping.,"BEA NIPA archive, 2024 Q1 Third estimate, released June 28, 2024; Section 6 Table 6.8A/B/C/D."
2009,Manufacturing,5,sector,11835.0,9.070077557401675,9.01467026187103,Table 6.8D,13,Manufacturing,Direct Table 6D NAICS mapping.,"BEA NIPA archive, 2024 Q1 Third estimate, released June 28, 2024; Section 6 Table 6.8A/B/C/D."
2009,Wholesale trade,6,sector,5563.0,4.263357959596579,4.237313955791174,Table 6.8D,35,Wholesale trade,Direct Table 6D NAICS mapping.,"BEA NIPA archive, 2024 Q1 Third estimate, released June 28, 2024; Section 6 Table 6.8A/B/C/D."
2009,Retail trade,7,sector,13419.0,10.284019496643266,10.221196471824872,Table 6.8D,38,Retail trade,Direct Table 6D NAICS mapping.,"BEA NIPA archive, 2024 Q1 Third estimate, released June 28, 2024; Section 6 Table 6.8A/B/C/D."
2009,Transportation and warehousing,8,sector,4382.0,3.358266147573649,3.3377511692031137,Table 6.8D,43,Transportation and warehousing,Direct Table 6D NAICS mapping.,"BEA NIPA archive, 2024 Q1 Third estimate, released June 28, 2024; Section 6 Table 6.8A/B/C/D."
2009,Information,9,sector,2772.0,2.1243983936727875,2.111420867419222,Table 6.8D,52,Information,Direct Table 6D NAICS mapping.,"BEA NIPA archive, 2024 Q1 Third estimate, released June 28, 2024; Section 6 Table 6.8A/B/C/D."
2009,"Finance, insurance, real estate, rental, and leasing",10,sector,8072.0,6.186199074215996,6.148408817391039,Table 6.8D,57 + 62,Finance and insurance + Real estate and rental and leasing,Constructed as finance and insurance plus real estate/rental/leasing.,"BEA NIPA archive, 2024 Q1 Third estimate, released June 28, 2024; Section 6 Table 6.8A/B/C/D."
2009,Professional and business services,11,service_detail,17553.0,13.452224027466968,13.370047072802889,Table 6.8D,65 + 69 + 70,"Professional, scientific, and technical services + Management of companies and enterprises\7\ + Administrative and waste management services",Constructed as professional/scientific/technical services plus management plus administrative/waste-management services.,"BEA NIPA archive, 2024 Q1 Third estimate, released June 28, 2024; Section 6 Table 6.8A/B/C/D."
2009,"Educational services, health care, and social assistance",12,service_detail,18557.0,14.221667024309493,14.134789695778682,Table 6.8D,73 + 74,Educational services + Health care and social assistance,Constructed as educational services plus health care/social assistance.,"BEA NIPA archive, 2024 Q1 Third estimate, released June 28, 2024; Section 6 Table 6.8A/B/C/D."
2009,"Arts, entertainment, recreation, accommodation, and food services",13,service_detail,11134.0,8.532846939088317,8.480721478299285,Table 6.8D,79 + 82,"Arts, entertainment, and recreation + Accommodation and food services",Constructed as arts/entertainment/recreation plus accommodation/food services.,"BEA NIPA archive, 2024 Q1 Third estimate, released June 28, 2024; Section 6 Table 6.8A/B/C/D."
2009,"Other services, except government",14,service_detail,6734.0,5.160785996750559,5.12925978398306,Table 6.8D,85,"Other services, except government",Direct Table 6D NAICS mapping.,"BEA NIPA archive, 2024 Q1 Third estimate, released June 28, 2024; Section 6 Table 6.8A/B/C/D."
2009,Services,15,services_total,53978.0,41.36752398761534,41.114818030863916,Table 6.8D,65 + 69 + 70 + 73 + 74 + 79 + 82 + 85,Sum of Table 6.8D service detail rows,Total services constructed as the sum of the four Table 6D-style service detail rows.,"BEA NIPA archive, 2024 Q1 Third estimate, released June 28, 2024; Section 6 Table 6.8A/B/C/D."
2009,Government,16,sector,20608.0,15.793507249931025,15.697027862833814,Table 6.8D,86,Government,Direct Table 6D NAICS mapping.,"BEA NIPA archive, 2024 Q1 Third estimate, released June 28, 2024; Section 6 Table 6.8A/B/C/D."
2009,Rest of the world,17,sector,-802.0,-0.6146347444897459,missing,Table 6.8D,97,Rest of the world\10\,Direct mapping.,"BEA NIPA archive, 2024 Q1 Third estimate, released June 28, 2024; Section 6 Table 6.8A/B/C/D."
2010,"Agriculture, forestry, fishing, and hunting",1,sector,1920.0,1.4840235588739972,1.4746543778801844,Table 6.8D,4,"Agriculture, forestry, fishing, and hunting",Direct Table 6D NAICS mapping.,"BEA NIPA archive, 2024 Q1 Third estimate, released June 28, 2024; Section 6 Table 6.8A/B/C/D."
2010,Mining,2,sector,662.0,0.5116789562367636,0.5084485407066052,Table 6.8D,7,Mining,Direct Table 6D NAICS mapping.,"BEA NIPA archive, 2024 Q1 Third estimate, released June 28, 2024; Section 6 Table 6.8A/B/C/D."
2010,Utilities,3,sector,546.0,0.42201919955479295,0.41935483870967744,Table 6.8D,11,Utilities,Direct Table 6D NAICS mapping.,"BEA NIPA archive, 2024 Q1 Third estimate, released June 28, 2024; Section 6 Table 6.8A/B/C/D."
2010,Construction,4,sector,7100.0,5.487795452086135,5.453149001536098,Table 6.8D,12,Construction,Direct Table 6D NAICS mapping.,"BEA NIPA archive, 2024 Q1 Third estimate, released June 28, 2024; Section 6 Table 6.8A/B/C/D."
2010,Manufacturing,5,sector,11523.0,8.906460140054723,8.850230414746544,Table 6.8D,13,Manufacturing,Direct Table 6D NAICS mapping.,"BEA NIPA archive, 2024 Q1 Third estimate, released June 28, 2024; Section 6 Table 6.8A/B/C/D."
2010,Wholesale trade,6,sector,5453.0,4.214781492989535,4.188172043010753,Table 6.8D,35,Wholesale trade,Direct Table 6D NAICS mapping.,"BEA NIPA archive, 2024 Q1 Third estimate, released June 28, 2024; Section 6 Table 6.8A/B/C/D."
2010,Retail trade,7,sector,13245.0,10.237443769419839,10.172811059907835,Table 6.8D,38,Retail trade,Direct Table 6D NAICS mapping.,"BEA NIPA archive, 2024 Q1 Third estimate, released June 28, 2024; Section 6 Table 6.8A/B/C/D."
2010,Transportation and warehousing,8,sector,4289.0,3.315092210422174,3.294162826420891,Table 6.8D,43,Transportation and warehousing,Direct Table 6D NAICS mapping.,"BEA NIPA archive, 2024 Q1 Third estimate, released June 28, 2024; Section 6 Table 6.8A/B/C/D."
2010,Information,9,sector,2652.0,2.0498075406947085,2.0368663594470044,Table 6.8D,52,Information,Direct Table 6D NAICS mapping.,"BEA NIPA archive, 2024 Q1 Third estimate, released June 28, 2024; Section 6 Table 6.8A/B/C/D."
2010,"Finance, insurance, real estate, rental, and leasing",10,sector,7934.0,6.132418185472027,6.093701996927804,Table 6.8D,57 + 62,Finance and insurance + Real estate and rental and leasing,Constructed as finance and insurance plus real estate/rental/leasing.,"BEA NIPA archive, 2024 Q1 Third estimate, released June 28, 2024; Section 6 Table 6.8A/B/C/D."
2010,Professional and business services,11,service_detail,17776.0,13.73958478257509,13.65284178187404,Table 6.8D,65 + 69 + 70,"Professional, scientific, and technical services + Management of companies and enterprises\7\ + Administrative and waste management services",Constructed as professional/scientific/technical services plus management plus administrative/waste-management services.,"BEA NIPA archive, 2024 Q1 Third estimate, released June 28, 2024; Section 6 Table 6.8A/B/C/D."
2010,"Educational services, health care, and social assistance",12,service_detail,18873.0,14.587487826369244,14.495391705069125,Table 6.8D,73 + 74,Educational services + Health care and social assistance,Constructed as educational services plus health care/social assistance.,"BEA NIPA archive, 2024 Q1 Third estimate, released June 28, 2024; Section 6 Table 6.8A/B/C/D."
2010,"Arts, entertainment, recreation, accommodation, and food services",13,service_detail,11085.0,8.567917265686592,8.513824884792626,Table 6.8D,79 + 82,"Arts, entertainment, and recreation + Accommodation and food services",Constructed as arts/entertainment/recreation plus accommodation/food services.,"BEA NIPA archive, 2024 Q1 Third estimate, released June 28, 2024; Section 6 Table 6.8A/B/C/D."
2010,"Other services, except government",14,service_detail,6579.0,5.0850994759541805,5.052995391705069,Table 6.8D,85,"Other services, except government",Direct Table 6D NAICS mapping.,"BEA NIPA archive, 2024 Q1 Third estimate, released June 28, 2024; Section 6 Table 6.8A/B/C/D."
2010,Services,15,services_total,54313.0,41.98008935058511,41.715053763440864,Table 6.8D,65 + 69 + 70 + 73 + 74 + 79 + 82 + 85,Sum of Table 6.8D service detail rows,Total services constructed as the sum of the four Table 6D-style service detail rows.,"BEA NIPA archive, 2024 Q1 Third estimate, released June 28, 2024; Section 6 Table 6.8A/B/C/D."
2010,Government,16,sector,20564.0,15.89451065869004,15.79416282642089,Table 6.8D,86,Government,Direct Table 6D NAICS mapping.,"BEA NIPA archive, 2024 Q1 Third estimate, released June 28, 2024; Section 6 Table 6.8A/B/C/D."
2010,Rest of the world,17,sector,-822.0,-0.63534758614293,missing,Table 6.8D,97,Rest of the world\10\,Direct mapping.,"BEA NIPA archive, 2024 Q1 Third estimate, released June 28, 2024; Section 6 Table 6.8A/B/C/D."
2011,"Agriculture, forestry, fishing, and hunting",1,sector,1958.0,1.4993720709406684,1.4899477985602751,Table 6.8D,4,"Agriculture, forestry, fishing, and hunting",Direct Table 6D NAICS mapping.,"BEA NIPA archive, 2024 Q1 Third estimate, released June 28, 2024; Section 6 Table 6.8A/B/C/D."
2011,Mining,2,sector,734.0,0.5620730848163691,0.558540185977141,Table 6.8D,7,Mining,Direct Table 6D NAICS mapping.,"BEA NIPA archive, 2024 Q1 Third estimate, released June 28, 2024; Section 6 Table 6.8A/B/C/D."
2011,Utilities,3,sector,545.0,0.41734309431188166,0.4147198928576864,Table 6.8D,11,Utilities,Direct Table 6D NAICS mapping.,"BEA NIPA archive, 2024 Q1 Third estimate, released June 28, 2024; Section 6 Table 6.8A/B/C/D."
2011,Construction,4,sector,6963.0,5.332036634300242,5.298522227464349,Table 6.8D,12,Construction,Direct Table 6D NAICS mapping.,"BEA NIPA archive, 2024 Q1 Third estimate, released June 28, 2024; Section 6 Table 6.8A/B/C/D."
2011,Manufacturing,5,sector,11719.0,8.974025178423744,8.91761912733803,Table 6.8D,13,Manufacturing,Direct Table 6D NAICS mapping.,"BEA NIPA archive, 2024 Q1 Third estimate, released June 28, 2024; Section 6 Table 6.8A/B/C/D."
2011,Wholesale trade,6,sector,5513.0,4.221674273286979,4.195139026283349,Table 6.8D,35,Wholesale trade,Direct Table 6D NAICS mapping.,"BEA NIPA archive, 2024 Q1 Third estimate, released June 28, 2024; Section 6 Table 6.8A/B/C/D."
2011,Retail trade,7,sector,13400.0,10.261279750053603,10.196782686776142,Table 6.8D,38,Retail trade,Direct Table 6D NAICS mapping.,"BEA NIPA archive, 2024 Q1 Third estimate, released June 28, 2024; Section 6 Table 6.8A/B/C/D."
2011,Transportation and warehousing,8,sector,4394.0,3.36478083744295,3.343631576544356,Table 6.8D,43,Transportation and warehousing,Direct Table 6D NAICS mapping.,"BEA NIPA archive, 2024 Q1 Third estimate, released June 28, 2024; Section 6 Table 6.8A/B/C/D."
2011,Information,9,sector,2650.0,2.029282935644929,2.0165279193997594,Table 6.8D,52,Information,Direct Table 6D NAICS mapping.,"BEA NIPA archive, 2024 Q1 Third estimate, released June 28, 2024; Section 6 Table 6.8A/B/C/D."
2011,"Finance, insurance, real estate, rental, and leasing",10,sector,7987.0,6.116182191319264,6.07773905367769,Table 6.8D,57 + 62,Finance and insurance + Real estate and rental and leasing,Constructed as finance and insurance plus real estate/rental/leasing.,"BEA NIPA archive, 2024 Q1 Third estimate, released June 28, 2024; Section 6 Table 6.8A/B/C/D."
2011,Professional and business services,11,service_detail,18287.0,14.003583790241063,13.915564551722039,Table 6.8D,65 + 69 + 70,"Professional, scientific, and technical services + Management of companies and enterprises\7\ + Administrative and waste management services",Constructed as professional/scientific/technical services plus management plus administrative/waste-management services.,"BEA NIPA archive, 2024 Q1 Third estimate, released June 28, 2024; Section 6 Table 6.8A/B/C/D."
2011,"Educational services, health care, and social assistance",12,service_detail,19101.0,14.626918246699544,14.534981052247097,Table 6.8D,73 + 74,Educational services + Health care and social assistance,Constructed as educational services plus health care/social assistance.,"BEA NIPA archive, 2024 Q1 Third estimate, released June 28, 2024; Section 6 Table 6.8A/B/C/D."
2011,"Arts, entertainment, recreation, accommodation, and food services",13,service_detail,11380.0,8.714430116090298,8.659655744441231,Table 6.8D,79 + 82,"Arts, entertainment, and recreation + Accommodation and food services",Constructed as arts/entertainment/recreation plus accommodation/food services.,"BEA NIPA archive, 2024 Q1 Third estimate, released June 28, 2024; Section 6 Table 6.8A/B/C/D."
2011,"Other services, except government",14,service_detail,6509.0,4.984378350231261,4.953049142404919,Table 6.8D,85,"Other services, except government",Direct Table 6D NAICS mapping.,"BEA NIPA archive, 2024 Q1 Third estimate, released June 28, 2024; Section 6 Table 6.8A/B/C/D."
2011,Services,15,services_total,55277.0,42.32931050326217,42.063250490815285,Table 6.8D,65 + 69 + 70 + 73 + 74 + 79 + 82 + 85,Sum of Table 6.8D service detail rows,Total services constructed as the sum of the four Table 6D-style service detail rows.,"BEA NIPA archive, 2024 Q1 Third estimate, released June 28, 2024; Section 6 Table 6.8A/B/C/D."
2011,Government,16,sector,20275.0,15.525928875547523,15.428340968237784,Table 6.8D,86,Government,Direct Table 6D NAICS mapping.,"BEA NIPA archive, 2024 Q1 Third estimate, released June 28, 2024; Section 6 Table 6.8A/B/C/D."
2011,Rest of the world,17,sector,-826.0,-0.6325236622047967,missing,Table 6.8D,97,Rest of the world\10\,Direct mapping.,"BEA NIPA archive, 2024 Q1 Third estimate, released June 28, 2024; Section 6 Table 6.8A/B/C/D."
2012,"Agriculture, forestry, fishing, and hunting",1,sector,1917.0,1.4408117249154453,1.4302874750986727,Table 6.8D,4,"Agriculture, forestry, fishing, and hunting",Direct Table 6D NAICS mapping.,"BEA NIPA archive, 2024 Q1 Third estimate, released June 28, 2024; Section 6 Table 6.8A/B/C/D."
2012,Mining,2,sector,800.0,0.6012777151446824,0.5968857486066448,Table 6.8D,7,Mining,Direct Table 6D NAICS mapping.,"BEA NIPA archive, 2024 Q1 Third estimate, released June 28, 2024; Section 6 Table 6.8A/B/C/D."
2012,Utilities,3,sector,544.0,0.40886884629838405,0.4058823090525185,Table 6.8D,11,Utilities,Direct Table 6D NAICS mapping.,"BEA NIPA archive, 2024 Q1 Third estimate, released June 28, 2024; Section 6 Table 6.8A/B/C/D."
2012,Construction,4,sector,7019.0,5.275460353250658,5.23692633683755,Table 6.8D,12,Construction,Direct Table 6D NAICS mapping.,"BEA NIPA archive, 2024 Q1 Third estimate, released June 28, 2024; Section 6 Table 6.8A/B/C/D."
2012,Manufacturing,5,sector,11960.0,8.989101841413003,8.92344194166934,Table 6.8D,13,Manufacturing,Direct Table 6D NAICS mapping.,"BEA NIPA archive, 2024 Q1 Third estimate, released June 28, 2024; Section 6 Table 6.8A/B/C/D."
2012,Wholesale trade,6,sector,5604.0,4.2119503945885,4.181184668989547,Table 6.8D,35,Wholesale trade,Direct Table 6D NAICS mapping.,"BEA NIPA archive, 2024 Q1 Third estimate, released June 28, 2024; Section 6 Table 6.8A/B/C/D."
2012,Retail trade,7,sector,13590.0,10.214205186020292,10.13959665445538,Table 6.8D,38,Retail trade,Direct Table 6D NAICS mapping.,"BEA NIPA archive, 2024 Q1 Third estimate, released June 28, 2024; Section 6 Table 6.8A/B/C/D."
2012,Transportation and warehousing,8,sector,4543.0,3.4145058248778652,3.3895649448999845,Table 6.8D,43,Transportation and warehousing,Direct Table 6D NAICS mapping.,"BEA NIPA archive, 2024 Q1 Third estimate, released June 28, 2024; Section 6 Table 6.8A/B/C/D."
2012,Information,9,sector,2652.0,1.9932356257046224,1.9786762566310276,Table 6.8D,52,Information,Direct Table 6D NAICS mapping.,"BEA NIPA archive, 2024 Q1 Third estimate, released June 28, 2024; Section 6 Table 6.8A/B/C/D."
2012,"Finance, insurance, real estate, rental, and leasing",10,sector,8136.0,6.11499436302142,6.070328063329578,Table 6.8D,57 + 62,Finance and insurance + Real estate and rental and leasing,Constructed as finance and insurance plus real estate/rental/leasing.,"BEA NIPA archive, 2024 Q1 Third estimate, released June 28, 2024; Section 6 Table 6.8A/B/C/D."
2012,Professional and business services,11,service_detail,18887.0,14.195415257422022,14.091726417417126,Table 6.8D,65 + 69 + 70,"Professional, scientific, and technical services + Management of companies and enterprises\7\ + Administrative and waste management services",Constructed as professional/scientific/technical services plus management plus administrative/waste-management services.,"BEA NIPA archive, 2024 Q1 Third estimate, released June 28, 2024; Section 6 Table 6.8A/B/C/D."
2012,"Educational services, health care, and social assistance",12,service_detail,19811.0,14.88989101841413,14.781129457057801,Table 6.8D,73 + 74,Educational services + Health care and social assistance,Constructed as educational services plus health care/social assistance.,"BEA NIPA archive, 2024 Q1 Third estimate, released June 28, 2024; Section 6 Table 6.8A/B/C/D."
2012,"Arts, entertainment, recreation, accommodation, and food services",13,service_detail,11835.0,8.895152198421647,8.830178543449552,Table 6.8D,79 + 82,"Arts, entertainment, and recreation + Accommodation and food services",Constructed as arts/entertainment/recreation plus accommodation/food services.,"BEA NIPA archive, 2024 Q1 Third estimate, released June 28, 2024; Section 6 Table 6.8A/B/C/D."
2012,"Other services, except government",14,service_detail,6697.0,5.033446072904923,4.996679823023375,Table 6.8D,85,"Other services, except government",Direct Table 6D NAICS mapping.,"BEA NIPA archive, 2024 Q1 Third estimate, released June 28, 2024; Section 6 Table 6.8A/B/C/D."
2012,Services,15,services_total,57230.0,43.013904547162724,42.699714240947856,Table 6.8D,65 + 69 + 70 + 73 + 74 + 79 + 82 + 85,Sum of Table 6.8D service detail rows,Total services constructed as the sum of the four Table 6D-style service detail rows.,"BEA NIPA archive, 2024 Q1 Third estimate, released June 28, 2024; Section 6 Table 6.8A/B/C/D."
2012,Government,16,sector,20035.0,15.058248778654642,14.94825746666766,Table 6.8D,86,Government,Direct Table 6D NAICS mapping.,"BEA NIPA archive, 2024 Q1 Third estimate, released June 28, 2024; Section 6 Table 6.8A/B/C/D."
2012,Rest of the world,17,sector,-979.0,-0.7358136039083052,missing,Table 6.8D,97,Rest of the world\10\,Direct mapping.,"BEA NIPA archive, 2024 Q1 Third estimate, released June 28, 2024; Section 6 Table 6.8A/B/C/D."
2013,"Agriculture, forestry, fishing, and hunting",1,sector,1956.0,1.4494471944749088,1.4380872557236755,Table 6.8D,4,"Agriculture, forestry, fishing, and hunting",Direct Table 6D NAICS mapping.,"BEA NIPA archive, 2024 Q1 Third estimate, released June 28, 2024; Section 6 Table 6.8A/B/C/D."
2013,Mining,2,sector,813.0,0.6024542786851231,0.597732586351405,Table 6.8D,7,Mining,Direct Table 6D NAICS mapping.,"BEA NIPA archive, 2024 Q1 Third estimate, released June 28, 2024; Section 6 Table 6.8A/B/C/D."
2013,Utilities,3,sector,540.0,0.40015413344399325,0.3970179540341435,Table 6.8D,11,Utilities,Direct Table 6D NAICS mapping.,"BEA NIPA archive, 2024 Q1 Third estimate, released June 28, 2024; Section 6 Table 6.8A/B/C/D."
2013,Construction,4,sector,7273.0,5.389483356552153,5.347243666093196,Table 6.8D,12,Construction,Direct Table 6D NAICS mapping.,"BEA NIPA archive, 2024 Q1 Third estimate, released June 28, 2024; Section 6 Table 6.8A/B/C/D."
2013,Manufacturing,5,sector,12015.0,8.90342946912885,8.833649477259694,Table 6.8D,13,Manufacturing,Direct Table 6D NAICS mapping.,"BEA NIPA archive, 2024 Q1 Third estimate, released June 28, 2024; Section 6 Table 6.8A/B/C/D."
2013,Wholesale trade,6,sector,5697.0,4.221626107834129,4.188539415060214,Table 6.8D,35,Wholesale trade,Direct Table 6D NAICS mapping.,"BEA NIPA archive, 2024 Q1 Third estimate, released June 28, 2024; Section 6 Table 6.8A/B/C/D."
2013,Retail trade,7,sector,13715.0,10.163173963304384,10.08352081403385,Table 6.8D,38,Retail trade,Direct Table 6D NAICS mapping.,"BEA NIPA archive, 2024 Q1 Third estimate, released June 28, 2024; Section 6 Table 6.8A/B/C/D."
2013,Transportation and warehousing,8,sector,4590.0,3.4013101342739427,3.3746526092902203,Table 6.8D,43,Transportation and warehousing,Direct Table 6D NAICS mapping.,"BEA NIPA archive, 2024 Q1 Third estimate, released June 28, 2024; Section 6 Table 6.8A/B/C/D."
2013,Information,9,sector,2657.0,1.9689065417790557,1.9534753775346656,Table 6.8D,52,Information,Direct Table 6D NAICS mapping.,"BEA NIPA archive, 2024 Q1 Third estimate, released June 28, 2024; Section 6 Table 6.8A/B/C/D."
2013,"Finance, insurance, real estate, rental, and leasing",10,sector,8254.0,6.116430032308741,6.068492949255224,Table 6.8D,57 + 62,Finance and insurance + Real estate and rental and leasing,Constructed as finance and insurance plus real estate/rental/leasing.,"BEA NIPA archive, 2024 Q1 Third estimate, released June 28, 2024; Section 6 Table 6.8A/B/C/D."
2013,Professional and business services,11,service_detail,19431.0,14.398879568426358,14.286029379328598,Table 6.8D,65 + 69 + 70,"Professional, scientific, and technical services + Management of companies and enterprises\7\ + Administrative and waste management services",Constructed as professional/scientific/technical services plus management plus administrative/waste-management services.,"BEA NIPA archive, 2024 Q1 Third estimate, released June 28, 2024; Section 6 Table 6.8A/B/C/D."
2013,"Educational services, health care, and social assistance",12,service_detail,20244.0,15.00133384711148,14.883761965680003,Table 6.8D,73 + 74,Educational services + Health care and social assistance,Constructed as educational services plus health care/social assistance.,"BEA NIPA archive, 2024 Q1 Third estimate, released June 28, 2024; Section 6 Table 6.8A/B/C/D."
2013,"Arts, entertainment, recreation, accommodation, and food services",13,service_detail,12183.0,9.027921866200314,8.957166174070316,Table 6.8D,79 + 82,"Arts, entertainment, and recreation + Accommodation and food services",Constructed as arts/entertainment/recreation plus accommodation/food services.,"BEA NIPA archive, 2024 Q1 Third estimate, released June 28, 2024; Section 6 Table 6.8A/B/C/D."
2013,"Other services, except government",14,service_detail,6725.0,4.983401013723805,4.94434396459188,Table 6.8D,85,"Other services, except government",Direct Table 6D NAICS mapping.,"BEA NIPA archive, 2024 Q1 Third estimate, released June 28, 2024; Section 6 Table 6.8A/B/C/D."
2013,Services,15,services_total,58583.0,43.41153629546196,43.0713014836708,Table 6.8D,65 + 69 + 70 + 73 + 74 + 79 + 82 + 85,Sum of Table 6.8D service detail rows,Total services constructed as the sum of the four Table 6D-style service detail rows.,"BEA NIPA archive, 2024 Q1 Third estimate, released June 28, 2024; Section 6 Table 6.8A/B/C/D."
2013,Government,16,sector,19920.0,14.761241367045084,14.645551193259518,Table 6.8D,86,Government,Direct Table 6D NAICS mapping.,"BEA NIPA archive, 2024 Q1 Third estimate, released June 28, 2024; Section 6 Table 6.8A/B/C/D."
2013,Rest of the world,17,sector,-1066.0,-0.7899339004653645,missing,Table 6.8D,97,Rest of the world\10\,Direct mapping.,"BEA NIPA archive, 2024 Q1 Third estimate, released June 28, 2024; Section 6 Table 6.8A/B/C/D."
2014,"Agriculture, forestry, fishing, and hunting",1,sector,1944.0,1.4139415803561037,1.4017478584407719,Table 6.8D,4,"Agriculture, forestry, fishing, and hunting",Direct Table 6D NAICS mapping.,"BEA NIPA archive, 2024 Q1 Third estimate, released June 28, 2024; Section 6 Table 6.8A/B/C/D."
2014,Mining,2,sector,850.0,0.6182357733038519,0.6129041562112428,Table 6.8D,7,Mining,Direct Table 6D NAICS mapping.,"BEA NIPA archive, 2024 Q1 Third estimate, released June 28, 2024; Section 6 Table 6.8A/B/C/D."
2014,Utilities,3,sector,544.0,0.3956708949144653,0.39225865997519543,Table 6.8D,11,Utilities,Direct Table 6D NAICS mapping.,"BEA NIPA archive, 2024 Q1 Third estimate, released June 28, 2024; Section 6 Table 6.8A/B/C/D."
2014,Construction,4,sector,7638.0,5.555393925288025,5.507484641342909,Table 6.8D,12,Construction,Direct Table 6D NAICS mapping.,"BEA NIPA archive, 2024 Q1 Third estimate, released June 28, 2024; Section 6 Table 6.8A/B/C/D."
2014,Manufacturing,5,sector,12196.0,8.870592342604445,8.79409304606155,Table 6.8D,13,Manufacturing,Direct Table 6D NAICS mapping.,"BEA NIPA archive, 2024 Q1 Third estimate, released June 28, 2024; Section 6 Table 6.8A/B/C/D."
2014,Wholesale trade,6,sector,5773.0,4.198911905038985,4.162700816244123,Table 6.8D,35,Wholesale trade,Direct Table 6D NAICS mapping.,"BEA NIPA archive, 2024 Q1 Third estimate, released June 28, 2024; Section 6 Table 6.8A/B/C/D."
2014,Retail trade,7,sector,13962.0,10.155068078668684,10.067491563554556,Table 6.8D,38,Retail trade,Direct Table 6D NAICS mapping.,"BEA NIPA archive, 2024 Q1 Third estimate, released June 28, 2024; Section 6 Table 6.8A/B/C/D."
2014,Transportation and warehousing,8,sector,4788.0,3.482485744210404,3.4524530587522713,Table 6.8D,43,Transportation and warehousing,Direct Table 6D NAICS mapping.,"BEA NIPA archive, 2024 Q1 Third estimate, released June 28, 2024; Section 6 Table 6.8A/B/C/D."
2014,Information,9,sector,2697.0,1.961625741882928,1.944708834472614,Table 6.8D,52,Information,Direct Table 6D NAICS mapping.,"BEA NIPA archive, 2024 Q1 Third estimate, released June 28, 2024; Section 6 Table 6.8A/B/C/D."
2014,"Finance, insurance, real estate, rental, and leasing",10,sector,8307.0,6.041981845688351,5.989876265466816,Table 6.8D,57 + 62,Finance and insurance + Real estate and rental and leasing,Constructed as finance and insurance plus real estate/rental/leasing.,"BEA NIPA archive, 2024 Q1 Third estimate, released June 28, 2024; Section 6 Table 6.8A/B/C/D."
2014,Professional and business services,11,service_detail,19887.0,14.464535086698476,14.339794064203513,Table 6.8D,65 + 69 + 70,"Professional, scientific, and technical services + Management of companies and enterprises\7\ + Administrative and waste management services",Constructed as professional/scientific/technical services plus management plus administrative/waste-management services.,"BEA NIPA archive, 2024 Q1 Third estimate, released June 28, 2024; Section 6 Table 6.8A/B/C/D."
2014,"Educational services, health care, and social assistance",12,service_detail,20598.0,14.98167112766205,14.852470364281388,Table 6.8D,73 + 74,Educational services + Health care and social assistance,Constructed as educational services plus health care/social assistance.,"BEA NIPA archive, 2024 Q1 Third estimate, released June 28, 2024; Section 6 Table 6.8A/B/C/D."
2014,"Arts, entertainment, recreation, accommodation, and food services",13,service_detail,12557.0,9.13316071220761,9.05439704652303,Table 6.8D,79 + 82,"Arts, entertainment, and recreation + Accommodation and food services",Constructed as arts/entertainment/recreation plus accommodation/food services.,"BEA NIPA archive, 2024 Q1 Third estimate, released June 28, 2024; Section 6 Table 6.8A/B/C/D."
2014,"Other services, except government",14,service_detail,6912.0,5.027347841266147,4.983992385567189,Table 6.8D,85,"Other services, except government",Direct Table 6D NAICS mapping.,"BEA NIPA archive, 2024 Q1 Third estimate, released June 28, 2024; Section 6 Table 6.8A/B/C/D."
2014,Services,15,services_total,59954.0,43.60671476783428,43.23065386057512,Table 6.8D,65 + 69 + 70 + 73 + 74 + 79 + 82 + 85,Sum of Table 6.8D service detail rows,Total services constructed as the sum of the four Table 6D-style service detail rows.,"BEA NIPA archive, 2024 Q1 Third estimate, released June 28, 2024; Section 6 Table 6.8A/B/C/D."
2014,Government,16,sector,20031.0,14.569271500058187,14.44362723890283,Table 6.8D,86,Government,Direct Table 6D NAICS mapping.,"BEA NIPA archive, 2024 Q1 Third estimate, released June 28, 2024; Section 6 Table 6.8A/B/C/D."
2014,Rest of the world,17,sector,-1196.0,-0.869894099848714,missing,Table 6.8D,97,Rest of the world\10\,Direct mapping.,"BEA NIPA archive, 2024 Q1 Third estimate, released June 28, 2024; Section 6 Table 6.8A/B/C/D."
2015,"Agriculture, forestry, fishing, and hunting",1,sector,2082.0,1.4816923460128812,1.4685758623121958,Table 6.8D,4,"Agriculture, forestry, fishing, and hunting",Direct Table 6D NAICS mapping.,"BEA NIPA archive, 2024 Q1 Third estimate, released June 28, 2024; Section 6 Table 6.8A/B/C/D."
2015,Mining,2,sector,760.0,0.5408675230402448,0.5360795654934049,Table 6.8D,7,Mining,Direct Table 6D NAICS mapping.,"BEA NIPA archive, 2024 Q1 Third estimate, released June 28, 2024; Section 6 Table 6.8A/B/C/D."
2015,Utilities,3,sector,547.0,0.38928228303028145,0.3858362135853848,Table 6.8D,11,Utilities,Direct Table 6D NAICS mapping.,"BEA NIPA archive, 2024 Q1 Third estimate, released June 28, 2024; Section 6 Table 6.8A/B/C/D."
2015,Construction,4,sector,7989.0,5.685514002063837,5.635183748324751,Table 6.8D,12,Construction,Direct Table 6D NAICS mapping.,"BEA NIPA archive, 2024 Q1 Third estimate, released June 28, 2024; Section 6 Table 6.8A/B/C/D."
2015,Manufacturing,5,sector,12361.0,8.796925595132192,8.719051985610497,Table 6.8D,13,Manufacturing,Direct Table 6D NAICS mapping.,"BEA NIPA archive, 2024 Q1 Third estimate, released June 28, 2024; Section 6 Table 6.8A/B/C/D."
2015,Wholesale trade,6,sector,5824.0,4.144753229192613,4.108062354517881,Table 6.8D,35,Wholesale trade,Direct Table 6D NAICS mapping.,"BEA NIPA archive, 2024 Q1 Third estimate, released June 28, 2024; Section 6 Table 6.8A/B/C/D."
2015,Retail trade,7,sector,14335.0,10.201757819449881,10.111448120194682,Table 6.8D,38,Retail trade,Direct Table 6D NAICS mapping.,"BEA NIPA archive, 2024 Q1 Third estimate, released June 28, 2024; Section 6 Table 6.8A/B/C/D."
2015,Transportation and warehousing,8,sector,5032.0,3.5811123367612,3.5494110178458067,Table 6.8D,43,Transportation and warehousing,Direct Table 6D NAICS mapping.,"BEA NIPA archive, 2024 Q1 Third estimate, released June 28, 2024; Section 6 Table 6.8A/B/C/D."
2015,Information,9,sector,2737.0,1.9478347507383553,1.9305918036255907,Table 6.8D,52,Information,Direct Table 6D NAICS mapping.,"BEA NIPA archive, 2024 Q1 Third estimate, released June 28, 2024; Section 6 Table 6.8A/B/C/D."
2015,"Finance, insurance, real estate, rental, and leasing",10,sector,8476.0,6.032096217485678,5.978697890950131,Table 6.8D,57 + 62,Finance and insurance + Real estate and rental and leasing,Constructed as finance and insurance plus real estate/rental/leasing.,"BEA NIPA archive, 2024 Q1 Third estimate, released June 28, 2024; Section 6 Table 6.8A/B/C/D."
2015,Professional and business services,11,service_detail,20465.0,14.56428139344554,14.435353036608591,Table 6.8D,65 + 69 + 70,"Professional, scientific, and technical services + Management of companies and enterprises\7\ + Administrative and waste management services",Constructed as professional/scientific/technical services plus management plus administrative/waste-management services.,"BEA NIPA archive, 2024 Q1 Third estimate, released June 28, 2024; Section 6 Table 6.8A/B/C/D."
2015,"Educational services, health care, and social assistance",12,service_detail,21123.0,15.032558801551437,14.899485081469987,Table 6.8D,73 + 74,Educational services + Health care and social assistance,Constructed as educational services plus health care/social assistance.,"BEA NIPA archive, 2024 Q1 Third estimate, released June 28, 2024; Section 6 Table 6.8A/B/C/D."
2015,"Arts, entertainment, recreation, accommodation, and food services",13,service_detail,13064.0,9.29722805394442,9.214925583691896,Table 6.8D,79 + 82,"Arts, entertainment, and recreation + Accommodation and food services",Constructed as arts/entertainment/recreation plus accommodation/food services.,"BEA NIPA archive, 2024 Q1 Third estimate, released June 28, 2024; Section 6 Table 6.8A/B/C/D."
2015,"Other services, except government",14,service_detail,6981.0,4.968152866242038,4.9241729561966565,Table 6.8D,85,"Other services, except government",Direct Table 6D NAICS mapping.,"BEA NIPA archive, 2024 Q1 Third estimate, released June 28, 2024; Section 6 Table 6.8A/B/C/D."
2015,Services,15,services_total,61633.0,43.86222111518343,43.47393665796713,Table 6.8D,65 + 69 + 70 + 73 + 74 + 79 + 82 + 85,Sum of Table 6.8D service detail rows,Total services constructed as the sum of the four Table 6D-style service detail rows.,"BEA NIPA archive, 2024 Q1 Third estimate, released June 28, 2024; Section 6 Table 6.8A/B/C/D."
2015,Government,16,sector,19993.0,14.22837419492581,14.102419411723213,Table 6.8D,86,Government,Direct Table 6D NAICS mapping.,"BEA NIPA archive, 2024 Q1 Third estimate, released June 28, 2024; Section 6 Table 6.8A/B/C/D."
2015,Rest of the world,17,sector,-1255.0,-0.8931430808098779,missing,Table 6.8D,97,Rest of the world\10\,Direct mapping.,"BEA NIPA archive, 2024 Q1 Third estimate, released June 28, 2024; Section 6 Table 6.8A/B/C/D."
2016,"Agriculture, forestry, fishing, and hunting",1,sector,2071.0,1.4520494159550152,1.4378948830104838,Table 6.8D,4,"Agriculture, forestry, fishing, and hunting",Direct Table 6D NAICS mapping.,"BEA NIPA archive, 2024 Q1 Third estimate, released June 28, 2024; Section 6 Table 6.8A/B/C/D."
2016,Mining,2,sector,617.0,0.4325999467137829,0.428382975768937,Table 6.8D,7,Mining,Direct Table 6D NAICS mapping.,"BEA NIPA archive, 2024 Q1 Third estimate, released June 28, 2024; Section 6 Table 6.8A/B/C/D."
2016,Utilities,3,sector,549.0,0.3849228050986496,0.38117058946052906,Table 6.8D,11,Utilities,Direct Table 6D NAICS mapping.,"BEA NIPA archive, 2024 Q1 Third estimate, released June 28, 2024; Section 6 Table 6.8A/B/C/D."
2016,Construction,4,sector,8268.0,5.796979512851794,5.740470735263487,Table 6.8D,12,Construction,Direct Table 6D NAICS mapping.,"BEA NIPA archive, 2024 Q1 Third estimate, released June 28, 2024; Section 6 Table 6.8A/B/C/D."
2016,Manufacturing,5,sector,12306.0,8.62816036346809,8.544053322224537,Table 6.8D,13,Manufacturing,Direct Table 6D NAICS mapping.,"BEA NIPA archive, 2024 Q1 Third estimate, released June 28, 2024; Section 6 Table 6.8A/B/C/D."
2016,Wholesale trade,6,sector,5849.0,4.100935313336979,4.060959522321738,Table 6.8D,35,Wholesale trade,Direct Table 6D NAICS mapping.,"BEA NIPA archive, 2024 Q1 Third estimate, released June 28, 2024; Section 6 Table 6.8A/B/C/D."
2016,Retail trade,7,sector,14516.0,10.177667465959923,10.078455877247796,Table 6.8D,38,Retail trade,Direct Table 6D NAICS mapping.,"BEA NIPA archive, 2024 Q1 Third estimate, released June 28, 2024; Section 6 Table 6.8A/B/C/D."
2016,Transportation and warehousing,8,sector,5143.0,3.6059344018622133,3.5707838644726793,Table 6.8D,43,Transportation and warehousing,Direct Table 6D NAICS mapping.,"BEA NIPA archive, 2024 Q1 Third estimate, released June 28, 2024; Section 6 Table 6.8A/B/C/D."
2016,Information,9,sector,2752.0,1.9295219665418648,1.9107130458932167,Table 6.8D,52,Information,Direct Table 6D NAICS mapping.,"BEA NIPA archive, 2024 Q1 Third estimate, released June 28, 2024; Section 6 Table 6.8A/B/C/D."
2016,"Finance, insurance, real estate, rental, and leasing",10,sector,8652.0,6.066215136090194,6.007081857946261,Table 6.8D,57 + 62,Finance and insurance + Real estate and rental and leasing,Constructed as finance and insurance plus real estate/rental/leasing.,"BEA NIPA archive, 2024 Q1 Third estimate, released June 28, 2024; Section 6 Table 6.8A/B/C/D."
2016,Professional and business services,11,service_detail,21018.0,14.736443565689285,14.592793168089981,Table 6.8D,65 + 69 + 70,"Professional, scientific, and technical services + Management of companies and enterprises\7\ + Administrative and waste management services",Constructed as professional/scientific/technical services plus management plus administrative/waste-management services.,"BEA NIPA archive, 2024 Q1 Third estimate, released June 28, 2024; Section 6 Table 6.8A/B/C/D."
2016,"Educational services, health care, and social assistance",12,service_detail,21605.0,15.148009479337569,15.000347149899326,Table 6.8D,73 + 74,Educational services + Health care and social assistance,Constructed as educational services plus health care/social assistance.,"BEA NIPA archive, 2024 Q1 Third estimate, released June 28, 2024; Section 6 Table 6.8A/B/C/D."
2016,"Arts, entertainment, recreation, accommodation, and food services",13,service_detail,13453.0,9.432361561005708,9.340415191279595,Table 6.8D,79 + 82,"Arts, entertainment, and recreation + Accommodation and food services",Constructed as arts/entertainment/recreation plus accommodation/food services.,"BEA NIPA archive, 2024 Q1 Third estimate, released June 28, 2024; Section 6 Table 6.8A/B/C/D."
2016,"Other services, except government",14,service_detail,6952.0,4.874286595711862,4.826772200236062,Table 6.8D,85,"Other services, except government",Direct Table 6D NAICS mapping.,"BEA NIPA archive, 2024 Q1 Third estimate, released June 28, 2024; Section 6 Table 6.8A/B/C/D."
2016,Services,15,services_total,63028.0,44.191101201744424,43.76032770950496,Table 6.8D,65 + 69 + 70 + 73 + 74 + 79 + 82 + 85,Sum of Table 6.8D service detail rows,Total services constructed as the sum of the four Table 6D-style service detail rows.,"BEA NIPA archive, 2024 Q1 Third estimate, released June 28, 2024; Section 6 Table 6.8A/B/C/D."
2016,Government,16,sector,20276.0,14.21620181453592,14.077622717489412,Table 6.8D,86,Government,Direct Table 6D NAICS mapping.,"BEA NIPA archive, 2024 Q1 Third estimate, released June 28, 2024; Section 6 Table 6.8A/B/C/D."
2016,Rest of the world,17,sector,-1404.0,-0.9843927474653991,missing,Table 6.8D,97,Rest of the world\10\,Direct mapping.,"BEA NIPA archive, 2024 Q1 Third estimate, released June 28, 2024; Section 6 Table 6.8A/B/C/D."
2017,"Agriculture, forestry, fishing, and hunting",1,sector,2010.0,1.3897916004038002,1.3758641933054967,Table 6.8D,4,"Agriculture, forestry, fishing, and hunting",Direct Table 6D NAICS mapping.,"BEA NIPA archive, 2024 Q1 Third estimate, released June 28, 2024; Section 6 Table 6.8A/B/C/D."
2017,Mining,2,sector,626.0,0.43284056808595966,0.4285029776165378,Table 6.8D,7,Mining,Direct Table 6D NAICS mapping.,"BEA NIPA archive, 2024 Q1 Third estimate, released June 28, 2024; Section 6 Table 6.8A/B/C/D."
2017,Utilities,3,sector,547.0,0.37821691811984015,0.37442672325278936,Table 6.8D,11,Utilities,Direct Table 6D NAICS mapping.,"BEA NIPA archive, 2024 Q1 Third estimate, released June 28, 2024; Section 6 Table 6.8A/B/C/D."
2017,Construction,4,sector,8459.0,5.848879178017784,5.790266274214526,Table 6.8D,12,Construction,Direct Table 6D NAICS mapping.,"BEA NIPA archive, 2024 Q1 Third estimate, released June 28, 2024; Section 6 Table 6.8A/B/C/D."
2017,Manufacturing,5,sector,12462.0,8.616707922503561,8.530357998494079,Table 6.8D,13,Manufacturing,Direct Table 6D NAICS mapping.,"BEA NIPA archive, 2024 Q1 Third estimate, released June 28, 2024; Section 6 Table 6.8A/B/C/D."
2017,Wholesale trade,6,sector,5868.0,4.057361746850497,4.0167020329933605,Table 6.8D,35,Wholesale trade,Direct Table 6D NAICS mapping.,"BEA NIPA archive, 2024 Q1 Third estimate, released June 28, 2024; Section 6 Table 6.8A/B/C/D."
2017,Retail trade,7,sector,14565.0,10.070803313373805,9.969881579848039,Table 6.8D,38,Retail trade,Direct Table 6D NAICS mapping.,"BEA NIPA archive, 2024 Q1 Third estimate, released June 28, 2024; Section 6 Table 6.8A/B/C/D."
2017,Transportation and warehousing,8,sector,5354.0,3.701962302767137,3.664864124854542,Table 6.8D,43,Transportation and warehousing,Direct Table 6D NAICS mapping.,"BEA NIPA archive, 2024 Q1 Third estimate, released June 28, 2024; Section 6 Table 6.8A/B/C/D."
2017,Information,9,sector,2756.0,1.9056048013496882,1.8865083167910193,Table 6.8D,52,Information,Direct Table 6D NAICS mapping.,"BEA NIPA archive, 2024 Q1 Third estimate, released June 28, 2024; Section 6 Table 6.8A/B/C/D."
2017,"Finance, insurance, real estate, rental, and leasing",10,sector,8819.0,6.097797076597569,6.03668971182148,Table 6.8D,57 + 62,Finance and insurance + Real estate and rental and leasing,Constructed as finance and insurance plus real estate/rental/leasing.,"BEA NIPA archive, 2024 Q1 Third estimate, released June 28, 2024; Section 6 Table 6.8A/B/C/D."
2017,Professional and business services,11,service_detail,21399.0,14.796094754746726,14.647819837086727,Table 6.8D,65 + 69 + 70,"Professional, scientific, and technical services + Management of companies and enterprises\7\ + Administrative and waste management services",Constructed as professional/scientific/technical services plus management plus administrative/waste-management services.,"BEA NIPA archive, 2024 Q1 Third estimate, released June 28, 2024; Section 6 Table 6.8A/B/C/D."
2017,"Educational services, health care, and social assistance",12,service_detail,22086.0,15.271113077869815,15.118077897186666,Table 6.8D,73 + 74,Educational services + Health care and social assistance,Constructed as educational services plus health care/social assistance.,"BEA NIPA archive, 2024 Q1 Third estimate, released June 28, 2024; Section 6 Table 6.8A/B/C/D."
2017,"Arts, entertainment, recreation, accommodation, and food services",13,service_detail,13757.0,9.512120918783621,9.416797864330208,Table 6.8D,79 + 82,"Arts, entertainment, and recreation + Accommodation and food services",Constructed as arts/entertainment/recreation plus accommodation/food services.,"BEA NIPA archive, 2024 Q1 Third estimate, released June 28, 2024; Section 6 Table 6.8A/B/C/D."
2017,"Other services, except government",14,service_detail,7009.0,4.8462931976269825,4.797727428297625,Table 6.8D,85,"Other services, except government",Direct Table 6D NAICS mapping.,"BEA NIPA archive, 2024 Q1 Third estimate, released June 28, 2024; Section 6 Table 6.8A/B/C/D."
2017,Services,15,services_total,64251.0,44.425621949027146,43.98042302690123,Table 6.8D,65 + 69 + 70 + 73 + 74 + 79 + 82 + 85,Sum of Table 6.8D service detail rows,Total services constructed as the sum of the four Table 6D-style service detail rows.,"BEA NIPA archive, 2024 Q1 Third estimate, released June 28, 2024; Section 6 Table 6.8A/B/C/D."
2017,Government,16,sector,20375.0,14.08806162100867,13.946882059004723,Table 6.8D,86,Government,Direct Table 6D NAICS mapping.,"BEA NIPA archive, 2024 Q1 Third estimate, released June 28, 2024; Section 6 Table 6.8A/B/C/D."
2017,Rest of the world,17,sector,-1463.0,-1.01157468228396,missing,Table 6.8D,97,Rest of the world\10\,Direct mapping.,"BEA NIPA archive, 2024 Q1 Third estimate, released June 28, 2024; Section 6 Table 6.8A/B/C/D."
2018,"Agriculture, forestry, fishing, and hunting",1,sector,1985.0,1.3479468426806827,1.3349294202304014,Table 6.8D,4,"Agriculture, forestry, fishing, and hunting",Direct Table 6D NAICS mapping.,"BEA NIPA archive, 2024 Q1 Third estimate, released June 28, 2024; Section 6 Table 6.8A/B/C/D."
2018,Mining,2,sector,673.0,0.45701170031440774,0.45259823668265,Table 6.8D,7,Mining,Direct Table 6D NAICS mapping.,"BEA NIPA archive, 2024 Q1 Third estimate, released June 28, 2024; Section 6 Table 6.8A/B/C/D."
2018,Utilities,3,sector,546.0,0.3707702650396235,0.36718965412886606,Table 6.8D,11,Utilities,Direct Table 6D NAICS mapping.,"BEA NIPA archive, 2024 Q1 Third estimate, released June 28, 2024; Section 6 Table 6.8A/B/C/D."
2018,Construction,4,sector,8826.0,5.993440218387761,5.9355602332259565,Table 6.8D,12,Construction,Direct Table 6D NAICS mapping.,"BEA NIPA archive, 2024 Q1 Third estimate, released June 28, 2024; Section 6 Table 6.8A/B/C/D."
2018,Manufacturing,5,sector,12645.0,8.586794874406666,8.503870286555882,Table 6.8D,13,Manufacturing,Direct Table 6D NAICS mapping.,"BEA NIPA archive, 2024 Q1 Third estimate, released June 28, 2024; Section 6 Table 6.8A/B/C/D."
2018,Wholesale trade,6,sector,5816.0,3.949450295733426,3.911309575848874,Table 6.8D,35,Wholesale trade,Direct Table 6D NAICS mapping.,"BEA NIPA archive, 2024 Q1 Third estimate, released June 28, 2024; Section 6 Table 6.8A/B/C/D."
2018,Retail trade,7,sector,14511.0,9.853932813168456,9.758771192424865,Table 6.8D,38,Retail trade,Direct Table 6D NAICS mapping.,"BEA NIPA archive, 2024 Q1 Third estimate, released June 28, 2024; Section 6 Table 6.8A/B/C/D."
2018,Transportation and warehousing,8,sector,5581.0,3.7898696871541007,3.7532700726981716,Table 6.8D,43,Transportation and warehousing,Direct Table 6D NAICS mapping.,"BEA NIPA archive, 2024 Q1 Third estimate, released June 28, 2024; Section 6 Table 6.8A/B/C/D."
2018,Information,9,sector,2772.0,1.8823721148165502,1.864193628654243,Table 6.8D,52,Information,Direct Table 6D NAICS mapping.,"BEA NIPA archive, 2024 Q1 Third estimate, released June 28, 2024; Section 6 Table 6.8A/B/C/D."
2018,"Finance, insurance, real estate, rental, and leasing",10,sector,9001.0,6.112276841797896,6.053249224933926,Table 6.8D,57 + 62,Finance and insurance + Real estate and rental and leasing,Constructed as finance and insurance plus real estate/rental/leasing.,"BEA NIPA archive, 2024 Q1 Third estimate, released June 28, 2024; Section 6 Table 6.8A/B/C/D."
2018,Professional and business services,11,service_detail,21856.0,14.841675664296725,14.698346301539372,Table 6.8D,65 + 69 + 70,"Professional, scientific, and technical services + Management of companies and enterprises\7\ + Administrative and waste management services",Constructed as professional/scientific/technical services plus management plus administrative/waste-management services.,"BEA NIPA archive, 2024 Q1 Third estimate, released June 28, 2024; Section 6 Table 6.8A/B/C/D."
2018,"Educational services, health care, and social assistance",12,service_detail,22663.0,15.389682264822323,15.241060680444125,Table 6.8D,73 + 74,Educational services + Health care and social assistance,Constructed as educational services plus health care/social assistance.,"BEA NIPA archive, 2024 Q1 Third estimate, released June 28, 2024; Section 6 Table 6.8A/B/C/D."
2018,"Arts, entertainment, recreation, accommodation, and food services",13,service_detail,14036.0,9.531376263912373,9.439329643503232,Table 6.8D,79 + 82,"Arts, entertainment, and recreation + Accommodation and food services",Constructed as arts/entertainment/recreation plus accommodation/food services.,"BEA NIPA archive, 2024 Q1 Third estimate, released June 28, 2024; Section 6 Table 6.8A/B/C/D."
2018,"Other services, except government",14,service_detail,7248.0,4.9218734084380795,4.87434178228209,Table 6.8D,85,"Other services, except government",Direct Table 6D NAICS mapping.,"BEA NIPA archive, 2024 Q1 Third estimate, released June 28, 2024; Section 6 Table 6.8A/B/C/D."
2018,Services,15,services_total,65803.0,44.6846076014695,44.25307840776882,Table 6.8D,65 + 69 + 70 + 73 + 74 + 79 + 82 + 85,Sum of Table 6.8D service detail rows,Total services constructed as the sum of the four Table 6D-style service detail rows.,"BEA NIPA archive, 2024 Q1 Third estimate, released June 28, 2024; Section 6 Table 6.8A/B/C/D."
2018,Government,16,sector,20538.0,13.94666612341353,13.811980066847347,Table 6.8D,86,Government,Direct Table 6D NAICS mapping.,"BEA NIPA archive, 2024 Q1 Third estimate, released June 28, 2024; Section 6 Table 6.8A/B/C/D."
2018,Rest of the world,17,sector,-1436.0,-0.9751393783825996,missing,Table 6.8D,97,Rest of the world\10\,Direct mapping.,"BEA NIPA archive, 2024 Q1 Third estimate, released June 28, 2024; Section 6 Table 6.8A/B/C/D."
2019,"Agriculture, forestry, fishing, and hunting",1,sector,1963.0,1.3149433294927788,1.301991788762942,Table 6.8D,4,"Agriculture, forestry, fishing, and hunting",Direct Table 6D NAICS mapping.,"BEA NIPA archive, 2024 Q1 Third estimate, released June 28, 2024; Section 6 Table 6.8A/B/C/D."
2019,Mining,2,sector,677.0,0.4534980305993944,0.4490312995377034,Table 6.8D,7,Mining,Direct Table 6D NAICS mapping.,"BEA NIPA archive, 2024 Q1 Third estimate, released June 28, 2024; Section 6 Table 6.8A/B/C/D."
2019,Utilities,3,sector,544.0,0.36440609844323574,0.3608168788013451,Table 6.8D,11,Utilities,Direct Table 6D NAICS mapping.,"BEA NIPA archive, 2024 Q1 Third estimate, released June 28, 2024; Section 6 Table 6.8A/B/C/D."
2019,Construction,4,sector,9102.0,6.097103507408698,6.037050056709271,Table 6.8D,12,Construction,Direct Table 6D NAICS mapping.,"BEA NIPA archive, 2024 Q1 Third estimate, released June 28, 2024; Section 6 Table 6.8A/B/C/D."
2019,Manufacturing,5,sector,12789.0,8.56689263417379,8.48251298343824,Table 6.8D,13,Manufacturing,Direct Table 6D NAICS mapping.,"BEA NIPA archive, 2024 Q1 Third estimate, released June 28, 2024; Section 6 Table 6.8A/B/C/D."
2019,Wholesale trade,6,sector,5840.0,3.9120066450523834,3.873475316543852,Table 6.8D,35,Wholesale trade,Direct Table 6D NAICS mapping.,"BEA NIPA archive, 2024 Q1 Third estimate, released June 28, 2024; Section 6 Table 6.8A/B/C/D."
2019,Retail trade,7,sector,14374.0,9.628627314380644,9.533790102739953,Table 6.8D,38,Retail trade,Direct Table 6D NAICS mapping.,"BEA NIPA archive, 2024 Q1 Third estimate, released June 28, 2024; Section 6 Table 6.8A/B/C/D."
2019,Transportation and warehousing,8,sector,5965.0,3.9957396639961416,3.9563836067096023,Table 6.8D,43,Transportation and warehousing,Direct Table 6D NAICS mapping.,"BEA NIPA archive, 2024 Q1 Third estimate, released June 28, 2024; Section 6 Table 6.8A/B/C/D."
2019,Information,9,sector,2781.0,1.8628922054607326,1.8445436396076116,Table 6.8D,52,Information,Direct Table 6D NAICS mapping.,"BEA NIPA archive, 2024 Q1 Third estimate, released June 28, 2024; Section 6 Table 6.8A/B/C/D."
2019,"Finance, insurance, real estate, rental, and leasing",10,sector,9159.0,6.135285764047051,6.074856237024853,Table 6.8D,57 + 62,Finance and insurance + Real estate and rental and leasing,Constructed as finance and insurance plus real estate/rental/leasing.,"BEA NIPA archive, 2024 Q1 Third estimate, released June 28, 2024; Section 6 Table 6.8A/B/C/D."
2019,Professional and business services,11,service_detail,22136.0,14.828112858712252,14.682063288872381,Table 6.8D,65 + 69 + 70,"Professional, scientific, and technical services + Management of companies and enterprises\7\ + Administrative and waste management services",Constructed as professional/scientific/technical services plus management plus administrative/waste-management services.,"BEA NIPA archive, 2024 Q1 Third estimate, released June 28, 2024; Section 6 Table 6.8A/B/C/D."
2019,"Educational services, health care, and social assistance",12,service_detail,23017.0,15.41826317622786,15.266400917960588,Table 6.8D,73 + 74,Educational services + Health care and social assistance,Constructed as educational services plus health care/social assistance.,"BEA NIPA archive, 2024 Q1 Third estimate, released June 28, 2024; Section 6 Table 6.8A/B/C/D."
2019,"Arts, entertainment, recreation, accommodation, and food services",13,service_detail,14314.0,9.58843546528764,9.493994123460393,Table 6.8D,79 + 82,"Arts, entertainment, and recreation + Accommodation and food services",Constructed as arts/entertainment/recreation plus accommodation/food services.,"BEA NIPA archive, 2024 Q1 Third estimate, released June 28, 2024; Section 6 Table 6.8A/B/C/D."
2019,"Other services, except government",14,service_detail,7337.0,4.914793279922832,4.866384999568877,Table 6.8D,85,"Other services, except government",Direct Table 6D NAICS mapping.,"BEA NIPA archive, 2024 Q1 Third estimate, released June 28, 2024; Section 6 Table 6.8A/B/C/D."
2019,Services,15,services_total,66804.0,44.749604780150584,44.30884332986224,Table 6.8D,65 + 69 + 70 + 73 + 74 + 79 + 82 + 85,Sum of Table 6.8D service detail rows,Total services constructed as the sum of the four Table 6D-style service detail rows.,"BEA NIPA archive, 2024 Q1 Third estimate, released June 28, 2024; Section 6 Table 6.8A/B/C/D."
2019,Government,16,sector,20772.0,13.914418155997964,13.777368026583714,Table 6.8D,86,Government,Direct Table 6D NAICS mapping.,"BEA NIPA archive, 2024 Q1 Third estimate, released June 28, 2024; Section 6 Table 6.8A/B/C/D."
2019,Rest of the world,17,sector,-1485.0,-0.9947482650518474,missing,Table 6.8D,97,Rest of the world\10\,Direct mapping.,"BEA NIPA archive, 2024 Q1 Third estimate, released June 28, 2024; Section 6 Table 6.8A/B/C/D."
2020,"Agriculture, forestry, fishing, and hunting",1,sector,1936.0,1.3666139597921843,1.3572535245826935,Table 6.8D,4,"Agriculture, forestry, fishing, and hunting",Direct Table 6D NAICS mapping.,"BEA NIPA archive, 2024 Q1 Third estimate, released June 28, 2024; Section 6 Table 6.8A/B/C/D."
2020,Mining,2,sector,540.0,0.38118364580980346,0.3785727806170736,Table 6.8D,7,Mining,Direct Table 6D NAICS mapping.,"BEA NIPA archive, 2024 Q1 Third estimate, released June 28, 2024; Section 6 Table 6.8A/B/C/D."
2020,Utilities,3,sector,541.0,0.381889541450192,0.37927384132192005,Table 6.8D,11,Utilities,Direct Table 6D NAICS mapping.,"BEA NIPA archive, 2024 Q1 Third estimate, released June 28, 2024; Section 6 Table 6.8A/B/C/D."
2020,Construction,4,sector,8701.0,6.141997967020556,6.09992919286881,Table 6.8D,12,Construction,Direct Table 6D NAICS mapping.,"BEA NIPA archive, 2024 Q1 Third estimate, released June 28, 2024; Section 6 Table 6.8A/B/C/D."
2020,Manufacturing,5,sector,12112.0,8.549807996385814,8.491247257099992,Table 6.8D,13,Manufacturing,Direct Table 6D NAICS mapping.,"BEA NIPA archive, 2024 Q1 Third estimate, released June 28, 2024; Section 6 Table 6.8A/B/C/D."
2020,Wholesale trade,6,sector,5603.0,3.9551332730969055,3.9280431292545623,Table 6.8D,35,Wholesale trade,Direct Table 6D NAICS mapping.,"BEA NIPA archive, 2024 Q1 Third estimate, released June 28, 2024; Section 6 Table 6.8A/B/C/D."
2020,Retail trade,7,sector,13692.0,9.665123108199683,9.598923170757356,Table 6.8D,38,Retail trade,Direct Table 6D NAICS mapping.,"BEA NIPA archive, 2024 Q1 Third estimate, released June 28, 2024; Section 6 Table 6.8A/B/C/D."
2020,Transportation and warehousing,8,sector,5953.0,4.202196747232889,4.173414375950814,Table 6.8D,43,Transportation and warehousing,Direct Table 6D NAICS mapping.,"BEA NIPA archive, 2024 Q1 Third estimate, released June 28, 2024; Section 6 Table 6.8A/B/C/D."
2020,Information,9,sector,2678.0,1.89038852496047,1.8774405675787467,Table 6.8D,52,Information,Direct Table 6D NAICS mapping.,"BEA NIPA archive, 2024 Q1 Third estimate, released June 28, 2024; Section 6 Table 6.8A/B/C/D."
2020,"Finance, insurance, real estate, rental, and leasing",10,sector,9155.0,6.462474587756946,6.418210752869091,Table 6.8D,57 + 62,Finance and insurance + Real estate and rental and leasing,Constructed as finance and insurance plus real estate/rental/leasing.,"BEA NIPA archive, 2024 Q1 Third estimate, released June 28, 2024; Section 6 Table 6.8A/B/C/D."
2020,Professional and business services,11,service_detail,21290.0,15.028518183871697,14.92558240618055,Table 6.8D,65 + 69 + 70,"Professional, scientific, and technical services + Management of companies and enterprises\7\ + Administrative and waste management services",Constructed as professional/scientific/technical services plus management plus administrative/waste-management services.,"BEA NIPA archive, 2024 Q1 Third estimate, released June 28, 2024; Section 6 Table 6.8A/B/C/D."
2020,"Educational services, health care, and social assistance",12,service_detail,22448.0,15.845945335441609,15.73741070239272,Table 6.8D,73 + 74,Educational services + Health care and social assistance,Constructed as educational services plus health care/social assistance.,"BEA NIPA archive, 2024 Q1 Third estimate, released June 28, 2024; Section 6 Table 6.8A/B/C/D."
2020,"Arts, entertainment, recreation, accommodation, and food services",13,service_detail,11037.0,7.79097018296815,7.737606999390077,Table 6.8D,79 + 82,"Arts, entertainment, and recreation + Accommodation and food services",Constructed as arts/entertainment/recreation plus accommodation/food services.,"BEA NIPA archive, 2024 Q1 Third estimate, released June 28, 2024; Section 6 Table 6.8A/B/C/D."
2020,"Other services, except government",14,service_detail,6650.0,4.694206008583691,4.662053687228777,Table 6.8D,85,"Other services, except government",Direct Table 6D NAICS mapping.,"BEA NIPA archive, 2024 Q1 Third estimate, released June 28, 2024; Section 6 Table 6.8A/B/C/D."
2020,Services,15,services_total,61425.0,43.359639710865146,43.062653795192126,Table 6.8D,65 + 69 + 70 + 73 + 74 + 79 + 82 + 85,Sum of Table 6.8D service detail rows,Total services constructed as the sum of the four Table 6D-style service detail rows.,"BEA NIPA archive, 2024 Q1 Third estimate, released June 28, 2024; Section 6 Table 6.8A/B/C/D."
2020,Government,16,sector,20307.0,14.334622769369776,14.236439733316509,Table 6.8D,86,Government,Direct Table 6D NAICS mapping.,"BEA NIPA archive, 2024 Q1 Third estimate, released June 28, 2024; Section 6 Table 6.8A/B/C/D."
2020,Rest of the world,17,sector,-977.0,-0.6896600406595889,missing,Table 6.8D,97,Rest of the world\10\,Direct mapping.,"BEA NIPA archive, 2024 Q1 Third estimate, released June 28, 2024; Section 6 Table 6.8A/B/C/D."
2021,"Agriculture, forestry, fishing, and hunting",1,sector,1940.0,1.3274941836595047,1.3154771995253434,Table 6.8D,4,"Agriculture, forestry, fishing, and hunting",Direct Table 6D NAICS mapping.,"BEA NIPA archive, 2024 Q1 Third estimate, released June 28, 2024; Section 6 Table 6.8A/B/C/D."
2021,Mining,2,sector,518.0,0.3544546325441358,0.3512459738938803,Table 6.8D,7,Mining,Direct Table 6D NAICS mapping.,"BEA NIPA archive, 2024 Q1 Third estimate, released June 28, 2024; Section 6 Table 6.8A/B/C/D."
2021,Utilities,3,sector,537.0,0.36745586423977006,0.3641295134768605,Table 6.8D,11,Utilities,Direct Table 6D NAICS mapping.,"BEA NIPA archive, 2024 Q1 Third estimate, released June 28, 2024; Section 6 Table 6.8A/B/C/D."
2021,Construction,4,sector,9090.0,6.2200629533324205,6.163756568909985,Table 6.8D,12,Construction,Direct Table 6D NAICS mapping.,"BEA NIPA archive, 2024 Q1 Third estimate, released June 28, 2024; Section 6 Table 6.8A/B/C/D."
2021,Manufacturing,5,sector,12354.0,8.453537703571918,8.37701305305984,Table 6.8D,13,Manufacturing,Direct Table 6D NAICS mapping.,"BEA NIPA archive, 2024 Q1 Third estimate, released June 28, 2024; Section 6 Table 6.8A/B/C/D."
2021,Wholesale trade,6,sector,5642.0,3.8606815382509923,3.825733175114426,Table 6.8D,35,Wholesale trade,Direct Table 6D NAICS mapping.,"BEA NIPA archive, 2024 Q1 Third estimate, released June 28, 2024; Section 6 Table 6.8A/B/C/D."
2021,Retail trade,7,sector,14257.0,9.755713699192555,9.667401254449906,Table 6.8D,38,Retail trade,Direct Table 6D NAICS mapping.,"BEA NIPA archive, 2024 Q1 Third estimate, released June 28, 2024; Section 6 Table 6.8A/B/C/D."
2021,Transportation and warehousing,8,sector,6409.0,4.385520733543178,4.345821325648415,Table 6.8D,43,Transportation and warehousing,Direct Table 6D NAICS mapping.,"BEA NIPA archive, 2024 Q1 Third estimate, released June 28, 2024; Section 6 Table 6.8A/B/C/D."
2021,Information,9,sector,2803.0,1.9180238127822635,1.900661129004916,Table 6.8D,52,Information,Direct Table 6D NAICS mapping.,"BEA NIPA archive, 2024 Q1 Third estimate, released June 28, 2024; Section 6 Table 6.8A/B/C/D."
2021,"Finance, insurance, real estate, rental, and leasing",10,sector,9397.0,6.4301354865197755,6.3719274453297166,Table 6.8D,57 + 62,Finance and insurance + Real estate and rental and leasing,Constructed as finance and insurance plus real estate/rental/leasing.,"BEA NIPA archive, 2024 Q1 Third estimate, released June 28, 2024; Section 6 Table 6.8A/B/C/D."
2021,Professional and business services,11,service_detail,22349.0,15.292869850827973,15.154432954738091,Table 6.8D,65 + 69 + 70,"Professional, scientific, and technical services + Management of companies and enterprises\7\ + Administrative and waste management services",Constructed as professional/scientific/technical services plus management plus administrative/waste-management services.,"BEA NIPA archive, 2024 Q1 Third estimate, released June 28, 2024; Section 6 Table 6.8A/B/C/D."
2021,"Educational services, health care, and social assistance",12,service_detail,22862.0,15.6439031066101,15.502288523478557,Table 6.8D,73 + 74,Educational services + Health care and social assistance,Constructed as educational services plus health care/social assistance.,"BEA NIPA archive, 2024 Q1 Third estimate, released June 28, 2024; Section 6 Table 6.8A/B/C/D."
2021,"Arts, entertainment, recreation, accommodation, and food services",13,service_detail,12211.0,8.355686328178459,8.280047465672148,Table 6.8D,79 + 82,"Arts, entertainment, and recreation + Accommodation and food services",Constructed as arts/entertainment/recreation plus accommodation/food services.,"BEA NIPA archive, 2024 Q1 Third estimate, released June 28, 2024; Section 6 Table 6.8A/B/C/D."
2021,"Other services, except government",14,service_detail,6857.0,4.692076091419187,4.649601627394474,Table 6.8D,85,"Other services, except government",Direct Table 6D NAICS mapping.,"BEA NIPA archive, 2024 Q1 Third estimate, released June 28, 2024; Section 6 Table 6.8A/B/C/D."
2021,Services,15,services_total,64279.0,43.98453537703572,43.58637057128327,Table 6.8D,65 + 69 + 70 + 73 + 74 + 79 + 82 + 85,Sum of Table 6.8D service detail rows,Total services constructed as the sum of the four Table 6D-style service detail rows.,"BEA NIPA archive, 2024 Q1 Third estimate, released June 28, 2024; Section 6 Table 6.8A/B/C/D."
2021,Government,16,sector,20250.0,13.856575886136582,13.731140871334125,Table 6.8D,86,Government,Direct Table 6D NAICS mapping.,"BEA NIPA archive, 2024 Q1 Third estimate, released June 28, 2024; Section 6 Table 6.8A/B/C/D."
2021,Rest of the world,17,sector,-1335.0,-0.9135075954564117,missing,Table 6.8D,97,Rest of the world\10\,Direct mapping.,"BEA NIPA archive, 2024 Q1 Third estimate, released June 28, 2024; Section 6 Table 6.8A/B/C/D."
2022,"Agriculture, forestry, fishing, and hunting",1,sector,1963.0,1.2953504638977973,1.280771464176894,Table 6.8D,4,"Agriculture, forestry, fishing, and hunting",Direct Table 6D NAICS mapping.,"BEA NIPA archive, 2024 Q1 Third estimate, released June 28, 2024; Section 6 Table 6.8A/B/C/D."
2022,Mining,2,sector,564.0,0.37217405075820564,0.36798528058877644,Table 6.8D,7,Mining,Direct Table 6D NAICS mapping.,"BEA NIPA archive, 2024 Q1 Third estimate, released June 28, 2024; Section 6 Table 6.8A/B/C/D."
2022,Utilities,3,sector,548.0,0.36161592165868206,0.3575459818486693,Table 6.8D,11,Utilities,Direct Table 6D NAICS mapping.,"BEA NIPA archive, 2024 Q1 Third estimate, released June 28, 2024; Section 6 Table 6.8A/B/C/D."
2022,Construction,4,sector,9395.0,6.199601430626493,6.129825728956657,Table 6.8D,12,Construction,Direct Table 6D NAICS mapping.,"BEA NIPA archive, 2024 Q1 Third estimate, released June 28, 2024; Section 6 Table 6.8A/B/C/D."
2022,Manufacturing,5,sector,12846.0,8.476857900779981,8.381451975963515,Table 6.8D,13,Manufacturing,Direct Table 6D NAICS mapping.,"BEA NIPA archive, 2024 Q1 Third estimate, released June 28, 2024; Section 6 Table 6.8A/B/C/D."
2022,Wholesale trade,6,sector,5905.0,3.8966095207929157,3.852753691270789,Table 6.8D,35,Wholesale trade,Direct Table 6D NAICS mapping.,"BEA NIPA archive, 2024 Q1 Third estimate, released June 28, 2024; Section 6 Table 6.8A/B/C/D."
2022,Retail trade,7,sector,14349.0,9.468662153066477,9.362093601362329,Table 6.8D,38,Retail trade,Direct Table 6D NAICS mapping.,"BEA NIPA archive, 2024 Q1 Third estimate, released June 28, 2024; Section 6 Table 6.8A/B/C/D."
2022,Transportation and warehousing,8,sector,6920.0,4.566390835543942,4.514996705096335,Table 6.8D,43,Transportation and warehousing,Direct Table 6D NAICS mapping.,"BEA NIPA archive, 2024 Q1 Third estimate, released June 28, 2024; Section 6 Table 6.8A/B/C/D."
2022,Information,9,sector,3021.0,1.993506750603793,1.9710700933664782,Table 6.8D,52,Information,Direct Table 6D NAICS mapping.,"BEA NIPA archive, 2024 Q1 Third estimate, released June 28, 2024; Section 6 Table 6.8A/B/C/D."
2022,"Finance, insurance, real estate, rental, and leasing",10,sector,9609.0,6.34081640733262,6.26945134960559,Table 6.8D,57 + 62,Finance and insurance + Real estate and rental and leasing,Constructed as finance and insurance plus real estate/rental/leasing.,"BEA NIPA archive, 2024 Q1 Third estimate, released June 28, 2024; Section 6 Table 6.8A/B/C/D."
2022,Professional and business services,11,service_detail,23536.0,15.531007905399163,15.356208446697593,Table 6.8D,65 + 69 + 70,"Professional, scientific, and technical services + Management of companies and enterprises\7\ + Administrative and waste management services",Constructed as professional/scientific/technical services plus management plus administrative/waste-management services.,"BEA NIPA archive, 2024 Q1 Third estimate, released June 28, 2024; Section 6 Table 6.8A/B/C/D."
2022,"Educational services, health care, and social assistance",12,service_detail,23334.0,15.397711525517678,15.22441230010374,Table 6.8D,73 + 74,Educational services + Health care and social assistance,Constructed as educational services plus health care/social assistance.,"BEA NIPA archive, 2024 Q1 Third estimate, released June 28, 2024; Section 6 Table 6.8A/B/C/D."
2022,"Arts, entertainment, recreation, accommodation, and food services",13,service_detail,13575.0,8.957912657877024,8.857092524809646,Table 6.8D,79 + 82,"Arts, entertainment, and recreation + Accommodation and food services",Constructed as arts/entertainment/recreation plus accommodation/food services.,"BEA NIPA archive, 2024 Q1 Third estimate, released June 28, 2024; Section 6 Table 6.8A/B/C/D."
2022,"Other services, except government",14,service_detail,7199.0,4.7504982117168835,4.6970319768769535,Table 6.8D,85,"Other services, except government",Direct Table 6D NAICS mapping.,"BEA NIPA archive, 2024 Q1 Third estimate, released June 28, 2024; Section 6 Table 6.8A/B/C/D."
2022,Services,15,services_total,67644.0,44.63713030051075,44.13474524848793,Table 6.8D,65 + 69 + 70 + 73 + 74 + 79 + 82 + 85,Sum of Table 6.8D service detail rows,Total services constructed as the sum of the four Table 6D-style service detail rows.,"BEA NIPA archive, 2024 Q1 Third estimate, released June 28, 2024; Section 6 Table 6.8A/B/C/D."
2022,Government,16,sector,20502.0,13.528922674902008,13.376656423104778,Table 6.8D,86,Government,Direct Table 6D NAICS mapping.,"BEA NIPA archive, 2024 Q1 Third estimate, released June 28, 2024; Section 6 Table 6.8A/B/C/D."
2022,Rest of the world,17,sector,-1724.0,-1.137638410473664,missing,Table 6.8D,97,Rest of the world\10\,Direct mapping.,"BEA NIPA archive, 2024 Q1 Third estimate, released June 28, 2024; Section 6 Table 6.8A/B/C/D."
