year,sector,sector_order,row_type,ipp_investment_billions,fixed_investment_billions,ipp_share_of_fixed_investment_percent,share_of_total_ipp_percent,share_of_total_fixed_investment_percent,measurable_group,source_table,source_line,source_description,classification_note,source_note
1947,"Agriculture, forestry, fishing, and hunting",1,sector,0.0,2.656,0.0,0.0,6.1973539911799715,Griliches measurable sectors,FAAt307I / FAAt307ESI / FAAt105,2,"Agriculture, forestry, fishing, and hunting",Direct Table 3.7 mapping.,"BEA Fixed Assets Tables 3.7I, 3.7ESI, and 1.5; fetched with BeaData.jl."
1947,Mining,2,sector,0.001,1.445,0.06920415224913495,0.029334115576415375,3.371677905593019,Griliches measurable sectors,FAAt307I / FAAt307ESI / FAAt105,5,Mining,Direct Table 3.7 mapping.,"BEA Fixed Assets Tables 3.7I, 3.7ESI, and 1.5; fetched with BeaData.jl."
1947,Utilities,3,sector,0.002,1.893,0.10565240359218173,0.05866823115283075,4.417014723382412,Griliches measurable sectors,FAAt307I / FAAt307ESI / FAAt105,9,Utilities,Direct Table 3.7 mapping.,"BEA Fixed Assets Tables 3.7I, 3.7ESI, and 1.5; fetched with BeaData.jl."
1947,Construction,4,sector,0.0,0.864,0.0,0.0,2.0160067200224003,Other sectors,FAAt307I / FAAt307ESI / FAAt105,13,Construction,Direct Table 3.7 mapping.,"BEA Fixed Assets Tables 3.7I, 3.7ESI, and 1.5; fetched with BeaData.jl."
1947,Manufacturing,5,sector,0.933,7.278,12.819455894476507,27.368729832795545,16.982056606855355,Griliches measurable sectors,FAAt307I / FAAt307ESI / FAAt105,14,Manufacturing,Direct Table 3.7 mapping.,"BEA Fixed Assets Tables 3.7I, 3.7ESI, and 1.5; fetched with BeaData.jl."
1947,Wholesale trade,6,sector,0.006,0.711,0.8438818565400844,0.17600469345849223,1.6590055300184332,Other sectors,FAAt307I / FAAt307ESI / FAAt105,40,Wholesale trade,Direct Table 3.7 mapping.,"BEA Fixed Assets Tables 3.7I, 3.7ESI, and 1.5; fetched with BeaData.jl."
1947,Retail trade,7,sector,0.004,0.786,0.5089058524173028,0.1173364623056615,1.8340061133537113,Other sectors,FAAt307I / FAAt307ESI / FAAt105,43,Retail trade,Direct Table 3.7 mapping.,"BEA Fixed Assets Tables 3.7I, 3.7ESI, and 1.5; fetched with BeaData.jl."
1947,Transportation and warehousing,8,sector,0.0,3.19,0.0,0.0,7.443358144527148,Griliches measurable sectors,FAAt307I / FAAt307ESI / FAAt105,48,Transportation and warehousing,Direct Table 3.7 mapping.,"BEA Fixed Assets Tables 3.7I, 3.7ESI, and 1.5; fetched with BeaData.jl."
1947,Information,9,sector,0.834,2.406,34.66334164588528,24.464652390730418,5.614018713395712,Other sectors,FAAt307I / FAAt307ESI / FAAt105,57,Information,Direct Table 3.7 mapping.,"BEA Fixed Assets Tables 3.7I, 3.7ESI, and 1.5; fetched with BeaData.jl."
1947,"Finance, insurance, real estate, rental, and leasing",10,sector,0.0,13.265,0.0,0.0,30.9517698392328,Other sectors,FAAt307I / FAAt307ESI / FAAt105,62 + 73,Finance and insurance + Real estate and rental and leasing,Finance/insurance plus real estate/rental/leasing.,"BEA Fixed Assets Tables 3.7I, 3.7ESI, and 1.5; fetched with BeaData.jl."
1947,Professional and business services,11,service_detail,0.073,0.597,12.22780569514238,2.1413904370783223,1.393004643348811,Other sectors,FAAt307I / FAAt307ESI / FAAt105,76 + 80 + 81,"Professional, scientific, and technical services + Management of companies and enterprises (5) + Administrative and waste management services",Professional/scientific/technical plus management plus administrative/waste-management services.,"BEA Fixed Assets Tables 3.7I, 3.7ESI, and 1.5; fetched with BeaData.jl."
1947,"Educational services, health care, and social assistance",12,service_detail,0.026000000000000002,0.642,4.049844236760125,0.7626870049867998,1.498004993349978,Other sectors,FAAt307I / FAAt307ESI / FAAt105,84 + 85,Educational services + Health and social assistance,Educational services plus health care/social assistance.,"BEA Fixed Assets Tables 3.7I, 3.7ESI, and 1.5; fetched with BeaData.jl."
1947,"Arts, entertainment, recreation, accommodation, and food services",13,service_detail,0.133,1.224,10.866013071895425,3.9014373716632447,2.8560095200317335,Other sectors,FAAt307I / FAAt307ESI / FAAt105,90 + 93,"Arts, entertainment, and recreation + Accommodation and food services",Arts/entertainment/recreation plus accommodation/food services.,"BEA Fixed Assets Tables 3.7I, 3.7ESI, and 1.5; fetched with BeaData.jl."
1947,"Other services, except government",14,service_detail,0.009,0.432,2.083333333333333,0.26400704018773835,1.0080033600112002,Other sectors,FAAt307I / FAAt307ESI / FAAt105,96,"Other services, except government",Direct Table 3.7 mapping.,"BEA Fixed Assets Tables 3.7I, 3.7ESI, and 1.5; fetched with BeaData.jl."
1947,Services,15,services_total,0.241,2.895,8.324697754749568,7.069521853916104,6.755022516741723,Other sectors,FAAt307I / FAAt307ESI / FAAt105,76 + 80 + 81 + 84 + 85 + 90 + 93 + 96,Sum of Table 3.7 service detail rows,Total services constructed as the sum of the four Table 6D-style service detail rows.,"BEA Fixed Assets Tables 3.7I, 3.7ESI, and 1.5; fetched with BeaData.jl."
1947,Government,16,sector,1.389,5.466,25.411635565312842,40.74508653564095,12.754042513475046,Other sectors,FAAt307I / FAAt307ESI / FAAt105,FAAt105 line 13 / line 10,Government intellectual property products / government nonresidential fixed investment,Government added from Fixed Assets Table 1.5.,"BEA Fixed Assets Tables 3.7I, 3.7ESI, and 1.5; fetched with BeaData.jl."
1947,Total,17,total,3.409,42.857,7.954359847866159,100.0,100.0,Total,FAAt307I / FAAt307ESI / FAAt105,FAAt307I line 1 + FAAt105 line 13 / FAAt307ESI line 1 + FAAt105 line 10,Private plus government intellectual property products / private fixed assets by industry plus government nonresidential fixed investment,Total constructed as private industry-owner investment plus government nonresidential investment.,"BEA Fixed Assets Tables 3.7I, 3.7ESI, and 1.5; fetched with BeaData.jl."
1948,"Agriculture, forestry, fishing, and hunting",1,sector,0.0,3.298,0.0,0.0,6.219121252121441,Griliches measurable sectors,FAAt307I / FAAt307ESI / FAAt105,2,"Agriculture, forestry, fishing, and hunting",Direct Table 3.7 mapping.,"BEA Fixed Assets Tables 3.7I, 3.7ESI, and 1.5; fetched with BeaData.jl."
1948,Mining,2,sector,0.001,1.873,0.053390282968499736,0.02725538293813028,3.5319630397887996,Griliches measurable sectors,FAAt307I / FAAt307ESI / FAAt105,5,Mining,Direct Table 3.7 mapping.,"BEA Fixed Assets Tables 3.7I, 3.7ESI, and 1.5; fetched with BeaData.jl."
1948,Utilities,3,sector,0.002,2.322,0.08613264427217916,0.05451076587626056,4.378653592306242,Griliches measurable sectors,FAAt307I / FAAt307ESI / FAAt105,9,Utilities,Direct Table 3.7 mapping.,"BEA Fixed Assets Tables 3.7I, 3.7ESI, and 1.5; fetched with BeaData.jl."
1948,Construction,4,sector,0.0,1.05,0.0,0.0,1.980011314350368,Other sectors,FAAt307I / FAAt307ESI / FAAt105,13,Construction,Direct Table 3.7 mapping.,"BEA Fixed Assets Tables 3.7I, 3.7ESI, and 1.5; fetched with BeaData.jl."
1948,Manufacturing,5,sector,1.012,7.123,14.207496841218587,27.582447533387842,13.43201961154064,Griliches measurable sectors,FAAt307I / FAAt307ESI / FAAt105,14,Manufacturing,Direct Table 3.7 mapping.,"BEA Fixed Assets Tables 3.7I, 3.7ESI, and 1.5; fetched with BeaData.jl."
1948,Wholesale trade,6,sector,0.006,0.781,0.7682458386683738,0.16353229762878166,1.4727512728644168,Other sectors,FAAt307I / FAAt307ESI / FAAt105,40,Wholesale trade,Direct Table 3.7 mapping.,"BEA Fixed Assets Tables 3.7I, 3.7ESI, and 1.5; fetched with BeaData.jl."
1948,Retail trade,7,sector,0.004,1.029,0.3887269193391643,0.10902153175252112,1.9404110880633605,Other sectors,FAAt307I / FAAt307ESI / FAAt105,43,Retail trade,Direct Table 3.7 mapping.,"BEA Fixed Assets Tables 3.7I, 3.7ESI, and 1.5; fetched with BeaData.jl."
1948,Transportation and warehousing,8,sector,0.001,3.77,0.026525198938992044,0.02725538293813028,7.109183481048464,Griliches measurable sectors,FAAt307I / FAAt307ESI / FAAt105,48,Transportation and warehousing,Direct Table 3.7 mapping.,"BEA Fixed Assets Tables 3.7I, 3.7ESI, and 1.5; fetched with BeaData.jl."
1948,Information,9,sector,0.802,2.667,30.071241094863144,21.858817116380482,5.029228738449935,Other sectors,FAAt307I / FAAt307ESI / FAAt105,57,Information,Direct Table 3.7 mapping.,"BEA Fixed Assets Tables 3.7I, 3.7ESI, and 1.5; fetched with BeaData.jl."
1948,"Finance, insurance, real estate, rental, and leasing",10,sector,0.0,17.208,0.0,0.0,32.4495568546106,Other sectors,FAAt307I / FAAt307ESI / FAAt105,62 + 73,Finance and insurance + Real estate and rental and leasing,Finance/insurance plus real estate/rental/leasing.,"BEA Fixed Assets Tables 3.7I, 3.7ESI, and 1.5; fetched with BeaData.jl."
1948,Professional and business services,11,service_detail,0.08,0.718,11.142061281337048,2.1804306350504223,1.3539505940033945,Other sectors,FAAt307I / FAAt307ESI / FAAt105,76 + 80 + 81,"Professional, scientific, and technical services + Management of companies and enterprises (5) + Administrative and waste management services",Professional/scientific/technical plus management plus administrative/waste-management services.,"BEA Fixed Assets Tables 3.7I, 3.7ESI, and 1.5; fetched with BeaData.jl."
1948,"Educational services, health care, and social assistance",12,service_detail,0.026,0.8029999999999999,3.237858032378581,0.7086399563913872,1.51423722421271,Other sectors,FAAt307I / FAAt307ESI / FAAt105,84 + 85,Educational services + Health and social assistance,Educational services plus health care/social assistance.,"BEA Fixed Assets Tables 3.7I, 3.7ESI, and 1.5; fetched with BeaData.jl."
1948,"Arts, entertainment, recreation, accommodation, and food services",13,service_detail,0.132,1.505,8.77076411960133,3.5977105478331968,2.8380162172355274,Other sectors,FAAt307I / FAAt307ESI / FAAt105,90 + 93,"Arts, entertainment, and recreation + Accommodation and food services",Arts/entertainment/recreation plus accommodation/food services.,"BEA Fixed Assets Tables 3.7I, 3.7ESI, and 1.5; fetched with BeaData.jl."
1948,"Other services, except government",14,service_detail,0.01,0.578,1.7301038062283738,0.2725538293813028,1.0899490854233453,Other sectors,FAAt307I / FAAt307ESI / FAAt105,96,"Other services, except government",Direct Table 3.7 mapping.,"BEA Fixed Assets Tables 3.7I, 3.7ESI, and 1.5; fetched with BeaData.jl."
1948,Services,15,services_total,0.248,3.6039999999999996,6.881243063263042,6.759334968656309,6.796153120874977,Other sectors,FAAt307I / FAAt307ESI / FAAt105,76 + 80 + 81 + 84 + 85 + 90 + 93 + 96,Sum of Table 3.7 service detail rows,Total services constructed as the sum of the four Table 6D-style service detail rows.,"BEA Fixed Assets Tables 3.7I, 3.7ESI, and 1.5; fetched with BeaData.jl."
1948,Government,16,sector,1.594,8.306,19.190946303876718,43.44508040337966,15.662832359042051,Other sectors,FAAt307I / FAAt307ESI / FAAt105,FAAt105 line 13 / line 10,Government intellectual property products / government nonresidential fixed investment,Government added from Fixed Assets Table 1.5.,"BEA Fixed Assets Tables 3.7I, 3.7ESI, and 1.5; fetched with BeaData.jl."
1948,Total,17,total,3.6690000000000005,53.029999999999994,6.918725249858572,100.0,100.0,Total,FAAt307I / FAAt307ESI / FAAt105,FAAt307I line 1 + FAAt105 line 13 / FAAt307ESI line 1 + FAAt105 line 10,Private plus government intellectual property products / private fixed assets by industry plus government nonresidential fixed investment,Total constructed as private industry-owner investment plus government nonresidential investment.,"BEA Fixed Assets Tables 3.7I, 3.7ESI, and 1.5; fetched with BeaData.jl."
1949,"Agriculture, forestry, fishing, and hunting",1,sector,0.0,3.41,0.0,0.0,6.442714631197099,Griliches measurable sectors,FAAt307I / FAAt307ESI / FAAt105,2,"Agriculture, forestry, fishing, and hunting",Direct Table 3.7 mapping.,"BEA Fixed Assets Tables 3.7I, 3.7ESI, and 1.5; fetched with BeaData.jl."
1949,Mining,2,sector,0.001,1.826,0.0547645125958379,0.02660989888238425,3.44996977025393,Griliches measurable sectors,FAAt307I / FAAt307ESI / FAAt105,5,Mining,Direct Table 3.7 mapping.,"BEA Fixed Assets Tables 3.7I, 3.7ESI, and 1.5; fetched with BeaData.jl."
1949,Utilities,3,sector,0.001,2.725,0.03669724770642202,0.02660989888238425,5.148503627569529,Griliches measurable sectors,FAAt307I / FAAt307ESI / FAAt105,9,Utilities,Direct Table 3.7 mapping.,"BEA Fixed Assets Tables 3.7I, 3.7ESI, and 1.5; fetched with BeaData.jl."
1949,Construction,4,sector,0.0,0.915,0.0,0.0,1.7287636033857317,Other sectors,FAAt307I / FAAt307ESI / FAAt105,13,Construction,Direct Table 3.7 mapping.,"BEA Fixed Assets Tables 3.7I, 3.7ESI, and 1.5; fetched with BeaData.jl."
1949,Manufacturing,5,sector,0.855,5.647,15.14078271648663,22.751463544438533,10.669211003627572,Griliches measurable sectors,FAAt307I / FAAt307ESI / FAAt105,14,Manufacturing,Direct Table 3.7 mapping.,"BEA Fixed Assets Tables 3.7I, 3.7ESI, and 1.5; fetched with BeaData.jl."
1949,Wholesale trade,6,sector,0.005,0.633,0.7898894154818326,0.13304949441192124,1.1959643288996373,Other sectors,FAAt307I / FAAt307ESI / FAAt105,40,Wholesale trade,Direct Table 3.7 mapping.,"BEA Fixed Assets Tables 3.7I, 3.7ESI, and 1.5; fetched with BeaData.jl."
1949,Retail trade,7,sector,0.003,0.882,0.3401360544217687,0.07982969664715274,1.6664147521160824,Other sectors,FAAt307I / FAAt307ESI / FAAt105,43,Retail trade,Direct Table 3.7 mapping.,"BEA Fixed Assets Tables 3.7I, 3.7ESI, and 1.5; fetched with BeaData.jl."
1949,Transportation and warehousing,8,sector,0.0,3.493,0.0,0.0,6.599531438935913,Griliches measurable sectors,FAAt307I / FAAt307ESI / FAAt105,48,Transportation and warehousing,Direct Table 3.7 mapping.,"BEA Fixed Assets Tables 3.7I, 3.7ESI, and 1.5; fetched with BeaData.jl."
1949,Information,9,sector,0.917,2.519,36.403334656609765,24.401277275146356,4.759295646916566,Other sectors,FAAt307I / FAAt307ESI / FAAt105,57,Information,Direct Table 3.7 mapping.,"BEA Fixed Assets Tables 3.7I, 3.7ESI, and 1.5; fetched with BeaData.jl."
1949,"Finance, insurance, real estate, rental, and leasing",10,sector,0.0,16.271,0.0,0.0,30.74176239419589,Other sectors,FAAt307I / FAAt307ESI / FAAt105,62 + 73,Finance and insurance + Real estate and rental and leasing,Finance/insurance plus real estate/rental/leasing.,"BEA Fixed Assets Tables 3.7I, 3.7ESI, and 1.5; fetched with BeaData.jl."
1949,Professional and business services,11,service_detail,0.08600000000000001,0.753,11.420982735723774,2.288451303885046,1.422687424425635,Other sectors,FAAt307I / FAAt307ESI / FAAt105,76 + 80 + 81,"Professional, scientific, and technical services + Management of companies and enterprises (5) + Administrative and waste management services",Professional/scientific/technical plus management plus administrative/waste-management services.,"BEA Fixed Assets Tables 3.7I, 3.7ESI, and 1.5; fetched with BeaData.jl."
1949,"Educational services, health care, and social assistance",12,service_detail,0.024,0.882,2.7210884353741496,0.6386375731772219,1.6664147521160824,Other sectors,FAAt307I / FAAt307ESI / FAAt105,84 + 85,Educational services + Health and social assistance,Educational services plus health care/social assistance.,"BEA Fixed Assets Tables 3.7I, 3.7ESI, and 1.5; fetched with BeaData.jl."
1949,"Arts, entertainment, recreation, accommodation, and food services",13,service_detail,0.13,1.344,9.672619047619047,3.4592868547099522,2.5392986698911733,Other sectors,FAAt307I / FAAt307ESI / FAAt105,90 + 93,"Arts, entertainment, and recreation + Accommodation and food services",Arts/entertainment/recreation plus accommodation/food services.,"BEA Fixed Assets Tables 3.7I, 3.7ESI, and 1.5; fetched with BeaData.jl."
1949,"Other services, except government",14,service_detail,0.011,0.655,1.679389312977099,0.29270888770622666,1.2375302297460702,Other sectors,FAAt307I / FAAt307ESI / FAAt105,96,"Other services, except government",Direct Table 3.7 mapping.,"BEA Fixed Assets Tables 3.7I, 3.7ESI, and 1.5; fetched with BeaData.jl."
1949,Services,15,services_total,0.251,3.6340000000000003,6.906989543203082,6.679084619478447,6.865931076178961,Other sectors,FAAt307I / FAAt307ESI / FAAt105,76 + 80 + 81 + 84 + 85 + 90 + 93 + 96,Sum of Table 3.7 service detail rows,Total services constructed as the sum of the four Table 6D-style service detail rows.,"BEA Fixed Assets Tables 3.7I, 3.7ESI, and 1.5; fetched with BeaData.jl."
1949,Government,16,sector,1.723,10.971,15.705040561480267,45.84885577434806,20.728159008464328,Other sectors,FAAt307I / FAAt307ESI / FAAt105,FAAt105 line 13 / line 10,Government intellectual property products / government nonresidential fixed investment,Government added from Fixed Assets Table 1.5.,"BEA Fixed Assets Tables 3.7I, 3.7ESI, and 1.5; fetched with BeaData.jl."
1949,Total,17,total,3.758,52.928,7.100211608222492,100.0,99.99999999999999,Total,FAAt307I / FAAt307ESI / FAAt105,FAAt307I line 1 + FAAt105 line 13 / FAAt307ESI line 1 + FAAt105 line 10,Private plus government intellectual property products / private fixed assets by industry plus government nonresidential fixed investment,Total constructed as private industry-owner investment plus government nonresidential investment.,"BEA Fixed Assets Tables 3.7I, 3.7ESI, and 1.5; fetched with BeaData.jl."
1950,"Agriculture, forestry, fishing, and hunting",1,sector,0.0,3.474,0.0,0.0,5.602322206095792,Griliches measurable sectors,FAAt307I / FAAt307ESI / FAAt105,2,"Agriculture, forestry, fishing, and hunting",Direct Table 3.7 mapping.,"BEA Fixed Assets Tables 3.7I, 3.7ESI, and 1.5; fetched with BeaData.jl."
1950,Mining,2,sector,0.001,2.151,0.04649000464900047,0.02416042522348394,3.468795355587808,Griliches measurable sectors,FAAt307I / FAAt307ESI / FAAt105,5,Mining,Direct Table 3.7 mapping.,"BEA Fixed Assets Tables 3.7I, 3.7ESI, and 1.5; fetched with BeaData.jl."
1950,Utilities,3,sector,0.002,3.175,0.06299212598425198,0.04832085044696788,5.120141912594743,Griliches measurable sectors,FAAt307I / FAAt307ESI / FAAt105,9,Utilities,Direct Table 3.7 mapping.,"BEA Fixed Assets Tables 3.7I, 3.7ESI, and 1.5; fetched with BeaData.jl."
1950,Construction,4,sector,0.0,1.098,0.0,0.0,1.770682148040639,Other sectors,FAAt307I / FAAt307ESI / FAAt105,13,Construction,Direct Table 3.7 mapping.,"BEA Fixed Assets Tables 3.7I, 3.7ESI, and 1.5; fetched with BeaData.jl."
1950,Manufacturing,5,sector,1.053,6.098,17.267956707117087,25.440927760328584,9.83389775842606,Griliches measurable sectors,FAAt307I / FAAt307ESI / FAAt105,14,Manufacturing,Direct Table 3.7 mapping.,"BEA Fixed Assets Tables 3.7I, 3.7ESI, and 1.5; fetched with BeaData.jl."
1950,Wholesale trade,6,sector,0.006,0.731,0.8207934336525308,0.1449625513409036,1.1788421222383485,Other sectors,FAAt307I / FAAt307ESI / FAAt105,40,Wholesale trade,Direct Table 3.7 mapping.,"BEA Fixed Assets Tables 3.7I, 3.7ESI, and 1.5; fetched with BeaData.jl."
1950,Retail trade,7,sector,0.004,1.115,0.3587443946188341,0.09664170089393576,1.7980970811159491,Other sectors,FAAt307I / FAAt307ESI / FAAt105,43,Retail trade,Direct Table 3.7 mapping.,"BEA Fixed Assets Tables 3.7I, 3.7ESI, and 1.5; fetched with BeaData.jl."
1950,Transportation and warehousing,8,sector,0.001,3.381,0.029577048210588586,0.02416042522348394,5.452346395742622,Griliches measurable sectors,FAAt307I / FAAt307ESI / FAAt105,48,Transportation and warehousing,Direct Table 3.7 mapping.,"BEA Fixed Assets Tables 3.7I, 3.7ESI, and 1.5; fetched with BeaData.jl."
1950,Information,9,sector,0.914,2.539,35.99842457660496,22.08262865426432,4.094500886953718,Other sectors,FAAt307I / FAAt307ESI / FAAt105,57,Information,Direct Table 3.7 mapping.,"BEA Fixed Assets Tables 3.7I, 3.7ESI, and 1.5; fetched with BeaData.jl."
1950,"Finance, insurance, real estate, rental, and leasing",10,sector,0.0,22.738,0.0,0.0,36.66827930978875,Other sectors,FAAt307I / FAAt307ESI / FAAt105,62 + 73,Finance and insurance + Real estate and rental and leasing,Finance/insurance plus real estate/rental/leasing.,"BEA Fixed Assets Tables 3.7I, 3.7ESI, and 1.5; fetched with BeaData.jl."
1950,Professional and business services,11,service_detail,0.099,0.8979999999999999,11.024498886414255,2.3918820971249097,1.4481535236252217,Other sectors,FAAt307I / FAAt307ESI / FAAt105,76 + 80 + 81,"Professional, scientific, and technical services + Management of companies and enterprises (5) + Administrative and waste management services",Professional/scientific/technical plus management plus administrative/waste-management services.,"BEA Fixed Assets Tables 3.7I, 3.7ESI, and 1.5; fetched with BeaData.jl."
1950,"Educational services, health care, and social assistance",12,service_detail,0.025,1.238,2.0193861066235863,0.6040106305870985,1.9964521851314305,Other sectors,FAAt307I / FAAt307ESI / FAAt105,84 + 85,Educational services + Health and social assistance,Educational services plus health care/social assistance.,"BEA Fixed Assets Tables 3.7I, 3.7ESI, and 1.5; fetched with BeaData.jl."
1950,"Arts, entertainment, recreation, accommodation, and food services",13,service_detail,0.14100000000000001,1.519,9.282422646477947,3.4066199565112356,2.449604902435091,Other sectors,FAAt307I / FAAt307ESI / FAAt105,90 + 93,"Arts, entertainment, and recreation + Accommodation and food services",Arts/entertainment/recreation plus accommodation/food services.,"BEA Fixed Assets Tables 3.7I, 3.7ESI, and 1.5; fetched with BeaData.jl."
1950,"Other services, except government",14,service_detail,0.013,0.762,1.7060367454068242,0.3140855279052912,1.2288340590227385,Other sectors,FAAt307I / FAAt307ESI / FAAt105,96,"Other services, except government",Direct Table 3.7 mapping.,"BEA Fixed Assets Tables 3.7I, 3.7ESI, and 1.5; fetched with BeaData.jl."
1950,Services,15,services_total,0.278,4.417,6.293864613991398,6.7165982121285355,7.123044670214481,Other sectors,FAAt307I / FAAt307ESI / FAAt105,76 + 80 + 81 + 84 + 85 + 90 + 93 + 96,Sum of Table 3.7 service detail rows,Total services constructed as the sum of the four Table 6D-style service detail rows.,"BEA Fixed Assets Tables 3.7I, 3.7ESI, and 1.5; fetched with BeaData.jl."
1950,Government,16,sector,1.883,11.094,16.973138633495584,45.49408069582026,17.890662796323173,Other sectors,FAAt307I / FAAt307ESI / FAAt105,FAAt105 line 13 / line 10,Government intellectual property products / government nonresidential fixed investment,Government added from Fixed Assets Table 1.5.,"BEA Fixed Assets Tables 3.7I, 3.7ESI, and 1.5; fetched with BeaData.jl."
1950,Total,17,total,4.138999999999999,62.01,6.674729882277051,100.0,100.0,Total,FAAt307I / FAAt307ESI / FAAt105,FAAt307I line 1 + FAAt105 line 13 / FAAt307ESI line 1 + FAAt105 line 10,Private plus government intellectual property products / private fixed assets by industry plus government nonresidential fixed investment,Total constructed as private industry-owner investment plus government nonresidential investment.,"BEA Fixed Assets Tables 3.7I, 3.7ESI, and 1.5; fetched with BeaData.jl."
1951,"Agriculture, forestry, fishing, and hunting",1,sector,0.0,3.505,0.0,0.0,4.869475819336196,Griliches measurable sectors,FAAt307I / FAAt307ESI / FAAt105,2,"Agriculture, forestry, fishing, and hunting",Direct Table 3.7 mapping.,"BEA Fixed Assets Tables 3.7I, 3.7ESI, and 1.5; fetched with BeaData.jl."
1951,Mining,2,sector,0.001,2.489,0.040176777822418644,0.022436616558223016,3.457953014073549,Griliches measurable sectors,FAAt307I / FAAt307ESI / FAAt105,5,Mining,Direct Table 3.7 mapping.,"BEA Fixed Assets Tables 3.7I, 3.7ESI, and 1.5; fetched with BeaData.jl."
1951,Utilities,3,sector,0.002,3.398,0.05885815185403179,0.04487323311644603,4.720821350671724,Griliches measurable sectors,FAAt307I / FAAt307ESI / FAAt105,9,Utilities,Direct Table 3.7 mapping.,"BEA Fixed Assets Tables 3.7I, 3.7ESI, and 1.5; fetched with BeaData.jl."
1951,Construction,4,sector,0.0,1.103,0.0,0.0,1.5323913919337584,Other sectors,FAAt307I / FAAt307ESI / FAAt105,13,Construction,Direct Table 3.7 mapping.,"BEA Fixed Assets Tables 3.7I, 3.7ESI, and 1.5; fetched with BeaData.jl."
1951,Manufacturing,5,sector,1.219,8.718,13.982564808442303,27.350235584473857,12.111865960905263,Griliches measurable sectors,FAAt307I / FAAt307ESI / FAAt105,14,Manufacturing,Direct Table 3.7 mapping.,"BEA Fixed Assets Tables 3.7I, 3.7ESI, and 1.5; fetched with BeaData.jl."
1951,Wholesale trade,6,sector,0.007,0.804,0.8706467661691543,0.15705631590756114,1.1169924561330389,Other sectors,FAAt307I / FAAt307ESI / FAAt105,40,Wholesale trade,Direct Table 3.7 mapping.,"BEA Fixed Assets Tables 3.7I, 3.7ESI, and 1.5; fetched with BeaData.jl."
1951,Retail trade,7,sector,0.004,0.987,0.4052684903748734,0.08974646623289206,1.3712332763722752,Other sectors,FAAt307I / FAAt307ESI / FAAt105,43,Retail trade,Direct Table 3.7 mapping.,"BEA Fixed Assets Tables 3.7I, 3.7ESI, and 1.5; fetched with BeaData.jl."
1951,Transportation and warehousing,8,sector,0.001,4.053,0.02467308166790032,0.022436616558223016,5.6308089859542365,Griliches measurable sectors,FAAt307I / FAAt307ESI / FAAt105,48,Transportation and warehousing,Direct Table 3.7 mapping.,"BEA Fixed Assets Tables 3.7I, 3.7ESI, and 1.5; fetched with BeaData.jl."
1951,Information,9,sector,0.813,2.435,33.38809034907597,18.24096926183531,3.3829311326914797,Other sectors,FAAt307I / FAAt307ESI / FAAt105,57,Information,Direct Table 3.7 mapping.,"BEA Fixed Assets Tables 3.7I, 3.7ESI, and 1.5; fetched with BeaData.jl."
1951,"Finance, insurance, real estate, rental, and leasing",10,sector,0.0,20.869999999999997,0.0,0.0,28.99456786007029,Other sectors,FAAt307I / FAAt307ESI / FAAt105,62 + 73,Finance and insurance + Real estate and rental and leasing,Finance/insurance plus real estate/rental/leasing.,"BEA Fixed Assets Tables 3.7I, 3.7ESI, and 1.5; fetched with BeaData.jl."
1951,Professional and business services,11,service_detail,0.109,0.964,11.307053941908714,2.4455912048463087,1.3392795120799121,Other sectors,FAAt307I / FAAt307ESI / FAAt105,76 + 80 + 81,"Professional, scientific, and technical services + Management of companies and enterprises (5) + Administrative and waste management services",Professional/scientific/technical plus management plus administrative/waste-management services.,"BEA Fixed Assets Tables 3.7I, 3.7ESI, and 1.5; fetched with BeaData.jl."
1951,"Educational services, health care, and social assistance",12,service_detail,0.025,1.405,1.7793594306049823,0.5609154139555754,1.951958210033482,Other sectors,FAAt307I / FAAt307ESI / FAAt105,84 + 85,Educational services + Health and social assistance,Educational services plus health care/social assistance.,"BEA Fixed Assets Tables 3.7I, 3.7ESI, and 1.5; fetched with BeaData.jl."
1951,"Arts, entertainment, recreation, accommodation, and food services",13,service_detail,0.158,1.449,10.904071773636991,3.544985416199237,2.013087150418872,Other sectors,FAAt307I / FAAt307ESI / FAAt105,90 + 93,"Arts, entertainment, and recreation + Accommodation and food services",Arts/entertainment/recreation plus accommodation/food services.,"BEA Fixed Assets Tables 3.7I, 3.7ESI, and 1.5; fetched with BeaData.jl."
1951,"Other services, except government",14,service_detail,0.014,0.876,1.5981735159817354,0.3141126318151223,1.2170216313091318,Other sectors,FAAt307I / FAAt307ESI / FAAt105,96,"Other services, except government",Direct Table 3.7 mapping.,"BEA Fixed Assets Tables 3.7I, 3.7ESI, and 1.5; fetched with BeaData.jl."
1951,Services,15,services_total,0.30600000000000005,4.694,6.518960374946742,6.865604666816244,6.521346503841398,Other sectors,FAAt307I / FAAt307ESI / FAAt105,76 + 80 + 81 + 84 + 85 + 90 + 93 + 96,Sum of Table 3.7 service detail rows,Total services constructed as the sum of the four Table 6D-style service detail rows.,"BEA Fixed Assets Tables 3.7I, 3.7ESI, and 1.5; fetched with BeaData.jl."
1951,Government,16,sector,2.103,18.926,11.111698192962065,47.184204621943,26.293780130315785,Other sectors,FAAt307I / FAAt307ESI / FAAt105,FAAt105 line 13 / line 10,Government intellectual property products / government nonresidential fixed investment,Government added from Fixed Assets Table 1.5.,"BEA Fixed Assets Tables 3.7I, 3.7ESI, and 1.5; fetched with BeaData.jl."
1951,Total,17,total,4.457000000000001,71.979,6.192083802220092,100.0,100.0,Total,FAAt307I / FAAt307ESI / FAAt105,FAAt307I line 1 + FAAt105 line 13 / FAAt307ESI line 1 + FAAt105 line 10,Private plus government intellectual property products / private fixed assets by industry plus government nonresidential fixed investment,Total constructed as private industry-owner investment plus government nonresidential investment.,"BEA Fixed Assets Tables 3.7I, 3.7ESI, and 1.5; fetched with BeaData.jl."
1952,"Agriculture, forestry, fishing, and hunting",1,sector,0.0,3.387,0.0,0.0,4.34788189987163,Griliches measurable sectors,FAAt307I / FAAt307ESI / FAAt105,2,"Agriculture, forestry, fishing, and hunting",Direct Table 3.7 mapping.,"BEA Fixed Assets Tables 3.7I, 3.7ESI, and 1.5; fetched with BeaData.jl."
1952,Mining,2,sector,0.001,2.938,0.03403675970047652,0.018681113394358306,3.771501925545571,Griliches measurable sectors,FAAt307I / FAAt307ESI / FAAt105,5,Mining,Direct Table 3.7 mapping.,"BEA Fixed Assets Tables 3.7I, 3.7ESI, and 1.5; fetched with BeaData.jl."
1952,Utilities,3,sector,0.003,3.469,0.08648025367541078,0.05604334018307491,4.453145057766367,Griliches measurable sectors,FAAt307I / FAAt307ESI / FAAt105,9,Utilities,Direct Table 3.7 mapping.,"BEA Fixed Assets Tables 3.7I, 3.7ESI, and 1.5; fetched with BeaData.jl."
1952,Construction,4,sector,0.001,1.086,0.09208103130755065,0.018681113394358306,1.3940949935815148,Other sectors,FAAt307I / FAAt307ESI / FAAt105,13,Construction,Direct Table 3.7 mapping.,"BEA Fixed Assets Tables 3.7I, 3.7ESI, and 1.5; fetched with BeaData.jl."
1952,Manufacturing,5,sector,1.691,9.51,17.781282860147215,31.589762749859894,12.207958921694479,Griliches measurable sectors,FAAt307I / FAAt307ESI / FAAt105,14,Manufacturing,Direct Table 3.7 mapping.,"BEA Fixed Assets Tables 3.7I, 3.7ESI, and 1.5; fetched with BeaData.jl."
1952,Wholesale trade,6,sector,0.009,0.661,1.3615733736762479,0.1681300205492247,0.8485237483953787,Other sectors,FAAt307I / FAAt307ESI / FAAt105,40,Wholesale trade,Direct Table 3.7 mapping.,"BEA Fixed Assets Tables 3.7I, 3.7ESI, and 1.5; fetched with BeaData.jl."
1952,Retail trade,7,sector,0.006,0.786,0.7633587786259541,0.11208668036614983,1.0089858793324775,Other sectors,FAAt307I / FAAt307ESI / FAAt105,43,Retail trade,Direct Table 3.7 mapping.,"BEA Fixed Assets Tables 3.7I, 3.7ESI, and 1.5; fetched with BeaData.jl."
1952,Transportation and warehousing,8,sector,0.001,3.87,0.02583979328165375,0.018681113394358306,4.96790757381258,Griliches measurable sectors,FAAt307I / FAAt307ESI / FAAt105,48,Transportation and warehousing,Direct Table 3.7 mapping.,"BEA Fixed Assets Tables 3.7I, 3.7ESI, and 1.5; fetched with BeaData.jl."
1952,Information,9,sector,0.926,2.849,32.5026325026325,17.298711003175793,3.657252888318357,Other sectors,FAAt307I / FAAt307ESI / FAAt105,57,Information,Direct Table 3.7 mapping.,"BEA Fixed Assets Tables 3.7I, 3.7ESI, and 1.5; fetched with BeaData.jl."
1952,"Finance, insurance, real estate, rental, and leasing",10,sector,0.0,20.775,0.0,0.0,26.668806161745827,Other sectors,FAAt307I / FAAt307ESI / FAAt105,62 + 73,Finance and insurance + Real estate and rental and leasing,Finance/insurance plus real estate/rental/leasing.,"BEA Fixed Assets Tables 3.7I, 3.7ESI, and 1.5; fetched with BeaData.jl."
1952,Professional and business services,11,service_detail,0.123,0.913,13.472070098576124,2.2977769475060716,1.1720154043645699,Other sectors,FAAt307I / FAAt307ESI / FAAt105,76 + 80 + 81,"Professional, scientific, and technical services + Management of companies and enterprises (5) + Administrative and waste management services",Professional/scientific/technical plus management plus administrative/waste-management services.,"BEA Fixed Assets Tables 3.7I, 3.7ESI, and 1.5; fetched with BeaData.jl."
1952,"Educational services, health care, and social assistance",12,service_detail,0.027,1.365,1.978021978021978,0.5043900616476743,1.7522464698331193,Other sectors,FAAt307I / FAAt307ESI / FAAt105,84 + 85,Educational services + Health and social assistance,Educational services plus health care/social assistance.,"BEA Fixed Assets Tables 3.7I, 3.7ESI, and 1.5; fetched with BeaData.jl."
1952,"Arts, entertainment, recreation, accommodation, and food services",13,service_detail,0.17200000000000001,1.3719999999999999,12.53644314868805,3.213151503829629,1.7612323491655966,Other sectors,FAAt307I / FAAt307ESI / FAAt105,90 + 93,"Arts, entertainment, and recreation + Accommodation and food services",Arts/entertainment/recreation plus accommodation/food services.,"BEA Fixed Assets Tables 3.7I, 3.7ESI, and 1.5; fetched with BeaData.jl."
1952,"Other services, except government",14,service_detail,0.016,0.972,1.646090534979424,0.2988978143097329,1.2477535301668805,Other sectors,FAAt307I / FAAt307ESI / FAAt105,96,"Other services, except government",Direct Table 3.7 mapping.,"BEA Fixed Assets Tables 3.7I, 3.7ESI, and 1.5; fetched with BeaData.jl."
1952,Services,15,services_total,0.3380000000000001,4.622,7.312851579402858,6.314216327293109,5.933247753530166,Other sectors,FAAt307I / FAAt307ESI / FAAt105,76 + 80 + 81 + 84 + 85 + 90 + 93 + 96,Sum of Table 3.7 service detail rows,Total services constructed as the sum of the four Table 6D-style service detail rows.,"BEA Fixed Assets Tables 3.7I, 3.7ESI, and 1.5; fetched with BeaData.jl."
1952,Government,16,sector,2.376,23.944,9.923154026060809,44.38632542499533,30.736842105263158,Other sectors,FAAt307I / FAAt307ESI / FAAt105,FAAt105 line 13 / line 10,Government intellectual property products / government nonresidential fixed investment,Government added from Fixed Assets Table 1.5.,"BEA Fixed Assets Tables 3.7I, 3.7ESI, and 1.5; fetched with BeaData.jl."
1952,Total,17,total,5.353,77.9,6.87163029525032,100.0,100.0,Total,FAAt307I / FAAt307ESI / FAAt105,FAAt307I line 1 + FAAt105 line 13 / FAAt307ESI line 1 + FAAt105 line 10,Private plus government intellectual property products / private fixed assets by industry plus government nonresidential fixed investment,Total constructed as private industry-owner investment plus government nonresidential investment.,"BEA Fixed Assets Tables 3.7I, 3.7ESI, and 1.5; fetched with BeaData.jl."
1953,"Agriculture, forestry, fishing, and hunting",1,sector,0.0,3.308,0.0,0.0,3.9127554882664644,Griliches measurable sectors,FAAt307I / FAAt307ESI / FAAt105,2,"Agriculture, forestry, fishing, and hunting",Direct Table 3.7 mapping.,"BEA Fixed Assets Tables 3.7I, 3.7ESI, and 1.5; fetched with BeaData.jl."
1953,Mining,2,sector,0.002,3.3,0.060606060606060615,0.031525851197982346,3.90329295987888,Griliches measurable sectors,FAAt307I / FAAt307ESI / FAAt105,5,Mining,Direct Table 3.7 mapping.,"BEA Fixed Assets Tables 3.7I, 3.7ESI, and 1.5; fetched with BeaData.jl."
1953,Utilities,3,sector,0.004,4.094,0.09770395701025891,0.06305170239596469,4.842448902346708,Griliches measurable sectors,FAAt307I / FAAt307ESI / FAAt105,9,Utilities,Direct Table 3.7 mapping.,"BEA Fixed Assets Tables 3.7I, 3.7ESI, and 1.5; fetched with BeaData.jl."
1953,Construction,4,sector,0.001,1.053,0.0949667616334283,0.015762925598991173,1.245505299015897,Other sectors,FAAt307I / FAAt307ESI / FAAt105,13,Construction,Direct Table 3.7 mapping.,"BEA Fixed Assets Tables 3.7I, 3.7ESI, and 1.5; fetched with BeaData.jl."
1953,Manufacturing,5,sector,2.162,10.009,21.60055949645319,34.07944514501891,11.838805828917488,Griliches measurable sectors,FAAt307I / FAAt307ESI / FAAt105,14,Manufacturing,Direct Table 3.7 mapping.,"BEA Fixed Assets Tables 3.7I, 3.7ESI, and 1.5; fetched with BeaData.jl."
1953,Wholesale trade,6,sector,0.012,0.757,1.5852047556142668,0.18915510718789405,0.8953917486752461,Other sectors,FAAt307I / FAAt307ESI / FAAt105,40,Wholesale trade,Direct Table 3.7 mapping.,"BEA Fixed Assets Tables 3.7I, 3.7ESI, and 1.5; fetched with BeaData.jl."
1953,Retail trade,7,sector,0.008,1.239,0.645682001614205,0.12610340479192939,1.4655090840272522,Other sectors,FAAt307I / FAAt307ESI / FAAt105,43,Retail trade,Direct Table 3.7 mapping.,"BEA Fixed Assets Tables 3.7I, 3.7ESI, and 1.5; fetched with BeaData.jl."
1953,Transportation and warehousing,8,sector,0.001,3.934,0.02541942043721403,0.015762925598991173,4.653198334595005,Griliches measurable sectors,FAAt307I / FAAt307ESI / FAAt105,48,Transportation and warehousing,Direct Table 3.7 mapping.,"BEA Fixed Assets Tables 3.7I, 3.7ESI, and 1.5; fetched with BeaData.jl."
1953,Information,9,sector,1.093,3.249,33.64112034472145,17.22887767969735,3.8429693414080246,Other sectors,FAAt307I / FAAt307ESI / FAAt105,57,Information,Direct Table 3.7 mapping.,"BEA Fixed Assets Tables 3.7I, 3.7ESI, and 1.5; fetched with BeaData.jl."
1953,"Finance, insurance, real estate, rental, and leasing",10,sector,0.0,22.191,0.0,0.0,26.247870931112793,Other sectors,FAAt307I / FAAt307ESI / FAAt105,62 + 73,Finance and insurance + Real estate and rental and leasing,Finance/insurance plus real estate/rental/leasing.,"BEA Fixed Assets Tables 3.7I, 3.7ESI, and 1.5; fetched with BeaData.jl."
1953,Professional and business services,11,service_detail,0.14300000000000002,1.167,12.253641816623823,2.2540983606557377,1.3803463285389856,Other sectors,FAAt307I / FAAt307ESI / FAAt105,76 + 80 + 81,"Professional, scientific, and technical services + Management of companies and enterprises (5) + Administrative and waste management services",Professional/scientific/technical plus management plus administrative/waste-management services.,"BEA Fixed Assets Tables 3.7I, 3.7ESI, and 1.5; fetched with BeaData.jl."
1953,"Educational services, health care, and social assistance",12,service_detail,0.03,1.457,2.059025394646534,0.47288776796973514,1.723362982588948,Other sectors,FAAt307I / FAAt307ESI / FAAt105,84 + 85,Educational services + Health and social assistance,Educational services plus health care/social assistance.,"BEA Fixed Assets Tables 3.7I, 3.7ESI, and 1.5; fetched with BeaData.jl."
1953,"Arts, entertainment, recreation, accommodation, and food services",13,service_detail,0.186,1.71,10.877192982456142,2.9319041614123584,2.0226154428463285,Other sectors,FAAt307I / FAAt307ESI / FAAt105,90 + 93,"Arts, entertainment, and recreation + Accommodation and food services",Arts/entertainment/recreation plus accommodation/food services.,"BEA Fixed Assets Tables 3.7I, 3.7ESI, and 1.5; fetched with BeaData.jl."
1953,"Other services, except government",14,service_detail,0.018,1.152,1.5625,0.28373266078184106,1.3626040878122634,Other sectors,FAAt307I / FAAt307ESI / FAAt105,96,"Other services, except government",Direct Table 3.7 mapping.,"BEA Fixed Assets Tables 3.7I, 3.7ESI, and 1.5; fetched with BeaData.jl."
1953,Services,15,services_total,0.377,5.486000000000001,6.872037914691943,5.942622950819672,6.488928841786526,Other sectors,FAAt307I / FAAt307ESI / FAAt105,76 + 80 + 81 + 84 + 85 + 90 + 93 + 96,Sum of Table 3.7 service detail rows,Total services constructed as the sum of the four Table 6D-style service detail rows.,"BEA Fixed Assets Tables 3.7I, 3.7ESI, and 1.5; fetched with BeaData.jl."
1953,Government,16,sector,2.684,25.924,10.353340533868232,42.307692307692314,30.66332323996972,Other sectors,FAAt307I / FAAt307ESI / FAAt105,FAAt105 line 13 / line 10,Government intellectual property products / government nonresidential fixed investment,Government added from Fixed Assets Table 1.5.,"BEA Fixed Assets Tables 3.7I, 3.7ESI, and 1.5; fetched with BeaData.jl."
1953,Total,17,total,6.344,84.544,7.503785011355034,99.99999999999999,100.0,Total,FAAt307I / FAAt307ESI / FAAt105,FAAt307I line 1 + FAAt105 line 13 / FAAt307ESI line 1 + FAAt105 line 10,Private plus government intellectual property products / private fixed assets by industry plus government nonresidential fixed investment,Total constructed as private industry-owner investment plus government nonresidential investment.,"BEA Fixed Assets Tables 3.7I, 3.7ESI, and 1.5; fetched with BeaData.jl."
1954,"Agriculture, forestry, fishing, and hunting",1,sector,0.0,3.051,0.0,0.0,3.595630089684513,Griliches measurable sectors,FAAt307I / FAAt307ESI / FAAt105,2,"Agriculture, forestry, fishing, and hunting",Direct Table 3.7 mapping.,"BEA Fixed Assets Tables 3.7I, 3.7ESI, and 1.5; fetched with BeaData.jl."
1954,Mining,2,sector,0.002,3.396,0.05889281507656066,0.028893383415197923,4.002215596384334,Griliches measurable sectors,FAAt307I / FAAt307ESI / FAAt105,5,Mining,Direct Table 3.7 mapping.,"BEA Fixed Assets Tables 3.7I, 3.7ESI, and 1.5; fetched with BeaData.jl."
1954,Utilities,3,sector,0.004,3.873,0.10327911179963853,0.057786766830395846,4.564364253473654,Griliches measurable sectors,FAAt307I / FAAt307ESI / FAAt105,9,Utilities,Direct Table 3.7 mapping.,"BEA Fixed Assets Tables 3.7I, 3.7ESI, and 1.5; fetched with BeaData.jl."
1954,Construction,4,sector,0.001,1.049,0.09532888465204958,0.014446691707598961,1.2362556421104731,Other sectors,FAAt307I / FAAt307ESI / FAAt105,13,Construction,Direct Table 3.7 mapping.,"BEA Fixed Assets Tables 3.7I, 3.7ESI, and 1.5; fetched with BeaData.jl."
1954,Manufacturing,5,sector,2.27,10.021,22.652429897215846,32.79399017624964,11.80983583373599,Griliches measurable sectors,FAAt307I / FAAt307ESI / FAAt105,14,Manufacturing,Direct Table 3.7 mapping.,"BEA Fixed Assets Tables 3.7I, 3.7ESI, and 1.5; fetched with BeaData.jl."
1954,Wholesale trade,6,sector,0.014,0.79,1.7721518987341773,0.20225368390638546,0.9310218849068388,Other sectors,FAAt307I / FAAt307ESI / FAAt105,40,Wholesale trade,Direct Table 3.7 mapping.,"BEA Fixed Assets Tables 3.7I, 3.7ESI, and 1.5; fetched with BeaData.jl."
1954,Retail trade,7,sector,0.009,1.325,0.6792452830188679,0.13002022536839064,1.561524047470331,Other sectors,FAAt307I / FAAt307ESI / FAAt105,43,Retail trade,Direct Table 3.7 mapping.,"BEA Fixed Assets Tables 3.7I, 3.7ESI, and 1.5; fetched with BeaData.jl."
1954,Transportation and warehousing,8,sector,0.001,3.051,0.03277613897082924,0.014446691707598961,3.595630089684513,Griliches measurable sectors,FAAt307I / FAAt307ESI / FAAt105,48,Transportation and warehousing,Direct Table 3.7 mapping.,"BEA Fixed Assets Tables 3.7I, 3.7ESI, and 1.5; fetched with BeaData.jl."
1954,Information,9,sector,1.174,3.275,35.847328244274806,16.96041606472118,3.859616041860629,Other sectors,FAAt307I / FAAt307ESI / FAAt105,57,Information,Direct Table 3.7 mapping.,"BEA Fixed Assets Tables 3.7I, 3.7ESI, and 1.5; fetched with BeaData.jl."
1954,"Finance, insurance, real estate, rental, and leasing",10,sector,0.0,24.006,0.0,0.0,28.291280214017178,Other sectors,FAAt307I / FAAt307ESI / FAAt105,62 + 73,Finance and insurance + Real estate and rental and leasing,Finance/insurance plus real estate/rental/leasing.,"BEA Fixed Assets Tables 3.7I, 3.7ESI, and 1.5; fetched with BeaData.jl."
1954,Professional and business services,11,service_detail,0.154,1.202,12.811980033277871,2.22479052297024,1.4165674755164812,Other sectors,FAAt307I / FAAt307ESI / FAAt105,76 + 80 + 81,"Professional, scientific, and technical services + Management of companies and enterprises (5) + Administrative and waste management services",Professional/scientific/technical plus management plus administrative/waste-management services.,"BEA Fixed Assets Tables 3.7I, 3.7ESI, and 1.5; fetched with BeaData.jl."
1954,"Educational services, health care, and social assistance",12,service_detail,0.033,1.6280000000000001,2.027027027027027,0.47674082635076576,1.9186121881371312,Other sectors,FAAt307I / FAAt307ESI / FAAt105,84 + 85,Educational services + Health and social assistance,Educational services plus health care/social assistance.,"BEA Fixed Assets Tables 3.7I, 3.7ESI, and 1.5; fetched with BeaData.jl."
1954,"Arts, entertainment, recreation, accommodation, and food services",13,service_detail,0.198,1.758,11.262798634812286,2.860444958104594,2.0718183210964844,Other sectors,FAAt307I / FAAt307ESI / FAAt105,90 + 93,"Arts, entertainment, and recreation + Accommodation and food services",Arts/entertainment/recreation plus accommodation/food services.,"BEA Fixed Assets Tables 3.7I, 3.7ESI, and 1.5; fetched with BeaData.jl."
1954,"Other services, except government",14,service_detail,0.02,1.401,1.4275517487508922,0.2889338341519792,1.6510907098157988,Other sectors,FAAt307I / FAAt307ESI / FAAt105,96,"Other services, except government",Direct Table 3.7 mapping.,"BEA Fixed Assets Tables 3.7I, 3.7ESI, and 1.5; fetched with BeaData.jl."
1954,Services,15,services_total,0.405,5.989,6.762397729170146,5.850910141577579,7.058088694565895,Other sectors,FAAt307I / FAAt307ESI / FAAt105,76 + 80 + 81 + 84 + 85 + 90 + 93 + 96,Sum of Table 3.7 service detail rows,Total services constructed as the sum of the four Table 6D-style service detail rows.,"BEA Fixed Assets Tables 3.7I, 3.7ESI, and 1.5; fetched with BeaData.jl."
1954,Government,16,sector,3.042,25.024,12.156329923273656,43.94683617451604,29.491002085960424,Other sectors,FAAt307I / FAAt307ESI / FAAt105,FAAt105 line 13 / line 10,Government intellectual property products / government nonresidential fixed investment,Government added from Fixed Assets Table 1.5.,"BEA Fixed Assets Tables 3.7I, 3.7ESI, and 1.5; fetched with BeaData.jl."
1954,Total,17,total,6.922,84.85300000000001,8.157637325728022,100.0,100.0,Total,FAAt307I / FAAt307ESI / FAAt105,FAAt307I line 1 + FAAt105 line 13 / FAAt307ESI line 1 + FAAt105 line 10,Private plus government intellectual property products / private fixed assets by industry plus government nonresidential fixed investment,Total constructed as private industry-owner investment plus government nonresidential investment.,"BEA Fixed Assets Tables 3.7I, 3.7ESI, and 1.5; fetched with BeaData.jl."
1955,"Agriculture, forestry, fishing, and hunting",1,sector,0.0,3.232,0.0,0.0,3.487569060773481,Griliches measurable sectors,FAAt307I / FAAt307ESI / FAAt105,2,"Agriculture, forestry, fishing, and hunting",Direct Table 3.7 mapping.,"BEA Fixed Assets Tables 3.7I, 3.7ESI, and 1.5; fetched with BeaData.jl."
1955,Mining,2,sector,0.002,3.813,0.05245213742460005,0.025313251487153528,4.114511395027624,Griliches measurable sectors,FAAt307I / FAAt307ESI / FAAt105,5,Mining,Direct Table 3.7 mapping.,"BEA Fixed Assets Tables 3.7I, 3.7ESI, and 1.5; fetched with BeaData.jl."
1955,Utilities,3,sector,0.004,3.819,0.10473946059177797,0.050626502974307055,4.120985842541437,Griliches measurable sectors,FAAt307I / FAAt307ESI / FAAt105,9,Utilities,Direct Table 3.7 mapping.,"BEA Fixed Assets Tables 3.7I, 3.7ESI, and 1.5; fetched with BeaData.jl."
1955,Construction,4,sector,0.001,1.358,0.07363770250368189,0.012656625743576764,1.4653832872928179,Other sectors,FAAt307I / FAAt307ESI / FAAt105,13,Construction,Direct Table 3.7 mapping.,"BEA Fixed Assets Tables 3.7I, 3.7ESI, and 1.5; fetched with BeaData.jl."
1955,Manufacturing,5,sector,2.445,10.549,23.177552374632665,30.94544994304518,11.383157803867402,Griliches measurable sectors,FAAt307I / FAAt307ESI / FAAt105,14,Manufacturing,Direct Table 3.7 mapping.,"BEA Fixed Assets Tables 3.7I, 3.7ESI, and 1.5; fetched with BeaData.jl."
1955,Wholesale trade,6,sector,0.011,1.023,1.075268817204301,0.13922288317934436,1.1038933011049723,Other sectors,FAAt307I / FAAt307ESI / FAAt105,40,Wholesale trade,Direct Table 3.7 mapping.,"BEA Fixed Assets Tables 3.7I, 3.7ESI, and 1.5; fetched with BeaData.jl."
1955,Retail trade,7,sector,0.007,1.641,0.4265691651432054,0.08859638020503735,1.7707613950276242,Other sectors,FAAt307I / FAAt307ESI / FAAt105,43,Retail trade,Direct Table 3.7 mapping.,"BEA Fixed Assets Tables 3.7I, 3.7ESI, and 1.5; fetched with BeaData.jl."
1955,Transportation and warehousing,8,sector,0.001,3.475,0.02877697841726619,0.012656625743576764,3.749784185082873,Griliches measurable sectors,FAAt307I / FAAt307ESI / FAAt105,48,Transportation and warehousing,Direct Table 3.7 mapping.,"BEA Fixed Assets Tables 3.7I, 3.7ESI, and 1.5; fetched with BeaData.jl."
1955,Information,9,sector,1.403,3.797,36.95022386094285,17.7572459182382,4.097246201657459,Other sectors,FAAt307I / FAAt307ESI / FAAt105,57,Information,Direct Table 3.7 mapping.,"BEA Fixed Assets Tables 3.7I, 3.7ESI, and 1.5; fetched with BeaData.jl."
1955,"Finance, insurance, real estate, rental, and leasing",10,sector,0.0,28.8,0.0,0.0,31.077348066298345,Other sectors,FAAt307I / FAAt307ESI / FAAt105,62 + 73,Finance and insurance + Real estate and rental and leasing,Finance/insurance plus real estate/rental/leasing.,"BEA Fixed Assets Tables 3.7I, 3.7ESI, and 1.5; fetched with BeaData.jl."
1955,Professional and business services,11,service_detail,0.155,1.445,10.726643598615917,1.9617769902543982,1.559262776243094,Other sectors,FAAt307I / FAAt307ESI / FAAt105,76 + 80 + 81,"Professional, scientific, and technical services + Management of companies and enterprises (5) + Administrative and waste management services",Professional/scientific/technical plus management plus administrative/waste-management services.,"BEA Fixed Assets Tables 3.7I, 3.7ESI, and 1.5; fetched with BeaData.jl."
1955,"Educational services, health care, and social assistance",12,service_detail,0.034,1.78,1.910112359550562,0.43032527528160996,1.9207527624309393,Other sectors,FAAt307I / FAAt307ESI / FAAt105,84 + 85,Educational services + Health and social assistance,Educational services plus health care/social assistance.,"BEA Fixed Assets Tables 3.7I, 3.7ESI, and 1.5; fetched with BeaData.jl."
1955,"Arts, entertainment, recreation, accommodation, and food services",13,service_detail,0.231,2.05,11.26829268292683,2.9236805467662323,2.212102900552486,Other sectors,FAAt307I / FAAt307ESI / FAAt105,90 + 93,"Arts, entertainment, and recreation + Accommodation and food services",Arts/entertainment/recreation plus accommodation/food services.,"BEA Fixed Assets Tables 3.7I, 3.7ESI, and 1.5; fetched with BeaData.jl."
1955,"Other services, except government",14,service_detail,0.021,1.574,1.3341804320203303,0.26578914061511205,1.6984633977900554,Other sectors,FAAt307I / FAAt307ESI / FAAt105,96,"Other services, except government",Direct Table 3.7 mapping.,"BEA Fixed Assets Tables 3.7I, 3.7ESI, and 1.5; fetched with BeaData.jl."
1955,Services,15,services_total,0.44100000000000006,6.848999999999999,6.438896189224706,5.581571952917353,7.390581837016574,Other sectors,FAAt307I / FAAt307ESI / FAAt105,76 + 80 + 81 + 84 + 85 + 90 + 93 + 96,Sum of Table 3.7 service detail rows,Total services constructed as the sum of the four Table 6D-style service detail rows.,"BEA Fixed Assets Tables 3.7I, 3.7ESI, and 1.5; fetched with BeaData.jl."
1955,Government,16,sector,3.586,24.319,14.745672108228133,45.386659916466265,26.2420148480663,Other sectors,FAAt307I / FAAt307ESI / FAAt105,FAAt105 line 13 / line 10,Government intellectual property products / government nonresidential fixed investment,Government added from Fixed Assets Table 1.5.,"BEA Fixed Assets Tables 3.7I, 3.7ESI, and 1.5; fetched with BeaData.jl."
1955,Total,17,total,7.901,92.672,8.525768301104973,100.0,99.99999999999999,Total,FAAt307I / FAAt307ESI / FAAt105,FAAt307I line 1 + FAAt105 line 13 / FAAt307ESI line 1 + FAAt105 line 10,Private plus government intellectual property products / private fixed assets by industry plus government nonresidential fixed investment,Total constructed as private industry-owner investment plus government nonresidential investment.,"BEA Fixed Assets Tables 3.7I, 3.7ESI, and 1.5; fetched with BeaData.jl."
1956,"Agriculture, forestry, fishing, and hunting",1,sector,0.0,2.881,0.0,0.0,2.871037499875432,Griliches measurable sectors,FAAt307I / FAAt307ESI / FAAt105,2,"Agriculture, forestry, fishing, and hunting",Direct Table 3.7 mapping.,"BEA Fixed Assets Tables 3.7I, 3.7ESI, and 1.5; fetched with BeaData.jl."
1956,Mining,2,sector,0.002,4.139,0.048320850446967864,0.01987873968790379,4.1246873349477315,Griliches measurable sectors,FAAt307I / FAAt307ESI / FAAt105,5,Mining,Direct Table 3.7 mapping.,"BEA Fixed Assets Tables 3.7I, 3.7ESI, and 1.5; fetched with BeaData.jl."
1956,Utilities,3,sector,0.004,4.631,0.08637443316778233,0.03975747937580758,4.614985998584911,Griliches measurable sectors,FAAt307I / FAAt307ESI / FAAt105,9,Utilities,Direct Table 3.7 mapping.,"BEA Fixed Assets Tables 3.7I, 3.7ESI, and 1.5; fetched with BeaData.jl."
1956,Construction,4,sector,0.001,1.186,0.08431703204047218,0.009939369843951894,1.181898811125395,Other sectors,FAAt307I / FAAt307ESI / FAAt105,13,Construction,Direct Table 3.7 mapping.,"BEA Fixed Assets Tables 3.7I, 3.7ESI, and 1.5; fetched with BeaData.jl."
1956,Manufacturing,5,sector,3.308,14.256,23.204264870931535,32.87943544379286,14.20670274148704,Griliches measurable sectors,FAAt307I / FAAt307ESI / FAAt105,14,Manufacturing,Direct Table 3.7 mapping.,"BEA Fixed Assets Tables 3.7I, 3.7ESI, and 1.5; fetched with BeaData.jl."
1956,Wholesale trade,6,sector,0.011,1.123,0.9795191451469277,0.10933306828347082,1.1191166651718536,Other sectors,FAAt307I / FAAt307ESI / FAAt105,40,Wholesale trade,Direct Table 3.7 mapping.,"BEA Fixed Assets Tables 3.7I, 3.7ESI, and 1.5; fetched with BeaData.jl."
1956,Retail trade,7,sector,0.007,1.62,0.4320987654320988,0.06957558890766326,1.6143980388053456,Other sectors,FAAt307I / FAAt307ESI / FAAt105,43,Retail trade,Direct Table 3.7 mapping.,"BEA Fixed Assets Tables 3.7I, 3.7ESI, and 1.5; fetched with BeaData.jl."
1956,Transportation and warehousing,8,sector,0.001,4.311,0.02319647413593134,0.009939369843951894,4.296092558820892,Griliches measurable sectors,FAAt307I / FAAt307ESI / FAAt105,48,Transportation and warehousing,Direct Table 3.7 mapping.,"BEA Fixed Assets Tables 3.7I, 3.7ESI, and 1.5; fetched with BeaData.jl."
1956,Information,9,sector,1.383,4.557,30.348913759052007,13.74614849418547,4.541241890639482,Other sectors,FAAt307I / FAAt307ESI / FAAt105,57,Information,Direct Table 3.7 mapping.,"BEA Fixed Assets Tables 3.7I, 3.7ESI, and 1.5; fetched with BeaData.jl."
1956,"Finance, insurance, real estate, rental, and leasing",10,sector,0.0,27.243000000000002,0.0,0.0,27.148793685909897,Other sectors,FAAt307I / FAAt307ESI / FAAt105,62 + 73,Finance and insurance + Real estate and rental and leasing,Finance/insurance plus real estate/rental/leasing.,"BEA Fixed Assets Tables 3.7I, 3.7ESI, and 1.5; fetched with BeaData.jl."
1956,Professional and business services,11,service_detail,0.17,1.6110000000000002,10.552451893234014,1.689692873471822,1.6054291608119828,Other sectors,FAAt307I / FAAt307ESI / FAAt105,76 + 80 + 81,"Professional, scientific, and technical services + Management of companies and enterprises (5) + Administrative and waste management services",Professional/scientific/technical plus management plus administrative/waste-management services.,"BEA Fixed Assets Tables 3.7I, 3.7ESI, and 1.5; fetched with BeaData.jl."
1956,"Educational services, health care, and social assistance",12,service_detail,0.036000000000000004,2.038,1.7664376840039258,0.3578173143822682,2.030952594497095,Other sectors,FAAt307I / FAAt307ESI / FAAt105,84 + 85,Educational services + Health and social assistance,Educational services plus health care/social assistance.,"BEA Fixed Assets Tables 3.7I, 3.7ESI, and 1.5; fetched with BeaData.jl."
1956,"Arts, entertainment, recreation, accommodation, and food services",13,service_detail,0.267,2.18,12.247706422018348,2.6538117483351558,2.1724615583923788,Other sectors,FAAt307I / FAAt307ESI / FAAt105,90 + 93,"Arts, entertainment, and recreation + Accommodation and food services",Arts/entertainment/recreation plus accommodation/food services.,"BEA Fixed Assets Tables 3.7I, 3.7ESI, and 1.5; fetched with BeaData.jl."
1956,"Other services, except government",14,service_detail,0.024,1.65,1.4545454545454546,0.23854487625484544,1.6442942987832223,Other sectors,FAAt307I / FAAt307ESI / FAAt105,96,"Other services, except government",Direct Table 3.7 mapping.,"BEA Fixed Assets Tables 3.7I, 3.7ESI, and 1.5; fetched with BeaData.jl."
1956,Services,15,services_total,0.497,7.479000000000001,6.645273432277042,4.939866812444091,7.45313761248468,Other sectors,FAAt307I / FAAt307ESI / FAAt105,76 + 80 + 81 + 84 + 85 + 90 + 93 + 96,Sum of Table 3.7 service detail rows,Total services constructed as the sum of the four Table 6D-style service detail rows.,"BEA Fixed Assets Tables 3.7I, 3.7ESI, and 1.5; fetched with BeaData.jl."
1956,Government,16,sector,4.846,26.919,18.0021546119841,48.16618626379088,26.825914078148827,Other sectors,FAAt307I / FAAt307ESI / FAAt105,FAAt105 line 13 / line 10,Government intellectual property products / government nonresidential fixed investment,Government added from Fixed Assets Table 1.5.,"BEA Fixed Assets Tables 3.7I, 3.7ESI, and 1.5; fetched with BeaData.jl."
1956,Total,17,total,10.061,100.347,10.026209054580606,100.0,100.0,Total,FAAt307I / FAAt307ESI / FAAt105,FAAt307I line 1 + FAAt105 line 13 / FAAt307ESI line 1 + FAAt105 line 10,Private plus government intellectual property products / private fixed assets by industry plus government nonresidential fixed investment,Total constructed as private industry-owner investment plus government nonresidential investment.,"BEA Fixed Assets Tables 3.7I, 3.7ESI, and 1.5; fetched with BeaData.jl."
1957,"Agriculture, forestry, fishing, and hunting",1,sector,0.0,2.932,0.0,0.0,2.788291458242197,Griliches measurable sectors,FAAt307I / FAAt307ESI / FAAt105,2,"Agriculture, forestry, fishing, and hunting",Direct Table 3.7 mapping.,"BEA Fixed Assets Tables 3.7I, 3.7ESI, and 1.5; fetched with BeaData.jl."
1957,Mining,2,sector,0.001,4.196,0.023832221163012396,0.008732099196646874,3.9903379804857635,Griliches measurable sectors,FAAt307I / FAAt307ESI / FAAt105,5,Mining,Direct Table 3.7 mapping.,"BEA Fixed Assets Tables 3.7I, 3.7ESI, and 1.5; fetched with BeaData.jl."
1957,Utilities,3,sector,0.003,5.179,0.0579262405869859,0.02619629758994062,4.925157388211575,Griliches measurable sectors,FAAt307I / FAAt307ESI / FAAt105,9,Utilities,Direct Table 3.7 mapping.,"BEA Fixed Assets Tables 3.7I, 3.7ESI, and 1.5; fetched with BeaData.jl."
1957,Construction,4,sector,0.001,1.447,0.0691085003455425,0.008732099196646874,1.3760769918405389,Other sectors,FAAt307I / FAAt307ESI / FAAt105,13,Construction,Direct Table 3.7 mapping.,"BEA Fixed Assets Tables 3.7I, 3.7ESI, and 1.5; fetched with BeaData.jl."
1957,Manufacturing,5,sector,3.466,15.241,22.741289941604883,30.26545581557807,14.493980257527054,Griliches measurable sectors,FAAt307I / FAAt307ESI / FAAt105,14,Manufacturing,Direct Table 3.7 mapping.,"BEA Fixed Assets Tables 3.7I, 3.7ESI, and 1.5; fetched with BeaData.jl."
1957,Wholesale trade,6,sector,0.009,1.096,0.8211678832116787,0.07858889276982185,1.0422808452365104,Other sectors,FAAt307I / FAAt307ESI / FAAt105,40,Wholesale trade,Direct Table 3.7 mapping.,"BEA Fixed Assets Tables 3.7I, 3.7ESI, and 1.5; fetched with BeaData.jl."
1957,Retail trade,7,sector,0.005,1.667,0.29994001199760045,0.04366049598323437,1.5852939498259697,Other sectors,FAAt307I / FAAt307ESI / FAAt105,43,Retail trade,Direct Table 3.7 mapping.,"BEA Fixed Assets Tables 3.7I, 3.7ESI, and 1.5; fetched with BeaData.jl."
1957,Transportation and warehousing,8,sector,0.001,4.895,0.02042900919305414,0.008732099196646874,4.655077315175837,Griliches measurable sectors,FAAt307I / FAAt307ESI / FAAt105,48,Transportation and warehousing,Direct Table 3.7 mapping.,"BEA Fixed Assets Tables 3.7I, 3.7ESI, and 1.5; fetched with BeaData.jl."
1957,Information,9,sector,1.539,4.763,32.31156833928197,13.438700663639539,4.5295471403845795,Other sectors,FAAt307I / FAAt307ESI / FAAt105,57,Information,Direct Table 3.7 mapping.,"BEA Fixed Assets Tables 3.7I, 3.7ESI, and 1.5; fetched with BeaData.jl."
1957,"Finance, insurance, real estate, rental, and leasing",10,sector,0.0,25.941,0.0,0.0,24.669532305000285,Other sectors,FAAt307I / FAAt307ESI / FAAt105,62 + 73,Finance and insurance + Real estate and rental and leasing,Finance/insurance plus real estate/rental/leasing.,"BEA Fixed Assets Tables 3.7I, 3.7ESI, and 1.5; fetched with BeaData.jl."
1957,Professional and business services,11,service_detail,0.189,1.667,11.337732453509297,1.650366748166259,1.5852939498259697,Other sectors,FAAt307I / FAAt307ESI / FAAt105,76 + 80 + 81,"Professional, scientific, and technical services + Management of companies and enterprises (5) + Administrative and waste management services",Professional/scientific/technical plus management plus administrative/waste-management services.,"BEA Fixed Assets Tables 3.7I, 3.7ESI, and 1.5; fetched with BeaData.jl."
1957,"Educational services, health care, and social assistance",12,service_detail,0.036000000000000004,2.298,1.5665796344647522,0.3143555710792875,2.185366224775092,Other sectors,FAAt307I / FAAt307ESI / FAAt105,84 + 85,Educational services + Health and social assistance,Educational services plus health care/social assistance.,"BEA Fixed Assets Tables 3.7I, 3.7ESI, and 1.5; fetched with BeaData.jl."
1957,"Arts, entertainment, recreation, accommodation, and food services",13,service_detail,0.297,2.2800000000000002,13.026315789473683,2.5934334614041217,2.168248473667193,Other sectors,FAAt307I / FAAt307ESI / FAAt105,90 + 93,"Arts, entertainment, and recreation + Accommodation and food services",Arts/entertainment/recreation plus accommodation/food services.,"BEA Fixed Assets Tables 3.7I, 3.7ESI, and 1.5; fetched with BeaData.jl."
1957,"Other services, except government",14,service_detail,0.027,1.868,1.4453961456102784,0.2357666783094656,1.7764421705308406,Other sectors,FAAt307I / FAAt307ESI / FAAt105,96,"Other services, except government",Direct Table 3.7 mapping.,"BEA Fixed Assets Tables 3.7I, 3.7ESI, and 1.5; fetched with BeaData.jl."
1957,Services,15,services_total,0.549,8.113000000000001,6.7669172932330826,4.793922458959134,7.715350818799097,Other sectors,FAAt307I / FAAt307ESI / FAAt105,76 + 80 + 81 + 84 + 85 + 90 + 93 + 96,Sum of Table 3.7 service detail rows,Total services constructed as the sum of the four Table 6D-style service detail rows.,"BEA Fixed Assets Tables 3.7I, 3.7ESI, and 1.5; fetched with BeaData.jl."
1957,Government,16,sector,5.88,29.683,19.80931846511471,51.344743276283616,28.228122563097934,Other sectors,FAAt307I / FAAt307ESI / FAAt105,FAAt105 line 13 / line 10,Government intellectual property products / government nonresidential fixed investment,Government added from Fixed Assets Table 1.5.,"BEA Fixed Assets Tables 3.7I, 3.7ESI, and 1.5; fetched with BeaData.jl."
1957,Total,17,total,11.452,105.154,10.89069364931434,100.0,100.0,Total,FAAt307I / FAAt307ESI / FAAt105,FAAt307I line 1 + FAAt105 line 13 / FAAt307ESI line 1 + FAAt105 line 10,Private plus government intellectual property products / private fixed assets by industry plus government nonresidential fixed investment,Total constructed as private industry-owner investment plus government nonresidential investment.,"BEA Fixed Assets Tables 3.7I, 3.7ESI, and 1.5; fetched with BeaData.jl."
1958,"Agriculture, forestry, fishing, and hunting",1,sector,0.0,3.354,0.0,0.0,3.2474511284747436,Griliches measurable sectors,FAAt307I / FAAt307ESI / FAAt105,2,"Agriculture, forestry, fishing, and hunting",Direct Table 3.7 mapping.,"BEA Fixed Assets Tables 3.7I, 3.7ESI, and 1.5; fetched with BeaData.jl."
1958,Mining,2,sector,0.001,3.795,0.02635046113306983,0.008066467693796887,3.6744415720219594,Griliches measurable sectors,FAAt307I / FAAt307ESI / FAAt105,5,Mining,Direct Table 3.7 mapping.,"BEA Fixed Assets Tables 3.7I, 3.7ESI, and 1.5; fetched with BeaData.jl."
1958,Utilities,3,sector,0.001,5.334,0.018747656542932135,0.008066467693796887,5.164551079094896,Griliches measurable sectors,FAAt307I / FAAt307ESI / FAAt105,9,Utilities,Direct Table 3.7 mapping.,"BEA Fixed Assets Tables 3.7I, 3.7ESI, and 1.5; fetched with BeaData.jl."
1958,Construction,4,sector,0.0,1.539,0.0,0.0,1.4901095070729369,Other sectors,FAAt307I / FAAt307ESI / FAAt105,13,Construction,Direct Table 3.7 mapping.,"BEA Fixed Assets Tables 3.7I, 3.7ESI, and 1.5; fetched with BeaData.jl."
1958,Manufacturing,5,sector,3.765,12.574,29.942738985207573,30.37025086714528,12.174552918736264,Griliches measurable sectors,FAAt307I / FAAt307ESI / FAAt105,14,Manufacturing,Direct Table 3.7 mapping.,"BEA Fixed Assets Tables 3.7I, 3.7ESI, and 1.5; fetched with BeaData.jl."
1958,Wholesale trade,6,sector,0.004,0.943,0.4241781548250266,0.03226587077518755,0.913043057290305,Other sectors,FAAt307I / FAAt307ESI / FAAt105,40,Wholesale trade,Direct Table 3.7 mapping.,"BEA Fixed Assets Tables 3.7I, 3.7ESI, and 1.5; fetched with BeaData.jl."
1958,Retail trade,7,sector,0.002,1.803,0.11092623405435387,0.016132935387593774,1.7457228338222903,Other sectors,FAAt307I / FAAt307ESI / FAAt105,43,Retail trade,Direct Table 3.7 mapping.,"BEA Fixed Assets Tables 3.7I, 3.7ESI, and 1.5; fetched with BeaData.jl."
1958,Transportation and warehousing,8,sector,0.0,3.513,0.0,0.0,3.4014000639033317,Griliches measurable sectors,FAAt307I / FAAt307ESI / FAAt105,48,Transportation and warehousing,Direct Table 3.7 mapping.,"BEA Fixed Assets Tables 3.7I, 3.7ESI, and 1.5; fetched with BeaData.jl."
1958,Information,9,sector,1.619,4.475,36.17877094972067,13.059611196257162,4.332839534861203,Other sectors,FAAt307I / FAAt307ESI / FAAt105,57,Information,Direct Table 3.7 mapping.,"BEA Fixed Assets Tables 3.7I, 3.7ESI, and 1.5; fetched with BeaData.jl."
1958,"Finance, insurance, real estate, rental, and leasing",10,sector,0.0,25.798,0.0,0.0,24.978456831362976,Other sectors,FAAt307I / FAAt307ESI / FAAt105,62 + 73,Finance and insurance + Real estate and rental and leasing,Finance/insurance plus real estate/rental/leasing.,"BEA Fixed Assets Tables 3.7I, 3.7ESI, and 1.5; fetched with BeaData.jl."
1958,Professional and business services,11,service_detail,0.202,1.631,12.385039852851014,1.6294264741469715,1.5791868785158933,Other sectors,FAAt307I / FAAt307ESI / FAAt105,76 + 80 + 81,"Professional, scientific, and technical services + Management of companies and enterprises (5) + Administrative and waste management services",Professional/scientific/technical plus management plus administrative/waste-management services.,"BEA Fixed Assets Tables 3.7I, 3.7ESI, and 1.5; fetched with BeaData.jl."
1958,"Educational services, health care, and social assistance",12,service_detail,0.035,2.492,1.404494382022472,0.28232636928289107,2.412834887346172,Other sectors,FAAt307I / FAAt307ESI / FAAt105,84 + 85,Educational services + Health and social assistance,Educational services plus health care/social assistance.,"BEA Fixed Assets Tables 3.7I, 3.7ESI, and 1.5; fetched with BeaData.jl."
1958,"Arts, entertainment, recreation, accommodation, and food services",13,service_detail,0.311,2.434,12.77732128184059,2.508671452770832,2.3566774140451776,Other sectors,FAAt307I / FAAt307ESI / FAAt105,90 + 93,"Arts, entertainment, and recreation + Accommodation and food services",Arts/entertainment/recreation plus accommodation/food services.,"BEA Fixed Assets Tables 3.7I, 3.7ESI, and 1.5; fetched with BeaData.jl."
1958,"Other services, except government",14,service_detail,0.03,1.865,1.6085790884718498,0.2419940308139066,1.805753236316457,Other sectors,FAAt307I / FAAt307ESI / FAAt105,96,"Other services, except government",Direct Table 3.7 mapping.,"BEA Fixed Assets Tables 3.7I, 3.7ESI, and 1.5; fetched with BeaData.jl."
1958,Services,15,services_total,0.5780000000000001,8.422,6.862977914984564,4.662418327014601,8.1544524162237,Other sectors,FAAt307I / FAAt307ESI / FAAt105,76 + 80 + 81 + 84 + 85 + 90 + 93 + 96,Sum of Table 3.7 service detail rows,Total services constructed as the sum of the four Table 6D-style service detail rows.,"BEA Fixed Assets Tables 3.7I, 3.7ESI, and 1.5; fetched with BeaData.jl."
1958,Government,16,sector,6.427,31.732,20.254002269002896,51.84318786803259,30.723947289433678,Other sectors,FAAt307I / FAAt307ESI / FAAt105,FAAt105 line 13 / line 10,Government intellectual property products / government nonresidential fixed investment,Government added from Fixed Assets Table 1.5.,"BEA Fixed Assets Tables 3.7I, 3.7ESI, and 1.5; fetched with BeaData.jl."
1958,Total,17,total,12.396999999999998,103.281,12.003175801938399,100.0,100.0,Total,FAAt307I / FAAt307ESI / FAAt105,FAAt307I line 1 + FAAt105 line 13 / FAAt307ESI line 1 + FAAt105 line 10,Private plus government intellectual property products / private fixed assets by industry plus government nonresidential fixed investment,Total constructed as private industry-owner investment plus government nonresidential investment.,"BEA Fixed Assets Tables 3.7I, 3.7ESI, and 1.5; fetched with BeaData.jl."
1959,"Agriculture, forestry, fishing, and hunting",1,sector,0.0,3.811,0.0,0.0,3.27856159669649,Griliches measurable sectors,FAAt307I / FAAt307ESI / FAAt105,2,"Agriculture, forestry, fishing, and hunting",Direct Table 3.7 mapping.,"BEA Fixed Assets Tables 3.7I, 3.7ESI, and 1.5; fetched with BeaData.jl."
1959,Mining,2,sector,0.0,3.979,0.0,0.0,3.4230901582931867,Griliches measurable sectors,FAAt307I / FAAt307ESI / FAAt105,5,Mining,Direct Table 3.7 mapping.,"BEA Fixed Assets Tables 3.7I, 3.7ESI, and 1.5; fetched with BeaData.jl."
1959,Utilities,3,sector,0.001,5.429,0.01841959845275373,0.007343761474627304,4.6705092911218165,Griliches measurable sectors,FAAt307I / FAAt307ESI / FAAt105,9,Utilities,Direct Table 3.7 mapping.,"BEA Fixed Assets Tables 3.7I, 3.7ESI, and 1.5; fetched with BeaData.jl."
1959,Construction,4,sector,0.002,1.674,0.11947431302270013,0.014687522949254609,1.4401238816242257,Other sectors,FAAt307I / FAAt307ESI / FAAt105,13,Construction,Direct Table 3.7 mapping.,"BEA Fixed Assets Tables 3.7I, 3.7ESI, and 1.5; fetched with BeaData.jl."
1959,Manufacturing,5,sector,4.147,12.671,32.72827716833715,30.45457883527943,10.900722642807981,Griliches measurable sectors,FAAt307I / FAAt307ESI / FAAt105,14,Manufacturing,Direct Table 3.7 mapping.,"BEA Fixed Assets Tables 3.7I, 3.7ESI, and 1.5; fetched with BeaData.jl."
1959,Wholesale trade,6,sector,0.003,1.061,0.2827521206409048,0.02203128442388191,0.912766689607708,Other sectors,FAAt307I / FAAt307ESI / FAAt105,40,Wholesale trade,Direct Table 3.7 mapping.,"BEA Fixed Assets Tables 3.7I, 3.7ESI, and 1.5; fetched with BeaData.jl."
1959,Retail trade,7,sector,0.002,2.066,0.09680542110358181,0.014687522949254609,1.7773571920165174,Other sectors,FAAt307I / FAAt307ESI / FAAt105,43,Retail trade,Direct Table 3.7 mapping.,"BEA Fixed Assets Tables 3.7I, 3.7ESI, and 1.5; fetched with BeaData.jl."
1959,Transportation and warehousing,8,sector,0.001,4.213,0.023736055067647758,0.007343761474627304,3.6243977976600137,Griliches measurable sectors,FAAt307I / FAAt307ESI / FAAt105,48,Transportation and warehousing,Direct Table 3.7 mapping.,"BEA Fixed Assets Tables 3.7I, 3.7ESI, and 1.5; fetched with BeaData.jl."
1959,Information,9,sector,1.812,4.986,36.341756919374255,13.306895792024676,4.289401238816241,Other sectors,FAAt307I / FAAt307ESI / FAAt105,57,Information,Direct Table 3.7 mapping.,"BEA Fixed Assets Tables 3.7I, 3.7ESI, and 1.5; fetched with BeaData.jl."
1959,"Finance, insurance, real estate, rental, and leasing",10,sector,0.003,32.577,0.009208951100469657,0.02203128442388191,28.025636613902268,Other sectors,FAAt307I / FAAt307ESI / FAAt105,62 + 73,Finance and insurance + Real estate and rental and leasing,Finance/insurance plus real estate/rental/leasing.,"BEA Fixed Assets Tables 3.7I, 3.7ESI, and 1.5; fetched with BeaData.jl."
1959,Professional and business services,11,service_detail,0.22,1.651,13.325257419745608,1.6156275244180067,1.420337233310392,Other sectors,FAAt307I / FAAt307ESI / FAAt105,76 + 80 + 81,"Professional, scientific, and technical services + Management of companies and enterprises (5) + Administrative and waste management services",Professional/scientific/technical plus management plus administrative/waste-management services.,"BEA Fixed Assets Tables 3.7I, 3.7ESI, and 1.5; fetched with BeaData.jl."
1959,"Educational services, health care, and social assistance",12,service_detail,0.038,2.5140000000000002,1.5115354017501987,0.27906293603583754,2.1627666896077082,Other sectors,FAAt307I / FAAt307ESI / FAAt105,84 + 85,Educational services + Health and social assistance,Educational services plus health care/social assistance.,"BEA Fixed Assets Tables 3.7I, 3.7ESI, and 1.5; fetched with BeaData.jl."
1959,"Arts, entertainment, recreation, accommodation, and food services",13,service_detail,0.348,2.789,12.477590534241662,2.5556289931703016,2.3993461803165865,Other sectors,FAAt307I / FAAt307ESI / FAAt105,90 + 93,"Arts, entertainment, and recreation + Accommodation and food services",Arts/entertainment/recreation plus accommodation/food services.,"BEA Fixed Assets Tables 3.7I, 3.7ESI, and 1.5; fetched with BeaData.jl."
1959,"Other services, except government",14,service_detail,0.033,1.917,1.721439749608764,0.24234412866270105,1.6491741225051617,Other sectors,FAAt307I / FAAt307ESI / FAAt105,96,"Other services, except government",Direct Table 3.7 mapping.,"BEA Fixed Assets Tables 3.7I, 3.7ESI, and 1.5; fetched with BeaData.jl."
1959,Services,15,services_total,0.639,8.871,7.203246533648968,4.692663582286847,7.6316242257398486,Other sectors,FAAt307I / FAAt307ESI / FAAt105,76 + 80 + 81 + 84 + 85 + 90 + 93 + 96,Sum of Table 3.7 service detail rows,Total services constructed as the sum of the four Table 6D-style service detail rows.,"BEA Fixed Assets Tables 3.7I, 3.7ESI, and 1.5; fetched with BeaData.jl."
1959,Government,16,sector,7.005,34.901,20.07105813587003,51.44304912976426,30.024948382656575,Other sectors,FAAt307I / FAAt307ESI / FAAt105,FAAt105 line 13 / line 10,Government intellectual property products / government nonresidential fixed investment,Government added from Fixed Assets Table 1.5.,"BEA Fixed Assets Tables 3.7I, 3.7ESI, and 1.5; fetched with BeaData.jl."
1959,Total,17,total,13.617,116.24000000000001,11.714556090846523,100.0,99.99999999999999,Total,FAAt307I / FAAt307ESI / FAAt105,FAAt307I line 1 + FAAt105 line 13 / FAAt307ESI line 1 + FAAt105 line 10,Private plus government intellectual property products / private fixed assets by industry plus government nonresidential fixed investment,Total constructed as private industry-owner investment plus government nonresidential investment.,"BEA Fixed Assets Tables 3.7I, 3.7ESI, and 1.5; fetched with BeaData.jl."
1960,"Agriculture, forestry, fishing, and hunting",1,sector,0.0,3.532,0.0,0.0,2.993423282934436,Griliches measurable sectors,FAAt307I / FAAt307ESI / FAAt105,2,"Agriculture, forestry, fishing, and hunting",Direct Table 3.7 mapping.,"BEA Fixed Assets Tables 3.7I, 3.7ESI, and 1.5; fetched with BeaData.jl."
1960,Mining,2,sector,0.001,3.91,0.02557544757033248,0.0066885158183399105,3.3137839853549393,Griliches measurable sectors,FAAt307I / FAAt307ESI / FAAt105,5,Mining,Direct Table 3.7 mapping.,"BEA Fixed Assets Tables 3.7I, 3.7ESI, and 1.5; fetched with BeaData.jl."
1960,Utilities,3,sector,0.004,5.256,0.076103500761035,0.026754063273359642,4.454539290799376,Griliches measurable sectors,FAAt307I / FAAt307ESI / FAAt105,9,Utilities,Direct Table 3.7 mapping.,"BEA Fixed Assets Tables 3.7I, 3.7ESI, and 1.5; fetched with BeaData.jl."
1960,Construction,4,sector,0.004,1.613,0.24798512089274646,0.026754063273359642,1.3670418333446335,Other sectors,FAAt307I / FAAt307ESI / FAAt105,13,Construction,Direct Table 3.7 mapping.,"BEA Fixed Assets Tables 3.7I, 3.7ESI, and 1.5; fetched with BeaData.jl."
1960,Manufacturing,5,sector,4.644,14.864,31.243272335844996,31.061467460370544,12.59746423486338,Griliches measurable sectors,FAAt307I / FAAt307ESI / FAAt105,14,Manufacturing,Direct Table 3.7 mapping.,"BEA Fixed Assets Tables 3.7I, 3.7ESI, and 1.5; fetched with BeaData.jl."
1960,Wholesale trade,6,sector,0.006,1.284,0.4672897196261682,0.04013109491003946,1.0882093701267883,Other sectors,FAAt307I / FAAt307ESI / FAAt105,40,Wholesale trade,Direct Table 3.7 mapping.,"BEA Fixed Assets Tables 3.7I, 3.7ESI, and 1.5; fetched with BeaData.jl."
1960,Retail trade,7,sector,0.004,2.077,0.19258545979778527,0.026754063273359642,1.7602888331412299,Other sectors,FAAt307I / FAAt307ESI / FAAt105,43,Retail trade,Direct Table 3.7 mapping.,"BEA Fixed Assets Tables 3.7I, 3.7ESI, and 1.5; fetched with BeaData.jl."
1960,Transportation and warehousing,8,sector,0.012,4.433,0.27069704489059326,0.08026218982007892,3.7570343752118784,Griliches measurable sectors,FAAt307I / FAAt307ESI / FAAt105,48,Transportation and warehousing,Direct Table 3.7 mapping.,"BEA Fixed Assets Tables 3.7I, 3.7ESI, and 1.5; fetched with BeaData.jl."
1960,Information,9,sector,1.714,5.673,30.213291027674952,11.464116112634606,4.807953081564851,Other sectors,FAAt307I / FAAt307ESI / FAAt105,57,Information,Direct Table 3.7 mapping.,"BEA Fixed Assets Tables 3.7I, 3.7ESI, and 1.5; fetched with BeaData.jl."
1960,"Finance, insurance, real estate, rental, and leasing",10,sector,0.031,30.586000000000002,0.1013535604524946,0.20734399036853723,25.922096413316158,Other sectors,FAAt307I / FAAt307ESI / FAAt105,62 + 73,Finance and insurance + Real estate and rental and leasing,Finance/insurance plus real estate/rental/leasing.,"BEA Fixed Assets Tables 3.7I, 3.7ESI, and 1.5; fetched with BeaData.jl."
1960,Professional and business services,11,service_detail,0.251,1.8610000000000002,13.487372380440622,1.6788174704033176,1.5772255746152284,Other sectors,FAAt307I / FAAt307ESI / FAAt105,76 + 80 + 81,"Professional, scientific, and technical services + Management of companies and enterprises (5) + Administrative and waste management services",Professional/scientific/technical plus management plus administrative/waste-management services.,"BEA Fixed Assets Tables 3.7I, 3.7ESI, and 1.5; fetched with BeaData.jl."
1960,"Educational services, health care, and social assistance",12,service_detail,0.045,2.575,1.7475728155339805,0.30098321182529597,2.1823513458539563,Other sectors,FAAt307I / FAAt307ESI / FAAt105,84 + 85,Educational services + Health and social assistance,Educational services plus health care/social assistance.,"BEA Fixed Assets Tables 3.7I, 3.7ESI, and 1.5; fetched with BeaData.jl."
1960,"Arts, entertainment, recreation, accommodation, and food services",13,service_detail,0.37,3.027,12.223323422530557,2.4747508527857667,2.56542816462133,Other sectors,FAAt307I / FAAt307ESI / FAAt105,90 + 93,"Arts, entertainment, and recreation + Accommodation and food services",Arts/entertainment/recreation plus accommodation/food services.,"BEA Fixed Assets Tables 3.7I, 3.7ESI, and 1.5; fetched with BeaData.jl."
1960,"Other services, except government",14,service_detail,0.036,2.084,1.7274472168905948,0.24078656946023674,1.7662214387416095,Other sectors,FAAt307I / FAAt307ESI / FAAt105,96,"Other services, except government",Direct Table 3.7 mapping.,"BEA Fixed Assets Tables 3.7I, 3.7ESI, and 1.5; fetched with BeaData.jl."
1960,Services,15,services_total,0.7020000000000001,9.547,7.3530952131559655,4.695338104474617,8.091226523832125,Other sectors,FAAt307I / FAAt307ESI / FAAt105,76 + 80 + 81 + 84 + 85 + 90 + 93 + 96,Sum of Table 3.7 service detail rows,Total services constructed as the sum of the four Table 6D-style service detail rows.,"BEA Fixed Assets Tables 3.7I, 3.7ESI, and 1.5; fetched with BeaData.jl."
1960,Government,16,sector,7.828,35.217,22.227901297668744,52.357701825964824,29.8469387755102,Other sectors,FAAt307I / FAAt307ESI / FAAt105,FAAt105 line 13 / line 10,Government intellectual property products / government nonresidential fixed investment,Government added from Fixed Assets Table 1.5.,"BEA Fixed Assets Tables 3.7I, 3.7ESI, and 1.5; fetched with BeaData.jl."
1960,Total,17,total,14.951,117.992,12.671198047325243,100.0,100.0,Total,FAAt307I / FAAt307ESI / FAAt105,FAAt307I line 1 + FAAt105 line 13 / FAAt307ESI line 1 + FAAt105 line 10,Private plus government intellectual property products / private fixed assets by industry plus government nonresidential fixed investment,Total constructed as private industry-owner investment plus government nonresidential investment.,"BEA Fixed Assets Tables 3.7I, 3.7ESI, and 1.5; fetched with BeaData.jl."
1961,"Agriculture, forestry, fishing, and hunting",1,sector,0.0,3.512,0.0,0.0,2.874635759421144,Griliches measurable sectors,FAAt307I / FAAt307ESI / FAAt105,2,"Agriculture, forestry, fishing, and hunting",Direct Table 3.7 mapping.,"BEA Fixed Assets Tables 3.7I, 3.7ESI, and 1.5; fetched with BeaData.jl."
1961,Mining,2,sector,0.004,4.08,0.09803921568627451,0.023863500775563776,3.3395540713093017,Griliches measurable sectors,FAAt307I / FAAt307ESI / FAAt105,5,Mining,Direct Table 3.7 mapping.,"BEA Fixed Assets Tables 3.7I, 3.7ESI, and 1.5; fetched with BeaData.jl."
1961,Utilities,3,sector,0.006,4.845,0.1238390092879257,0.035795251163345664,3.9657204596797957,Griliches measurable sectors,FAAt307I / FAAt307ESI / FAAt105,9,Utilities,Direct Table 3.7 mapping.,"BEA Fixed Assets Tables 3.7I, 3.7ESI, and 1.5; fetched with BeaData.jl."
1961,Construction,4,sector,0.004,1.499,0.266844563042028,0.023863500775563776,1.2269587139442755,Other sectors,FAAt307I / FAAt307ESI / FAAt105,13,Construction,Direct Table 3.7 mapping.,"BEA Fixed Assets Tables 3.7I, 3.7ESI, and 1.5; fetched with BeaData.jl."
1961,Manufacturing,5,sector,4.874,14.788,32.959156072491204,29.077675695024457,12.104246472186754,Griliches measurable sectors,FAAt307I / FAAt307ESI / FAAt105,14,Manufacturing,Direct Table 3.7 mapping.,"BEA Fixed Assets Tables 3.7I, 3.7ESI, and 1.5; fetched with BeaData.jl."
1961,Wholesale trade,6,sector,0.01,1.231,0.8123476848090982,0.05965875193890944,1.0075958484759193,Other sectors,FAAt307I / FAAt307ESI / FAAt105,40,Wholesale trade,Direct Table 3.7 mapping.,"BEA Fixed Assets Tables 3.7I, 3.7ESI, and 1.5; fetched with BeaData.jl."
1961,Retail trade,7,sector,0.006,2.132,0.28142589118198874,0.035795251163345664,1.7450807058900568,Other sectors,FAAt307I / FAAt307ESI / FAAt105,43,Retail trade,Direct Table 3.7 mapping.,"BEA Fixed Assets Tables 3.7I, 3.7ESI, and 1.5; fetched with BeaData.jl."
1961,Transportation and warehousing,8,sector,0.015,4.041,0.3711952487008166,0.08948812790836415,3.307631863274728,Griliches measurable sectors,FAAt307I / FAAt307ESI / FAAt105,48,Transportation and warehousing,Direct Table 3.7 mapping.,"BEA Fixed Assets Tables 3.7I, 3.7ESI, and 1.5; fetched with BeaData.jl."
1961,Information,9,sector,2.209,6.266,35.25375039897862,13.178618303305095,5.128834757554923,Other sectors,FAAt307I / FAAt307ESI / FAAt105,57,Information,Direct Table 3.7 mapping.,"BEA Fixed Assets Tables 3.7I, 3.7ESI, and 1.5; fetched with BeaData.jl."
1961,"Finance, insurance, real estate, rental, and leasing",10,sector,0.036000000000000004,30.855,0.11667476908118621,0.214771506980074,25.255377664276594,Other sectors,FAAt307I / FAAt307ESI / FAAt105,62 + 73,Finance and insurance + Real estate and rental and leasing,Finance/insurance plus real estate/rental/leasing.,"BEA Fixed Assets Tables 3.7I, 3.7ESI, and 1.5; fetched with BeaData.jl."
1961,Professional and business services,11,service_detail,0.3,1.9360000000000002,15.49586776859504,1.7897625581672831,1.5846511475624532,Other sectors,FAAt307I / FAAt307ESI / FAAt105,76 + 80 + 81,"Professional, scientific, and technical services + Management of companies and enterprises (5) + Administrative and waste management services",Professional/scientific/technical plus management plus administrative/waste-management services.,"BEA Fixed Assets Tables 3.7I, 3.7ESI, and 1.5; fetched with BeaData.jl."
1961,"Educational services, health care, and social assistance",12,service_detail,0.054,2.892,1.8672199170124484,0.32215726047011095,2.3671545034868875,Other sectors,FAAt307I / FAAt307ESI / FAAt105,84 + 85,Educational services + Health and social assistance,Educational services plus health care/social assistance.,"BEA Fixed Assets Tables 3.7I, 3.7ESI, and 1.5; fetched with BeaData.jl."
1961,"Arts, entertainment, recreation, accommodation, and food services",13,service_detail,0.396,3.0949999999999998,12.794830371567045,2.362486576780814,2.53331368889762,Other sectors,FAAt307I / FAAt307ESI / FAAt105,90 + 93,"Arts, entertainment, and recreation + Accommodation and food services",Arts/entertainment/recreation plus accommodation/food services.,"BEA Fixed Assets Tables 3.7I, 3.7ESI, and 1.5; fetched with BeaData.jl."
1961,"Other services, except government",14,service_detail,0.042,2.096,2.00381679389313,0.25056675814341967,1.7156140523196808,Other sectors,FAAt307I / FAAt307ESI / FAAt105,96,"Other services, except government",Direct Table 3.7 mapping.,"BEA Fixed Assets Tables 3.7I, 3.7ESI, and 1.5; fetched with BeaData.jl."
1961,Services,15,services_total,0.7920000000000001,10.019,7.90498053697974,4.724973153561629,8.20073339226664,Other sectors,FAAt307I / FAAt307ESI / FAAt105,76 + 80 + 81 + 84 + 85 + 90 + 93 + 96,Sum of Table 3.7 service detail rows,Total services constructed as the sum of the four Table 6D-style service detail rows.,"BEA Fixed Assets Tables 3.7I, 3.7ESI, and 1.5; fetched with BeaData.jl."
1961,Government,16,sector,8.807,38.905,22.637193162832542,52.541462832597546,31.844448809874603,Other sectors,FAAt307I / FAAt307ESI / FAAt105,FAAt105 line 13 / line 10,Government intellectual property products / government nonresidential fixed investment,Government added from Fixed Assets Table 1.5.,"BEA Fixed Assets Tables 3.7I, 3.7ESI, and 1.5; fetched with BeaData.jl."
1961,Total,17,total,16.762,122.172,13.720001309629048,100.0,100.0,Total,FAAt307I / FAAt307ESI / FAAt105,FAAt307I line 1 + FAAt105 line 13 / FAAt307ESI line 1 + FAAt105 line 10,Private plus government intellectual property products / private fixed assets by industry plus government nonresidential fixed investment,Total constructed as private industry-owner investment plus government nonresidential investment.,"BEA Fixed Assets Tables 3.7I, 3.7ESI, and 1.5; fetched with BeaData.jl."
1962,"Agriculture, forestry, fishing, and hunting",1,sector,0.0,3.927,0.0,0.0,2.969443541252353,Griliches measurable sectors,FAAt307I / FAAt307ESI / FAAt105,2,"Agriculture, forestry, fishing, and hunting",Direct Table 3.7 mapping.,"BEA Fixed Assets Tables 3.7I, 3.7ESI, and 1.5; fetched with BeaData.jl."
1962,Mining,2,sector,0.005,4.264,0.1172607879924953,0.027419797093501508,3.2242697376878113,Griliches measurable sectors,FAAt307I / FAAt307ESI / FAAt105,5,Mining,Direct Table 3.7 mapping.,"BEA Fixed Assets Tables 3.7I, 3.7ESI, and 1.5; fetched with BeaData.jl."
1962,Utilities,3,sector,0.006,4.793,0.12518255789693303,0.03290375651220181,3.6242788116176547,Griliches measurable sectors,FAAt307I / FAAt307ESI / FAAt105,9,Utilities,Direct Table 3.7 mapping.,"BEA Fixed Assets Tables 3.7I, 3.7ESI, and 1.5; fetched with BeaData.jl."
1962,Construction,4,sector,0.004,1.739,0.23001725129384704,0.021935837674801208,1.3149636664725852,Other sectors,FAAt307I / FAAt307ESI / FAAt105,13,Construction,Direct Table 3.7 mapping.,"BEA Fixed Assets Tables 3.7I, 3.7ESI, and 1.5; fetched with BeaData.jl."
1962,Manufacturing,5,sector,5.286,16.042,32.95100361550928,28.98820948724979,12.130331878984023,Griliches measurable sectors,FAAt307I / FAAt307ESI / FAAt105,14,Manufacturing,Direct Table 3.7 mapping.,"BEA Fixed Assets Tables 3.7I, 3.7ESI, and 1.5; fetched with BeaData.jl."
1962,Wholesale trade,6,sector,0.009,1.692,0.5319148936170213,0.04935563476830271,1.279424107919272,Other sectors,FAAt307I / FAAt307ESI / FAAt105,40,Wholesale trade,Direct Table 3.7 mapping.,"BEA Fixed Assets Tables 3.7I, 3.7ESI, and 1.5; fetched with BeaData.jl."
1962,Retail trade,7,sector,0.005,2.268,0.22045855379188714,0.027419797093501508,1.7149727404024284,Other sectors,FAAt307I / FAAt307ESI / FAAt105,43,Retail trade,Direct Table 3.7 mapping.,"BEA Fixed Assets Tables 3.7I, 3.7ESI, and 1.5; fetched with BeaData.jl."
1962,Transportation and warehousing,8,sector,0.018,4.727,0.38079119949227835,0.09871126953660542,3.5743721974789597,Griliches measurable sectors,FAAt307I / FAAt307ESI / FAAt105,48,Transportation and warehousing,Direct Table 3.7 mapping.,"BEA Fixed Assets Tables 3.7I, 3.7ESI, and 1.5; fetched with BeaData.jl."
1962,Information,9,sector,2.107,6.572,32.060255629945225,11.554702495201537,4.96948891090157,Other sectors,FAAt307I / FAAt307ESI / FAAt105,57,Information,Direct Table 3.7 mapping.,"BEA Fixed Assets Tables 3.7I, 3.7ESI, and 1.5; fetched with BeaData.jl."
1962,"Finance, insurance, real estate, rental, and leasing",10,sector,0.047999999999999994,33.732,0.1422981145499822,0.26323005209761446,25.50681678979485,Other sectors,FAAt307I / FAAt307ESI / FAAt105,62 + 73,Finance and insurance + Real estate and rental and leasing,Finance/insurance plus real estate/rental/leasing.,"BEA Fixed Assets Tables 3.7I, 3.7ESI, and 1.5; fetched with BeaData.jl."
1962,Professional and business services,11,service_detail,0.35500000000000004,2.13,16.66666666666667,1.9468055936386075,1.610622547203339,Other sectors,FAAt307I / FAAt307ESI / FAAt105,76 + 80 + 81,"Professional, scientific, and technical services + Management of companies and enterprises (5) + Administrative and waste management services",Professional/scientific/technical plus management plus administrative/waste-management services.,"BEA Fixed Assets Tables 3.7I, 3.7ESI, and 1.5; fetched with BeaData.jl."
1962,"Educational services, health care, and social assistance",12,service_detail,0.062,3.423,1.8112766579024249,0.3400054839594187,2.588338487829591,Other sectors,FAAt307I / FAAt307ESI / FAAt105,84 + 85,Educational services + Health and social assistance,Educational services plus health care/social assistance.,"BEA Fixed Assets Tables 3.7I, 3.7ESI, and 1.5; fetched with BeaData.jl."
1962,"Arts, entertainment, recreation, accommodation, and food services",13,service_detail,0.415,3.1870000000000003,13.021650454973328,2.275843158760625,2.409884534242743,Other sectors,FAAt307I / FAAt307ESI / FAAt105,90 + 93,"Arts, entertainment, and recreation + Accommodation and food services",Arts/entertainment/recreation plus accommodation/food services.,"BEA Fixed Assets Tables 3.7I, 3.7ESI, and 1.5; fetched with BeaData.jl."
1962,"Other services, except government",14,service_detail,0.048,2.199,2.1828103683492497,0.26323005209761446,1.6627976438028838,Other sectors,FAAt307I / FAAt307ESI / FAAt105,96,"Other services, except government",Direct Table 3.7 mapping.,"BEA Fixed Assets Tables 3.7I, 3.7ESI, and 1.5; fetched with BeaData.jl."
1962,Services,15,services_total,0.88,10.939,8.044611024773745,4.825884288456265,8.271643213078557,Other sectors,FAAt307I / FAAt307ESI / FAAt105,76 + 80 + 81 + 84 + 85 + 90 + 93 + 96,Sum of Table 3.7 service detail rows,Total services constructed as the sum of the four Table 6D-style service detail rows.,"BEA Fixed Assets Tables 3.7I, 3.7ESI, and 1.5; fetched with BeaData.jl."
1962,Government,16,sector,9.867,41.553,23.745577936611078,54.11022758431588,31.420750565230204,Other sectors,FAAt307I / FAAt307ESI / FAAt105,FAAt105 line 13 / line 10,Government intellectual property products / government nonresidential fixed investment,Government added from Fixed Assets Table 1.5.,"BEA Fixed Assets Tables 3.7I, 3.7ESI, and 1.5; fetched with BeaData.jl."
1962,Total,17,total,18.235,132.247,13.788592557865206,100.0,100.0,Total,FAAt307I / FAAt307ESI / FAAt105,FAAt307I line 1 + FAAt105 line 13 / FAAt307ESI line 1 + FAAt105 line 10,Private plus government intellectual property products / private fixed assets by industry plus government nonresidential fixed investment,Total constructed as private industry-owner investment plus government nonresidential investment.,"BEA Fixed Assets Tables 3.7I, 3.7ESI, and 1.5; fetched with BeaData.jl."
1963,"Agriculture, forestry, fishing, and hunting",1,sector,0.0,4.505,0.0,0.0,3.1913009598696562,Griliches measurable sectors,FAAt307I / FAAt307ESI / FAAt105,2,"Agriculture, forestry, fishing, and hunting",Direct Table 3.7 mapping.,"BEA Fixed Assets Tables 3.7I, 3.7ESI, and 1.5; fetched with BeaData.jl."
1963,Mining,2,sector,0.007,4.03,0.17369727047146402,0.03347200306029743,2.854815287075408,Griliches measurable sectors,FAAt307I / FAAt307ESI / FAAt105,5,Mining,Direct Table 3.7 mapping.,"BEA Fixed Assets Tables 3.7I, 3.7ESI, and 1.5; fetched with BeaData.jl."
1963,Utilities,3,sector,0.012,4.769,0.25162507863283706,0.057380576674795576,3.378316154854249,Griliches measurable sectors,FAAt307I / FAAt307ESI / FAAt105,9,Utilities,Direct Table 3.7 mapping.,"BEA Fixed Assets Tables 3.7I, 3.7ESI, and 1.5; fetched with BeaData.jl."
1963,Construction,4,sector,0.008,2.038,0.3925417075564279,0.038253717783197055,1.4437006340098466,Other sectors,FAAt307I / FAAt307ESI / FAAt105,13,Construction,Direct Table 3.7 mapping.,"BEA Fixed Assets Tables 3.7I, 3.7ESI, and 1.5; fetched with BeaData.jl."
1963,Manufacturing,5,sector,5.705,17.173,33.220753508414376,27.2796824941424,12.165196755569722,Griliches measurable sectors,FAAt307I / FAAt307ESI / FAAt105,14,Manufacturing,Direct Table 3.7 mapping.,"BEA Fixed Assets Tables 3.7I, 3.7ESI, and 1.5; fetched with BeaData.jl."
1963,Wholesale trade,6,sector,0.013,1.965,0.6615776081424937,0.06216229139769521,1.3919880990330464,Other sectors,FAAt307I / FAAt307ESI / FAAt105,40,Wholesale trade,Direct Table 3.7 mapping.,"BEA Fixed Assets Tables 3.7I, 3.7ESI, and 1.5; fetched with BeaData.jl."
1963,Retail trade,7,sector,0.008,2.371,0.3374103753690426,0.038253717783197055,1.6795948004108667,Other sectors,FAAt307I / FAAt307ESI / FAAt105,43,Retail trade,Direct Table 3.7 mapping.,"BEA Fixed Assets Tables 3.7I, 3.7ESI, and 1.5; fetched with BeaData.jl."
1963,Transportation and warehousing,8,sector,0.045,4.661,0.9654580562111136,0.21517716253048344,3.301809938724188,Griliches measurable sectors,FAAt307I / FAAt307ESI / FAAt105,48,Transportation and warehousing,Direct Table 3.7 mapping.,"BEA Fixed Assets Tables 3.7I, 3.7ESI, and 1.5; fetched with BeaData.jl."
1963,Information,9,sector,2.338,7.271,32.15513684500069,11.179649022139339,5.150710161867319,Other sectors,FAAt307I / FAAt307ESI / FAAt105,57,Information,Direct Table 3.7 mapping.,"BEA Fixed Assets Tables 3.7I, 3.7ESI, and 1.5; fetched with BeaData.jl."
1963,"Finance, insurance, real estate, rental, and leasing",10,sector,0.066,36.86,0.17905588714053175,0.31559317171137574,26.111288208833635,Other sectors,FAAt307I / FAAt307ESI / FAAt105,62 + 73,Finance and insurance + Real estate and rental and leasing,Finance/insurance plus real estate/rental/leasing.,"BEA Fixed Assets Tables 3.7I, 3.7ESI, and 1.5; fetched with BeaData.jl."
1963,Professional and business services,11,service_detail,0.43600000000000005,2.35,18.553191489361705,2.0848276191842396,1.6647185917189107,Other sectors,FAAt307I / FAAt307ESI / FAAt105,76 + 80 + 81,"Professional, scientific, and technical services + Management of companies and enterprises (5) + Administrative and waste management services",Professional/scientific/technical plus management plus administrative/waste-management services.,"BEA Fixed Assets Tables 3.7I, 3.7ESI, and 1.5; fetched with BeaData.jl."
1963,"Educational services, health care, and social assistance",12,service_detail,0.078,3.554,2.1947101857062465,0.37297374838617126,2.517621223391067,Other sectors,FAAt307I / FAAt307ESI / FAAt105,84 + 85,Educational services + Health and social assistance,Educational services plus health care/social assistance.,"BEA Fixed Assets Tables 3.7I, 3.7ESI, and 1.5; fetched with BeaData.jl."
1963,"Arts, entertainment, recreation, accommodation, and food services",13,service_detail,0.437,3.6,12.13888888888889,2.089609333907139,2.5502072043353525,Other sectors,FAAt307I / FAAt307ESI / FAAt105,90 + 93,"Arts, entertainment, and recreation + Accommodation and food services",Arts/entertainment/recreation plus accommodation/food services.,"BEA Fixed Assets Tables 3.7I, 3.7ESI, and 1.5; fetched with BeaData.jl."
1963,"Other services, except government",14,service_detail,0.054,2.184,2.4725274725274726,0.2582125950365801,1.5471257039634472,Other sectors,FAAt307I / FAAt307ESI / FAAt105,96,"Other services, except government",Direct Table 3.7 mapping.,"BEA Fixed Assets Tables 3.7I, 3.7ESI, and 1.5; fetched with BeaData.jl."
1963,Services,15,services_total,1.0050000000000001,11.687999999999999,8.598562628336758,4.80562329651413,8.279672723408778,Other sectors,FAAt307I / FAAt307ESI / FAAt105,76 + 80 + 81 + 84 + 85 + 90 + 93 + 96,Sum of Table 3.7 service detail rows,Total services constructed as the sum of the four Table 6D-style service detail rows.,"BEA Fixed Assets Tables 3.7I, 3.7ESI, and 1.5; fetched with BeaData.jl."
1963,Government,16,sector,11.705,43.835,26.702406752594957,55.96997083154019,31.052314667233382,Other sectors,FAAt307I / FAAt307ESI / FAAt105,FAAt105 line 13 / line 10,Government intellectual property products / government nonresidential fixed investment,Government added from Fixed Assets Table 1.5.,"BEA Fixed Assets Tables 3.7I, 3.7ESI, and 1.5; fetched with BeaData.jl."
1963,Total,17,total,20.913,141.165,14.81457868451812,100.00000000000001,100.0,Total,FAAt307I / FAAt307ESI / FAAt105,FAAt307I line 1 + FAAt105 line 13 / FAAt307ESI line 1 + FAAt105 line 10,Private plus government intellectual property products / private fixed assets by industry plus government nonresidential fixed investment,Total constructed as private industry-owner investment plus government nonresidential investment.,"BEA Fixed Assets Tables 3.7I, 3.7ESI, and 1.5; fetched with BeaData.jl."
1964,"Agriculture, forestry, fishing, and hunting",1,sector,0.0,4.734,0.0,0.0,3.0965868208636946,Griliches measurable sectors,FAAt307I / FAAt307ESI / FAAt105,2,"Agriculture, forestry, fishing, and hunting",Direct Table 3.7 mapping.,"BEA Fixed Assets Tables 3.7I, 3.7ESI, and 1.5; fetched with BeaData.jl."
1964,Mining,2,sector,0.008,4.68,0.17094017094017097,0.03525937679051523,3.061264537735972,Griliches measurable sectors,FAAt307I / FAAt307ESI / FAAt105,5,Mining,Direct Table 3.7 mapping.,"BEA Fixed Assets Tables 3.7I, 3.7ESI, and 1.5; fetched with BeaData.jl."
1964,Utilities,3,sector,0.011,4.918,0.22366815778771856,0.04848164308695843,3.216944230039639,Griliches measurable sectors,FAAt307I / FAAt307ESI / FAAt105,9,Utilities,Direct Table 3.7 mapping.,"BEA Fixed Assets Tables 3.7I, 3.7ESI, and 1.5; fetched with BeaData.jl."
1964,Construction,4,sector,0.01,2.335,0.4282655246252677,0.044074220988144036,1.5273616870969007,Other sectors,FAAt307I / FAAt307ESI / FAAt105,13,Construction,Direct Table 3.7 mapping.,"BEA Fixed Assets Tables 3.7I, 3.7ESI, and 1.5; fetched with BeaData.jl."
1964,Manufacturing,5,sector,6.217,19.875,31.280503144654084,27.400943188329144,13.000562540064626,Griliches measurable sectors,FAAt307I / FAAt307ESI / FAAt105,14,Manufacturing,Direct Table 3.7 mapping.,"BEA Fixed Assets Tables 3.7I, 3.7ESI, and 1.5; fetched with BeaData.jl."
1964,Wholesale trade,6,sector,0.015,2.255,0.6651884700665189,0.06611133148221605,1.4750323787595336,Other sectors,FAAt307I / FAAt307ESI / FAAt105,40,Wholesale trade,Direct Table 3.7 mapping.,"BEA Fixed Assets Tables 3.7I, 3.7ESI, and 1.5; fetched with BeaData.jl."
1964,Retail trade,7,sector,0.01,2.767,0.3614022406938923,0.044074220988144036,1.8099399521186825,Other sectors,FAAt307I / FAAt307ESI / FAAt105,43,Retail trade,Direct Table 3.7 mapping.,"BEA Fixed Assets Tables 3.7I, 3.7ESI, and 1.5; fetched with BeaData.jl."
1964,Transportation and warehousing,8,sector,0.035,5.155,0.6789524733268671,0.15425977345850414,3.3719698059890892,Griliches measurable sectors,FAAt307I / FAAt307ESI / FAAt105,48,Transportation and warehousing,Direct Table 3.7 mapping.,"BEA Fixed Assets Tables 3.7I, 3.7ESI, and 1.5; fetched with BeaData.jl."
1964,Information,9,sector,2.28,7.285,31.297185998627313,10.048922385296839,4.7652376404714865,Other sectors,FAAt307I / FAAt307ESI / FAAt105,57,Information,Direct Table 3.7 mapping.,"BEA Fixed Assets Tables 3.7I, 3.7ESI, and 1.5; fetched with BeaData.jl."
1964,"Finance, insurance, real estate, rental, and leasing",10,sector,0.13,40.061,0.3245051296772422,0.5729648728458725,26.204555266290765,Other sectors,FAAt307I / FAAt307ESI / FAAt105,62 + 73,Finance and insurance + Real estate and rental and leasing,Finance/insurance plus real estate/rental/leasing.,"BEA Fixed Assets Tables 3.7I, 3.7ESI, and 1.5; fetched with BeaData.jl."
1964,Professional and business services,11,service_detail,0.46199999999999997,2.444,18.90343698854337,2.036229009652254,1.5986603697065633,Other sectors,FAAt307I / FAAt307ESI / FAAt105,76 + 80 + 81,"Professional, scientific, and technical services + Management of companies and enterprises (5) + Administrative and waste management services",Professional/scientific/technical plus management plus administrative/waste-management services.,"BEA Fixed Assets Tables 3.7I, 3.7ESI, and 1.5; fetched with BeaData.jl."
1964,"Educational services, health care, and social assistance",12,service_detail,0.099,4.179,2.3689877961234744,0.43633478778262597,2.7335522442732114,Other sectors,FAAt307I / FAAt307ESI / FAAt105,84 + 85,Educational services + Health and social assistance,Educational services plus health care/social assistance.,"BEA Fixed Assets Tables 3.7I, 3.7ESI, and 1.5; fetched with BeaData.jl."
1964,"Arts, entertainment, recreation, accommodation, and food services",13,service_detail,0.437,4.093,10.676765208893233,1.9260434571818945,2.6772982378105414,Other sectors,FAAt307I / FAAt307ESI / FAAt105,90 + 93,"Arts, entertainment, and recreation + Accommodation and food services",Arts/entertainment/recreation plus accommodation/food services.,"BEA Fixed Assets Tables 3.7I, 3.7ESI, and 1.5; fetched with BeaData.jl."
1964,"Other services, except government",14,service_detail,0.057,2.345,2.4307036247334755,0.25122305963242103,1.5339028506390717,Other sectors,FAAt307I / FAAt307ESI / FAAt105,96,"Other services, except government",Direct Table 3.7 mapping.,"BEA Fixed Assets Tables 3.7I, 3.7ESI, and 1.5; fetched with BeaData.jl."
1964,Services,15,services_total,1.055,13.061,8.077482581731873,4.649830314249195,8.543413702429387,Other sectors,FAAt307I / FAAt307ESI / FAAt105,76 + 80 + 81 + 84 + 85 + 90 + 93 + 96,Sum of Table 3.7 service detail rows,Total services constructed as the sum of the four Table 6D-style service detail rows.,"BEA Fixed Assets Tables 3.7I, 3.7ESI, and 1.5; fetched with BeaData.jl."
1964,Government,16,sector,12.92,45.752,28.239202657807308,56.943893516682095,29.92713143814021,Other sectors,FAAt307I / FAAt307ESI / FAAt105,FAAt105 line 13 / line 10,Government intellectual property products / government nonresidential fixed investment,Government added from Fixed Assets Table 1.5.,"BEA Fixed Assets Tables 3.7I, 3.7ESI, and 1.5; fetched with BeaData.jl."
1964,Total,17,total,22.689,152.87800000000001,14.841245960831511,100.0,100.0,Total,FAAt307I / FAAt307ESI / FAAt105,FAAt307I line 1 + FAAt105 line 13 / FAAt307ESI line 1 + FAAt105 line 10,Private plus government intellectual property products / private fixed assets by industry plus government nonresidential fixed investment,Total constructed as private industry-owner investment plus government nonresidential investment.,"BEA Fixed Assets Tables 3.7I, 3.7ESI, and 1.5; fetched with BeaData.jl."
1965,"Agriculture, forestry, fishing, and hunting",1,sector,0.0,5.32,0.0,0.0,3.179441207231436,Griliches measurable sectors,FAAt307I / FAAt307ESI / FAAt105,2,"Agriculture, forestry, fishing, and hunting",Direct Table 3.7 mapping.,"BEA Fixed Assets Tables 3.7I, 3.7ESI, and 1.5; fetched with BeaData.jl."
1965,Mining,2,sector,0.007,5.071,0.1380398343521988,0.028116966580976864,3.030629015389213,Griliches measurable sectors,FAAt307I / FAAt307ESI / FAAt105,5,Mining,Direct Table 3.7 mapping.,"BEA Fixed Assets Tables 3.7I, 3.7ESI, and 1.5; fetched with BeaData.jl."
1965,Utilities,3,sector,0.012,5.737,0.20916855499389925,0.04820051413881748,3.42865680561781,Griliches measurable sectors,FAAt307I / FAAt307ESI / FAAt105,9,Utilities,Direct Table 3.7 mapping.,"BEA Fixed Assets Tables 3.7I, 3.7ESI, and 1.5; fetched with BeaData.jl."
1965,Construction,4,sector,0.009,2.529,0.3558718861209964,0.03615038560411311,1.511429852084267,Other sectors,FAAt307I / FAAt307ESI / FAAt105,13,Construction,Direct Table 3.7 mapping.,"BEA Fixed Assets Tables 3.7I, 3.7ESI, and 1.5; fetched with BeaData.jl."
1965,Manufacturing,5,sector,6.914,24.239,28.524279054416436,27.771529562982003,14.486179590617065,Griliches measurable sectors,FAAt307I / FAAt307ESI / FAAt105,14,Manufacturing,Direct Table 3.7 mapping.,"BEA Fixed Assets Tables 3.7I, 3.7ESI, and 1.5; fetched with BeaData.jl."
1965,Wholesale trade,6,sector,0.017,2.791,0.6091006807595845,0.0682840616966581,1.6680113551471687,Other sectors,FAAt307I / FAAt307ESI / FAAt105,40,Wholesale trade,Direct Table 3.7 mapping.,"BEA Fixed Assets Tables 3.7I, 3.7ESI, and 1.5; fetched with BeaData.jl."
1965,Retail trade,7,sector,0.012,3.347,0.358530026889752,0.04820051413881748,2.000298819662334,Other sectors,FAAt307I / FAAt307ESI / FAAt105,43,Retail trade,Direct Table 3.7 mapping.,"BEA Fixed Assets Tables 3.7I, 3.7ESI, and 1.5; fetched with BeaData.jl."
1965,Transportation and warehousing,8,sector,0.042,6.084,0.6903353057199212,0.1687017994858612,3.636037651277454,Griliches measurable sectors,FAAt307I / FAAt307ESI / FAAt105,48,Transportation and warehousing,Direct Table 3.7 mapping.,"BEA Fixed Assets Tables 3.7I, 3.7ESI, and 1.5; fetched with BeaData.jl."
1965,Information,9,sector,2.707,8.691,31.147163732596937,10.873232647814909,5.194083370685791,Other sectors,FAAt307I / FAAt307ESI / FAAt105,57,Information,Direct Table 3.7 mapping.,"BEA Fixed Assets Tables 3.7I, 3.7ESI, and 1.5; fetched with BeaData.jl."
1965,"Finance, insurance, real estate, rental, and leasing",10,sector,0.177,41.601,0.4254705415735199,0.7109575835475578,24.862393545495298,Other sectors,FAAt307I / FAAt307ESI / FAAt105,62 + 73,Finance and insurance + Real estate and rental and leasing,Finance/insurance plus real estate/rental/leasing.,"BEA Fixed Assets Tables 3.7I, 3.7ESI, and 1.5; fetched with BeaData.jl."
1965,Professional and business services,11,service_detail,0.534,2.843,18.782975729862823,2.1449228791773782,1.6990886000298822,Other sectors,FAAt307I / FAAt307ESI / FAAt105,76 + 80 + 81,"Professional, scientific, and technical services + Management of companies and enterprises (5) + Administrative and waste management services",Professional/scientific/technical plus management plus administrative/waste-management services.,"BEA Fixed Assets Tables 3.7I, 3.7ESI, and 1.5; fetched with BeaData.jl."
1965,"Educational services, health care, and social assistance",12,service_detail,0.121,4.687,2.5816087049285255,0.4860218508997429,2.8011355147168686,Other sectors,FAAt307I / FAAt307ESI / FAAt105,84 + 85,Educational services + Health and social assistance,Educational services plus health care/social assistance.,"BEA Fixed Assets Tables 3.7I, 3.7ESI, and 1.5; fetched with BeaData.jl."
1965,"Arts, entertainment, recreation, accommodation, and food services",13,service_detail,0.477,4.428,10.772357723577235,1.9159704370179946,2.6463469296279696,Other sectors,FAAt307I / FAAt307ESI / FAAt105,90 + 93,"Arts, entertainment, and recreation + Accommodation and food services",Arts/entertainment/recreation plus accommodation/food services.,"BEA Fixed Assets Tables 3.7I, 3.7ESI, and 1.5; fetched with BeaData.jl."
1965,"Other services, except government",14,service_detail,0.062,2.756,2.249637155297533,0.24903598971722365,1.647093978783804,Other sectors,FAAt307I / FAAt307ESI / FAAt105,96,"Other services, except government",Direct Table 3.7 mapping.,"BEA Fixed Assets Tables 3.7I, 3.7ESI, and 1.5; fetched with BeaData.jl."
1965,Services,15,services_total,1.1940000000000002,14.714,8.114720674187849,4.79595115681234,8.793665023158525,Other sectors,FAAt307I / FAAt307ESI / FAAt105,76 + 80 + 81 + 84 + 85 + 90 + 93 + 96,Sum of Table 3.7 service detail rows,Total services constructed as the sum of the four Table 6D-style service detail rows.,"BEA Fixed Assets Tables 3.7I, 3.7ESI, and 1.5; fetched with BeaData.jl."
1965,Government,16,sector,13.804,47.201,29.24514311137476,55.446658097686374,28.20917376363365,Other sectors,FAAt307I / FAAt307ESI / FAAt105,FAAt105 line 13 / line 10,Government intellectual property products / government nonresidential fixed investment,Government added from Fixed Assets Table 1.5.,"BEA Fixed Assets Tables 3.7I, 3.7ESI, and 1.5; fetched with BeaData.jl."
1965,Total,17,total,24.896,167.325,14.878828626923651,100.0,100.0,Total,FAAt307I / FAAt307ESI / FAAt105,FAAt307I line 1 + FAAt105 line 13 / FAAt307ESI line 1 + FAAt105 line 10,Private plus government intellectual property products / private fixed assets by industry plus government nonresidential fixed investment,Total constructed as private industry-owner investment plus government nonresidential investment.,"BEA Fixed Assets Tables 3.7I, 3.7ESI, and 1.5; fetched with BeaData.jl."
1966,"Agriculture, forestry, fishing, and hunting",1,sector,0.0,5.802,0.0,0.0,3.176428078704464,Griliches measurable sectors,FAAt307I / FAAt307ESI / FAAt105,2,"Agriculture, forestry, fishing, and hunting",Direct Table 3.7 mapping.,"BEA Fixed Assets Tables 3.7I, 3.7ESI, and 1.5; fetched with BeaData.jl."
1966,Mining,2,sector,0.009,5.295,0.16997167138810196,0.03196136226428495,2.898860164898335,Griliches measurable sectors,FAAt307I / FAAt307ESI / FAAt105,5,Mining,Direct Table 3.7 mapping.,"BEA Fixed Assets Tables 3.7I, 3.7ESI, and 1.5; fetched with BeaData.jl."
1966,Utilities,3,sector,0.021,6.721,0.31245350394286564,0.07457651194999823,3.6795541394299733,Griliches measurable sectors,FAAt307I / FAAt307ESI / FAAt105,9,Utilities,Direct Table 3.7 mapping.,"BEA Fixed Assets Tables 3.7I, 3.7ESI, and 1.5; fetched with BeaData.jl."
1966,Construction,4,sector,0.014,2.7,0.5185185185185185,0.049717674633332154,1.4781723220444767,Other sectors,FAAt307I / FAAt307ESI / FAAt105,13,Construction,Direct Table 3.7 mapping.,"BEA Fixed Assets Tables 3.7I, 3.7ESI, and 1.5; fetched with BeaData.jl."
1966,Manufacturing,5,sector,7.903,29.299,26.973616846991362,28.065627330515998,16.04035957910412,Griliches measurable sectors,FAAt307I / FAAt307ESI / FAAt105,14,Manufacturing,Direct Table 3.7 mapping.,"BEA Fixed Assets Tables 3.7I, 3.7ESI, and 1.5; fetched with BeaData.jl."
1966,Wholesale trade,6,sector,0.022,3.032,0.725593667546174,0.07812777442380765,1.6599327705329086,Other sectors,FAAt307I / FAAt307ESI / FAAt105,40,Wholesale trade,Direct Table 3.7 mapping.,"BEA Fixed Assets Tables 3.7I, 3.7ESI, and 1.5; fetched with BeaData.jl."
1966,Retail trade,7,sector,0.018,3.696,0.48701298701298695,0.0639227245285699,2.0234536675097727,Other sectors,FAAt307I / FAAt307ESI / FAAt105,43,Retail trade,Direct Table 3.7 mapping.,"BEA Fixed Assets Tables 3.7I, 3.7ESI, and 1.5; fetched with BeaData.jl."
1966,Transportation and warehousing,8,sector,0.053,7.116,0.7448004496908376,0.18821691111190028,3.895805275432776,Griliches measurable sectors,FAAt307I / FAAt307ESI / FAAt105,48,Transportation and warehousing,Direct Table 3.7 mapping.,"BEA Fixed Assets Tables 3.7I, 3.7ESI, and 1.5; fetched with BeaData.jl."
1966,Information,9,sector,3.084,9.729,31.699044094973797,10.952093469228313,5.326347600433597,Other sectors,FAAt307I / FAAt307ESI / FAAt105,57,Information,Direct Table 3.7 mapping.,"BEA Fixed Assets Tables 3.7I, 3.7ESI, and 1.5; fetched with BeaData.jl."
1966,"Finance, insurance, real estate, rental, and leasing",10,sector,0.198,40.686,0.48665388585754316,0.703149969814269,22.274414479519102,Other sectors,FAAt307I / FAAt307ESI / FAAt105,62 + 73,Finance and insurance + Real estate and rental and leasing,Finance/insurance plus real estate/rental/leasing.,"BEA Fixed Assets Tables 3.7I, 3.7ESI, and 1.5; fetched with BeaData.jl."
1966,Professional and business services,11,service_detail,0.631,3.168,19.917929292929294,2.2408466209737563,1.7343888578655193,Other sectors,FAAt307I / FAAt307ESI / FAAt105,76 + 80 + 81,"Professional, scientific, and technical services + Management of companies and enterprises (5) + Administrative and waste management services",Professional/scientific/technical plus management plus administrative/waste-management services.,"BEA Fixed Assets Tables 3.7I, 3.7ESI, and 1.5; fetched with BeaData.jl."
1966,"Educational services, health care, and social assistance",12,service_detail,0.148,4.944,2.9935275080906147,0.525586846123797,2.706697763032553,Other sectors,FAAt307I / FAAt307ESI / FAAt105,84 + 85,Educational services + Health and social assistance,Educational services plus health care/social assistance.,"BEA Fixed Assets Tables 3.7I, 3.7ESI, and 1.5; fetched with BeaData.jl."
1966,"Arts, entertainment, recreation, accommodation, and food services",13,service_detail,0.58,4.609999999999999,12.581344902386117,2.0597322348094744,2.523842372083347,Other sectors,FAAt307I / FAAt307ESI / FAAt105,90 + 93,"Arts, entertainment, and recreation + Accommodation and food services",Arts/entertainment/recreation plus accommodation/food services.,"BEA Fixed Assets Tables 3.7I, 3.7ESI, and 1.5; fetched with BeaData.jl."
1966,"Other services, except government",14,service_detail,0.075,3.026,2.4785194976867153,0.26634468553570795,1.6566479431505874,Other sectors,FAAt307I / FAAt307ESI / FAAt105,96,"Other services, except government",Direct Table 3.7 mapping.,"BEA Fixed Assets Tables 3.7I, 3.7ESI, and 1.5; fetched with BeaData.jl."
1966,Services,15,services_total,1.4339999999999997,15.748000000000001,9.105918211836421,5.0925103874427355,8.621576936132008,Other sectors,FAAt307I / FAAt307ESI / FAAt105,76 + 80 + 81 + 84 + 85 + 90 + 93 + 96,Sum of Table 3.7 service detail rows,Total services constructed as the sum of the four Table 6D-style service detail rows.,"BEA Fixed Assets Tables 3.7I, 3.7ESI, and 1.5; fetched with BeaData.jl."
1966,Government,16,sector,15.404,52.832,29.15657177468201,54.703647146560606,28.9240000437977,Other sectors,FAAt307I / FAAt307ESI / FAAt105,FAAt105 line 13 / line 10,Government intellectual property products / government nonresidential fixed investment,Government added from Fixed Assets Table 1.5.,"BEA Fixed Assets Tables 3.7I, 3.7ESI, and 1.5; fetched with BeaData.jl."
1966,Total,17,total,28.159,182.658,15.416242376463119,100.0,100.0,Total,FAAt307I / FAAt307ESI / FAAt105,FAAt307I line 1 + FAAt105 line 13 / FAAt307ESI line 1 + FAAt105 line 10,Private plus government intellectual property products / private fixed assets by industry plus government nonresidential fixed investment,Total constructed as private industry-owner investment plus government nonresidential investment.,"BEA Fixed Assets Tables 3.7I, 3.7ESI, and 1.5; fetched with BeaData.jl."
1967,"Agriculture, forestry, fishing, and hunting",1,sector,0.001,6.139,0.016289297931259165,0.0033190613694447217,3.2508313740441848,Griliches measurable sectors,FAAt307I / FAAt307ESI / FAAt105,2,"Agriculture, forestry, fishing, and hunting",Direct Table 3.7 mapping.,"BEA Fixed Assets Tables 3.7I, 3.7ESI, and 1.5; fetched with BeaData.jl."
1967,Mining,2,sector,0.011,4.974,0.22114997989545634,0.03650967506389193,2.6339200610027325,Griliches measurable sectors,FAAt307I / FAAt307ESI / FAAt105,5,Mining,Direct Table 3.7 mapping.,"BEA Fixed Assets Tables 3.7I, 3.7ESI, and 1.5; fetched with BeaData.jl."
1967,Utilities,3,sector,0.015,7.634,0.19648938957296305,0.04978592054167082,4.042490097646735,Griliches measurable sectors,FAAt307I / FAAt307ESI / FAAt105,9,Utilities,Direct Table 3.7 mapping.,"BEA Fixed Assets Tables 3.7I, 3.7ESI, and 1.5; fetched with BeaData.jl."
1967,Construction,4,sector,0.017,2.549,0.666928207140055,0.05642404328056027,1.3497913621825424,Other sectors,FAAt307I / FAAt307ESI / FAAt105,13,Construction,Direct Table 3.7 mapping.,"BEA Fixed Assets Tables 3.7I, 3.7ESI, and 1.5; fetched with BeaData.jl."
1967,Manufacturing,5,sector,8.722,29.802,29.26649218173277,28.948853264296858,15.781279786490437,Griliches measurable sectors,FAAt307I / FAAt307ESI / FAAt105,14,Manufacturing,Direct Table 3.7 mapping.,"BEA Fixed Assets Tables 3.7I, 3.7ESI, and 1.5; fetched with BeaData.jl."
1967,Wholesale trade,6,sector,0.027,2.975,0.907563025210084,0.08961465697500748,1.575374383088687,Other sectors,FAAt307I / FAAt307ESI / FAAt105,40,Wholesale trade,Direct Table 3.7 mapping.,"BEA Fixed Assets Tables 3.7I, 3.7ESI, and 1.5; fetched with BeaData.jl."
1967,Retail trade,7,sector,0.021,3.659,0.5739273025416781,0.06970028875833915,1.9375781067971447,Other sectors,FAAt307I / FAAt307ESI / FAAt105,43,Retail trade,Direct Table 3.7 mapping.,"BEA Fixed Assets Tables 3.7I, 3.7ESI, and 1.5; fetched with BeaData.jl."
1967,Transportation and warehousing,8,sector,0.046,7.032,0.6541524459613196,0.15267682299445717,3.7237084577746713,Griliches measurable sectors,FAAt307I / FAAt307ESI / FAAt105,48,Transportation and warehousing,Direct Table 3.7 mapping.,"BEA Fixed Assets Tables 3.7I, 3.7ESI, and 1.5; fetched with BeaData.jl."
1967,Information,9,sector,3.206,10.241,31.305536568694468,10.640910750439778,5.422994641079409,Other sectors,FAAt307I / FAAt307ESI / FAAt105,57,Information,Direct Table 3.7 mapping.,"BEA Fixed Assets Tables 3.7I, 3.7ESI, and 1.5; fetched with BeaData.jl."
1967,"Finance, insurance, real estate, rental, and leasing",10,sector,0.261,41.453,0.6296287361590235,0.8662750174250723,21.95092245451272,Other sectors,FAAt307I / FAAt307ESI / FAAt105,62 + 73,Finance and insurance + Real estate and rental and leasing,Finance/insurance plus real estate/rental/leasing.,"BEA Fixed Assets Tables 3.7I, 3.7ESI, and 1.5; fetched with BeaData.jl."
1967,Professional and business services,11,service_detail,0.762,3.374,22.58446947243628,2.5291247635168776,1.7866598885852876,Other sectors,FAAt307I / FAAt307ESI / FAAt105,76 + 80 + 81,"Professional, scientific, and technical services + Management of companies and enterprises (5) + Administrative and waste management services",Professional/scientific/technical plus management plus administrative/waste-management services.,"BEA Fixed Assets Tables 3.7I, 3.7ESI, and 1.5; fetched with BeaData.jl."
1967,"Educational services, health care, and social assistance",12,service_detail,0.161,5.055,3.1849653808110787,0.5343688804806002,2.6768126072313656,Other sectors,FAAt307I / FAAt307ESI / FAAt105,84 + 85,Educational services + Health and social assistance,Educational services plus health care/social assistance.,"BEA Fixed Assets Tables 3.7I, 3.7ESI, and 1.5; fetched with BeaData.jl."
1967,"Arts, entertainment, recreation, accommodation, and food services",13,service_detail,0.615,4.429,13.885752991645969,2.0412227422085034,2.3453220647730406,Other sectors,FAAt307I / FAAt307ESI / FAAt105,90 + 93,"Arts, entertainment, and recreation + Accommodation and food services",Arts/entertainment/recreation plus accommodation/food services.,"BEA Fixed Assets Tables 3.7I, 3.7ESI, and 1.5; fetched with BeaData.jl."
1967,"Other services, except government",14,service_detail,0.086,2.716,3.166421207658321,0.28543927777224604,1.438224142678613,Other sectors,FAAt307I / FAAt307ESI / FAAt105,96,"Other services, except government",Direct Table 3.7 mapping.,"BEA Fixed Assets Tables 3.7I, 3.7ESI, and 1.5; fetched with BeaData.jl."
1967,Services,15,services_total,1.6239999999999999,15.574000000000002,10.427635803261843,5.390155663978226,8.247018703268306,Other sectors,FAAt307I / FAAt307ESI / FAAt105,76 + 80 + 81 + 84 + 85 + 90 + 93 + 96,Sum of Table 3.7 service detail rows,Total services constructed as the sum of the four Table 6D-style service detail rows.,"BEA Fixed Assets Tables 3.7I, 3.7ESI, and 1.5; fetched with BeaData.jl."
1967,Government,16,sector,16.179,56.814,28.477135917203505,53.69909389624614,30.085149647327952,Other sectors,FAAt307I / FAAt307ESI / FAAt105,FAAt105 line 13 / line 10,Government intellectual property products / government nonresidential fixed investment,Government added from Fixed Assets Table 1.5.,"BEA Fixed Assets Tables 3.7I, 3.7ESI, and 1.5; fetched with BeaData.jl."
1967,Total,17,total,30.128999999999998,188.844,15.954438584228251,100.0,99.99999999999999,Total,FAAt307I / FAAt307ESI / FAAt105,FAAt307I line 1 + FAAt105 line 13 / FAAt307ESI line 1 + FAAt105 line 10,Private plus government intellectual property products / private fixed assets by industry plus government nonresidential fixed investment,Total constructed as private industry-owner investment plus government nonresidential investment.,"BEA Fixed Assets Tables 3.7I, 3.7ESI, and 1.5; fetched with BeaData.jl."
1968,"Agriculture, forestry, fishing, and hunting",1,sector,0.001,5.824,0.017170329670329672,0.0030702158361732832,2.8383172833248858,Griliches measurable sectors,FAAt307I / FAAt307ESI / FAAt105,2,"Agriculture, forestry, fishing, and hunting",Direct Table 3.7 mapping.,"BEA Fixed Assets Tables 3.7I, 3.7ESI, and 1.5; fetched with BeaData.jl."
1968,Mining,2,sector,0.012,5.154,0.23282887077997672,0.036842590034079394,2.511793832118211,Griliches measurable sectors,FAAt307I / FAAt307ESI / FAAt105,5,Mining,Direct Table 3.7 mapping.,"BEA Fixed Assets Tables 3.7I, 3.7ESI, and 1.5; fetched with BeaData.jl."
1968,Utilities,3,sector,0.017,8.697,0.19546970219615964,0.052193669214945816,4.238469336036492,Griliches measurable sectors,FAAt307I / FAAt307ESI / FAAt105,9,Utilities,Direct Table 3.7 mapping.,"BEA Fixed Assets Tables 3.7I, 3.7ESI, and 1.5; fetched with BeaData.jl."
1968,Construction,4,sector,0.018,2.853,0.6309148264984226,0.055263885051119094,1.3904050840188702,Other sectors,FAAt307I / FAAt307ESI / FAAt105,13,Construction,Direct Table 3.7 mapping.,"BEA Fixed Assets Tables 3.7I, 3.7ESI, and 1.5; fetched with BeaData.jl."
1968,Manufacturing,5,sector,9.655,31.444,30.705380994784377,29.642933898253045,15.324184178720419,Griliches measurable sectors,FAAt307I / FAAt307ESI / FAAt105,14,Manufacturing,Direct Table 3.7 mapping.,"BEA Fixed Assets Tables 3.7I, 3.7ESI, and 1.5; fetched with BeaData.jl."
1968,Wholesale trade,6,sector,0.036,3.557,1.012088838909193,0.11052777010223819,1.7334983820031968,Other sectors,FAAt307I / FAAt307ESI / FAAt105,40,Wholesale trade,Direct Table 3.7 mapping.,"BEA Fixed Assets Tables 3.7I, 3.7ESI, and 1.5; fetched with BeaData.jl."
1968,Retail trade,7,sector,0.024,4.051,0.5924463095531967,0.07368518006815879,1.97424850871379,Other sectors,FAAt307I / FAAt307ESI / FAAt105,43,Retail trade,Direct Table 3.7 mapping.,"BEA Fixed Assets Tables 3.7I, 3.7ESI, and 1.5; fetched with BeaData.jl."
1968,Transportation and warehousing,8,sector,0.049,7.985,0.6136505948653725,0.1504405759724909,3.891477250575071,Griliches measurable sectors,FAAt307I / FAAt307ESI / FAAt105,48,Transportation and warehousing,Direct Table 3.7 mapping.,"BEA Fixed Assets Tables 3.7I, 3.7ESI, and 1.5; fetched with BeaData.jl."
1968,Information,9,sector,3.663,11.423,32.06688260527007,11.246200607902734,5.566981168856485,Other sectors,FAAt307I / FAAt307ESI / FAAt105,57,Information,Direct Table 3.7 mapping.,"BEA Fixed Assets Tables 3.7I, 3.7ESI, and 1.5; fetched with BeaData.jl."
1968,"Finance, insurance, real estate, rental, and leasing",10,sector,0.33,49.278,0.6696700353098746,1.0131712259371835,24.015556162033608,Other sectors,FAAt307I / FAAt307ESI / FAAt105,62 + 73,Finance and insurance + Real estate and rental and leasing,Finance/insurance plus real estate/rental/leasing.,"BEA Fixed Assets Tables 3.7I, 3.7ESI, and 1.5; fetched with BeaData.jl."
1968,Professional and business services,11,service_detail,0.805,3.5989999999999998,22.367324256737984,2.471523748119493,1.7539670162579437,Other sectors,FAAt307I / FAAt307ESI / FAAt105,76 + 80 + 81,"Professional, scientific, and technical services + Management of companies and enterprises (5) + Administrative and waste management services",Professional/scientific/technical plus management plus administrative/waste-management services.,"BEA Fixed Assets Tables 3.7I, 3.7ESI, and 1.5; fetched with BeaData.jl."
1968,"Educational services, health care, and social assistance",12,service_detail,0.177,5.543,3.1932166696734616,0.5434282030026711,2.7013723731919375,Other sectors,FAAt307I / FAAt307ESI / FAAt105,84 + 85,Educational services + Health and social assistance,Educational services plus health care/social assistance.,"BEA Fixed Assets Tables 3.7I, 3.7ESI, and 1.5; fetched with BeaData.jl."
1968,"Arts, entertainment, recreation, accommodation, and food services",13,service_detail,0.641,4.59,13.965141612200435,1.9680083509870743,2.23692931498304,Other sectors,FAAt307I / FAAt307ESI / FAAt105,90 + 93,"Arts, entertainment, and recreation + Accommodation and food services",Arts/entertainment/recreation plus accommodation/food services.,"BEA Fixed Assets Tables 3.7I, 3.7ESI, and 1.5; fetched with BeaData.jl."
1968,"Other services, except government",14,service_detail,0.098,2.936,3.337874659400545,0.3008811519449818,1.430855004093727,Other sectors,FAAt307I / FAAt307ESI / FAAt105,96,"Other services, except government",Direct Table 3.7 mapping.,"BEA Fixed Assets Tables 3.7I, 3.7ESI, and 1.5; fetched with BeaData.jl."
1968,Services,15,services_total,1.721,16.668,10.325173986081115,5.283841454054221,8.123123708526649,Other sectors,FAAt307I / FAAt307ESI / FAAt105,76 + 80 + 81 + 84 + 85 + 90 + 93 + 96,Sum of Table 3.7 service detail rows,Total services constructed as the sum of the four Table 6D-style service detail rows.,"BEA Fixed Assets Tables 3.7I, 3.7ESI, and 1.5; fetched with BeaData.jl."
1968,Government,16,sector,17.044,58.258,29.256067836177007,52.32875871173744,28.391945105072324,Other sectors,FAAt307I / FAAt307ESI / FAAt105,FAAt105 line 13 / line 10,Government intellectual property products / government nonresidential fixed investment,Government added from Fixed Assets Table 1.5.,"BEA Fixed Assets Tables 3.7I, 3.7ESI, and 1.5; fetched with BeaData.jl."
1968,Total,17,total,32.571,205.192,15.873425864556122,100.0,100.0,Total,FAAt307I / FAAt307ESI / FAAt105,FAAt307I line 1 + FAAt105 line 13 / FAAt307ESI line 1 + FAAt105 line 10,Private plus government intellectual property products / private fixed assets by industry plus government nonresidential fixed investment,Total constructed as private industry-owner investment plus government nonresidential investment.,"BEA Fixed Assets Tables 3.7I, 3.7ESI, and 1.5; fetched with BeaData.jl."
1969,"Agriculture, forestry, fishing, and hunting",1,sector,0.003,6.156,0.04873294346978557,0.00861573808156232,2.7766000631455503,Griliches measurable sectors,FAAt307I / FAAt307ESI / FAAt105,2,"Agriculture, forestry, fishing, and hunting",Direct Table 3.7 mapping.,"BEA Fixed Assets Tables 3.7I, 3.7ESI, and 1.5; fetched with BeaData.jl."
1969,Mining,2,sector,0.02,5.712,0.350140056022409,0.05743825387708214,2.5763384601506467,Griliches measurable sectors,FAAt307I / FAAt307ESI / FAAt105,5,Mining,Direct Table 3.7 mapping.,"BEA Fixed Assets Tables 3.7I, 3.7ESI, and 1.5; fetched with BeaData.jl."
1969,Utilities,3,sector,0.022,9.085,0.24215740231150243,0.06318207926479034,4.097695187406973,Griliches measurable sectors,FAAt307I / FAAt307ESI / FAAt105,9,Utilities,Direct Table 3.7 mapping.,"BEA Fixed Assets Tables 3.7I, 3.7ESI, and 1.5; fetched with BeaData.jl."
1969,Construction,4,sector,0.023,3.299,0.6971809639284632,0.06605399195864445,1.487979793423842,Other sectors,FAAt307I / FAAt307ESI / FAAt105,13,Construction,Direct Table 3.7 mapping.,"BEA Fixed Assets Tables 3.7I, 3.7ESI, and 1.5; fetched with BeaData.jl."
1969,Manufacturing,5,sector,10.777,34.519,31.220487267881452,30.950603101665703,15.569437553560956,Griliches measurable sectors,FAAt307I / FAAt307ESI / FAAt105,14,Manufacturing,Direct Table 3.7 mapping.,"BEA Fixed Assets Tables 3.7I, 3.7ESI, and 1.5; fetched with BeaData.jl."
1969,Wholesale trade,6,sector,0.048,3.924,1.2232415902140672,0.13785180930499713,1.769879572414415,Other sectors,FAAt307I / FAAt307ESI / FAAt105,40,Wholesale trade,Direct Table 3.7 mapping.,"BEA Fixed Assets Tables 3.7I, 3.7ESI, and 1.5; fetched with BeaData.jl."
1969,Retail trade,7,sector,0.029,4.545,0.6380638063806382,0.08328546812176911,2.0499751928194487,Other sectors,FAAt307I / FAAt307ESI / FAAt105,43,Retail trade,Direct Table 3.7 mapping.,"BEA Fixed Assets Tables 3.7I, 3.7ESI, and 1.5; fetched with BeaData.jl."
1969,Transportation and warehousing,8,sector,0.082,8.698,0.942745458726144,0.23549684089603679,3.9231428442560103,Griliches measurable sectors,FAAt307I / FAAt307ESI / FAAt105,48,Transportation and warehousing,Direct Table 3.7 mapping.,"BEA Fixed Assets Tables 3.7I, 3.7ESI, and 1.5; fetched with BeaData.jl."
1969,Information,9,sector,3.671,12.896,28.466191066997514,10.542791499138426,5.816607279779893,Other sectors,FAAt307I / FAAt307ESI / FAAt105,57,Information,Direct Table 3.7 mapping.,"BEA Fixed Assets Tables 3.7I, 3.7ESI, and 1.5; fetched with BeaData.jl."
1969,"Finance, insurance, real estate, rental, and leasing",10,sector,0.42200000000000004,55.158,0.7650748758113057,1.211947156806433,24.878444815299265,Other sectors,FAAt307I / FAAt307ESI / FAAt105,62 + 73,Finance and insurance + Real estate and rental and leasing,Finance/insurance plus real estate/rental/leasing.,"BEA Fixed Assets Tables 3.7I, 3.7ESI, and 1.5; fetched with BeaData.jl."
1969,Professional and business services,11,service_detail,0.97,4.373,22.181568717127828,2.7857553130384836,1.972396373641243,Other sectors,FAAt307I / FAAt307ESI / FAAt105,76 + 80 + 81,"Professional, scientific, and technical services + Management of companies and enterprises (5) + Administrative and waste management services",Professional/scientific/technical plus management plus administrative/waste-management services.,"BEA Fixed Assets Tables 3.7I, 3.7ESI, and 1.5; fetched with BeaData.jl."
1969,"Educational services, health care, and social assistance",12,service_detail,0.199,6.825,2.915750915750916,0.5715106260769673,3.07834558657706,Other sectors,FAAt307I / FAAt307ESI / FAAt105,84 + 85,Educational services + Health and social assistance,Educational services plus health care/social assistance.,"BEA Fixed Assets Tables 3.7I, 3.7ESI, and 1.5; fetched with BeaData.jl."
1969,"Arts, entertainment, recreation, accommodation, and food services",13,service_detail,0.718,5.076,14.144996059889678,2.0620333141872487,2.2894772450498397,Other sectors,FAAt307I / FAAt307ESI / FAAt105,90 + 93,"Arts, entertainment, and recreation + Accommodation and food services",Arts/entertainment/recreation plus accommodation/food services.,"BEA Fixed Assets Tables 3.7I, 3.7ESI, and 1.5; fetched with BeaData.jl."
1969,"Other services, except government",14,service_detail,0.112,3.195,3.50547730829421,0.32165422171165997,1.4410716701998105,Other sectors,FAAt307I / FAAt307ESI / FAAt105,96,"Other services, except government",Direct Table 3.7 mapping.,"BEA Fixed Assets Tables 3.7I, 3.7ESI, and 1.5; fetched with BeaData.jl."
1969,Services,15,services_total,1.9989999999999999,19.469,10.26760491037033,5.740953475014359,8.781290875467954,Other sectors,FAAt307I / FAAt307ESI / FAAt105,76 + 80 + 81 + 84 + 85 + 90 + 93 + 96,Sum of Table 3.7 service detail rows,Total services constructed as the sum of the four Table 6D-style service detail rows.,"BEA Fixed Assets Tables 3.7I, 3.7ESI, and 1.5; fetched with BeaData.jl."
1969,Government,16,sector,17.724,58.249,30.42799018008893,50.90178058587019,26.272608362275047,Other sectors,FAAt307I / FAAt307ESI / FAAt105,FAAt105 line 13 / line 10,Government intellectual property products / government nonresidential fixed investment,Government added from Fixed Assets Table 1.5.,"BEA Fixed Assets Tables 3.7I, 3.7ESI, and 1.5; fetched with BeaData.jl."
1969,Total,17,total,34.82,221.71,15.705200487122818,100.0,100.0,Total,FAAt307I / FAAt307ESI / FAAt105,FAAt307I line 1 + FAAt105 line 13 / FAAt307ESI line 1 + FAAt105 line 10,Private plus government intellectual property products / private fixed assets by industry plus government nonresidential fixed investment,Total constructed as private industry-owner investment plus government nonresidential investment.,"BEA Fixed Assets Tables 3.7I, 3.7ESI, and 1.5; fetched with BeaData.jl."
1970,"Agriculture, forestry, fishing, and hunting",1,sector,0.006,6.881,0.0871966283970353,0.016914749661705007,3.0617057630014592,Griliches measurable sectors,FAAt307I / FAAt307ESI / FAAt105,2,"Agriculture, forestry, fishing, and hunting",Direct Table 3.7 mapping.,"BEA Fixed Assets Tables 3.7I, 3.7ESI, and 1.5; fetched with BeaData.jl."
1970,Mining,2,sector,0.025,5.372,0.4653760238272524,0.07047812359043752,2.3902751575125474,Griliches measurable sectors,FAAt307I / FAAt307ESI / FAAt105,5,Mining,Direct Table 3.7 mapping.,"BEA Fixed Assets Tables 3.7I, 3.7ESI, and 1.5; fetched with BeaData.jl."
1970,Utilities,3,sector,0.026,10.091,0.2576553364384105,0.07329724853405503,4.489997508276082,Griliches measurable sectors,FAAt307I / FAAt307ESI / FAAt105,9,Utilities,Direct Table 3.7 mapping.,"BEA Fixed Assets Tables 3.7I, 3.7ESI, and 1.5; fetched with BeaData.jl."
1970,Construction,4,sector,0.029,3.427,0.8462211847096587,0.08175462336490753,1.5248460470579857,Other sectors,FAAt307I / FAAt307ESI / FAAt105,13,Construction,Direct Table 3.7 mapping.,"BEA Fixed Assets Tables 3.7I, 3.7ESI, and 1.5; fetched with BeaData.jl."
1970,Manufacturing,5,sector,11.365,35.444,32.06466538765376,32.0393549842129,15.770832591748833,Griliches measurable sectors,FAAt307I / FAAt307ESI / FAAt105,14,Manufacturing,Direct Table 3.7 mapping.,"BEA Fixed Assets Tables 3.7I, 3.7ESI, and 1.5; fetched with BeaData.jl."
1970,Wholesale trade,6,sector,0.064,4.021,1.5916438696841584,0.18042399639152007,1.7891467625387103,Other sectors,FAAt307I / FAAt307ESI / FAAt105,40,Wholesale trade,Direct Table 3.7 mapping.,"BEA Fixed Assets Tables 3.7I, 3.7ESI, and 1.5; fetched with BeaData.jl."
1970,Retail trade,7,sector,0.034,4.716,0.720949957591179,0.09585024808299504,2.0983874986651476,Other sectors,FAAt307I / FAAt307ESI / FAAt105,43,Retail trade,Direct Table 3.7 mapping.,"BEA Fixed Assets Tables 3.7I, 3.7ESI, and 1.5; fetched with BeaData.jl."
1970,Transportation and warehousing,8,sector,0.106,7.663,1.3832702596894166,0.2988272440234551,3.409657209981134,Griliches measurable sectors,FAAt307I / FAAt307ESI / FAAt105,48,Transportation and warehousing,Direct Table 3.7 mapping.,"BEA Fixed Assets Tables 3.7I, 3.7ESI, and 1.5; fetched with BeaData.jl."
1970,Information,9,sector,3.445,14.121,24.396289214644856,9.71188543076229,6.283148827109956,Other sectors,FAAt307I / FAAt307ESI / FAAt105,57,Information,Direct Table 3.7 mapping.,"BEA Fixed Assets Tables 3.7I, 3.7ESI, and 1.5; fetched with BeaData.jl."
1970,"Finance, insurance, real estate, rental, and leasing",10,sector,0.5720000000000001,54.343,1.052573468524005,1.6125394677492106,24.17995586089061,Other sectors,FAAt307I / FAAt307ESI / FAAt105,62 + 73,Finance and insurance + Real estate and rental and leasing,Finance/insurance plus real estate/rental/leasing.,"BEA Fixed Assets Tables 3.7I, 3.7ESI, and 1.5; fetched with BeaData.jl."
1970,Professional and business services,11,service_detail,1.135,4.73,23.995771670190273,3.1997068110058637,2.1046168084576227,Other sectors,FAAt307I / FAAt307ESI / FAAt105,76 + 80 + 81,"Professional, scientific, and technical services + Management of companies and enterprises (5) + Administrative and waste management services",Professional/scientific/technical plus management plus administrative/waste-management services.,"BEA Fixed Assets Tables 3.7I, 3.7ESI, and 1.5; fetched with BeaData.jl."
1970,"Educational services, health care, and social assistance",12,service_detail,0.22599999999999998,7.264,3.111233480176211,0.6371222372575551,3.2321218808955963,Other sectors,FAAt307I / FAAt307ESI / FAAt105,84 + 85,Educational services + Health and social assistance,Educational services plus health care/social assistance.,"BEA Fixed Assets Tables 3.7I, 3.7ESI, and 1.5; fetched with BeaData.jl."
1970,"Arts, entertainment, recreation, accommodation, and food services",13,service_detail,0.732,5.152,14.20807453416149,2.0635994587280106,2.2923860036307975,Other sectors,FAAt307I / FAAt307ESI / FAAt105,90 + 93,"Arts, entertainment, and recreation + Accommodation and food services",Arts/entertainment/recreation plus accommodation/food services.,"BEA Fixed Assets Tables 3.7I, 3.7ESI, and 1.5; fetched with BeaData.jl."
1970,"Other services, except government",14,service_detail,0.122,3.176,3.8413098236775816,0.3439332431213351,1.4131634214928985,Other sectors,FAAt307I / FAAt307ESI / FAAt105,96,"Other services, except government",Direct Table 3.7 mapping.,"BEA Fixed Assets Tables 3.7I, 3.7ESI, and 1.5; fetched with BeaData.jl."
1970,Services,15,services_total,2.215,20.322000000000003,10.899517763999604,6.244361750112764,9.042288114476916,Other sectors,FAAt307I / FAAt307ESI / FAAt105,76 + 80 + 81 + 84 + 85 + 90 + 93 + 96,Sum of Table 3.7 service detail rows,Total services constructed as the sum of the four Table 6D-style service detail rows.,"BEA Fixed Assets Tables 3.7I, 3.7ESI, and 1.5; fetched with BeaData.jl."
1970,Government,16,sector,17.584,58.343,30.139005536225422,49.57149300857014,25.959758658740608,Other sectors,FAAt307I / FAAt307ESI / FAAt105,FAAt105 line 13 / line 10,Government intellectual property products / government nonresidential fixed investment,Government added from Fixed Assets Table 1.5.,"BEA Fixed Assets Tables 3.7I, 3.7ESI, and 1.5; fetched with BeaData.jl."
1970,Total,17,total,35.472,224.74400000000003,15.783291211333783,100.0,100.0,Total,FAAt307I / FAAt307ESI / FAAt105,FAAt307I line 1 + FAAt105 line 13 / FAAt307ESI line 1 + FAAt105 line 10,Private plus government intellectual property products / private fixed assets by industry plus government nonresidential fixed investment,Total constructed as private industry-owner investment plus government nonresidential investment.,"BEA Fixed Assets Tables 3.7I, 3.7ESI, and 1.5; fetched with BeaData.jl."
1971,"Agriculture, forestry, fishing, and hunting",1,sector,0.007,6.968,0.10045924225028703,0.01909021490127632,2.8620600424708678,Griliches measurable sectors,FAAt307I / FAAt307ESI / FAAt105,2,"Agriculture, forestry, fishing, and hunting",Direct Table 3.7 mapping.,"BEA Fixed Assets Tables 3.7I, 3.7ESI, and 1.5; fetched with BeaData.jl."
1971,Mining,2,sector,0.034,5.599,0.6072512948740847,0.09272390094905641,2.2997523217270937,Griliches measurable sectors,FAAt307I / FAAt307ESI / FAAt105,5,Mining,Direct Table 3.7 mapping.,"BEA Fixed Assets Tables 3.7I, 3.7ESI, and 1.5; fetched with BeaData.jl."
1971,Utilities,3,sector,0.023,10.795,0.21306160259379342,0.06272499181847932,4.4339750514456115,Griliches measurable sectors,FAAt307I / FAAt307ESI / FAAt105,9,Utilities,Direct Table 3.7 mapping.,"BEA Fixed Assets Tables 3.7I, 3.7ESI, and 1.5; fetched with BeaData.jl."
1971,Construction,4,sector,0.023,3.549,0.6480698788391096,0.06272499181847932,1.4577283425271397,Other sectors,FAAt307I / FAAt307ESI / FAAt105,13,Construction,Direct Table 3.7 mapping.,"BEA Fixed Assets Tables 3.7I, 3.7ESI, and 1.5; fetched with BeaData.jl."
1971,Manufacturing,5,sector,11.672,35.057,33.294349202726984,31.831569761099598,14.399431531128188,Griliches measurable sectors,FAAt307I / FAAt307ESI / FAAt105,14,Manufacturing,Direct Table 3.7 mapping.,"BEA Fixed Assets Tables 3.7I, 3.7ESI, and 1.5; fetched with BeaData.jl."
1971,Wholesale trade,6,sector,0.061,4.308,1.4159702878365832,0.16635758699683648,1.7694825865333665,Other sectors,FAAt307I / FAAt307ESI / FAAt105,40,Wholesale trade,Direct Table 3.7 mapping.,"BEA Fixed Assets Tables 3.7I, 3.7ESI, and 1.5; fetched with BeaData.jl."
1971,Retail trade,7,sector,0.029,5.048,0.5744849445324882,0.07908803316243047,2.0734327058543256,Other sectors,FAAt307I / FAAt307ESI / FAAt105,43,Retail trade,Direct Table 3.7 mapping.,"BEA Fixed Assets Tables 3.7I, 3.7ESI, and 1.5; fetched with BeaData.jl."
1971,Transportation and warehousing,8,sector,0.123,7.966,1.544062264624655,0.33544234755099817,3.2719819601496747,Griliches measurable sectors,FAAt307I / FAAt307ESI / FAAt105,48,Transportation and warehousing,Direct Table 3.7 mapping.,"BEA Fixed Assets Tables 3.7I, 3.7ESI, and 1.5; fetched with BeaData.jl."
1971,Information,9,sector,3.636,14.721,24.69940900754025,9.916003054434386,6.046553657464645,Other sectors,FAAt307I / FAAt307ESI / FAAt105,57,Information,Direct Table 3.7 mapping.,"BEA Fixed Assets Tables 3.7I, 3.7ESI, and 1.5; fetched with BeaData.jl."
1971,"Finance, insurance, real estate, rental, and leasing",10,sector,0.658,70.47999999999999,0.9335981838819524,1.7944802007199738,28.9491951482989,Other sectors,FAAt307I / FAAt307ESI / FAAt105,62 + 73,Finance and insurance + Real estate and rental and leasing,Finance/insurance plus real estate/rental/leasing.,"BEA Fixed Assets Tables 3.7I, 3.7ESI, and 1.5; fetched with BeaData.jl."
1971,Professional and business services,11,service_detail,1.253,5.569000000000001,22.499551086370975,3.4171484673284604,2.2874300195924606,Other sectors,FAAt307I / FAAt307ESI / FAAt105,76 + 80 + 81,"Professional, scientific, and technical services + Management of companies and enterprises (5) + Administrative and waste management services",Professional/scientific/technical plus management plus administrative/waste-management services.,"BEA Fixed Assets Tables 3.7I, 3.7ESI, and 1.5; fetched with BeaData.jl."
1971,"Educational services, health care, and social assistance",12,service_detail,0.23299999999999998,7.854,2.966641201935319,0.6354314388567688,3.225978698847043,Other sectors,FAAt307I / FAAt307ESI / FAAt105,84 + 85,Educational services + Health and social assistance,Educational services plus health care/social assistance.,"BEA Fixed Assets Tables 3.7I, 3.7ESI, and 1.5; fetched with BeaData.jl."
1971,"Arts, entertainment, recreation, accommodation, and food services",13,service_detail,0.735,5.42,13.560885608856088,2.004472564634013,2.2262292523237805,Other sectors,FAAt307I / FAAt307ESI / FAAt105,90 + 93,"Arts, entertainment, and recreation + Accommodation and food services",Arts/entertainment/recreation plus accommodation/food services.,"BEA Fixed Assets Tables 3.7I, 3.7ESI, and 1.5; fetched with BeaData.jl."
1971,"Other services, except government",14,service_detail,0.128,3.294,3.8858530661809354,0.3490782153376241,1.352988774382755,Other sectors,FAAt307I / FAAt307ESI / FAAt105,96,"Other services, except government",Direct Table 3.7 mapping.,"BEA Fixed Assets Tables 3.7I, 3.7ESI, and 1.5; fetched with BeaData.jl."
1971,Services,15,services_total,2.349,22.137,10.611193928716629,6.406130686156868,9.092626745146038,Other sectors,FAAt307I / FAAt307ESI / FAAt105,76 + 80 + 81 + 84 + 85 + 90 + 93 + 96,Sum of Table 3.7 service detail rows,Total services constructed as the sum of the four Table 6D-style service detail rows.,"BEA Fixed Assets Tables 3.7I, 3.7ESI, and 1.5; fetched with BeaData.jl."
1971,Government,16,sector,18.054,56.831,31.767873167813338,49.23639140394894,23.342958420445164,Other sectors,FAAt307I / FAAt307ESI / FAAt105,FAAt105 line 13 / line 10,Government intellectual property products / government nonresidential fixed investment,Government added from Fixed Assets Table 1.5.,"BEA Fixed Assets Tables 3.7I, 3.7ESI, and 1.5; fetched with BeaData.jl."
1971,Total,17,total,36.668,243.461,15.061139155758005,100.0,100.0,Total,FAAt307I / FAAt307ESI / FAAt105,FAAt307I line 1 + FAAt105 line 13 / FAAt307ESI line 1 + FAAt105 line 10,Private plus government intellectual property products / private fixed assets by industry plus government nonresidential fixed investment,Total constructed as private industry-owner investment plus government nonresidential investment.,"BEA Fixed Assets Tables 3.7I, 3.7ESI, and 1.5; fetched with BeaData.jl."
1972,"Agriculture, forestry, fishing, and hunting",1,sector,0.004,7.702,0.05193456245131135,0.010047221943132725,2.784929129302864,Griliches measurable sectors,FAAt307I / FAAt307ESI / FAAt105,2,"Agriculture, forestry, fishing, and hunting",Direct Table 3.7 mapping.,"BEA Fixed Assets Tables 3.7I, 3.7ESI, and 1.5; fetched with BeaData.jl."
1972,Mining,2,sector,0.052,6.129,0.8484255180290423,0.13061388526072543,2.216155626265548,Griliches measurable sectors,FAAt307I / FAAt307ESI / FAAt105,5,Mining,Direct Table 3.7 mapping.,"BEA Fixed Assets Tables 3.7I, 3.7ESI, and 1.5; fetched with BeaData.jl."
1972,Utilities,3,sector,0.031,12.96,0.2391975308641975,0.07786597005927862,4.686144055539485,Griliches measurable sectors,FAAt307I / FAAt307ESI / FAAt105,9,Utilities,Direct Table 3.7 mapping.,"BEA Fixed Assets Tables 3.7I, 3.7ESI, and 1.5; fetched with BeaData.jl."
1972,Construction,4,sector,0.021,3.886,0.5404014410705096,0.0527479152014468,1.4051200462829043,Other sectors,FAAt307I / FAAt307ESI / FAAt105,13,Construction,Direct Table 3.7 mapping.,"BEA Fixed Assets Tables 3.7I, 3.7ESI, and 1.5; fetched with BeaData.jl."
1972,Manufacturing,5,sector,12.844,39.117,32.83482884679295,32.261629659399176,14.144127856522996,Griliches measurable sectors,FAAt307I / FAAt307ESI / FAAt105,14,Manufacturing,Direct Table 3.7 mapping.,"BEA Fixed Assets Tables 3.7I, 3.7ESI, and 1.5; fetched with BeaData.jl."
1972,Wholesale trade,6,sector,0.077,5.591,1.3772133786442498,0.19340902240530494,2.0216227943303444,Other sectors,FAAt307I / FAAt307ESI / FAAt105,40,Wholesale trade,Direct Table 3.7 mapping.,"BEA Fixed Assets Tables 3.7I, 3.7ESI, and 1.5; fetched with BeaData.jl."
1972,Retail trade,7,sector,0.031,6.02,0.5149501661129569,0.07786597005927862,2.1767428406132483,Other sectors,FAAt307I / FAAt307ESI / FAAt105,43,Retail trade,Direct Table 3.7 mapping.,"BEA Fixed Assets Tables 3.7I, 3.7ESI, and 1.5; fetched with BeaData.jl."
1972,Transportation and warehousing,8,sector,0.126,8.895,1.4165261382799326,0.3164874912086808,3.2163002603413364,Griliches measurable sectors,FAAt307I / FAAt307ESI / FAAt105,48,Transportation and warehousing,Direct Table 3.7 mapping.,"BEA Fixed Assets Tables 3.7I, 3.7ESI, and 1.5; fetched with BeaData.jl."
1972,Information,9,sector,4.16,15.811,26.31079628107014,10.449110820858033,5.717023430720277,Other sectors,FAAt307I / FAAt307ESI / FAAt105,57,Information,Direct Table 3.7 mapping.,"BEA Fixed Assets Tables 3.7I, 3.7ESI, and 1.5; fetched with BeaData.jl."
1972,"Finance, insurance, real estate, rental, and leasing",10,sector,0.628,85.818,0.7317812114008716,1.5774138450718376,31.03051778999132,Other sectors,FAAt307I / FAAt307ESI / FAAt105,62 + 73,Finance and insurance + Real estate and rental and leasing,Finance/insurance plus real estate/rental/leasing.,"BEA Fixed Assets Tables 3.7I, 3.7ESI, and 1.5; fetched with BeaData.jl."
1972,Professional and business services,11,service_detail,1.3270000000000002,6.5440000000000005,20.278117359413205,3.3331658796342816,2.3662134798958636,Other sectors,FAAt307I / FAAt307ESI / FAAt105,76 + 80 + 81,"Professional, scientific, and technical services + Management of companies and enterprises (5) + Administrative and waste management services",Professional/scientific/technical plus management plus administrative/waste-management services.,"BEA Fixed Assets Tables 3.7I, 3.7ESI, and 1.5; fetched with BeaData.jl."
1972,"Educational services, health care, and social assistance",12,service_detail,0.251,8.741,2.8715249971399155,0.6304631769315785,3.1606161411628575,Other sectors,FAAt307I / FAAt307ESI / FAAt105,84 + 85,Educational services + Health and social assistance,Educational services plus health care/social assistance.,"BEA Fixed Assets Tables 3.7I, 3.7ESI, and 1.5; fetched with BeaData.jl."
1972,"Arts, entertainment, recreation, accommodation, and food services",13,service_detail,0.808,6.172,13.091380427738175,2.0295388325128108,2.2317037894127854,Other sectors,FAAt307I / FAAt307ESI / FAAt105,90 + 93,"Arts, entertainment, and recreation + Accommodation and food services",Arts/entertainment/recreation plus accommodation/food services.,"BEA Fixed Assets Tables 3.7I, 3.7ESI, and 1.5; fetched with BeaData.jl."
1972,"Other services, except government",14,service_detail,0.148,3.934,3.762074224707676,0.37174721189591076,1.422476135377495,Other sectors,FAAt307I / FAAt307ESI / FAAt105,96,"Other services, except government",Direct Table 3.7 mapping.,"BEA Fixed Assets Tables 3.7I, 3.7ESI, and 1.5; fetched with BeaData.jl."
1972,Services,15,services_total,2.5340000000000007,25.391000000000002,9.979914142806509,6.364915100974582,9.181009545849003,Other sectors,FAAt307I / FAAt307ESI / FAAt105,76 + 80 + 81 + 84 + 85 + 90 + 93 + 96,Sum of Table 3.7 service detail rows,Total services constructed as the sum of the four Table 6D-style service detail rows.,"BEA Fixed Assets Tables 3.7I, 3.7ESI, and 1.5; fetched with BeaData.jl."
1972,Government,16,sector,19.305,59.241,32.587228439763,48.49040490304431,21.420668209430143,Other sectors,FAAt307I / FAAt307ESI / FAAt105,FAAt105 line 13 / line 10,Government intellectual property products / government nonresidential fixed investment,Government added from Fixed Assets Table 1.5.,"BEA Fixed Assets Tables 3.7I, 3.7ESI, and 1.5; fetched with BeaData.jl."
1972,Total,17,total,39.812,276.56,14.39542956320509,100.0,100.0,Total,FAAt307I / FAAt307ESI / FAAt105,FAAt307I line 1 + FAAt105 line 13 / FAAt307ESI line 1 + FAAt105 line 10,Private plus government intellectual property products / private fixed assets by industry plus government nonresidential fixed investment,Total constructed as private industry-owner investment plus government nonresidential investment.,"BEA Fixed Assets Tables 3.7I, 3.7ESI, and 1.5; fetched with BeaData.jl."
1973,"Agriculture, forestry, fishing, and hunting",1,sector,0.005,10.609,0.04712979545668772,0.011641443538998835,3.3815270260794175,Griliches measurable sectors,FAAt307I / FAAt307ESI / FAAt105,2,"Agriculture, forestry, fishing, and hunting",Direct Table 3.7 mapping.,"BEA Fixed Assets Tables 3.7I, 3.7ESI, and 1.5; fetched with BeaData.jl."
1973,Mining,2,sector,0.067,7.074,0.9471303364433136,0.1559953434225844,2.254776339191799,Griliches measurable sectors,FAAt307I / FAAt307ESI / FAAt105,5,Mining,Direct Table 3.7 mapping.,"BEA Fixed Assets Tables 3.7I, 3.7ESI, and 1.5; fetched with BeaData.jl."
1973,Utilities,3,sector,0.032,14.593,0.21928321798122388,0.07450523864959255,4.65139258097624,Griliches measurable sectors,FAAt307I / FAAt307ESI / FAAt105,9,Utilities,Direct Table 3.7 mapping.,"BEA Fixed Assets Tables 3.7I, 3.7ESI, and 1.5; fetched with BeaData.jl."
1973,Construction,4,sector,0.033,5.165,0.63891577928364,0.07683352735739232,1.6462990941370714,Other sectors,FAAt307I / FAAt307ESI / FAAt105,13,Construction,Direct Table 3.7 mapping.,"BEA Fixed Assets Tables 3.7I, 3.7ESI, and 1.5; fetched with BeaData.jl."
1973,Manufacturing,5,sector,14.444,44.188,32.687607495247576,33.62980209545984,14.084542956772296,Griliches measurable sectors,FAAt307I / FAAt307ESI / FAAt105,14,Manufacturing,Direct Table 3.7 mapping.,"BEA Fixed Assets Tables 3.7I, 3.7ESI, and 1.5; fetched with BeaData.jl."
1973,Wholesale trade,6,sector,0.121,7.122,1.6989609660207807,0.2817229336437718,2.2700759241905564,Other sectors,FAAt307I / FAAt307ESI / FAAt105,40,Wholesale trade,Direct Table 3.7 mapping.,"BEA Fixed Assets Tables 3.7I, 3.7ESI, and 1.5; fetched with BeaData.jl."
1973,Retail trade,7,sector,0.036,7.342,0.490329610460365,0.0838183934807916,2.340199022101525,Other sectors,FAAt307I / FAAt307ESI / FAAt105,43,Retail trade,Direct Table 3.7 mapping.,"BEA Fixed Assets Tables 3.7I, 3.7ESI, and 1.5; fetched with BeaData.jl."
1973,Transportation and warehousing,8,sector,0.138,11.504,1.1995827538247568,0.3213038416763679,3.666800538035405,Griliches measurable sectors,FAAt307I / FAAt307ESI / FAAt105,48,Transportation and warehousing,Direct Table 3.7 mapping.,"BEA Fixed Assets Tables 3.7I, 3.7ESI, and 1.5; fetched with BeaData.jl."
1973,Information,9,sector,4.083,18.109,22.546799933734604,9.50640279394645,5.772087182135184,Other sectors,FAAt307I / FAAt307ESI / FAAt105,57,Information,Direct Table 3.7 mapping.,"BEA Fixed Assets Tables 3.7I, 3.7ESI, and 1.5; fetched with BeaData.jl."
1973,"Finance, insurance, real estate, rental, and leasing",10,sector,0.904,95.086,0.9507182971205015,2.1047729918509894,30.307840399829153,Other sectors,FAAt307I / FAAt307ESI / FAAt105,62 + 73,Finance and insurance + Real estate and rental and leasing,Finance/insurance plus real estate/rental/leasing.,"BEA Fixed Assets Tables 3.7I, 3.7ESI, and 1.5; fetched with BeaData.jl."
1973,Professional and business services,11,service_detail,1.4460000000000002,7.487,19.313476692934422,3.3667054714784634,2.386416518451937,Other sectors,FAAt307I / FAAt307ESI / FAAt105,76 + 80 + 81,"Professional, scientific, and technical services + Management of companies and enterprises (5) + Administrative and waste management services",Professional/scientific/technical plus management plus administrative/waste-management services.,"BEA Fixed Assets Tables 3.7I, 3.7ESI, and 1.5; fetched with BeaData.jl."
1973,"Educational services, health care, and social assistance",12,service_detail,0.265,9.5,2.789473684210526,0.6169965075669382,3.0280428643373045,Other sectors,FAAt307I / FAAt307ESI / FAAt105,84 + 85,Educational services + Health and social assistance,Educational services plus health care/social assistance.,"BEA Fixed Assets Tables 3.7I, 3.7ESI, and 1.5; fetched with BeaData.jl."
1973,"Arts, entertainment, recreation, accommodation, and food services",13,service_detail,0.87,7.18,12.116991643454039,2.0256111757857975,2.2885629227307205,Other sectors,FAAt307I / FAAt307ESI / FAAt105,90 + 93,"Arts, entertainment, and recreation + Accommodation and food services",Arts/entertainment/recreation plus accommodation/food services.,"BEA Fixed Assets Tables 3.7I, 3.7ESI, and 1.5; fetched with BeaData.jl."
1973,"Other services, except government",14,service_detail,0.16,4.586,3.488879197557784,0.3725261932479627,1.4617478500895662,Other sectors,FAAt307I / FAAt307ESI / FAAt105,96,"Other services, except government",Direct Table 3.7 mapping.,"BEA Fixed Assets Tables 3.7I, 3.7ESI, and 1.5; fetched with BeaData.jl."
1973,Services,15,services_total,2.741,28.753,9.532918304176956,6.381839348079162,9.164770155609528,Other sectors,FAAt307I / FAAt307ESI / FAAt105,76 + 80 + 81 + 84 + 85 + 90 + 93 + 96,Sum of Table 3.7 service detail rows,Total services constructed as the sum of the four Table 6D-style service detail rows.,"BEA Fixed Assets Tables 3.7I, 3.7ESI, and 1.5; fetched with BeaData.jl."
1973,Government,16,sector,20.344,64.19,31.693410188502884,47.36670547147846,20.460007522295957,Other sectors,FAAt307I / FAAt307ESI / FAAt105,FAAt105 line 13 / line 10,Government intellectual property products / government nonresidential fixed investment,Government added from Fixed Assets Table 1.5.,"BEA Fixed Assets Tables 3.7I, 3.7ESI, and 1.5; fetched with BeaData.jl."
1973,Total,17,total,42.95,313.73400000000004,13.689941160346024,100.0,100.0,Total,FAAt307I / FAAt307ESI / FAAt105,FAAt307I line 1 + FAAt105 line 13 / FAAt307ESI line 1 + FAAt105 line 10,Private plus government intellectual property products / private fixed assets by industry plus government nonresidential fixed investment,Total constructed as private industry-owner investment plus government nonresidential investment.,"BEA Fixed Assets Tables 3.7I, 3.7ESI, and 1.5; fetched with BeaData.jl."
1974,"Agriculture, forestry, fishing, and hunting",1,sector,0.004,11.822,0.033835222466587725,0.00852587603376247,3.542363333453189,Griliches measurable sectors,FAAt307I / FAAt307ESI / FAAt105,2,"Agriculture, forestry, fishing, and hunting",Direct Table 3.7 mapping.,"BEA Fixed Assets Tables 3.7I, 3.7ESI, and 1.5; fetched with BeaData.jl."
1974,Mining,2,sector,0.051,9.4,0.5425531914893617,0.10870491943047147,2.81663130895449,Griliches measurable sectors,FAAt307I / FAAt307ESI / FAAt105,5,Mining,Direct Table 3.7 mapping.,"BEA Fixed Assets Tables 3.7I, 3.7ESI, and 1.5; fetched with BeaData.jl."
1974,Utilities,3,sector,0.039,15.071,0.25877513104638045,0.08312729132918407,4.515898984814162,Griliches measurable sectors,FAAt307I / FAAt307ESI / FAAt105,9,Utilities,Direct Table 3.7 mapping.,"BEA Fixed Assets Tables 3.7I, 3.7ESI, and 1.5; fetched with BeaData.jl."
1974,Construction,4,sector,0.037,5.997,0.6169751542437886,0.07886435331230283,1.7969508467872424,Other sectors,FAAt307I / FAAt307ESI / FAAt105,13,Construction,Direct Table 3.7 mapping.,"BEA Fixed Assets Tables 3.7I, 3.7ESI, and 1.5; fetched with BeaData.jl."
1974,Manufacturing,5,sector,16.546,55.029,30.06778244198513,35.26728621365845,16.488979180899644,Griliches measurable sectors,FAAt307I / FAAt307ESI / FAAt105,14,Manufacturing,Direct Table 3.7 mapping.,"BEA Fixed Assets Tables 3.7I, 3.7ESI, and 1.5; fetched with BeaData.jl."
1974,Wholesale trade,6,sector,0.118,7.184,1.6425389755011135,0.2515133429959928,2.1526254599498995,Other sectors,FAAt307I / FAAt307ESI / FAAt105,40,Wholesale trade,Direct Table 3.7 mapping.,"BEA Fixed Assets Tables 3.7I, 3.7ESI, and 1.5; fetched with BeaData.jl."
1974,Retail trade,7,sector,0.033,8.006,0.412190856857357,0.07033847727854038,2.3989308786691117,Other sectors,FAAt307I / FAAt307ESI / FAAt105,43,Retail trade,Direct Table 3.7 mapping.,"BEA Fixed Assets Tables 3.7I, 3.7ESI, and 1.5; fetched with BeaData.jl."
1974,Transportation and warehousing,8,sector,0.134,11.881,1.1278511909771904,0.28561684713104274,3.560042189541308,Griliches measurable sectors,FAAt307I / FAAt307ESI / FAAt105,48,Transportation and warehousing,Direct Table 3.7 mapping.,"BEA Fixed Assets Tables 3.7I, 3.7ESI, and 1.5; fetched with BeaData.jl."
1974,Information,9,sector,4.368,19.451,22.456428975374017,9.310256628868617,5.82832931813551,Other sectors,FAAt307I / FAAt307ESI / FAAt105,57,Information,Direct Table 3.7 mapping.,"BEA Fixed Assets Tables 3.7I, 3.7ESI, and 1.5; fetched with BeaData.jl."
1974,"Finance, insurance, real estate, rental, and leasing",10,sector,1.1960000000000002,85.275,1.402521254763999,2.5492369340949788,25.55193987990363,Other sectors,FAAt307I / FAAt307ESI / FAAt105,62 + 73,Finance and insurance + Real estate and rental and leasing,Finance/insurance plus real estate/rental/leasing.,"BEA Fixed Assets Tables 3.7I, 3.7ESI, and 1.5; fetched with BeaData.jl."
1974,Professional and business services,11,service_detail,1.5019999999999998,8.317,18.059396416977275,3.201466450677807,2.4921194251674996,Other sectors,FAAt307I / FAAt307ESI / FAAt105,76 + 80 + 81,"Professional, scientific, and technical services + Management of companies and enterprises (5) + Administrative and waste management services",Professional/scientific/technical plus management plus administrative/waste-management services.,"BEA Fixed Assets Tables 3.7I, 3.7ESI, and 1.5; fetched with BeaData.jl."
1974,"Educational services, health care, and social assistance",12,service_detail,0.304,10.034,3.0296990233207093,0.6479665785659476,3.0066041014946125,Other sectors,FAAt307I / FAAt307ESI / FAAt105,84 + 85,Educational services + Health and social assistance,Educational services plus health care/social assistance.,"BEA Fixed Assets Tables 3.7I, 3.7ESI, and 1.5; fetched with BeaData.jl."
1974,"Arts, entertainment, recreation, accommodation, and food services",13,service_detail,0.914,7.135,12.810091100210233,1.9481626737147244,2.137943020147903,Other sectors,FAAt307I / FAAt307ESI / FAAt105,90 + 93,"Arts, entertainment, and recreation + Accommodation and food services",Arts/entertainment/recreation plus accommodation/food services.,"BEA Fixed Assets Tables 3.7I, 3.7ESI, and 1.5; fetched with BeaData.jl."
1974,"Other services, except government",14,service_detail,0.18,4.578,3.931847968545216,0.3836644215193111,1.3717593757865592,Other sectors,FAAt307I / FAAt307ESI / FAAt105,96,"Other services, except government",Direct Table 3.7 mapping.,"BEA Fixed Assets Tables 3.7I, 3.7ESI, and 1.5; fetched with BeaData.jl."
1974,Services,15,services_total,2.9,30.063999999999997,9.64608834486429,6.181260124477791,9.008425922596572,Other sectors,FAAt307I / FAAt307ESI / FAAt105,76 + 80 + 81 + 84 + 85 + 90 + 93 + 96,Sum of Table 3.7 service detail rows,Total services constructed as the sum of the four Table 6D-style service detail rows.,"BEA Fixed Assets Tables 3.7I, 3.7ESI, and 1.5; fetched with BeaData.jl."
1974,Government,16,sector,21.489,74.552,28.8241764137783,45.80313752238043,22.338882696295233,Other sectors,FAAt307I / FAAt307ESI / FAAt105,FAAt105 line 13 / line 10,Government intellectual property products / government nonresidential fixed investment,Government added from Fixed Assets Table 1.5.,"BEA Fixed Assets Tables 3.7I, 3.7ESI, and 1.5; fetched with BeaData.jl."
1974,Total,17,total,46.916,333.732,14.057986647969026,100.0,100.0,Total,FAAt307I / FAAt307ESI / FAAt105,FAAt307I line 1 + FAAt105 line 13 / FAAt307ESI line 1 + FAAt105 line 10,Private plus government intellectual property products / private fixed assets by industry plus government nonresidential fixed investment,Total constructed as private industry-owner investment plus government nonresidential investment.,"BEA Fixed Assets Tables 3.7I, 3.7ESI, and 1.5; fetched with BeaData.jl."
1975,"Agriculture, forestry, fishing, and hunting",1,sector,0.004,14.192,0.028184892897406992,0.007845444738648623,4.120837640390714,Griliches measurable sectors,FAAt307I / FAAt307ESI / FAAt105,2,"Agriculture, forestry, fishing, and hunting",Direct Table 3.7 mapping.,"BEA Fixed Assets Tables 3.7I, 3.7ESI, and 1.5; fetched with BeaData.jl."
1975,Mining,2,sector,0.049,12.827,0.38200670460746866,0.09610669804844563,3.7244915736535855,Griliches measurable sectors,FAAt307I / FAAt307ESI / FAAt105,5,Mining,Direct Table 3.7 mapping.,"BEA Fixed Assets Tables 3.7I, 3.7ESI, and 1.5; fetched with BeaData.jl."
1975,Utilities,3,sector,0.045,15.151,0.2970100983433437,0.088261253309797,4.399296159072696,Griliches measurable sectors,FAAt307I / FAAt307ESI / FAAt105,9,Utilities,Direct Table 3.7 mapping.,"BEA Fixed Assets Tables 3.7I, 3.7ESI, and 1.5; fetched with BeaData.jl."
1975,Construction,4,sector,0.036,5.307,0.6783493499152062,0.0706090026478376,1.540958663863692,Other sectors,FAAt307I / FAAt307ESI / FAAt105,13,Construction,Direct Table 3.7 mapping.,"BEA Fixed Assets Tables 3.7I, 3.7ESI, and 1.5; fetched with BeaData.jl."
1975,Manufacturing,5,sector,17.739,57.41,30.898798118794637,34.79258605472198,16.66976387646779,Griliches measurable sectors,FAAt307I / FAAt307ESI / FAAt105,14,Manufacturing,Direct Table 3.7 mapping.,"BEA Fixed Assets Tables 3.7I, 3.7ESI, and 1.5; fetched with BeaData.jl."
1975,Wholesale trade,6,sector,0.145,6.284,2.307447485677912,0.28439737177601254,1.824643724085065,Other sectors,FAAt307I / FAAt307ESI / FAAt105,40,Wholesale trade,Direct Table 3.7 mapping.,"BEA Fixed Assets Tables 3.7I, 3.7ESI, and 1.5; fetched with BeaData.jl."
1975,Retail trade,7,sector,0.046,7.836,0.5870342011230218,0.09022261449445915,2.2752877501480855,Other sectors,FAAt307I / FAAt307ESI / FAAt105,43,Retail trade,Direct Table 3.7 mapping.,"BEA Fixed Assets Tables 3.7I, 3.7ESI, and 1.5; fetched with BeaData.jl."
1975,Transportation and warehousing,8,sector,0.11,12.776,0.8609893550407013,0.21574973031283712,3.709683039291978,Griliches measurable sectors,FAAt307I / FAAt307ESI / FAAt105,48,Transportation and warehousing,Direct Table 3.7 mapping.,"BEA Fixed Assets Tables 3.7I, 3.7ESI, and 1.5; fetched with BeaData.jl."
1975,Information,9,sector,4.669,19.392,24.07693894389439,9.157595371187604,5.6307274184369165,Other sectors,FAAt307I / FAAt307ESI / FAAt105,57,Information,Direct Table 3.7 mapping.,"BEA Fixed Assets Tables 3.7I, 3.7ESI, and 1.5; fetched with BeaData.jl."
1975,"Finance, insurance, real estate, rental, and leasing",10,sector,1.548,82.41,1.8784128139788863,3.036187113857017,23.928849347843766,Other sectors,FAAt307I / FAAt307ESI / FAAt105,62 + 73,Finance and insurance + Real estate and rental and leasing,Finance/insurance plus real estate/rental/leasing.,"BEA Fixed Assets Tables 3.7I, 3.7ESI, and 1.5; fetched with BeaData.jl."
1975,Professional and business services,11,service_detail,1.7570000000000001,7.887,22.277164954989225,3.4461116014514075,2.2900962845096924,Other sectors,FAAt307I / FAAt307ESI / FAAt105,76 + 80 + 81,"Professional, scientific, and technical services + Management of companies and enterprises (5) + Administrative and waste management services",Professional/scientific/technical plus management plus administrative/waste-management services.,"BEA Fixed Assets Tables 3.7I, 3.7ESI, and 1.5; fetched with BeaData.jl."
1975,"Educational services, health care, and social assistance",12,service_detail,0.366,10.218,3.5819142689371697,0.717858193586349,2.9669334138607883,Other sectors,FAAt307I / FAAt307ESI / FAAt105,84 + 85,Educational services + Health and social assistance,Educational services plus health care/social assistance.,"BEA Fixed Assets Tables 3.7I, 3.7ESI, and 1.5; fetched with BeaData.jl."
1975,"Arts, entertainment, recreation, accommodation, and food services",13,service_detail,0.986,6.589,14.964334496888752,1.9339021280768853,1.9132045668358522,Other sectors,FAAt307I / FAAt307ESI / FAAt105,90 + 93,"Arts, entertainment, and recreation + Accommodation and food services",Arts/entertainment/recreation plus accommodation/food services.,"BEA Fixed Assets Tables 3.7I, 3.7ESI, and 1.5; fetched with BeaData.jl."
1975,"Other services, except government",14,service_detail,0.206,3.914,5.263157894736842,0.404040404040404,1.1364824213986227,Other sectors,FAAt307I / FAAt307ESI / FAAt105,96,"Other services, except government",Direct Table 3.7 mapping.,"BEA Fixed Assets Tables 3.7I, 3.7ESI, and 1.5; fetched with BeaData.jl."
1975,Services,15,services_total,3.315,28.608000000000004,11.587667785234897,6.501912327155046,8.306716686604956,Other sectors,FAAt307I / FAAt307ESI / FAAt105,76 + 80 + 81 + 84 + 85 + 90 + 93 + 96,Sum of Table 3.7 service detail rows,Total services constructed as the sum of the four Table 6D-style service detail rows.,"BEA Fixed Assets Tables 3.7I, 3.7ESI, and 1.5; fetched with BeaData.jl."
1975,Government,16,sector,23.279,82.203,28.31891780105349,45.65852701775032,23.868744120140775,Other sectors,FAAt307I / FAAt307ESI / FAAt105,FAAt105 line 13 / line 10,Government intellectual property products / government nonresidential fixed investment,Government added from Fixed Assets Table 1.5.,"BEA Fixed Assets Tables 3.7I, 3.7ESI, and 1.5; fetched with BeaData.jl."
1975,Total,17,total,50.985,344.39599999999996,14.804178910324163,100.0,100.00000000000001,Total,FAAt307I / FAAt307ESI / FAAt105,FAAt307I line 1 + FAAt105 line 13 / FAAt307ESI line 1 + FAAt105 line 10,Private plus government intellectual property products / private fixed assets by industry plus government nonresidential fixed investment,Total constructed as private industry-owner investment plus government nonresidential investment.,"BEA Fixed Assets Tables 3.7I, 3.7ESI, and 1.5; fetched with BeaData.jl."
1976,"Agriculture, forestry, fishing, and hunting",1,sector,0.006,15.264,0.03930817610062893,0.010417932734880975,3.8995876615247833,Griliches measurable sectors,FAAt307I / FAAt307ESI / FAAt105,2,"Agriculture, forestry, fishing, and hunting",Direct Table 3.7 mapping.,"BEA Fixed Assets Tables 3.7I, 3.7ESI, and 1.5; fetched with BeaData.jl."
1976,Mining,2,sector,0.051,14.656,0.3479803493449781,0.08855242824648829,3.7442581739588077,Griliches measurable sectors,FAAt307I / FAAt307ESI / FAAt105,5,Mining,Direct Table 3.7 mapping.,"BEA Fixed Assets Tables 3.7I, 3.7ESI, and 1.5; fetched with BeaData.jl."
1976,Utilities,3,sector,0.048,15.846,0.3029155622870125,0.0833434618790478,4.048274769688268,Griliches measurable sectors,FAAt307I / FAAt307ESI / FAAt105,9,Utilities,Direct Table 3.7 mapping.,"BEA Fixed Assets Tables 3.7I, 3.7ESI, and 1.5; fetched with BeaData.jl."
1976,Construction,4,sector,0.042,5.237,0.8019858697727706,0.07292552914416683,1.3379284973404937,Other sectors,FAAt307I / FAAt307ESI / FAAt105,13,Construction,Direct Table 3.7 mapping.,"BEA Fixed Assets Tables 3.7I, 3.7ESI, and 1.5; fetched with BeaData.jl."
1976,Manufacturing,5,sector,19.408,61.817,31.395894333274022,33.698539753095,15.79276798168747,Griliches measurable sectors,FAAt307I / FAAt307ESI / FAAt105,14,Manufacturing,Direct Table 3.7 mapping.,"BEA Fixed Assets Tables 3.7I, 3.7ESI, and 1.5; fetched with BeaData.jl."
1976,Wholesale trade,6,sector,0.21,8.043,2.6109660574412534,0.36462764572083417,2.054794520547945,Other sectors,FAAt307I / FAAt307ESI / FAAt105,40,Wholesale trade,Direct Table 3.7 mapping.,"BEA Fixed Assets Tables 3.7I, 3.7ESI, and 1.5; fetched with BeaData.jl."
1976,Retail trade,7,sector,0.062,8.116,0.7639231148348941,0.10765197159377009,2.0734442781010967,Other sectors,FAAt307I / FAAt307ESI / FAAt105,43,Retail trade,Direct Table 3.7 mapping.,"BEA Fixed Assets Tables 3.7I, 3.7ESI, and 1.5; fetched with BeaData.jl."
1976,Transportation and warehousing,8,sector,0.115,15.263,0.7534560702352093,0.1996770440852187,3.8993321853939187,Griliches measurable sectors,FAAt307I / FAAt307ESI / FAAt105,48,Transportation and warehousing,Direct Table 3.7 mapping.,"BEA Fixed Assets Tables 3.7I, 3.7ESI, and 1.5; fetched with BeaData.jl."
1976,Information,9,sector,6.54,23.075,28.342361863488623,11.355546681020263,5.895111719712028,Other sectors,FAAt307I / FAAt307ESI / FAAt105,57,Information,Direct Table 3.7 mapping.,"BEA Fixed Assets Tables 3.7I, 3.7ESI, and 1.5; fetched with BeaData.jl."
1976,"Finance, insurance, real estate, rental, and leasing",10,sector,1.746,104.632,1.6687055585289394,3.031618425850364,26.73097852467644,Other sectors,FAAt307I / FAAt307ESI / FAAt105,62 + 73,Finance and insurance + Real estate and rental and leasing,Finance/insurance plus real estate/rental/leasing.,"BEA Fixed Assets Tables 3.7I, 3.7ESI, and 1.5; fetched with BeaData.jl."
1976,Professional and business services,11,service_detail,2.037,8.962,22.729301495201963,3.5368881634920912,2.289577084812966,Other sectors,FAAt307I / FAAt307ESI / FAAt105,76 + 80 + 81,"Professional, scientific, and technical services + Management of companies and enterprises (5) + Administrative and waste management services",Professional/scientific/technical plus management plus administrative/waste-management services.,"BEA Fixed Assets Tables 3.7I, 3.7ESI, and 1.5; fetched with BeaData.jl."
1976,"Educational services, health care, and social assistance",12,service_detail,0.43000000000000005,11.549,3.7232660836436064,0.7466185126664701,2.950493835360962,Other sectors,FAAt307I / FAAt307ESI / FAAt105,84 + 85,Educational services + Health and social assistance,Educational services plus health care/social assistance.,"BEA Fixed Assets Tables 3.7I, 3.7ESI, and 1.5; fetched with BeaData.jl."
1976,"Arts, entertainment, recreation, accommodation, and food services",13,service_detail,1.1440000000000001,7.145,16.0111966410077,1.9863525081173061,1.8253769550310914,Other sectors,FAAt307I / FAAt307ESI / FAAt105,90 + 93,"Arts, entertainment, and recreation + Accommodation and food services",Arts/entertainment/recreation plus accommodation/food services.,"BEA Fixed Assets Tables 3.7I, 3.7ESI, and 1.5; fetched with BeaData.jl."
1976,"Other services, except government",14,service_detail,0.231,4.462,5.177050649932766,0.4010904102929176,1.1399344959200461,Other sectors,FAAt307I / FAAt307ESI / FAAt105,96,"Other services, except government",Direct Table 3.7 mapping.,"BEA Fixed Assets Tables 3.7I, 3.7ESI, and 1.5; fetched with BeaData.jl."
1976,Services,15,services_total,3.842,32.117999999999995,11.962139610187435,6.670949594568785,8.205382371125063,Other sectors,FAAt307I / FAAt307ESI / FAAt105,76 + 80 + 81 + 84 + 85 + 90 + 93 + 96,Sum of Table 3.7 service detail rows,Total services constructed as the sum of the four Table 6D-style service detail rows.,"BEA Fixed Assets Tables 3.7I, 3.7ESI, and 1.5; fetched with BeaData.jl."
1976,Government,16,sector,25.522,87.361,29.21440917571914,44.31441320993871,22.318650268505415,Other sectors,FAAt307I / FAAt307ESI / FAAt105,FAAt105 line 13 / line 10,Government intellectual property products / government nonresidential fixed investment,Government added from Fixed Assets Table 1.5.,"BEA Fixed Assets Tables 3.7I, 3.7ESI, and 1.5; fetched with BeaData.jl."
1976,Total,17,total,57.592999999999996,391.426,14.713636804913316,100.0,100.0,Total,FAAt307I / FAAt307ESI / FAAt105,FAAt307I line 1 + FAAt105 line 13 / FAAt307ESI line 1 + FAAt105 line 10,Private plus government intellectual property products / private fixed assets by industry plus government nonresidential fixed investment,Total constructed as private industry-owner investment plus government nonresidential investment.,"BEA Fixed Assets Tables 3.7I, 3.7ESI, and 1.5; fetched with BeaData.jl."
1977,"Agriculture, forestry, fishing, and hunting",1,sector,0.008,16.805,0.047604879500148765,0.012583760656872308,3.6363754392646324,Griliches measurable sectors,FAAt307I / FAAt307ESI / FAAt105,2,"Agriculture, forestry, fishing, and hunting",Direct Table 3.7 mapping.,"BEA Fixed Assets Tables 3.7I, 3.7ESI, and 1.5; fetched with BeaData.jl."
1977,Mining,2,sector,0.052,19.073,0.27263671158181724,0.08179444426967,4.127140062665536,Griliches measurable sectors,FAAt307I / FAAt307ESI / FAAt105,5,Mining,Direct Table 3.7 mapping.,"BEA Fixed Assets Tables 3.7I, 3.7ESI, and 1.5; fetched with BeaData.jl."
1977,Utilities,3,sector,0.061,20.325,0.3001230012300123,0.09595117500865133,4.3980559835200035,Griliches measurable sectors,FAAt307I / FAAt307ESI / FAAt105,9,Utilities,Direct Table 3.7 mapping.,"BEA Fixed Assets Tables 3.7I, 3.7ESI, and 1.5; fetched with BeaData.jl."
1977,Construction,4,sector,0.045,6.58,0.6838905775075987,0.07078365369490673,1.4238232901137329,Other sectors,FAAt307I / FAAt307ESI / FAAt105,13,Construction,Direct Table 3.7 mapping.,"BEA Fixed Assets Tables 3.7I, 3.7ESI, and 1.5; fetched with BeaData.jl."
1977,Manufacturing,5,sector,21.221,70.274,30.19751259356234,33.3799981124359,15.206346183807364,Griliches measurable sectors,FAAt307I / FAAt307ESI / FAAt105,14,Manufacturing,Direct Table 3.7 mapping.,"BEA Fixed Assets Tables 3.7I, 3.7ESI, and 1.5; fetched with BeaData.jl."
1977,Wholesale trade,6,sector,0.24,9.836,2.4400162667751117,0.3775128197061692,2.128377793549951,Other sectors,FAAt307I / FAAt307ESI / FAAt105,40,Wholesale trade,Direct Table 3.7 mapping.,"BEA Fixed Assets Tables 3.7I, 3.7ESI, and 1.5; fetched with BeaData.jl."
1977,Retail trade,7,sector,0.074,9.085,0.81452944413869,0.11639978607606882,1.9658715183409217,Other sectors,FAAt307I / FAAt307ESI / FAAt105,43,Retail trade,Direct Table 3.7 mapping.,"BEA Fixed Assets Tables 3.7I, 3.7ESI, and 1.5; fetched with BeaData.jl."
1977,Transportation and warehousing,8,sector,0.12,17.27,0.6948465547191662,0.1887564098530846,3.736995170252913,Griliches measurable sectors,FAAt307I / FAAt307ESI / FAAt105,48,Transportation and warehousing,Direct Table 3.7 mapping.,"BEA Fixed Assets Tables 3.7I, 3.7ESI, and 1.5; fetched with BeaData.jl."
1977,Information,9,sector,7.704,28.943,26.617835055108316,12.118161512568031,6.2628749978361355,Other sectors,FAAt307I / FAAt307ESI / FAAt105,57,Information,Direct Table 3.7 mapping.,"BEA Fixed Assets Tables 3.7I, 3.7ESI, and 1.5; fetched with BeaData.jl."
1977,"Finance, insurance, real estate, rental, and leasing",10,sector,1.692,136.101,1.243194392399762,2.6614653789284928,29.450421520937564,Other sectors,FAAt307I / FAAt307ESI / FAAt105,62 + 73,Finance and insurance + Real estate and rental and leasing,Finance/insurance plus real estate/rental/leasing.,"BEA Fixed Assets Tables 3.7I, 3.7ESI, and 1.5; fetched with BeaData.jl."
1977,Professional and business services,11,service_detail,2.3169999999999997,10.591999999999999,21.875,3.6445716802466412,2.291966001350252,Other sectors,FAAt307I / FAAt307ESI / FAAt105,76 + 80 + 81,"Professional, scientific, and technical services + Management of companies and enterprises (5) + Administrative and waste management services",Professional/scientific/technical plus management plus administrative/waste-management services.,"BEA Fixed Assets Tables 3.7I, 3.7ESI, and 1.5; fetched with BeaData.jl."
1977,"Educational services, health care, and social assistance",12,service_detail,0.5,12.530000000000001,3.990422984836392,0.7864850410545192,2.7113230737272147,Other sectors,FAAt307I / FAAt307ESI / FAAt105,84 + 85,Educational services + Health and social assistance,Educational services plus health care/social assistance.,"BEA Fixed Assets Tables 3.7I, 3.7ESI, and 1.5; fetched with BeaData.jl."
1977,"Arts, entertainment, recreation, accommodation, and food services",13,service_detail,1.392,8.59,16.20488940628638,2.189574354295781,1.8587601918050098,Other sectors,FAAt307I / FAAt307ESI / FAAt105,90 + 93,"Arts, entertainment, and recreation + Accommodation and food services",Arts/entertainment/recreation plus accommodation/food services.,"BEA Fixed Assets Tables 3.7I, 3.7ESI, and 1.5; fetched with BeaData.jl."
1977,"Other services, except government",14,service_detail,0.255,5.52,4.619565217391305,0.4011073709378048,1.1944535807641041,Other sectors,FAAt307I / FAAt307ESI / FAAt105,96,"Other services, except government",Direct Table 3.7 mapping.,"BEA Fixed Assets Tables 3.7I, 3.7ESI, and 1.5; fetched with BeaData.jl."
1977,Services,15,services_total,4.464,37.232,11.98968629136227,7.021738446534748,8.05650284764658,Other sectors,FAAt307I / FAAt307ESI / FAAt105,76 + 80 + 81 + 84 + 85 + 90 + 93 + 96,Sum of Table 3.7 service detail rows,Total services constructed as the sum of the four Table 6D-style service detail rows.,"BEA Fixed Assets Tables 3.7I, 3.7ESI, and 1.5; fetched with BeaData.jl."
1977,Government,16,sector,27.892,90.614,30.78111550091597,43.873281530185295,19.607647965101183,Other sectors,FAAt307I / FAAt307ESI / FAAt105,FAAt105 line 13 / line 10,Government intellectual property products / government nonresidential fixed investment,Government added from Fixed Assets Table 1.5.,"BEA Fixed Assets Tables 3.7I, 3.7ESI, and 1.5; fetched with BeaData.jl."
1977,Total,17,total,63.574,462.13599999999997,13.756556511503108,100.0,100.0,Total,FAAt307I / FAAt307ESI / FAAt105,FAAt307I line 1 + FAAt105 line 13 / FAAt307ESI line 1 + FAAt105 line 10,Private plus government intellectual property products / private fixed assets by industry plus government nonresidential fixed investment,Total constructed as private industry-owner investment plus government nonresidential investment.,"BEA Fixed Assets Tables 3.7I, 3.7ESI, and 1.5; fetched with BeaData.jl."
1978,"Agriculture, forestry, fishing, and hunting",1,sector,0.01,19.263,0.05191299382235373,0.014042379902545884,3.493787974970527,Griliches measurable sectors,FAAt307I / FAAt307ESI / FAAt105,2,"Agriculture, forestry, fishing, and hunting",Direct Table 3.7 mapping.,"BEA Fixed Assets Tables 3.7I, 3.7ESI, and 1.5; fetched with BeaData.jl."
1978,Mining,2,sector,0.094,27.551,0.3411854379151392,0.1319983710839313,4.997007345606239,Griliches measurable sectors,FAAt307I / FAAt307ESI / FAAt105,5,Mining,Direct Table 3.7 mapping.,"BEA Fixed Assets Tables 3.7I, 3.7ESI, and 1.5; fetched with BeaData.jl."
1978,Utilities,3,sector,0.125,22.655,0.5517545795630103,0.17552974878182356,4.109005169130317,Griliches measurable sectors,FAAt307I / FAAt307ESI / FAAt105,9,Utilities,Direct Table 3.7 mapping.,"BEA Fixed Assets Tables 3.7I, 3.7ESI, and 1.5; fetched with BeaData.jl."
1978,Construction,4,sector,0.056,8.766,0.6388318503308237,0.07863732745425696,1.589915661557994,Other sectors,FAAt307I / FAAt307ESI / FAAt105,13,Construction,Direct Table 3.7 mapping.,"BEA Fixed Assets Tables 3.7I, 3.7ESI, and 1.5; fetched with BeaData.jl."
1978,Manufacturing,5,sector,23.748,82.075,28.93451111787999,33.34784379256597,14.88618844654031,Griliches measurable sectors,FAAt307I / FAAt307ESI / FAAt105,14,Manufacturing,Direct Table 3.7 mapping.,"BEA Fixed Assets Tables 3.7I, 3.7ESI, and 1.5; fetched with BeaData.jl."
1978,Wholesale trade,6,sector,0.318,14.097,2.255799106192807,0.44654768090095914,2.5568150902330644,Other sectors,FAAt307I / FAAt307ESI / FAAt105,40,Wholesale trade,Direct Table 3.7 mapping.,"BEA Fixed Assets Tables 3.7I, 3.7ESI, and 1.5; fetched with BeaData.jl."
1978,Retail trade,7,sector,0.131,11.693,1.1203284016077997,0.1839551767233511,2.120794413711798,Other sectors,FAAt307I / FAAt307ESI / FAAt105,43,Retail trade,Direct Table 3.7 mapping.,"BEA Fixed Assets Tables 3.7I, 3.7ESI, and 1.5; fetched with BeaData.jl."
1978,Transportation and warehousing,8,sector,0.169,21.303,0.7933154954701217,0.2373162203530255,3.863788881835495,Griliches measurable sectors,FAAt307I / FAAt307ESI / FAAt105,48,Transportation and warehousing,Direct Table 3.7 mapping.,"BEA Fixed Assets Tables 3.7I, 3.7ESI, and 1.5; fetched with BeaData.jl."
1978,Information,9,sector,8.286,33.432,24.78463747307968,11.63551598724952,6.063661920740002,Other sectors,FAAt307I / FAAt307ESI / FAAt105,57,Information,Direct Table 3.7 mapping.,"BEA Fixed Assets Tables 3.7I, 3.7ESI, and 1.5; fetched with BeaData.jl."
1978,"Finance, insurance, real estate, rental, and leasing",10,sector,1.87,163.75,1.1419847328244275,2.6259250417760804,29.699827695656115,Other sectors,FAAt307I / FAAt307ESI / FAAt105,62 + 73,Finance and insurance + Real estate and rental and leasing,Finance/insurance plus real estate/rental/leasing.,"BEA Fixed Assets Tables 3.7I, 3.7ESI, and 1.5; fetched with BeaData.jl."
1978,Professional and business services,11,service_detail,2.9299999999999997,13.187,22.21885189959809,4.114417311445944,2.391765666092319,Other sectors,FAAt307I / FAAt307ESI / FAAt105,76 + 80 + 81,"Professional, scientific, and technical services + Management of companies and enterprises (5) + Administrative and waste management services",Professional/scientific/technical plus management plus administrative/waste-management services.,"BEA Fixed Assets Tables 3.7I, 3.7ESI, and 1.5; fetched with BeaData.jl."
1978,"Educational services, health care, and social assistance",12,service_detail,0.5980000000000001,13.884,4.307116104868914,0.8397343181722441,2.518182642604516,Other sectors,FAAt307I / FAAt307ESI / FAAt105,84 + 85,Educational services + Health and social assistance,Educational services plus health care/social assistance.,"BEA Fixed Assets Tables 3.7I, 3.7ESI, and 1.5; fetched with BeaData.jl."
1978,"Arts, entertainment, recreation, accommodation, and food services",13,service_detail,1.554,10.497,14.804229779937126,2.1821858368556306,1.9038723134125328,Other sectors,FAAt307I / FAAt307ESI / FAAt105,90 + 93,"Arts, entertainment, and recreation + Accommodation and food services",Arts/entertainment/recreation plus accommodation/food services.,"BEA Fixed Assets Tables 3.7I, 3.7ESI, and 1.5; fetched with BeaData.jl."
1978,"Other services, except government",14,service_detail,0.3,6.674,4.495055439017081,0.42127139707637656,1.2104833590278408,Other sectors,FAAt307I / FAAt307ESI / FAAt105,96,"Other services, except government",Direct Table 3.7 mapping.,"BEA Fixed Assets Tables 3.7I, 3.7ESI, and 1.5; fetched with BeaData.jl."
1978,Services,15,services_total,5.381999999999999,44.242,12.164911170381085,7.557608863550194,8.024303981137209,Other sectors,FAAt307I / FAAt307ESI / FAAt105,76 + 80 + 81 + 84 + 85 + 90 + 93 + 96,Sum of Table 3.7 service detail rows,Total services constructed as the sum of the four Table 6D-style service detail rows.,"BEA Fixed Assets Tables 3.7I, 3.7ESI, and 1.5; fetched with BeaData.jl."
1978,Government,16,sector,31.023,102.524,30.259256369240376,43.5636751716681,18.595084791874488,Other sectors,FAAt307I / FAAt307ESI / FAAt105,FAAt105 line 13 / line 10,Government intellectual property products / government nonresidential fixed investment,Government added from Fixed Assets Table 1.5.,"BEA Fixed Assets Tables 3.7I, 3.7ESI, and 1.5; fetched with BeaData.jl."
1978,Total,17,total,71.213,551.35,12.916114990477915,100.0,100.0,Total,FAAt307I / FAAt307ESI / FAAt105,FAAt307I line 1 + FAAt105 line 13 / FAAt307ESI line 1 + FAAt105 line 10,Private plus government intellectual property products / private fixed assets by industry plus government nonresidential fixed investment,Total constructed as private industry-owner investment plus government nonresidential investment.,"BEA Fixed Assets Tables 3.7I, 3.7ESI, and 1.5; fetched with BeaData.jl."
1979,"Agriculture, forestry, fishing, and hunting",1,sector,0.013,22.37,0.0581135449262405,0.015685328185328185,3.5224740774566388,Griliches measurable sectors,FAAt307I / FAAt307ESI / FAAt105,2,"Agriculture, forestry, fishing, and hunting",Direct Table 3.7 mapping.,"BEA Fixed Assets Tables 3.7I, 3.7ESI, and 1.5; fetched with BeaData.jl."
1979,Mining,2,sector,0.219,34.44,0.6358885017421603,0.2642374517374517,5.4230669301567564,Griliches measurable sectors,FAAt307I / FAAt307ESI / FAAt105,5,Mining,Direct Table 3.7 mapping.,"BEA Fixed Assets Tables 3.7I, 3.7ESI, and 1.5; fetched with BeaData.jl."
1979,Utilities,3,sector,0.214,26.237,0.8156420322445401,0.2582046332046332,4.1313881256249365,Griliches measurable sectors,FAAt307I / FAAt307ESI / FAAt105,9,Utilities,Direct Table 3.7 mapping.,"BEA Fixed Assets Tables 3.7I, 3.7ESI, and 1.5; fetched with BeaData.jl."
1979,Construction,4,sector,0.034,8.946,0.38005812653699983,0.04102316602316603,1.4086747025894988,Other sectors,FAAt307I / FAAt307ESI / FAAt105,13,Construction,Direct Table 3.7 mapping.,"BEA Fixed Assets Tables 3.7I, 3.7ESI, and 1.5; fetched with BeaData.jl."
1979,Manufacturing,5,sector,27.296,93.121,29.312399995704514,32.93436293436294,14.663223449568157,Griliches measurable sectors,FAAt307I / FAAt307ESI / FAAt105,14,Manufacturing,Direct Table 3.7 mapping.,"BEA Fixed Assets Tables 3.7I, 3.7ESI, and 1.5; fetched with BeaData.jl."
1979,Wholesale trade,6,sector,0.4,15.6,2.5641025641025643,0.48262548262548266,2.456441466621527,Other sectors,FAAt307I / FAAt307ESI / FAAt105,40,Wholesale trade,Direct Table 3.7 mapping.,"BEA Fixed Assets Tables 3.7I, 3.7ESI, and 1.5; fetched with BeaData.jl."
1979,Retail trade,7,sector,0.248,14.243,1.7412062065576073,0.29922779922779924,2.24276255186477,Other sectors,FAAt307I / FAAt307ESI / FAAt105,43,Retail trade,Direct Table 3.7 mapping.,"BEA Fixed Assets Tables 3.7I, 3.7ESI, and 1.5; fetched with BeaData.jl."
1979,Transportation and warehousing,8,sector,0.153,28.592,0.5351147174034695,0.1846042471042471,4.502216308566839,Griliches measurable sectors,FAAt307I / FAAt307ESI / FAAt105,48,Transportation and warehousing,Direct Table 3.7 mapping.,"BEA Fixed Assets Tables 3.7I, 3.7ESI, and 1.5; fetched with BeaData.jl."
1979,Information,9,sector,10.254,38.666,26.51942274866808,12.372104247104247,6.088510624896664,Other sectors,FAAt307I / FAAt307ESI / FAAt105,57,Information,Direct Table 3.7 mapping.,"BEA Fixed Assets Tables 3.7I, 3.7ESI, and 1.5; fetched with BeaData.jl."
1979,"Finance, insurance, real estate, rental, and leasing",10,sector,2.433,184.156,1.3211624926692584,2.935569498069498,28.997976585073975,Other sectors,FAAt307I / FAAt307ESI / FAAt105,62 + 73,Finance and insurance + Real estate and rental and leasing,Finance/insurance plus real estate/rental/leasing.,"BEA Fixed Assets Tables 3.7I, 3.7ESI, and 1.5; fetched with BeaData.jl."
1979,Professional and business services,11,service_detail,3.719,16.398,22.679595072569825,4.487210424710424,2.582097895491013,Other sectors,FAAt307I / FAAt307ESI / FAAt105,76 + 80 + 81,"Professional, scientific, and technical services + Management of companies and enterprises (5) + Administrative and waste management services",Professional/scientific/technical plus management plus administrative/waste-management services.,"BEA Fixed Assets Tables 3.7I, 3.7ESI, and 1.5; fetched with BeaData.jl."
1979,"Educational services, health care, and social assistance",12,service_detail,0.733,15.286000000000001,4.7952374721967805,0.884411196911197,2.4069977088959402,Other sectors,FAAt307I / FAAt307ESI / FAAt105,84 + 85,Educational services + Health and social assistance,Educational services plus health care/social assistance.,"BEA Fixed Assets Tables 3.7I, 3.7ESI, and 1.5; fetched with BeaData.jl."
1979,"Arts, entertainment, recreation, accommodation, and food services",13,service_detail,1.713,12.854,13.32659094445309,2.0668436293436296,2.0240447828175068,Other sectors,FAAt307I / FAAt307ESI / FAAt105,90 + 93,"Arts, entertainment, and recreation + Accommodation and food services",Arts/entertainment/recreation plus accommodation/food services.,"BEA Fixed Assets Tables 3.7I, 3.7ESI, and 1.5; fetched with BeaData.jl."
1979,"Other services, except government",14,service_detail,0.438,7.472,5.861884368308351,0.5284749034749034,1.1765724768330803,Other sectors,FAAt307I / FAAt307ESI / FAAt105,96,"Other services, except government",Direct Table 3.7 mapping.,"BEA Fixed Assets Tables 3.7I, 3.7ESI, and 1.5; fetched with BeaData.jl."
1979,Services,15,services_total,6.603,52.01,12.695635454720247,7.966940154440154,8.18971286403754,Other sectors,FAAt307I / FAAt307ESI / FAAt105,76 + 80 + 81 + 84 + 85 + 90 + 93 + 96,Sum of Table 3.7 service detail rows,Total services constructed as the sum of the four Table 6D-style service detail rows.,"BEA Fixed Assets Tables 3.7I, 3.7ESI, and 1.5; fetched with BeaData.jl."
1979,Government,16,sector,35.01,116.683,30.004370816657094,42.24179536679537,18.373394849346134,Other sectors,FAAt307I / FAAt307ESI / FAAt105,FAAt105 line 13 / line 10,Government intellectual property products / government nonresidential fixed investment,Government added from Fixed Assets Table 1.5.,"BEA Fixed Assets Tables 3.7I, 3.7ESI, and 1.5; fetched with BeaData.jl."
1979,Total,17,total,82.88,635.0649999999999,13.050632612409755,100.0,100.0,Total,FAAt307I / FAAt307ESI / FAAt105,FAAt307I line 1 + FAAt105 line 13 / FAAt307ESI line 1 + FAAt105 line 10,Private plus government intellectual property products / private fixed assets by industry plus government nonresidential fixed investment,Total constructed as private industry-owner investment plus government nonresidential investment.,"BEA Fixed Assets Tables 3.7I, 3.7ESI, and 1.5; fetched with BeaData.jl."
1980,"Agriculture, forestry, fishing, and hunting",1,sector,0.015,19.743,0.0759762953958365,0.01600990479443282,2.9744856835079743,Griliches measurable sectors,FAAt307I / FAAt307ESI / FAAt105,2,"Agriculture, forestry, fishing, and hunting",Direct Table 3.7 mapping.,"BEA Fixed Assets Tables 3.7I, 3.7ESI, and 1.5; fetched with BeaData.jl."
1980,Mining,2,sector,0.372,44.961,0.8273837325682258,0.397045638901934,6.773836337750191,Griliches measurable sectors,FAAt307I / FAAt307ESI / FAAt105,5,Mining,Direct Table 3.7 mapping.,"BEA Fixed Assets Tables 3.7I, 3.7ESI, and 1.5; fetched with BeaData.jl."
1980,Utilities,3,sector,0.319,27.763,1.149011273997767,0.34047730862827136,4.182781037898591,Griliches measurable sectors,FAAt307I / FAAt307ESI / FAAt105,9,Utilities,Direct Table 3.7 mapping.,"BEA Fixed Assets Tables 3.7I, 3.7ESI, and 1.5; fetched with BeaData.jl."
1980,Construction,4,sector,0.04,7.091,0.5640953321111267,0.04269307945182085,1.0683319648358935,Other sectors,FAAt307I / FAAt307ESI / FAAt105,13,Construction,Direct Table 3.7 mapping.,"BEA Fixed Assets Tables 3.7I, 3.7ESI, and 1.5; fetched with BeaData.jl."
1980,Manufacturing,5,sector,32.011,106.158,30.154109911641143,34.16620415830594,15.993792796932558,Griliches measurable sectors,FAAt307I / FAAt307ESI / FAAt105,14,Manufacturing,Direct Table 3.7 mapping.,"BEA Fixed Assets Tables 3.7I, 3.7ESI, and 1.5; fetched with BeaData.jl."
1980,Wholesale trade,6,sector,0.449,17.185,2.6127436718068084,0.4792298168466891,2.589096716359445,Other sectors,FAAt307I / FAAt307ESI / FAAt105,40,Wholesale trade,Direct Table 3.7 mapping.,"BEA Fixed Assets Tables 3.7I, 3.7ESI, and 1.5; fetched with BeaData.jl."
1980,Retail trade,7,sector,0.319,14.219,2.243477037766369,0.34047730862827136,2.1422383596109955,Other sectors,FAAt307I / FAAt307ESI / FAAt105,43,Retail trade,Direct Table 3.7 mapping.,"BEA Fixed Assets Tables 3.7I, 3.7ESI, and 1.5; fetched with BeaData.jl."
1980,Transportation and warehousing,8,sector,0.157,26.309,0.5967539625223307,0.16757033684839687,3.963721007314557,Griliches measurable sectors,FAAt307I / FAAt307ESI / FAAt105,48,Transportation and warehousing,Direct Table 3.7 mapping.,"BEA Fixed Assets Tables 3.7I, 3.7ESI, and 1.5; fetched with BeaData.jl."
1980,Information,9,sector,10.086,41.579,24.257437648813102,10.765059983776629,6.264303309252801,Other sectors,FAAt307I / FAAt307ESI / FAAt105,57,Information,Direct Table 3.7 mapping.,"BEA Fixed Assets Tables 3.7I, 3.7ESI, and 1.5; fetched with BeaData.jl."
1980,"Finance, insurance, real estate, rental, and leasing",10,sector,2.725,168.975,1.6126645953543424,2.908466037655296,25.457818891291087,Other sectors,FAAt307I / FAAt307ESI / FAAt105,62 + 73,Finance and insurance + Real estate and rental and leasing,Finance/insurance plus real estate/rental/leasing.,"BEA Fixed Assets Tables 3.7I, 3.7ESI, and 1.5; fetched with BeaData.jl."
1980,Professional and business services,11,service_detail,4.453,19.163,23.23748891092209,4.752807069973957,2.887102727704164,Other sectors,FAAt307I / FAAt307ESI / FAAt105,76 + 80 + 81,"Professional, scientific, and technical services + Management of companies and enterprises (5) + Administrative and waste management services",Professional/scientific/technical plus management plus administrative/waste-management services.,"BEA Fixed Assets Tables 3.7I, 3.7ESI, and 1.5; fetched with BeaData.jl."
1980,"Educational services, health care, and social assistance",12,service_detail,0.875,17.396,5.029891929179121,0.9339111130085812,2.6208860330397976,Other sectors,FAAt307I / FAAt307ESI / FAAt105,84 + 85,Educational services + Health and social assistance,Educational services plus health care/social assistance.,"BEA Fixed Assets Tables 3.7I, 3.7ESI, and 1.5; fetched with BeaData.jl."
1980,"Arts, entertainment, recreation, accommodation, and food services",13,service_detail,1.788,14.034,12.740487387772552,1.9083806514963924,2.114366209914953,Other sectors,FAAt307I / FAAt307ESI / FAAt105,90 + 93,"Arts, entertainment, and recreation + Accommodation and food services",Arts/entertainment/recreation plus accommodation/food services.,"BEA Fixed Assets Tables 3.7I, 3.7ESI, and 1.5; fetched with BeaData.jl."
1980,"Other services, except government",14,service_detail,0.524,7.277,7.200769547890615,0.5592793408188533,1.0963547748005638,Other sectors,FAAt307I / FAAt307ESI / FAAt105,96,"Other services, except government",Direct Table 3.7 mapping.,"BEA Fixed Assets Tables 3.7I, 3.7ESI, and 1.5; fetched with BeaData.jl."
1980,Services,15,services_total,7.640000000000001,57.87,13.202004492828754,8.154378175297783,8.718709745459478,Other sectors,FAAt307I / FAAt307ESI / FAAt105,76 + 80 + 81 + 84 + 85 + 90 + 93 + 96,Sum of Table 3.7 service detail rows,Total services constructed as the sum of the four Table 6D-style service detail rows.,"BEA Fixed Assets Tables 3.7I, 3.7ESI, and 1.5; fetched with BeaData.jl."
1980,Government,16,sector,39.561,131.892,29.99499590574106,42.22452290483712,19.87088414978644,Other sectors,FAAt307I / FAAt307ESI / FAAt105,FAAt105 line 13 / line 10,Government intellectual property products / government nonresidential fixed investment,Government added from Fixed Assets Table 1.5.,"BEA Fixed Assets Tables 3.7I, 3.7ESI, and 1.5; fetched with BeaData.jl."
1980,Total,17,total,93.69200000000001,663.7449999999999,14.11566188822515,100.0,100.0,Total,FAAt307I / FAAt307ESI / FAAt105,FAAt307I line 1 + FAAt105 line 13 / FAAt307ESI line 1 + FAAt105 line 10,Private plus government intellectual property products / private fixed assets by industry plus government nonresidential fixed investment,Total constructed as private industry-owner investment plus government nonresidential investment.,"BEA Fixed Assets Tables 3.7I, 3.7ESI, and 1.5; fetched with BeaData.jl."
1981,"Agriculture, forestry, fishing, and hunting",1,sector,0.014,20.122,0.06957558890766326,0.012781536158052826,2.7195236170934534,Griliches measurable sectors,FAAt307I / FAAt307ESI / FAAt105,2,"Agriculture, forestry, fishing, and hunting",Direct Table 3.7 mapping.,"BEA Fixed Assets Tables 3.7I, 3.7ESI, and 1.5; fetched with BeaData.jl."
1981,Mining,2,sector,0.628,68.24,0.9202813599062134,0.5733431933755123,9.222755771317823,Griliches measurable sectors,FAAt307I / FAAt307ESI / FAAt105,5,Mining,Direct Table 3.7 mapping.,"BEA Fixed Assets Tables 3.7I, 3.7ESI, and 1.5; fetched with BeaData.jl."
1981,Utilities,3,sector,0.407,30.039,1.3549052897899396,0.3715775154519642,4.0598235728988294,Griliches measurable sectors,FAAt307I / FAAt307ESI / FAAt105,9,Utilities,Direct Table 3.7 mapping.,"BEA Fixed Assets Tables 3.7I, 3.7ESI, and 1.5; fetched with BeaData.jl."
1981,Construction,4,sector,0.048,7.345,0.6535057862491491,0.04382240968475254,0.9926896415640302,Other sectors,FAAt307I / FAAt307ESI / FAAt105,13,Construction,Direct Table 3.7 mapping.,"BEA Fixed Assets Tables 3.7I, 3.7ESI, and 1.5; fetched with BeaData.jl."
1981,Manufacturing,5,sector,37.025,121.343,30.512678934920018,33.802598303707555,16.399719424956313,Griliches measurable sectors,FAAt307I / FAAt307ESI / FAAt105,14,Manufacturing,Direct Table 3.7 mapping.,"BEA Fixed Assets Tables 3.7I, 3.7ESI, and 1.5; fetched with BeaData.jl."
1981,Wholesale trade,6,sector,0.572,19.945,2.8678866883930807,0.5222170487433011,2.69560175643221,Other sectors,FAAt307I / FAAt307ESI / FAAt105,40,Wholesale trade,Direct Table 3.7 mapping.,"BEA Fixed Assets Tables 3.7I, 3.7ESI, and 1.5; fetched with BeaData.jl."
1981,Retail trade,7,sector,0.421,15.563,2.705133971599306,0.3843590516100171,2.1033667653724986,Other sectors,FAAt307I / FAAt307ESI / FAAt105,43,Retail trade,Direct Table 3.7 mapping.,"BEA Fixed Assets Tables 3.7I, 3.7ESI, and 1.5; fetched with BeaData.jl."
1981,Transportation and warehousing,8,sector,0.19,24.501,0.7754785518958409,0.17346370500214547,3.31135315288772,Griliches measurable sectors,FAAt307I / FAAt307ESI / FAAt105,48,Transportation and warehousing,Direct Table 3.7 mapping.,"BEA Fixed Assets Tables 3.7I, 3.7ESI, and 1.5; fetched with BeaData.jl."
1981,Information,9,sector,13.227,47.719,27.718518828977974,12.075812768754622,6.4493066039202125,Other sectors,FAAt307I / FAAt307ESI / FAAt105,57,Information,Direct Table 3.7 mapping.,"BEA Fixed Assets Tables 3.7I, 3.7ESI, and 1.5; fetched with BeaData.jl."
1981,"Finance, insurance, real estate, rental, and leasing",10,sector,3.0119999999999996,176.018,1.7111886284357278,2.749856207718221,23.789141637687877,Other sectors,FAAt307I / FAAt307ESI / FAAt105,62 + 73,Finance and insurance + Real estate and rental and leasing,Finance/insurance plus real estate/rental/leasing.,"BEA Fixed Assets Tables 3.7I, 3.7ESI, and 1.5; fetched with BeaData.jl."
1981,Professional and business services,11,service_detail,5.202999999999999,22.168,23.470768675568387,4.750166616453488,2.9960441081268097,Other sectors,FAAt307I / FAAt307ESI / FAAt105,76 + 80 + 81,"Professional, scientific, and technical services + Management of companies and enterprises (5) + Administrative and waste management services",Professional/scientific/technical plus management plus administrative/waste-management services.,"BEA Fixed Assets Tables 3.7I, 3.7ESI, and 1.5; fetched with BeaData.jl."
1981,"Educational services, health care, and social assistance",12,service_detail,1.059,20.462,5.175447170364578,0.9668319136698529,2.7654752138438647,Other sectors,FAAt307I / FAAt307ESI / FAAt105,84 + 85,Educational services + Health and social assistance,Educational services plus health care/social assistance.,"BEA Fixed Assets Tables 3.7I, 3.7ESI, and 1.5; fetched with BeaData.jl."
1981,"Arts, entertainment, recreation, accommodation, and food services",13,service_detail,2.08,15.273,13.618804426111438,1.8989710863392768,2.0641727563795005,Other sectors,FAAt307I / FAAt307ESI / FAAt105,90 + 93,"Arts, entertainment, and recreation + Accommodation and food services",Arts/entertainment/recreation plus accommodation/food services.,"BEA Fixed Assets Tables 3.7I, 3.7ESI, and 1.5; fetched with BeaData.jl."
1981,"Other services, except government",14,service_detail,0.627,7.334,8.549222797927461,0.5724302265070801,0.9912029722573992,Other sectors,FAAt307I / FAAt307ESI / FAAt105,96,"Other services, except government",Direct Table 3.7 mapping.,"BEA Fixed Assets Tables 3.7I, 3.7ESI, and 1.5; fetched with BeaData.jl."
1981,Services,15,services_total,8.969,65.237,13.74833300121097,8.188399842969698,8.816895050607574,Other sectors,FAAt307I / FAAt307ESI / FAAt105,76 + 80 + 81 + 84 + 85 + 90 + 93 + 96,Sum of Table 3.7 service detail rows,Total services constructed as the sum of the four Table 6D-style service detail rows.,"BEA Fixed Assets Tables 3.7I, 3.7ESI, and 1.5; fetched with BeaData.jl."
1981,Government,16,sector,45.021,143.838,31.299795603387146,41.10268138369259,19.439958157016605,Other sectors,FAAt307I / FAAt307ESI / FAAt105,FAAt105 line 13 / line 10,Government intellectual property products / government nonresidential fixed investment,Government added from Fixed Assets Table 1.5.,"BEA Fixed Assets Tables 3.7I, 3.7ESI, and 1.5; fetched with BeaData.jl."
1981,Total,17,total,109.533,739.909,14.803577196655263,99.99999999999999,100.0,Total,FAAt307I / FAAt307ESI / FAAt105,FAAt307I line 1 + FAAt105 line 13 / FAAt307ESI line 1 + FAAt105 line 10,Private plus government intellectual property products / private fixed assets by industry plus government nonresidential fixed investment,Total constructed as private industry-owner investment plus government nonresidential investment.,"BEA Fixed Assets Tables 3.7I, 3.7ESI, and 1.5; fetched with BeaData.jl."
1982,"Agriculture, forestry, fishing, and hunting",1,sector,0.008,15.584,0.051334702258726904,0.006554851819381058,2.1015355611803876,Griliches measurable sectors,FAAt307I / FAAt307ESI / FAAt105,2,"Agriculture, forestry, fishing, and hunting",Direct Table 3.7 mapping.,"BEA Fixed Assets Tables 3.7I, 3.7ESI, and 1.5; fetched with BeaData.jl."
1982,Mining,2,sector,0.537,68.336,0.7858229922734723,0.43999442837595354,9.215255012116463,Griliches measurable sectors,FAAt307I / FAAt307ESI / FAAt105,5,Mining,Direct Table 3.7 mapping.,"BEA Fixed Assets Tables 3.7I, 3.7ESI, and 1.5; fetched with BeaData.jl."
1982,Utilities,3,sector,0.79,31.543,2.5045176425831404,0.6472916171638795,4.253640670322957,Griliches measurable sectors,FAAt307I / FAAt307ESI / FAAt105,9,Utilities,Direct Table 3.7 mapping.,"BEA Fixed Assets Tables 3.7I, 3.7ESI, and 1.5; fetched with BeaData.jl."
1982,Construction,4,sector,0.045,4.934,0.9120389136603162,0.03687104148401845,0.6653603990544169,Other sectors,FAAt307I / FAAt307ESI / FAAt105,13,Construction,Direct Table 3.7 mapping.,"BEA Fixed Assets Tables 3.7I, 3.7ESI, and 1.5; fetched with BeaData.jl."
1982,Manufacturing,5,sector,40.217,116.17,34.619092708961006,32.952059452506,15.665771698044509,Griliches measurable sectors,FAAt307I / FAAt307ESI / FAAt105,14,Manufacturing,Direct Table 3.7 mapping.,"BEA Fixed Assets Tables 3.7I, 3.7ESI, and 1.5; fetched with BeaData.jl."
1982,Wholesale trade,6,sector,0.915,23.176,3.9480497065930273,0.7497111768417085,3.125332916190751,Other sectors,FAAt307I / FAAt307ESI / FAAt105,40,Wholesale trade,Direct Table 3.7 mapping.,"BEA Fixed Assets Tables 3.7I, 3.7ESI, and 1.5; fetched with BeaData.jl."
1982,Retail trade,7,sector,0.617,16.668,3.701703863690905,0.5055429465697642,2.2477152678230685,Other sectors,FAAt307I / FAAt307ESI / FAAt105,43,Retail trade,Direct Table 3.7 mapping.,"BEA Fixed Assets Tables 3.7I, 3.7ESI, and 1.5; fetched with BeaData.jl."
1982,Transportation and warehousing,8,sector,0.129,20.511,0.628930817610063,0.10569698558751957,2.76595199533951,Griliches measurable sectors,FAAt307I / FAAt307ESI / FAAt105,48,Transportation and warehousing,Direct Table 3.7 mapping.,"BEA Fixed Assets Tables 3.7I, 3.7ESI, and 1.5; fetched with BeaData.jl."
1982,Information,9,sector,14.409,50.315,28.63758322567823,11.806107483182709,6.785084815245842,Other sectors,FAAt307I / FAAt307ESI / FAAt105,57,Information,Direct Table 3.7 mapping.,"BEA Fixed Assets Tables 3.7I, 3.7ESI, and 1.5; fetched with BeaData.jl."
1982,"Finance, insurance, real estate, rental, and leasing",10,sector,3.7089999999999996,166.543,2.2270524729349175,3.038993174760543,22.4586779367085,Other sectors,FAAt307I / FAAt307ESI / FAAt105,62 + 73,Finance and insurance + Real estate and rental and leasing,Finance/insurance plus real estate/rental/leasing.,"BEA Fixed Assets Tables 3.7I, 3.7ESI, and 1.5; fetched with BeaData.jl."
1982,Professional and business services,11,service_detail,7.053,26.639000000000003,26.476219077292686,5.7789212352618256,3.592325835105515,Other sectors,FAAt307I / FAAt307ESI / FAAt105,76 + 80 + 81,"Professional, scientific, and technical services + Management of companies and enterprises (5) + Administrative and waste management services",Professional/scientific/technical plus management plus administrative/waste-management services.,"BEA Fixed Assets Tables 3.7I, 3.7ESI, and 1.5; fetched with BeaData.jl."
1982,"Educational services, health care, and social assistance",12,service_detail,1.274,25.543,4.987667854206633,1.0438601522364335,3.444527902928044,Other sectors,FAAt307I / FAAt307ESI / FAAt105,84 + 85,Educational services + Health and social assistance,Educational services plus health care/social assistance.,"BEA Fixed Assets Tables 3.7I, 3.7ESI, and 1.5; fetched with BeaData.jl."
1982,"Arts, entertainment, recreation, accommodation, and food services",13,service_detail,2.1639999999999997,14.674,14.747171868611147,1.7730874171425761,1.978820124792159,Other sectors,FAAt307I / FAAt307ESI / FAAt105,90 + 93,"Arts, entertainment, and recreation + Accommodation and food services",Arts/entertainment/recreation plus accommodation/food services.,"BEA Fixed Assets Tables 3.7I, 3.7ESI, and 1.5; fetched with BeaData.jl."
1982,"Other services, except government",14,service_detail,0.528,7.377,7.157381049206996,0.4326202200791499,0.9948041475120456,Other sectors,FAAt307I / FAAt307ESI / FAAt105,96,"Other services, except government",Direct Table 3.7 mapping.,"BEA Fixed Assets Tables 3.7I, 3.7ESI, and 1.5; fetched with BeaData.jl."
1982,Services,15,services_total,11.019,74.23299999999999,14.843802621475627,9.028489024719986,10.010478010337764,Other sectors,FAAt307I / FAAt307ESI / FAAt105,76 + 80 + 81 + 84 + 85 + 90 + 93 + 96,Sum of Table 3.7 service detail rows,Total services constructed as the sum of the four Table 6D-style service detail rows.,"BEA Fixed Assets Tables 3.7I, 3.7ESI, and 1.5; fetched with BeaData.jl."
1982,Government,16,sector,49.653,153.542,32.3383829831577,40.68350717346596,20.705465421891624,Other sectors,FAAt307I / FAAt307ESI / FAAt105,FAAt105 line 13 / line 10,Government intellectual property products / government nonresidential fixed investment,Government added from Fixed Assets Table 1.5.,"BEA Fixed Assets Tables 3.7I, 3.7ESI, and 1.5; fetched with BeaData.jl."
1982,Total,17,total,122.047,741.553,16.458297653707824,100.0,100.0,Total,FAAt307I / FAAt307ESI / FAAt105,FAAt307I line 1 + FAAt105 line 13 / FAAt307ESI line 1 + FAAt105 line 10,Private plus government intellectual property products / private fixed assets by industry plus government nonresidential fixed investment,Total constructed as private industry-owner investment plus government nonresidential investment.,"BEA Fixed Assets Tables 3.7I, 3.7ESI, and 1.5; fetched with BeaData.jl."
1983,"Agriculture, forestry, fishing, and hunting",1,sector,0.013,14.837,0.08761879086068612,0.009540444144368937,1.8496586664805001,Griliches measurable sectors,FAAt307I / FAAt307ESI / FAAt105,2,"Agriculture, forestry, fishing, and hunting",Direct Table 3.7 mapping.,"BEA Fixed Assets Tables 3.7I, 3.7ESI, and 1.5; fetched with BeaData.jl."
1983,Mining,2,sector,0.432,46.866,0.9217769811803868,0.31703629772056774,5.842562719099219,Griliches measurable sectors,FAAt307I / FAAt307ESI / FAAt105,5,Mining,Direct Table 3.7 mapping.,"BEA Fixed Assets Tables 3.7I, 3.7ESI, and 1.5; fetched with BeaData.jl."
1983,Utilities,3,sector,0.782,31.246,2.5027203482045706,0.5738944092997315,3.895291143280293,Griliches measurable sectors,FAAt307I / FAAt307ESI / FAAt105,9,Utilities,Direct Table 3.7 mapping.,"BEA Fixed Assets Tables 3.7I, 3.7ESI, and 1.5; fetched with BeaData.jl."
1983,Construction,4,sector,0.054,5.485,0.9845031905195989,0.03962953721507097,0.6837890264639443,Other sectors,FAAt307I / FAAt307ESI / FAAt105,13,Construction,Direct Table 3.7 mapping.,"BEA Fixed Assets Tables 3.7I, 3.7ESI, and 1.5; fetched with BeaData.jl."
1983,Manufacturing,5,sector,44.046,111.767,39.408770030509906,32.32449252175955,13.933463650099483,Griliches measurable sectors,FAAt307I / FAAt307ESI / FAAt105,14,Manufacturing,Direct Table 3.7 mapping.,"BEA Fixed Assets Tables 3.7I, 3.7ESI, and 1.5; fetched with BeaData.jl."
1983,Wholesale trade,6,sector,1.133,26.879,4.21518657688158,0.8314864011976927,3.3508778928576777,Other sectors,FAAt307I / FAAt307ESI / FAAt105,40,Wholesale trade,Direct Table 3.7 mapping.,"BEA Fixed Assets Tables 3.7I, 3.7ESI, and 1.5; fetched with BeaData.jl."
1983,Retail trade,7,sector,0.811,19.564,4.145369045185034,0.5951769385448622,2.438951415449518,Other sectors,FAAt307I / FAAt307ESI / FAAt105,43,Retail trade,Direct Table 3.7 mapping.,"BEA Fixed Assets Tables 3.7I, 3.7ESI, and 1.5; fetched with BeaData.jl."
1983,Transportation and warehousing,8,sector,0.118,22.476,0.5250044491902474,0.08659787761811803,2.8019766925804217,Griliches measurable sectors,FAAt307I / FAAt307ESI / FAAt105,48,Transportation and warehousing,Direct Table 3.7 mapping.,"BEA Fixed Assets Tables 3.7I, 3.7ESI, and 1.5; fetched with BeaData.jl."
1983,Information,9,sector,16.578,51.923,31.928047300810814,12.166267925026787,6.472995008402441,Other sectors,FAAt307I / FAAt307ESI / FAAt105,57,Information,Direct Table 3.7 mapping.,"BEA Fixed Assets Tables 3.7I, 3.7ESI, and 1.5; fetched with BeaData.jl."
1983,"Finance, insurance, real estate, rental, and leasing",10,sector,4.555000000000001,221.98600000000002,2.0519312028686496,3.3428248521231163,27.673945456449438,Other sectors,FAAt307I / FAAt307ESI / FAAt105,62 + 73,Finance and insurance + Real estate and rental and leasing,Finance/insurance plus real estate/rental/leasing.,"BEA Fixed Assets Tables 3.7I, 3.7ESI, and 1.5; fetched with BeaData.jl."
1983,Professional and business services,11,service_detail,8.075,28.677999999999997,28.157472627100912,5.926083574290704,3.5751507203159516,Other sectors,FAAt307I / FAAt307ESI / FAAt105,76 + 80 + 81,"Professional, scientific, and technical services + Management of companies and enterprises (5) + Administrative and waste management services",Professional/scientific/technical plus management plus administrative/waste-management services.,"BEA Fixed Assets Tables 3.7I, 3.7ESI, and 1.5; fetched with BeaData.jl."
1983,"Educational services, health care, and social assistance",12,service_detail,1.4869999999999999,28.727,5.17631496501549,1.0912800340520468,3.581259318729212,Other sectors,FAAt307I / FAAt307ESI / FAAt105,84 + 85,Educational services + Health and social assistance,Educational services plus health care/social assistance.,"BEA Fixed Assets Tables 3.7I, 3.7ESI, and 1.5; fetched with BeaData.jl."
1983,"Arts, entertainment, recreation, accommodation, and food services",13,service_detail,2.372,16.769,14.145148786451191,1.740764116187932,2.0905119753461956,Other sectors,FAAt307I / FAAt307ESI / FAAt105,90 + 93,"Arts, entertainment, and recreation + Accommodation and food services",Arts/entertainment/recreation plus accommodation/food services.,"BEA Fixed Assets Tables 3.7I, 3.7ESI, and 1.5; fetched with BeaData.jl."
1983,"Other services, except government",14,service_detail,0.589,8.166,7.212833700710261,0.43225550777179256,1.0180166253609062,Other sectors,FAAt307I / FAAt307ESI / FAAt105,96,"Other services, except government",Direct Table 3.7 mapping.,"BEA Fixed Assets Tables 3.7I, 3.7ESI, and 1.5; fetched with BeaData.jl."
1983,Services,15,services_total,12.523,82.33999999999999,15.20888996842361,9.190383232302477,10.264938639752264,Other sectors,FAAt307I / FAAt307ESI / FAAt105,76 + 80 + 81 + 84 + 85 + 90 + 93 + 96,Sum of Table 3.7 service detail rows,Total services constructed as the sum of the four Table 6D-style service detail rows.,"BEA Fixed Assets Tables 3.7I, 3.7ESI, and 1.5; fetched with BeaData.jl."
1983,Government,16,sector,55.217,166.776,33.108480836571204,40.52266956304766,20.791175693263593,Other sectors,FAAt307I / FAAt307ESI / FAAt105,FAAt105 line 13 / line 10,Government intellectual property products / government nonresidential fixed investment,Government added from Fixed Assets Table 1.5.,"BEA Fixed Assets Tables 3.7I, 3.7ESI, and 1.5; fetched with BeaData.jl."
1983,Total,17,total,136.262,802.1479999999999,16.987139530360984,100.0,100.0,Total,FAAt307I / FAAt307ESI / FAAt105,FAAt307I line 1 + FAAt105 line 13 / FAAt307ESI line 1 + FAAt105 line 10,Private plus government intellectual property products / private fixed assets by industry plus government nonresidential fixed investment,Total constructed as private industry-owner investment plus government nonresidential investment.,"BEA Fixed Assets Tables 3.7I, 3.7ESI, and 1.5; fetched with BeaData.jl."
1984,"Agriculture, forestry, fishing, and hunting",1,sector,0.014,15.846,0.08835037233371199,0.008919469928644242,1.6915120170368114,Griliches measurable sectors,FAAt307I / FAAt307ESI / FAAt105,2,"Agriculture, forestry, fishing, and hunting",Direct Table 3.7 mapping.,"BEA Fixed Assets Tables 3.7I, 3.7ESI, and 1.5; fetched with BeaData.jl."
1984,Mining,2,sector,0.455,48.591,0.9363873968430367,0.2898827726809379,5.186940579315645,Griliches measurable sectors,FAAt307I / FAAt307ESI / FAAt105,5,Mining,Direct Table 3.7 mapping.,"BEA Fixed Assets Tables 3.7I, 3.7ESI, and 1.5; fetched with BeaData.jl."
1984,Utilities,3,sector,0.958,38.419,2.493557875009761,0.6103465851172274,4.101110701914505,Griliches measurable sectors,FAAt307I / FAAt307ESI / FAAt105,9,Utilities,Direct Table 3.7 mapping.,"BEA Fixed Assets Tables 3.7I, 3.7ESI, and 1.5; fetched with BeaData.jl."
1984,Construction,4,sector,0.064,7.389,0.8661523886858844,0.04077471967380225,0.7887531423630569,Other sectors,FAAt307I / FAAt307ESI / FAAt105,13,Construction,Direct Table 3.7 mapping.,"BEA Fixed Assets Tables 3.7I, 3.7ESI, and 1.5; fetched with BeaData.jl."
1984,Manufacturing,5,sector,51.066,132.898,38.42495748619242,32.534403669724774,14.18645488073698,Griliches measurable sectors,FAAt307I / FAAt307ESI / FAAt105,14,Manufacturing,Direct Table 3.7 mapping.,"BEA Fixed Assets Tables 3.7I, 3.7ESI, and 1.5; fetched with BeaData.jl."
1984,Wholesale trade,6,sector,1.404,32.357,4.339092004821213,0.8944954128440367,3.4540107494168946,Other sectors,FAAt307I / FAAt307ESI / FAAt105,40,Wholesale trade,Direct Table 3.7 mapping.,"BEA Fixed Assets Tables 3.7I, 3.7ESI, and 1.5; fetched with BeaData.jl."
1984,Retail trade,7,sector,0.994,23.41,4.246048697137976,0.6332823649337412,2.4989458739638875,Other sectors,FAAt307I / FAAt307ESI / FAAt105,43,Retail trade,Direct Table 3.7 mapping.,"BEA Fixed Assets Tables 3.7I, 3.7ESI, and 1.5; fetched with BeaData.jl."
1984,Transportation and warehousing,8,sector,0.161,27.173,0.5924999079969088,0.10257390417940879,2.9006346105604743,Griliches measurable sectors,FAAt307I / FAAt307ESI / FAAt105,48,Transportation and warehousing,Direct Table 3.7 mapping.,"BEA Fixed Assets Tables 3.7I, 3.7ESI, and 1.5; fetched with BeaData.jl."
1984,Information,9,sector,19.691,57.355,34.33179321767937,12.545234454638125,6.122470764681707,Other sectors,FAAt307I / FAAt307ESI / FAAt105,57,Information,Direct Table 3.7 mapping.,"BEA Fixed Assets Tables 3.7I, 3.7ESI, and 1.5; fetched with BeaData.jl."
1984,"Finance, insurance, real estate, rental, and leasing",10,sector,5.362,268.672,1.9957420200095284,3.4161569826707447,28.67991396196607,Other sectors,FAAt307I / FAAt307ESI / FAAt105,62 + 73,Finance and insurance + Real estate and rental and leasing,Finance/insurance plus real estate/rental/leasing.,"BEA Fixed Assets Tables 3.7I, 3.7ESI, and 1.5; fetched with BeaData.jl."
1984,Professional and business services,11,service_detail,9.376999999999999,35.464,26.440897811865554,5.974133537206932,3.7856734931335025,Other sectors,FAAt307I / FAAt307ESI / FAAt105,76 + 80 + 81,"Professional, scientific, and technical services + Management of companies and enterprises (5) + Administrative and waste management services",Professional/scientific/technical plus management plus administrative/waste-management services.,"BEA Fixed Assets Tables 3.7I, 3.7ESI, and 1.5; fetched with BeaData.jl."
1984,"Educational services, health care, and social assistance",12,service_detail,1.707,31.134,5.482751975332435,1.0875382262996944,3.3234592413494948,Other sectors,FAAt307I / FAAt307ESI / FAAt105,84 + 85,Educational services + Health and social assistance,Educational services plus health care/social assistance.,"BEA Fixed Assets Tables 3.7I, 3.7ESI, and 1.5; fetched with BeaData.jl."
1984,"Arts, entertainment, recreation, accommodation, and food services",13,service_detail,2.821,19.779,14.262601749330098,1.797273190621815,2.1113477334955886,Other sectors,FAAt307I / FAAt307ESI / FAAt105,90 + 93,"Arts, entertainment, and recreation + Accommodation and food services",Arts/entertainment/recreation plus accommodation/food services.,"BEA Fixed Assets Tables 3.7I, 3.7ESI, and 1.5; fetched with BeaData.jl."
1984,"Other services, except government",14,service_detail,0.656,9.409,6.972048039111489,0.4179408766564731,1.004381961902017,Other sectors,FAAt307I / FAAt307ESI / FAAt105,96,"Other services, except government",Direct Table 3.7 mapping.,"BEA Fixed Assets Tables 3.7I, 3.7ESI, and 1.5; fetched with BeaData.jl."
1984,Services,15,services_total,14.560999999999998,95.786,15.201595222683899,9.276885830784915,10.224862429880604,Other sectors,FAAt307I / FAAt307ESI / FAAt105,76 + 80 + 81 + 84 + 85 + 90 + 93 + 96,Sum of Table 3.7 service detail rows,Total services constructed as the sum of the four Table 6D-style service detail rows.,"BEA Fixed Assets Tables 3.7I, 3.7ESI, and 1.5; fetched with BeaData.jl."
1984,Government,16,sector,62.229,188.898,32.94317568211416,39.64640672782875,20.164283541222996,Other sectors,FAAt307I / FAAt307ESI / FAAt105,FAAt105 line 13 / line 10,Government intellectual property products / government nonresidential fixed investment,Government added from Fixed Assets Table 1.5.,"BEA Fixed Assets Tables 3.7I, 3.7ESI, and 1.5; fetched with BeaData.jl."
1984,Total,17,total,156.95999999999998,936.7950000000001,16.75499975981938,100.0,99.99999999999999,Total,FAAt307I / FAAt307ESI / FAAt105,FAAt307I line 1 + FAAt105 line 13 / FAAt307ESI line 1 + FAAt105 line 10,Private plus government intellectual property products / private fixed assets by industry plus government nonresidential fixed investment,Total constructed as private industry-owner investment plus government nonresidential investment.,"BEA Fixed Assets Tables 3.7I, 3.7ESI, and 1.5; fetched with BeaData.jl."
1985,"Agriculture, forestry, fishing, and hunting",1,sector,0.015,12.851,0.11672243405182475,0.008524034937177861,1.26344828671064,Griliches measurable sectors,FAAt307I / FAAt307ESI / FAAt105,2,"Agriculture, forestry, fishing, and hunting",Direct Table 3.7 mapping.,"BEA Fixed Assets Tables 3.7I, 3.7ESI, and 1.5; fetched with BeaData.jl."
1985,Mining,2,sector,0.455,44.565,1.0209805901492204,0.25856239309439516,4.381415679500402,Griliches measurable sectors,FAAt307I / FAAt307ESI / FAAt105,5,Mining,Direct Table 3.7 mapping.,"BEA Fixed Assets Tables 3.7I, 3.7ESI, and 1.5; fetched with BeaData.jl."
1985,Utilities,3,sector,1.261,48.522,2.5988211532912904,0.7165872037187522,4.7704488185957254,Griliches measurable sectors,FAAt307I / FAAt307ESI / FAAt105,9,Utilities,Direct Table 3.7 mapping.,"BEA Fixed Assets Tables 3.7I, 3.7ESI, and 1.5; fetched with BeaData.jl."
1985,Construction,4,sector,0.069,7.649,0.9020787030984443,0.039210560711018166,0.7520127573768333,Other sectors,FAAt307I / FAAt307ESI / FAAt105,13,Construction,Direct Table 3.7 mapping.,"BEA Fixed Assets Tables 3.7I, 3.7ESI, and 1.5; fetched with BeaData.jl."
1985,Manufacturing,5,sector,56.71,146.132,38.80737962937618,32.22653475249044,14.366992843638567,Griliches measurable sectors,FAAt307I / FAAt307ESI / FAAt105,14,Manufacturing,Direct Table 3.7 mapping.,"BEA Fixed Assets Tables 3.7I, 3.7ESI, and 1.5; fetched with BeaData.jl."
1985,Wholesale trade,6,sector,1.453,30.186,4.813489697210628,0.8256948509146289,2.9677418086255836,Other sectors,FAAt307I / FAAt307ESI / FAAt105,40,Wholesale trade,Direct Table 3.7 mapping.,"BEA Fixed Assets Tables 3.7I, 3.7ESI, and 1.5; fetched with BeaData.jl."
1985,Retail trade,7,sector,1.112,25.394,4.378987162321809,0.6319151233427855,2.496615500173526,Other sectors,FAAt307I / FAAt307ESI / FAAt105,43,Retail trade,Direct Table 3.7 mapping.,"BEA Fixed Assets Tables 3.7I, 3.7ESI, and 1.5; fetched with BeaData.jl."
1985,Transportation and warehousing,8,sector,0.198,27.311,0.7249826077404709,0.11251726117074778,2.6850856865889257,Griliches measurable sectors,FAAt307I / FAAt307ESI / FAAt105,48,Transportation and warehousing,Direct Table 3.7 mapping.,"BEA Fixed Assets Tables 3.7I, 3.7ESI, and 1.5; fetched with BeaData.jl."
1985,Information,9,sector,21.377,61.541,34.73619213207455,12.147886323470075,6.050414054350593,Other sectors,FAAt307I / FAAt307ESI / FAAt105,57,Information,Direct Table 3.7 mapping.,"BEA Fixed Assets Tables 3.7I, 3.7ESI, and 1.5; fetched with BeaData.jl."
1985,"Finance, insurance, real estate, rental, and leasing",10,sector,6.117,296.129,2.0656538197879977,3.4761014473811325,29.113973830467284,Other sectors,FAAt307I / FAAt307ESI / FAAt105,62 + 73,Finance and insurance + Real estate and rental and leasing,Finance/insurance plus real estate/rental/leasing.,"BEA Fixed Assets Tables 3.7I, 3.7ESI, and 1.5; fetched with BeaData.jl."
1985,Professional and business services,11,service_detail,10.619,40.228,26.397036889728547,6.034448466526115,3.9550227747097986,Other sectors,FAAt307I / FAAt307ESI / FAAt105,76 + 80 + 81,"Professional, scientific, and technical services + Management of companies and enterprises (5) + Administrative and waste management services",Professional/scientific/technical plus management plus administrative/waste-management services.,"BEA Fixed Assets Tables 3.7I, 3.7ESI, and 1.5; fetched with BeaData.jl."
1985,"Educational services, health care, and social assistance",12,service_detail,1.9000000000000001,31.412,6.048643830383293,1.0797110920425292,3.0882762105793025,Other sectors,FAAt307I / FAAt307ESI / FAAt105,84 + 85,Educational services + Health and social assistance,Educational services plus health care/social assistance.,"BEA Fixed Assets Tables 3.7I, 3.7ESI, and 1.5; fetched with BeaData.jl."
1985,"Arts, entertainment, recreation, accommodation, and food services",13,service_detail,2.97,20.323999999999998,14.613265105294234,1.6877589175612167,1.9981575736601853,Other sectors,FAAt307I / FAAt307ESI / FAAt105,90 + 93,"Arts, entertainment, and recreation + Accommodation and food services",Arts/entertainment/recreation plus accommodation/food services.,"BEA Fixed Assets Tables 3.7I, 3.7ESI, and 1.5; fetched with BeaData.jl."
1985,"Other services, except government",14,service_detail,0.72,10.186,7.068525427056745,0.40915367698453736,1.0014383509792684,Other sectors,FAAt307I / FAAt307ESI / FAAt105,96,"Other services, except government",Direct Table 3.7 mapping.,"BEA Fixed Assets Tables 3.7I, 3.7ESI, and 1.5; fetched with BeaData.jl."
1985,Services,15,services_total,16.209,102.15,15.867841409691628,9.211072153114397,10.042894909928554,Other sectors,FAAt307I / FAAt307ESI / FAAt105,76 + 80 + 81 + 84 + 85 + 90 + 93 + 96,Sum of Table 3.7 service detail rows,Total services constructed as the sum of the four Table 6D-style service detail rows.,"BEA Fixed Assets Tables 3.7I, 3.7ESI, and 1.5; fetched with BeaData.jl."
1985,Government,16,sector,70.994,214.709,33.06521850504636,40.343689088667006,21.109152454389136,Other sectors,FAAt307I / FAAt307ESI / FAAt105,FAAt105 line 13 / line 10,Government intellectual property products / government nonresidential fixed investment,Government added from Fixed Assets Table 1.5.,"BEA Fixed Assets Tables 3.7I, 3.7ESI, and 1.5; fetched with BeaData.jl."
1985,Total,17,total,175.973,1017.137,17.300815917619754,100.00000000000001,100.0,Total,FAAt307I / FAAt307ESI / FAAt105,FAAt307I line 1 + FAAt105 line 13 / FAAt307ESI line 1 + FAAt105 line 10,Private plus government intellectual property products / private fixed assets by industry plus government nonresidential fixed investment,Total constructed as private industry-owner investment plus government nonresidential investment.,"BEA Fixed Assets Tables 3.7I, 3.7ESI, and 1.5; fetched with BeaData.jl."
1986,"Agriculture, forestry, fishing, and hunting",1,sector,0.019,11.641,0.16321621853792628,0.010088727705239236,1.0945346605776651,Griliches measurable sectors,FAAt307I / FAAt307ESI / FAAt105,2,"Agriculture, forestry, fishing, and hunting",Direct Table 3.7 mapping.,"BEA Fixed Assets Tables 3.7I, 3.7ESI, and 1.5; fetched with BeaData.jl."
1986,Mining,2,sector,0.294,26.603,1.1051385182122315,0.15610978659685973,2.5013233893434954,Griliches measurable sectors,FAAt307I / FAAt307ESI / FAAt105,5,Mining,Direct Table 3.7 mapping.,"BEA Fixed Assets Tables 3.7I, 3.7ESI, and 1.5; fetched with BeaData.jl."
1986,Utilities,3,sector,1.264,48.532,2.6044671556910908,0.6711658852327576,4.56317809012587,Griliches measurable sectors,FAAt307I / FAAt307ESI / FAAt105,9,Utilities,Direct Table 3.7 mapping.,"BEA Fixed Assets Tables 3.7I, 3.7ESI, and 1.5; fetched with BeaData.jl."
1986,Construction,4,sector,0.074,7.73,0.9573091849935316,0.039292939483563334,0.7268063676888028,Other sectors,FAAt307I / FAAt307ESI / FAAt105,13,Construction,Direct Table 3.7 mapping.,"BEA Fixed Assets Tables 3.7I, 3.7ESI, and 1.5; fetched with BeaData.jl."
1986,Manufacturing,5,sector,57.826,140.389,41.189836810576324,30.704777278061265,13.199950731366538,Griliches measurable sectors,FAAt307I / FAAt307ESI / FAAt105,14,Manufacturing,Direct Table 3.7 mapping.,"BEA Fixed Assets Tables 3.7I, 3.7ESI, and 1.5; fetched with BeaData.jl."
1986,Wholesale trade,6,sector,1.566,30.137,5.196270365331652,0.8315235571791917,2.8336045928897087,Other sectors,FAAt307I / FAAt307ESI / FAAt105,40,Wholesale trade,Direct Table 3.7 mapping.,"BEA Fixed Assets Tables 3.7I, 3.7ESI, and 1.5; fetched with BeaData.jl."
1986,Retail trade,7,sector,1.23,27.557,4.4634757049025655,0.6531123724970663,2.5910223899612337,Other sectors,FAAt307I / FAAt307ESI / FAAt105,43,Retail trade,Direct Table 3.7 mapping.,"BEA Fixed Assets Tables 3.7I, 3.7ESI, and 1.5; fetched with BeaData.jl."
1986,Transportation and warehousing,8,sector,0.252,25.672,0.9816142100342785,0.13380838851159407,2.4137869432479877,Griliches measurable sectors,FAAt307I / FAAt307ESI / FAAt105,48,Transportation and warehousing,Direct Table 3.7 mapping.,"BEA Fixed Assets Tables 3.7I, 3.7ESI, and 1.5; fetched with BeaData.jl."
1986,Information,9,sector,24.743,68.247,36.2550734830835,13.138178400564966,6.416863412116134,Other sectors,FAAt307I / FAAt307ESI / FAAt105,57,Information,Direct Table 3.7 mapping.,"BEA Fixed Assets Tables 3.7I, 3.7ESI, and 1.5; fetched with BeaData.jl."
1986,"Finance, insurance, real estate, rental, and leasing",10,sector,6.972,334.67900000000003,2.0831901613187562,3.7020320821541026,31.467894997635295,Other sectors,FAAt307I / FAAt307ESI / FAAt105,62 + 73,Finance and insurance + Real estate and rental and leasing,Finance/insurance plus real estate/rental/leasing.,"BEA Fixed Assets Tables 3.7I, 3.7ESI, and 1.5; fetched with BeaData.jl."
1986,Professional and business services,11,service_detail,12.641,43.82899999999999,28.84163453421251,6.712189837996272,4.120982702384545,Other sectors,FAAt307I / FAAt307ESI / FAAt105,76 + 80 + 81,"Professional, scientific, and technical services + Management of companies and enterprises (5) + Administrative and waste management services",Professional/scientific/technical plus management plus administrative/waste-management services.,"BEA Fixed Assets Tables 3.7I, 3.7ESI, and 1.5; fetched with BeaData.jl."
1986,"Educational services, health care, and social assistance",12,service_detail,2.075,33.602,6.175227665019941,1.101795262545864,3.15939813286923,Other sectors,FAAt307I / FAAt307ESI / FAAt105,84 + 85,Educational services + Health and social assistance,Educational services plus health care/social assistance.,"BEA Fixed Assets Tables 3.7I, 3.7ESI, and 1.5; fetched with BeaData.jl."
1986,"Arts, entertainment, recreation, accommodation, and food services",13,service_detail,3.368,20.984,16.050324056423943,1.7883597321708287,1.973001917151596,Other sectors,FAAt307I / FAAt307ESI / FAAt105,90 + 93,"Arts, entertainment, and recreation + Accommodation and food services",Arts/entertainment/recreation plus accommodation/food services.,"BEA Fixed Assets Tables 3.7I, 3.7ESI, and 1.5; fetched with BeaData.jl."
1986,"Other services, except government",14,service_detail,0.797,11.035,7.222473946533756,0.4231955779513511,1.0375560501223724,Other sectors,FAAt307I / FAAt307ESI / FAAt105,96,"Other services, except government",Direct Table 3.7 mapping.,"BEA Fixed Assets Tables 3.7I, 3.7ESI, and 1.5; fetched with BeaData.jl."
1986,Services,15,services_total,18.881000000000004,109.44999999999999,17.250799451804482,10.025540410664318,10.290938802527743,Other sectors,FAAt307I / FAAt307ESI / FAAt105,76 + 80 + 81 + 84 + 85 + 90 + 93 + 96,Sum of Table 3.7 service detail rows,Total services constructed as the sum of the four Table 6D-style service detail rows.,"BEA Fixed Assets Tables 3.7I, 3.7ESI, and 1.5; fetched with BeaData.jl."
1986,Government,16,sector,75.207,232.922,32.28849142631439,39.93383918568037,21.90028367073885,Other sectors,FAAt307I / FAAt307ESI / FAAt105,FAAt105 line 13 / line 10,Government intellectual property products / government nonresidential fixed investment,Government added from Fixed Assets Table 1.5.,"BEA Fixed Assets Tables 3.7I, 3.7ESI, and 1.5; fetched with BeaData.jl."
1986,Total,17,total,188.329,1063.557,17.707466548572388,100.0,100.0,Total,FAAt307I / FAAt307ESI / FAAt105,FAAt307I line 1 + FAAt105 line 13 / FAAt307ESI line 1 + FAAt105 line 10,Private plus government intellectual property products / private fixed assets by industry plus government nonresidential fixed investment,Total constructed as private industry-owner investment plus government nonresidential investment.,"BEA Fixed Assets Tables 3.7I, 3.7ESI, and 1.5; fetched with BeaData.jl."
1987,"Agriculture, forestry, fishing, and hunting",1,sector,0.019,11.744,0.16178474114441416,0.009413723226627955,1.061030963601145,Griliches measurable sectors,FAAt307I / FAAt307ESI / FAAt105,2,"Agriculture, forestry, fishing, and hunting",Direct Table 3.7 mapping.,"BEA Fixed Assets Tables 3.7I, 3.7ESI, and 1.5; fetched with BeaData.jl."
1987,Mining,2,sector,0.255,22.941,1.1115470119000916,0.12634207488369098,2.072642314030472,Griliches measurable sectors,FAAt307I / FAAt307ESI / FAAt105,5,Mining,Direct Table 3.7 mapping.,"BEA Fixed Assets Tables 3.7I, 3.7ESI, and 1.5; fetched with BeaData.jl."
1987,Utilities,3,sector,1.091,45.486,2.398540210174559,0.540545896855321,4.109507357830524,Griliches measurable sectors,FAAt307I / FAAt307ESI / FAAt105,9,Utilities,Direct Table 3.7 mapping.,"BEA Fixed Assets Tables 3.7I, 3.7ESI, and 1.5; fetched with BeaData.jl."
1987,Construction,4,sector,0.069,7.385,0.9343263371699392,0.0341866790861752,0.667209951140536,Other sectors,FAAt307I / FAAt307ESI / FAAt105,13,Construction,Direct Table 3.7 mapping.,"BEA Fixed Assets Tables 3.7I, 3.7ESI, and 1.5; fetched with BeaData.jl."
1987,Manufacturing,5,sector,60.347,142.623,42.312249777385134,29.899471345121956,12.885509121396975,Griliches measurable sectors,FAAt307I / FAAt307ESI / FAAt105,14,Manufacturing,Direct Table 3.7 mapping.,"BEA Fixed Assets Tables 3.7I, 3.7ESI, and 1.5; fetched with BeaData.jl."
1987,Wholesale trade,6,sector,1.516,28.709,5.28057403601658,0.7511160216614726,2.5937617450634596,Other sectors,FAAt307I / FAAt307ESI / FAAt105,40,Wholesale trade,Direct Table 3.7 mapping.,"BEA Fixed Assets Tables 3.7I, 3.7ESI, and 1.5; fetched with BeaData.jl."
1987,Retail trade,7,sector,1.24,28.46,4.356992269852424,0.6143693053167718,2.571265431206453,Other sectors,FAAt307I / FAAt307ESI / FAAt105,43,Retail trade,Direct Table 3.7 mapping.,"BEA Fixed Assets Tables 3.7I, 3.7ESI, and 1.5; fetched with BeaData.jl."
1987,Transportation and warehousing,8,sector,0.203,26.324,0.7711593982677405,0.10057820078976183,2.3782850039029753,Griliches measurable sectors,FAAt307I / FAAt307ESI / FAAt105,48,Transportation and warehousing,Direct Table 3.7 mapping.,"BEA Fixed Assets Tables 3.7I, 3.7ESI, and 1.5; fetched with BeaData.jl."
1987,Information,9,sector,25.476,70.627,36.071190904328375,12.622316469556514,6.380912284252219,Other sectors,FAAt307I / FAAt307ESI / FAAt105,57,Information,Direct Table 3.7 mapping.,"BEA Fixed Assets Tables 3.7I, 3.7ESI, and 1.5; fetched with BeaData.jl."
1987,"Finance, insurance, real estate, rental, and leasing",10,sector,8.209,353.777,2.320388267185261,4.067223893020468,31.962563965422532,Other sectors,FAAt307I / FAAt307ESI / FAAt105,62 + 73,Finance and insurance + Real estate and rental and leasing,Finance/insurance plus real estate/rental/leasing.,"BEA Fixed Assets Tables 3.7I, 3.7ESI, and 1.5; fetched with BeaData.jl."
1987,Professional and business services,11,service_detail,14.98,48.346,30.984983245770078,7.421977575520356,4.367898753939113,Other sectors,FAAt307I / FAAt307ESI / FAAt105,76 + 80 + 81,"Professional, scientific, and technical services + Management of companies and enterprises (5) + Administrative and waste management services",Professional/scientific/technical plus management plus administrative/waste-management services.,"BEA Fixed Assets Tables 3.7I, 3.7ESI, and 1.5; fetched with BeaData.jl."
1987,"Educational services, health care, and social assistance",12,service_detail,2.217,38.216,5.8012350847812435,1.0984328628123252,3.4526872705195295,Other sectors,FAAt307I / FAAt307ESI / FAAt105,84 + 85,Educational services + Health and social assistance,Educational services plus health care/social assistance.,"BEA Fixed Assets Tables 3.7I, 3.7ESI, and 1.5; fetched with BeaData.jl."
1987,"Arts, entertainment, recreation, accommodation, and food services",13,service_detail,3.644,21.497999999999998,16.95041399199926,1.8054530230438037,1.9422721096302291,Other sectors,FAAt307I / FAAt307ESI / FAAt105,90 + 93,"Arts, entertainment, and recreation + Accommodation and food services",Arts/entertainment/recreation plus accommodation/food services.,"BEA Fixed Assets Tables 3.7I, 3.7ESI, and 1.5; fetched with BeaData.jl."
1987,"Other services, except government",14,service_detail,0.851,11.721,7.26047265591673,0.4216357087294942,1.0589529908352366,Other sectors,FAAt307I / FAAt307ESI / FAAt105,96,"Other services, except government",Direct Table 3.7 mapping.,"BEA Fixed Assets Tables 3.7I, 3.7ESI, and 1.5; fetched with BeaData.jl."
1987,Services,15,services_total,21.691999999999997,119.781,18.109716900009182,10.747499170105979,10.82181112492411,Other sectors,FAAt307I / FAAt307ESI / FAAt105,76 + 80 + 81 + 84 + 85 + 90 + 93 + 96,Sum of Table 3.7 service detail rows,Total services constructed as the sum of the four Table 6D-style service detail rows.,"BEA Fixed Assets Tables 3.7I, 3.7ESI, and 1.5; fetched with BeaData.jl."
1987,Government,16,sector,81.717,248.991,32.81925852741665,40.48743267949245,22.4955007372286,Other sectors,FAAt307I / FAAt307ESI / FAAt105,FAAt105 line 13 / line 10,Government intellectual property products / government nonresidential fixed investment,Government added from Fixed Assets Table 1.5.,"BEA Fixed Assets Tables 3.7I, 3.7ESI, and 1.5; fetched with BeaData.jl."
1987,Total,17,total,201.833,1106.848,18.234933793980744,100.0,100.0,Total,FAAt307I / FAAt307ESI / FAAt105,FAAt307I line 1 + FAAt105 line 13 / FAAt307ESI line 1 + FAAt105 line 10,Private plus government intellectual property products / private fixed assets by industry plus government nonresidential fixed investment,Total constructed as private industry-owner investment plus government nonresidential investment.,"BEA Fixed Assets Tables 3.7I, 3.7ESI, and 1.5; fetched with BeaData.jl."
1988,"Agriculture, forestry, fishing, and hunting",1,sector,0.042,14.674,0.28622052610058607,0.019283923635662403,1.2612011750812637,Griliches measurable sectors,FAAt307I / FAAt307ESI / FAAt105,2,"Agriculture, forestry, fishing, and hunting",Direct Table 3.7 mapping.,"BEA Fixed Assets Tables 3.7I, 3.7ESI, and 1.5; fetched with BeaData.jl."
1988,Mining,2,sector,0.326,28.377,1.1488177044789796,0.1496799786958558,2.438946827400915,Griliches measurable sectors,FAAt307I / FAAt307ESI / FAAt105,5,Mining,Direct Table 3.7 mapping.,"BEA Fixed Assets Tables 3.7I, 3.7ESI, and 1.5; fetched with BeaData.jl."
1988,Utilities,3,sector,1.311,40.809,3.212526648533412,0.6019339020560336,3.5074525523982074,Griliches measurable sectors,FAAt307I / FAAt307ESI / FAAt105,9,Utilities,Direct Table 3.7 mapping.,"BEA Fixed Assets Tables 3.7I, 3.7ESI, and 1.5; fetched with BeaData.jl."
1988,Construction,4,sector,0.144,8.137,1.7696939904141573,0.06611630960798537,0.6993589997026199,Other sectors,FAAt307I / FAAt307ESI / FAAt105,13,Construction,Direct Table 3.7 mapping.,"BEA Fixed Assets Tables 3.7I, 3.7ESI, and 1.5; fetched with BeaData.jl."
1988,Manufacturing,5,sector,63.635,150.154,42.37982338132851,29.21744001322326,12.905438274713923,Griliches measurable sectors,FAAt307I / FAAt307ESI / FAAt105,14,Manufacturing,Direct Table 3.7 mapping.,"BEA Fixed Assets Tables 3.7I, 3.7ESI, and 1.5; fetched with BeaData.jl."
1988,Wholesale trade,6,sector,1.884,30.022,6.275398041436279,0.865021717371142,2.5803313124090024,Other sectors,FAAt307I / FAAt307ESI / FAAt105,40,Wholesale trade,Direct Table 3.7 mapping.,"BEA Fixed Assets Tables 3.7I, 3.7ESI, and 1.5; fetched with BeaData.jl."
1988,Retail trade,7,sector,1.492,31.9,4.677115987460815,0.6850384301049596,2.7417416849592695,Other sectors,FAAt307I / FAAt307ESI / FAAt105,43,Retail trade,Direct Table 3.7 mapping.,"BEA Fixed Assets Tables 3.7I, 3.7ESI, and 1.5; fetched with BeaData.jl."
1988,Transportation and warehousing,8,sector,0.312,29.611,1.0536624902907703,0.143252004150635,2.545006678160781,Griliches measurable sectors,FAAt307I / FAAt307ESI / FAAt105,48,Transportation and warehousing,Direct Table 3.7 mapping.,"BEA Fixed Assets Tables 3.7I, 3.7ESI, and 1.5; fetched with BeaData.jl."
1988,Information,9,sector,28.293,78.055,36.24751777592722,12.990477414852293,6.708672326629962,Other sectors,FAAt307I / FAAt307ESI / FAAt105,57,Information,Direct Table 3.7 mapping.,"BEA Fixed Assets Tables 3.7I, 3.7ESI, and 1.5; fetched with BeaData.jl."
1988,"Finance, insurance, real estate, rental, and leasing",10,sector,10.257,370.856,2.765763530858339,4.709409636452126,31.87433712593275,Other sectors,FAAt307I / FAAt307ESI / FAAt105,62 + 73,Finance and insurance + Real estate and rental and leasing,Finance/insurance plus real estate/rental/leasing.,"BEA Fixed Assets Tables 3.7I, 3.7ESI, and 1.5; fetched with BeaData.jl."
1988,Professional and business services,11,service_detail,17.233,50.61,34.05058288875716,7.912377524127861,4.349829049397763,Other sectors,FAAt307I / FAAt307ESI / FAAt105,76 + 80 + 81,"Professional, scientific, and technical services + Management of companies and enterprises (5) + Administrative and waste management services",Professional/scientific/technical plus management plus administrative/waste-management services.,"BEA Fixed Assets Tables 3.7I, 3.7ESI, and 1.5; fetched with BeaData.jl."
1988,"Educational services, health care, and social assistance",12,service_detail,2.8169999999999997,41.643,6.764642316835962,1.2934003067062139,3.57913319707708,Other sectors,FAAt307I / FAAt307ESI / FAAt105,84 + 85,Educational services + Health and social assistance,Educational services plus health care/social assistance.,"BEA Fixed Assets Tables 3.7I, 3.7ESI, and 1.5; fetched with BeaData.jl."
1988,"Arts, entertainment, recreation, accommodation, and food services",13,service_detail,3.8899999999999997,23.142999999999997,16.808538218899884,1.7860586414934938,1.9890949158311086,Other sectors,FAAt307I / FAAt307ESI / FAAt105,90 + 93,"Arts, entertainment, and recreation + Accommodation and food services",Arts/entertainment/recreation plus accommodation/food services.,"BEA Fixed Assets Tables 3.7I, 3.7ESI, and 1.5; fetched with BeaData.jl."
1988,"Other services, except government",14,service_detail,1.04,12.625,8.237623762376238,0.47750668050211664,1.0850936919313723,Other sectors,FAAt307I / FAAt307ESI / FAAt105,96,"Other services, except government",Direct Table 3.7 mapping.,"BEA Fixed Assets Tables 3.7I, 3.7ESI, and 1.5; fetched with BeaData.jl."
1988,Services,15,services_total,24.98,128.021,19.51242374297967,11.469343152829687,11.003150854237322,Other sectors,FAAt307I / FAAt307ESI / FAAt105,76 + 80 + 81 + 84 + 85 + 90 + 93 + 96,Sum of Table 3.7 service detail rows,Total services constructed as the sum of the four Table 6D-style service detail rows.,"BEA Fixed Assets Tables 3.7I, 3.7ESI, and 1.5; fetched with BeaData.jl."
1988,Government,16,sector,85.124,252.878,33.662082110741146,39.08392179909824,21.734362188373986,Other sectors,FAAt307I / FAAt307ESI / FAAt105,FAAt105 line 13 / line 10,Government intellectual property products / government nonresidential fixed investment,Government added from Fixed Assets Table 1.5.,"BEA Fixed Assets Tables 3.7I, 3.7ESI, and 1.5; fetched with BeaData.jl."
1988,Total,17,total,217.798,1163.494,18.719305815070815,100.0,100.0,Total,FAAt307I / FAAt307ESI / FAAt105,FAAt307I line 1 + FAAt105 line 13 / FAAt307ESI line 1 + FAAt105 line 10,Private plus government intellectual property products / private fixed assets by industry plus government nonresidential fixed investment,Total constructed as private industry-owner investment plus government nonresidential investment.,"BEA Fixed Assets Tables 3.7I, 3.7ESI, and 1.5; fetched with BeaData.jl."
1989,"Agriculture, forestry, fishing, and hunting",1,sector,0.065,16.705,0.3891050583657588,0.027322059831107637,1.3614107491548737,Griliches measurable sectors,FAAt307I / FAAt307ESI / FAAt105,2,"Agriculture, forestry, fishing, and hunting",Direct Table 3.7 mapping.,"BEA Fixed Assets Tables 3.7I, 3.7ESI, and 1.5; fetched with BeaData.jl."
1989,Mining,2,sector,0.415,27.052,1.534082507762827,0.17444084353707184,2.204662291896896,Griliches measurable sectors,FAAt307I / FAAt307ESI / FAAt105,5,Mining,Direct Table 3.7 mapping.,"BEA Fixed Assets Tables 3.7I, 3.7ESI, and 1.5; fetched with BeaData.jl."
1989,Utilities,3,sector,1.693,40.877,4.141693372801331,0.7116345737548497,3.3313611010597897,Griliches measurable sectors,FAAt307I / FAAt307ESI / FAAt105,9,Utilities,Direct Table 3.7 mapping.,"BEA Fixed Assets Tables 3.7I, 3.7ESI, and 1.5; fetched with BeaData.jl."
1989,Construction,4,sector,0.237,10.627,2.2301684388820924,0.09962043353803861,0.8660707591301314,Other sectors,FAAt307I / FAAt307ESI / FAAt105,13,Construction,Direct Table 3.7 mapping.,"BEA Fixed Assets Tables 3.7I, 3.7ESI, and 1.5; fetched with BeaData.jl."
1989,Manufacturing,5,sector,69.253,172.025,40.25752070919924,29.10976322282611,14.01955606844461,Griliches measurable sectors,FAAt307I / FAAt307ESI / FAAt105,14,Manufacturing,Direct Table 3.7 mapping.,"BEA Fixed Assets Tables 3.7I, 3.7ESI, and 1.5; fetched with BeaData.jl."
1989,Wholesale trade,6,sector,2.337,29.88,7.821285140562249,0.9823331357738239,2.4351363774167996,Other sectors,FAAt307I / FAAt307ESI / FAAt105,40,Wholesale trade,Direct Table 3.7 mapping.,"BEA Fixed Assets Tables 3.7I, 3.7ESI, and 1.5; fetched with BeaData.jl."
1989,Retail trade,7,sector,1.808,35.155,5.14293841558811,0.7599736026868094,2.8650341147285,Other sectors,FAAt307I / FAAt307ESI / FAAt105,43,Retail trade,Direct Table 3.7 mapping.,"BEA Fixed Assets Tables 3.7I, 3.7ESI, and 1.5; fetched with BeaData.jl."
1989,Transportation and warehousing,8,sector,0.461,28.907,1.5947694330093058,0.19377645510985572,2.3558396004681197,Griliches measurable sectors,FAAt307I / FAAt307ESI / FAAt105,48,Transportation and warehousing,Direct Table 3.7 mapping.,"BEA Fixed Assets Tables 3.7I, 3.7ESI, and 1.5; fetched with BeaData.jl."
1989,Information,9,sector,32.662,83.533,39.10071468760849,13.72912489544058,6.807705723385458,Other sectors,FAAt307I / FAAt307ESI / FAAt105,57,Information,Direct Table 3.7 mapping.,"BEA Fixed Assets Tables 3.7I, 3.7ESI, and 1.5; fetched with BeaData.jl."
1989,"Finance, insurance, real estate, rental, and leasing",10,sector,12.51,378.067,3.3089373047634414,5.258445669033177,30.81140243644033,Other sectors,FAAt307I / FAAt307ESI / FAAt105,62 + 73,Finance and insurance + Real estate and rental and leasing,Finance/insurance plus real estate/rental/leasing.,"BEA Fixed Assets Tables 3.7I, 3.7ESI, and 1.5; fetched with BeaData.jl."
1989,Professional and business services,11,service_detail,19.641,54.797,35.84320309505995,8.255885802196694,4.465802144354362,Other sectors,FAAt307I / FAAt307ESI / FAAt105,76 + 80 + 81,"Professional, scientific, and technical services + Management of companies and enterprises (5) + Administrative and waste management services",Professional/scientific/technical plus management plus administrative/waste-management services.,"BEA Fixed Assets Tables 3.7I, 3.7ESI, and 1.5; fetched with BeaData.jl."
1989,"Educational services, health care, and social assistance",12,service_detail,3.6500000000000004,45.537,8.01545995564047,1.5342387443621983,3.711138059519036,Other sectors,FAAt307I / FAAt307ESI / FAAt105,84 + 85,Educational services + Health and social assistance,Educational services plus health care/social assistance.,"BEA Fixed Assets Tables 3.7I, 3.7ESI, and 1.5; fetched with BeaData.jl."
1989,"Arts, entertainment, recreation, accommodation, and food services",13,service_detail,4.13,25.802,16.006511123168746,1.7360016477303775,2.1027907901642657,Other sectors,FAAt307I / FAAt307ESI / FAAt105,90 + 93,"Arts, entertainment, and recreation + Accommodation and food services",Arts/entertainment/recreation plus accommodation/food services.,"BEA Fixed Assets Tables 3.7I, 3.7ESI, and 1.5; fetched with BeaData.jl."
1989,"Other services, except government",14,service_detail,1.255,12.888,9.737740533829918,0.5275259244313859,1.0503359314641134,Other sectors,FAAt307I / FAAt307ESI / FAAt105,96,"Other services, except government",Direct Table 3.7 mapping.,"BEA Fixed Assets Tables 3.7I, 3.7ESI, and 1.5; fetched with BeaData.jl."
1989,Services,15,services_total,28.675999999999995,139.024,20.626654390608813,12.053652118720652,11.330066925501777,Other sectors,FAAt307I / FAAt307ESI / FAAt105,76 + 80 + 81 + 84 + 85 + 90 + 93 + 96,Sum of Table 3.7 service detail rows,Total services constructed as the sum of the four Table 6D-style service detail rows.,"BEA Fixed Assets Tables 3.7I, 3.7ESI, and 1.5; fetched with BeaData.jl."
1989,Government,16,sector,87.786,265.187,33.10343267203898,36.899912989747925,21.611998343976868,Other sectors,FAAt307I / FAAt307ESI / FAAt105,FAAt105 line 13 / line 10,Government intellectual property products / government nonresidential fixed investment,Government added from Fixed Assets Table 1.5.,"BEA Fixed Assets Tables 3.7I, 3.7ESI, and 1.5; fetched with BeaData.jl."
1989,Total,17,total,237.903,1227.036,19.388428701358393,100.0,100.0,Total,FAAt307I / FAAt307ESI / FAAt105,FAAt307I line 1 + FAAt105 line 13 / FAAt307ESI line 1 + FAAt105 line 10,Private plus government intellectual property products / private fixed assets by industry plus government nonresidential fixed investment,Total constructed as private industry-owner investment plus government nonresidential investment.,"BEA Fixed Assets Tables 3.7I, 3.7ESI, and 1.5; fetched with BeaData.jl."
1990,"Agriculture, forestry, fishing, and hunting",1,sector,0.089,18.334,0.4854368932038835,0.034826844061827435,1.4590477433463873,Griliches measurable sectors,FAAt307I / FAAt307ESI / FAAt105,2,"Agriculture, forestry, fishing, and hunting",Direct Table 3.7 mapping.,"BEA Fixed Assets Tables 3.7I, 3.7ESI, and 1.5; fetched with BeaData.jl."
1990,Mining,2,sector,0.482,30.435,1.5837029735501889,0.1886127959303463,2.422063819610958,Griliches measurable sectors,FAAt307I / FAAt307ESI / FAAt105,5,Mining,Direct Table 3.7 mapping.,"BEA Fixed Assets Tables 3.7I, 3.7ESI, and 1.5; fetched with BeaData.jl."
1990,Utilities,3,sector,1.778,46.046,3.861356035269079,0.6957542555272942,3.6644110608774825,Griliches measurable sectors,FAAt307I / FAAt307ESI / FAAt105,9,Utilities,Direct Table 3.7 mapping.,"BEA Fixed Assets Tables 3.7I, 3.7ESI, and 1.5; fetched with BeaData.jl."
1990,Construction,4,sector,0.33,10.422,3.166378814047208,0.1291332420270006,0.8293986899288781,Other sectors,FAAt307I / FAAt307ESI / FAAt105,13,Construction,Direct Table 3.7 mapping.,"BEA Fixed Assets Tables 3.7I, 3.7ESI, and 1.5; fetched with BeaData.jl."
1990,Manufacturing,5,sector,73.953,182.55,40.511092851273624,28.938759538250835,14.527608025956313,Griliches measurable sectors,FAAt307I / FAAt307ESI / FAAt105,14,Manufacturing,Direct Table 3.7 mapping.,"BEA Fixed Assets Tables 3.7I, 3.7ESI, and 1.5; fetched with BeaData.jl."
1990,Wholesale trade,6,sector,2.741,27.75,9.877477477477479,1.0725885345333597,2.208387415613737,Other sectors,FAAt307I / FAAt307ESI / FAAt105,40,Wholesale trade,Direct Table 3.7 mapping.,"BEA Fixed Assets Tables 3.7I, 3.7ESI, and 1.5; fetched with BeaData.jl."
1990,Retail trade,7,sector,2.053,34.46,5.957632037144514,0.8033652905497946,2.742379471785563,Other sectors,FAAt307I / FAAt307ESI / FAAt105,43,Retail trade,Direct Table 3.7 mapping.,"BEA Fixed Assets Tables 3.7I, 3.7ESI, and 1.5; fetched with BeaData.jl."
1990,Transportation and warehousing,8,sector,0.611,27.48,2.2234352256186316,0.23909215417726473,2.186900402921279,Griliches measurable sectors,FAAt307I / FAAt307ESI / FAAt105,48,Transportation and warehousing,Direct Table 3.7 mapping.,"BEA Fixed Assets Tables 3.7I, 3.7ESI, and 1.5; fetched with BeaData.jl."
1990,Information,9,sector,36.283,88.359,41.063162779117015,14.198004304441403,7.03174427589961,Other sectors,FAAt307I / FAAt307ESI / FAAt105,57,Information,Direct Table 3.7 mapping.,"BEA Fixed Assets Tables 3.7I, 3.7ESI, and 1.5; fetched with BeaData.jl."
1990,"Finance, insurance, real estate, rental, and leasing",10,sector,14.114,361.27,3.90677332742824,5.522989630209353,28.750418797793685,Other sectors,FAAt307I / FAAt307ESI / FAAt105,62 + 73,Finance and insurance + Real estate and rental and leasing,Finance/insurance plus real estate/rental/leasing.,"BEA Fixed Assets Tables 3.7I, 3.7ESI, and 1.5; fetched with BeaData.jl."
1990,Professional and business services,11,service_detail,21.401,54.407000000000004,39.33501203889205,8.374486401878302,4.329792220587265,Other sectors,FAAt307I / FAAt307ESI / FAAt105,76 + 80 + 81,"Professional, scientific, and technical services + Management of companies and enterprises (5) + Administrative and waste management services",Professional/scientific/technical plus management plus administrative/waste-management services.,"BEA Fixed Assets Tables 3.7I, 3.7ESI, and 1.5; fetched with BeaData.jl."
1990,"Educational services, health care, and social assistance",12,service_detail,4.348,49.403999999999996,8.80090680916525,1.7014282919193897,3.931645833548867,Other sectors,FAAt307I / FAAt307ESI / FAAt105,84 + 85,Educational services + Health and social assistance,Educational services plus health care/social assistance.,"BEA Fixed Assets Tables 3.7I, 3.7ESI, and 1.5; fetched with BeaData.jl."
1990,"Arts, entertainment, recreation, accommodation, and food services",13,service_detail,4.819999999999999,28.038999999999998,17.190342023609972,1.886127959303463,2.231386477347516,Other sectors,FAAt307I / FAAt307ESI / FAAt105,90 + 93,"Arts, entertainment, and recreation + Accommodation and food services",Arts/entertainment/recreation plus accommodation/food services.,"BEA Fixed Assets Tables 3.7I, 3.7ESI, and 1.5; fetched with BeaData.jl."
1990,"Other services, except government",14,service_detail,1.424,13.048,10.913549969343961,0.557229504989239,1.0383797837451545,Other sectors,FAAt307I / FAAt307ESI / FAAt105,96,"Other services, except government",Direct Table 3.7 mapping.,"BEA Fixed Assets Tables 3.7I, 3.7ESI, and 1.5; fetched with BeaData.jl."
1990,Services,15,services_total,31.993000000000002,144.898,22.079669836712725,12.519272158090395,11.531204315228802,Other sectors,FAAt307I / FAAt307ESI / FAAt105,76 + 80 + 81 + 84 + 85 + 90 + 93 + 96,Sum of Table 3.7 service detail rows,Total services constructed as the sum of the four Table 6D-style service detail rows.,"BEA Fixed Assets Tables 3.7I, 3.7ESI, and 1.5; fetched with BeaData.jl."
1990,Government,16,sector,91.124,284.568,32.02187174945883,35.657992565055764,22.646356399508825,Other sectors,FAAt307I / FAAt307ESI / FAAt105,FAAt105 line 13 / line 10,Government intellectual property products / government nonresidential fixed investment,Government added from Fixed Assets Table 1.5.,"BEA Fixed Assets Tables 3.7I, 3.7ESI, and 1.5; fetched with BeaData.jl."
1990,Total,17,total,255.54999999999998,1256.5729999999999,20.337059605769028,100.0,100.0,Total,FAAt307I / FAAt307ESI / FAAt105,FAAt307I line 1 + FAAt105 line 13 / FAAt307ESI line 1 + FAAt105 line 10,Private plus government intellectual property products / private fixed assets by industry plus government nonresidential fixed investment,Total constructed as private industry-owner investment plus government nonresidential investment.,"BEA Fixed Assets Tables 3.7I, 3.7ESI, and 1.5; fetched with BeaData.jl."
1991,"Agriculture, forestry, fishing, and hunting",1,sector,0.111,16.486,0.6732985563508431,0.04102799143956502,1.3470946275552187,Griliches measurable sectors,FAAt307I / FAAt307ESI / FAAt105,2,"Agriculture, forestry, fishing, and hunting",Direct Table 3.7 mapping.,"BEA Fixed Assets Tables 3.7I, 3.7ESI, and 1.5; fetched with BeaData.jl."
1991,Mining,2,sector,0.566,30.847,1.8348623853211006,0.20920579418733154,2.5205524673174713,Griliches measurable sectors,FAAt307I / FAAt307ESI / FAAt105,5,Mining,Direct Table 3.7 mapping.,"BEA Fixed Assets Tables 3.7I, 3.7ESI, and 1.5; fetched with BeaData.jl."
1991,Utilities,3,sector,2.03,43.228,4.696030350698621,0.7503317353361891,3.5322216765714542,Griliches measurable sectors,FAAt307I / FAAt307ESI / FAAt105,9,Utilities,Direct Table 3.7 mapping.,"BEA Fixed Assets Tables 3.7I, 3.7ESI, and 1.5; fetched with BeaData.jl."
1991,Construction,4,sector,0.434,7.492,5.792845702082221,0.16041575031325425,0.6121820301858364,Other sectors,FAAt307I / FAAt307ESI / FAAt105,13,Construction,Direct Table 3.7 mapping.,"BEA Fixed Assets Tables 3.7I, 3.7ESI, and 1.5; fetched with BeaData.jl."
1991,Manufacturing,5,sector,78.054,186.752,41.795536326250854,28.850440034448727,15.25977289125271,Griliches measurable sectors,FAAt307I / FAAt307ESI / FAAt105,14,Manufacturing,Direct Table 3.7 mapping.,"BEA Fixed Assets Tables 3.7I, 3.7ESI, and 1.5; fetched with BeaData.jl."
1991,Wholesale trade,6,sector,3.168,26.112,12.132352941176471,1.1709610529778558,2.1336488483999676,Other sectors,FAAt307I / FAAt307ESI / FAAt105,40,Wholesale trade,Direct Table 3.7 mapping.,"BEA Fixed Assets Tables 3.7I, 3.7ESI, and 1.5; fetched with BeaData.jl."
1991,Retail trade,7,sector,2.263,32.391,6.986508598067364,0.8364535552048257,2.6467149145421014,Other sectors,FAAt307I / FAAt307ESI / FAAt105,43,Retail trade,Direct Table 3.7 mapping.,"BEA Fixed Assets Tables 3.7I, 3.7ESI, and 1.5; fetched with BeaData.jl."
1991,Transportation and warehousing,8,sector,0.753,28.063,2.683248405373624,0.27832502300894113,2.2930678474512978,Griliches measurable sectors,FAAt307I / FAAt307ESI / FAAt105,48,Transportation and warehousing,Direct Table 3.7 mapping.,"BEA Fixed Assets Tables 3.7I, 3.7ESI, and 1.5; fetched with BeaData.jl."
1991,Information,9,sector,40.247,91.172,44.1440354494801,14.876158301515076,7.449794454898967,Other sectors,FAAt307I / FAAt307ESI / FAAt105,57,Information,Direct Table 3.7 mapping.,"BEA Fixed Assets Tables 3.7I, 3.7ESI, and 1.5; fetched with BeaData.jl."
1991,"Finance, insurance, real estate, rental, and leasing",10,sector,16.58,326.47499999999997,5.078489930316257,6.128325207819712,26.676738962215815,Other sectors,FAAt307I / FAAt307ESI / FAAt105,62 + 73,Finance and insurance + Real estate and rental and leasing,Finance/insurance plus real estate/rental/leasing.,"BEA Fixed Assets Tables 3.7I, 3.7ESI, and 1.5; fetched with BeaData.jl."
1991,Professional and business services,11,service_detail,23.293,54.339999999999996,42.86529260213471,8.609594636052144,4.440199081726955,Other sectors,FAAt307I / FAAt307ESI / FAAt105,76 + 80 + 81,"Professional, scientific, and technical services + Management of companies and enterprises (5) + Administrative and waste management services",Professional/scientific/technical plus management plus administrative/waste-management services.,"BEA Fixed Assets Tables 3.7I, 3.7ESI, and 1.5; fetched with BeaData.jl."
1991,"Educational services, health care, and social assistance",12,service_detail,5.086,52.269000000000005,9.730432952610533,1.8798951753299795,4.27097471112967,Other sectors,FAAt307I / FAAt307ESI / FAAt105,84 + 85,Educational services + Health and social assistance,Educational services plus health care/social assistance.,"BEA Fixed Assets Tables 3.7I, 3.7ESI, and 1.5; fetched with BeaData.jl."
1991,"Arts, entertainment, recreation, accommodation, and food services",13,service_detail,4.9190000000000005,25.997,18.92141400930877,1.8181683773983817,2.12425203400176,Other sectors,FAAt307I / FAAt307ESI / FAAt105,90 + 93,"Arts, entertainment, and recreation + Accommodation and food services",Arts/entertainment/recreation plus accommodation/food services.,"BEA Fixed Assets Tables 3.7I, 3.7ESI, and 1.5; fetched with BeaData.jl."
1991,"Other services, except government",14,service_detail,1.626,13.249,12.27262434900747,0.6010046313579526,1.0825947301030627,Other sectors,FAAt307I / FAAt307ESI / FAAt105,96,"Other services, except government",Direct Table 3.7 mapping.,"BEA Fixed Assets Tables 3.7I, 3.7ESI, and 1.5; fetched with BeaData.jl."
1991,Services,15,services_total,34.924,145.855,23.944328271228276,12.90866282013846,11.918020556961444,Other sectors,FAAt307I / FAAt307ESI / FAAt105,76 + 80 + 81 + 84 + 85 + 90 + 93 + 96,Sum of Table 3.7 service detail rows,Total services constructed as the sum of the four Table 6D-style service detail rows.,"BEA Fixed Assets Tables 3.7I, 3.7ESI, and 1.5; fetched with BeaData.jl."
1991,Government,16,sector,91.418,288.947,31.638328136301816,33.79006235515456,23.610272434077263,Other sectors,FAAt307I / FAAt307ESI / FAAt105,FAAt105 line 13 / line 10,Government intellectual property products / government nonresidential fixed investment,Government added from Fixed Assets Table 1.5.,"BEA Fixed Assets Tables 3.7I, 3.7ESI, and 1.5; fetched with BeaData.jl."
1991,Total,17,total,270.547,1223.819,22.106782130364053,100.0,100.0,Total,FAAt307I / FAAt307ESI / FAAt105,FAAt307I line 1 + FAAt105 line 13 / FAAt307ESI line 1 + FAAt105 line 10,Private plus government intellectual property products / private fixed assets by industry plus government nonresidential fixed investment,Total constructed as private industry-owner investment plus government nonresidential investment.,"BEA Fixed Assets Tables 3.7I, 3.7ESI, and 1.5; fetched with BeaData.jl."
1992,"Agriculture, forestry, fishing, and hunting",1,sector,0.16,15.207,1.0521470375484974,0.057291405573021474,1.194615393075363,Griliches measurable sectors,FAAt307I / FAAt307ESI / FAAt105,2,"Agriculture, forestry, fishing, and hunting",Direct Table 3.7 mapping.,"BEA Fixed Assets Tables 3.7I, 3.7ESI, and 1.5; fetched with BeaData.jl."
1992,Mining,2,sector,0.667,24.811,2.688323727378985,0.23883354698253328,1.9490762489375173,Griliches measurable sectors,FAAt307I / FAAt307ESI / FAAt105,5,Mining,Direct Table 3.7 mapping.,"BEA Fixed Assets Tables 3.7I, 3.7ESI, and 1.5; fetched with BeaData.jl."
1992,Utilities,3,sector,2.201,44.79,4.914043313239563,0.7881148979138767,3.5185653617311434,Griliches measurable sectors,FAAt307I / FAAt307ESI / FAAt105,9,Utilities,Direct Table 3.7 mapping.,"BEA Fixed Assets Tables 3.7I, 3.7ESI, and 1.5; fetched with BeaData.jl."
1992,Construction,4,sector,0.555,7.827,7.09083940206976,0.1987295630814183,0.614865172723145,Other sectors,FAAt307I / FAAt307ESI / FAAt105,13,Construction,Direct Table 3.7 mapping.,"BEA Fixed Assets Tables 3.7I, 3.7ESI, and 1.5; fetched with BeaData.jl."
1992,Manufacturing,5,sector,81.422,192.158,42.37242269382487,29.154880153540965,15.095344558596407,Griliches measurable sectors,FAAt307I / FAAt307ESI / FAAt105,14,Manufacturing,Direct Table 3.7 mapping.,"BEA Fixed Assets Tables 3.7I, 3.7ESI, and 1.5; fetched with BeaData.jl."
1992,Wholesale trade,6,sector,3.362,26.26,12.802741812642802,1.2038356596031137,2.0629052556164287,Other sectors,FAAt307I / FAAt307ESI / FAAt105,40,Wholesale trade,Direct Table 3.7 mapping.,"BEA Fixed Assets Tables 3.7I, 3.7ESI, and 1.5; fetched with BeaData.jl."
1992,Retail trade,7,sector,2.402,35.846,6.700887128270938,0.860087226164985,2.8159520865508942,Other sectors,FAAt307I / FAAt307ESI / FAAt105,43,Retail trade,Direct Table 3.7 mapping.,"BEA Fixed Assets Tables 3.7I, 3.7ESI, and 1.5; fetched with BeaData.jl."
1992,Transportation and warehousing,8,sector,0.883,31.98,2.761100687929956,0.3161769445061123,2.512250954859611,Griliches measurable sectors,FAAt307I / FAAt307ESI / FAAt105,48,Transportation and warehousing,Direct Table 3.7 mapping.,"BEA Fixed Assets Tables 3.7I, 3.7ESI, and 1.5; fetched with BeaData.jl."
1992,Information,9,sector,41.722,99.173,42.06991822371008,14.939450145735012,7.790727452979743,Other sectors,FAAt307I / FAAt307ESI / FAAt105,57,Information,Direct Table 3.7 mapping.,"BEA Fixed Assets Tables 3.7I, 3.7ESI, and 1.5; fetched with BeaData.jl."
1992,"Finance, insurance, real estate, rental, and leasing",10,sector,16.153,350.75399999999996,4.6052218934067755,5.783925463881349,27.55416108257748,Other sectors,FAAt307I / FAAt307ESI / FAAt105,62 + 73,Finance and insurance + Real estate and rental and leasing,Finance/insurance plus real estate/rental/leasing.,"BEA Fixed Assets Tables 3.7I, 3.7ESI, and 1.5; fetched with BeaData.jl."
1992,Professional and business services,11,service_detail,24.708,58.099000000000004,42.527410110328915,8.84722530561384,4.564079681875815,Other sectors,FAAt307I / FAAt307ESI / FAAt105,76 + 80 + 81,"Professional, scientific, and technical services + Management of companies and enterprises (5) + Administrative and waste management services",Professional/scientific/technical plus management plus administrative/waste-management services.,"BEA Fixed Assets Tables 3.7I, 3.7ESI, and 1.5; fetched with BeaData.jl."
1992,"Educational services, health care, and social assistance",12,service_detail,6.182,57.785,10.698278099852905,2.2135966828276175,4.539412802581696,Other sectors,FAAt307I / FAAt307ESI / FAAt105,84 + 85,Educational services + Health and social assistance,Educational services plus health care/social assistance.,"BEA Fixed Assets Tables 3.7I, 3.7ESI, and 1.5; fetched with BeaData.jl."
1992,"Arts, entertainment, recreation, accommodation, and food services",13,service_detail,5.436999999999999,25.133000000000003,21.63291290335415,1.9468335756282358,1.9743715837550533,Other sectors,FAAt307I / FAAt307ESI / FAAt105,90 + 93,"Arts, entertainment, and recreation + Accommodation and food services",Arts/entertainment/recreation plus accommodation/food services.,"BEA Fixed Assets Tables 3.7I, 3.7ESI, and 1.5; fetched with BeaData.jl."
1992,"Other services, except government",14,service_detail,1.813,13.371,13.559195273352776,0.6491832393992996,1.0503848504511526,Other sectors,FAAt307I / FAAt307ESI / FAAt105,96,"Other services, except government",Direct Table 3.7 mapping.,"BEA Fixed Assets Tables 3.7I, 3.7ESI, and 1.5; fetched with BeaData.jl."
1992,Services,15,services_total,38.13999999999999,154.388,24.703992538280172,13.656838803468993,12.128248918663717,Other sectors,FAAt307I / FAAt307ESI / FAAt105,76 + 80 + 81 + 84 + 85 + 90 + 93 + 96,Sum of Table 3.7 service detail rows,Total services constructed as the sum of the four Table 6D-style service detail rows.,"BEA Fixed Assets Tables 3.7I, 3.7ESI, and 1.5; fetched with BeaData.jl."
1992,Government,16,sector,91.607,289.766,31.61413002215581,32.80183618954862,22.763130399807693,Other sectors,FAAt307I / FAAt307ESI / FAAt105,FAAt105 line 13 / line 10,Government intellectual property products / government nonresidential fixed investment,Government added from Fixed Assets Table 1.5.,"BEA Fixed Assets Tables 3.7I, 3.7ESI, and 1.5; fetched with BeaData.jl."
1992,Total,17,total,279.274,1272.962,21.93891098084625,100.0,100.0,Total,FAAt307I / FAAt307ESI / FAAt105,FAAt307I line 1 + FAAt105 line 13 / FAAt307ESI line 1 + FAAt105 line 10,Private plus government intellectual property products / private fixed assets by industry plus government nonresidential fixed investment,Total constructed as private industry-owner investment plus government nonresidential investment.,"BEA Fixed Assets Tables 3.7I, 3.7ESI, and 1.5; fetched with BeaData.jl."
1993,"Agriculture, forestry, fishing, and hunting",1,sector,0.198,18.705,1.058540497193264,0.0686763160359198,1.370380871373216,Griliches measurable sectors,FAAt307I / FAAt307ESI / FAAt105,2,"Agriculture, forestry, fishing, and hunting",Direct Table 3.7 mapping.,"BEA Fixed Assets Tables 3.7I, 3.7ESI, and 1.5; fetched with BeaData.jl."
1993,Mining,2,sector,1.05,31.324,3.3520623164346826,0.36419258503896856,2.2948842777275926,Griliches measurable sectors,FAAt307I / FAAt307ESI / FAAt105,5,Mining,Direct Table 3.7 mapping.,"BEA Fixed Assets Tables 3.7I, 3.7ESI, and 1.5; fetched with BeaData.jl."
1993,Utilities,3,sector,2.965,49.371,6.0055498166940104,1.0284104901338493,3.6170582197576615,Griliches measurable sectors,FAAt307I / FAAt307ESI / FAAt105,9,Utilities,Direct Table 3.7 mapping.,"BEA Fixed Assets Tables 3.7I, 3.7ESI, and 1.5; fetched with BeaData.jl."
1993,Construction,4,sector,1.046,11.612,9.00792283844299,0.3628051847150106,0.8507277561286173,Other sectors,FAAt307I / FAAt307ESI / FAAt105,13,Construction,Direct Table 3.7 mapping.,"BEA Fixed Assets Tables 3.7I, 3.7ESI, and 1.5; fetched with BeaData.jl."
1993,Manufacturing,5,sector,81.404,193.079,42.16098073845421,28.23498399286876,14.145510198549543,Griliches measurable sectors,FAAt307I / FAAt307ESI / FAAt105,14,Manufacturing,Direct Table 3.7 mapping.,"BEA Fixed Assets Tables 3.7I, 3.7ESI, and 1.5; fetched with BeaData.jl."
1993,Wholesale trade,6,sector,4.178,34.605,12.073399797717094,1.4491396383741055,2.5352595591483635,Other sectors,FAAt307I / FAAt307ESI / FAAt105,40,Wholesale trade,Direct Table 3.7 mapping.,"BEA Fixed Assets Tables 3.7I, 3.7ESI, and 1.5; fetched with BeaData.jl."
1993,Retail trade,7,sector,2.638,37.739,6.99011632528684,0.9149905136502849,2.764865207418006,Other sectors,FAAt307I / FAAt307ESI / FAAt105,43,Retail trade,Direct Table 3.7 mapping.,"BEA Fixed Assets Tables 3.7I, 3.7ESI, and 1.5; fetched with BeaData.jl."
1993,Transportation and warehousing,8,sector,1.6,37.801,4.232692256818602,0.5549601295831902,2.769407501672224,Griliches measurable sectors,FAAt307I / FAAt307ESI / FAAt105,48,Transportation and warehousing,Direct Table 3.7 mapping.,"BEA Fixed Assets Tables 3.7I, 3.7ESI, and 1.5; fetched with BeaData.jl."
1993,Information,9,sector,45.918,103.462,44.38151205273434,15.92666201887558,7.579916905320272,Other sectors,FAAt307I / FAAt307ESI / FAAt105,57,Information,Direct Table 3.7 mapping.,"BEA Fixed Assets Tables 3.7I, 3.7ESI, and 1.5; fetched with BeaData.jl."
1993,"Finance, insurance, real estate, rental, and leasing",10,sector,16.919,400.544,4.224005352720301,5.868356520261247,29.344979189698662,Other sectors,FAAt307I / FAAt307ESI / FAAt105,62 + 73,Finance and insurance + Real estate and rental and leasing,Finance/insurance plus real estate/rental/leasing.,"BEA Fixed Assets Tables 3.7I, 3.7ESI, and 1.5; fetched with BeaData.jl."
1993,Professional and business services,11,service_detail,25.737000000000002,58.923,43.67903874548139,8.926880534426605,4.316864586149372,Other sectors,FAAt307I / FAAt307ESI / FAAt105,76 + 80 + 81,"Professional, scientific, and technical services + Management of companies and enterprises (5) + Administrative and waste management services",Professional/scientific/technical plus management plus administrative/waste-management services.,"BEA Fixed Assets Tables 3.7I, 3.7ESI, and 1.5; fetched with BeaData.jl."
1993,"Educational services, health care, and social assistance",12,service_detail,5.681,58.681,9.681157444487996,1.970455310101315,4.2991349859958135,Other sectors,FAAt307I / FAAt307ESI / FAAt105,84 + 85,Educational services + Health and social assistance,Educational services plus health care/social assistance.,"BEA Fixed Assets Tables 3.7I, 3.7ESI, and 1.5; fetched with BeaData.jl."
1993,"Arts, entertainment, recreation, accommodation, and food services",13,service_detail,5.726999999999999,29.427,19.46171882964624,1.9864104138268313,2.1559047261106454,Other sectors,FAAt307I / FAAt307ESI / FAAt105,90 + 93,"Arts, entertainment, and recreation + Accommodation and food services",Arts/entertainment/recreation plus accommodation/food services.,"BEA Fixed Assets Tables 3.7I, 3.7ESI, and 1.5; fetched with BeaData.jl."
1993,"Other services, except government",14,service_detail,1.851,14.056,13.168753557199773,0.6420194999115532,1.0297820651174512,Other sectors,FAAt307I / FAAt307ESI / FAAt105,96,"Other services, except government",Direct Table 3.7 mapping.,"BEA Fixed Assets Tables 3.7I, 3.7ESI, and 1.5; fetched with BeaData.jl."
1993,Services,15,services_total,38.996,161.08700000000002,24.208036651002253,13.525765758266305,11.801686363373285,Other sectors,FAAt307I / FAAt307ESI / FAAt105,76 + 80 + 81 + 84 + 85 + 90 + 93 + 96,Sum of Table 3.7 service detail rows,Total services constructed as the sum of the four Table 6D-style service detail rows.,"BEA Fixed Assets Tables 3.7I, 3.7ESI, and 1.5; fetched with BeaData.jl."
1993,Government,16,sector,91.397,285.62,31.999509838246624,31.701056852196775,20.925323949832556,Other sectors,FAAt307I / FAAt307ESI / FAAt105,FAAt105 line 13 / line 10,Government intellectual property products / government nonresidential fixed investment,Government added from Fixed Assets Table 1.5.,"BEA Fixed Assets Tables 3.7I, 3.7ESI, and 1.5; fetched with BeaData.jl."
1993,Total,17,total,288.309,1364.949,21.122327647406607,100.0,99.99999999999999,Total,FAAt307I / FAAt307ESI / FAAt105,FAAt307I line 1 + FAAt105 line 13 / FAAt307ESI line 1 + FAAt105 line 10,Private plus government intellectual property products / private fixed assets by industry plus government nonresidential fixed investment,Total constructed as private industry-owner investment plus government nonresidential investment.,"BEA Fixed Assets Tables 3.7I, 3.7ESI, and 1.5; fetched with BeaData.jl."
1994,"Agriculture, forestry, fishing, and hunting",1,sector,0.186,21.426,0.8681041725007003,0.062470821759997845,1.4545489106157765,Griliches measurable sectors,FAAt307I / FAAt307ESI / FAAt105,2,"Agriculture, forestry, fishing, and hunting",Direct Table 3.7 mapping.,"BEA Fixed Assets Tables 3.7I, 3.7ESI, and 1.5; fetched with BeaData.jl."
1994,Mining,2,sector,1.131,33.856,3.3406190926275987,0.37986290005676104,2.298385509092119,Griliches measurable sectors,FAAt307I / FAAt307ESI / FAAt105,5,Mining,Direct Table 3.7 mapping.,"BEA Fixed Assets Tables 3.7I, 3.7ESI, and 1.5; fetched with BeaData.jl."
1994,Utilities,3,sector,2.547,40.49,6.2904420844653,0.8554472205522285,2.748748501392364,Griliches measurable sectors,FAAt307I / FAAt307ESI / FAAt105,9,Utilities,Direct Table 3.7 mapping.,"BEA Fixed Assets Tables 3.7I, 3.7ESI, and 1.5; fetched with BeaData.jl."
1994,Construction,4,sector,1.422,15.585,9.124157844080846,0.477599508294177,1.0580203851370709,Other sectors,FAAt307I / FAAt307ESI / FAAt105,13,Construction,Direct Table 3.7 mapping.,"BEA Fixed Assets Tables 3.7I, 3.7ESI, and 1.5; fetched with BeaData.jl."
1994,Manufacturing,5,sector,88.232,214.376,41.15759226779117,29.634008309291023,14.553364009248938,Griliches measurable sectors,FAAt307I / FAAt307ESI / FAAt105,14,Manufacturing,Direct Table 3.7 mapping.,"BEA Fixed Assets Tables 3.7I, 3.7ESI, and 1.5; fetched with BeaData.jl."
1994,Wholesale trade,6,sector,4.219,42.151,10.009252449526702,1.4170128871259726,2.8615089672064595,Other sectors,FAAt307I / FAAt307ESI / FAAt105,40,Wholesale trade,Direct Table 3.7 mapping.,"BEA Fixed Assets Tables 3.7I, 3.7ESI, and 1.5; fetched with BeaData.jl."
1994,Retail trade,7,sector,2.481,41.634,5.959071912379305,0.8332801547664228,2.8264113387742573,Other sectors,FAAt307I / FAAt307ESI / FAAt105,43,Retail trade,Direct Table 3.7 mapping.,"BEA Fixed Assets Tables 3.7I, 3.7ESI, and 1.5; fetched with BeaData.jl."
1994,Transportation and warehousing,8,sector,2.327,45.196,5.148685724400389,0.7815570012662095,3.068225173349698,Griliches measurable sectors,FAAt307I / FAAt307ESI / FAAt105,48,Transportation and warehousing,Direct Table 3.7 mapping.,"BEA Fixed Assets Tables 3.7I, 3.7ESI, and 1.5; fetched with BeaData.jl."
1994,Information,9,sector,47.212,110.365,42.7780546368867,15.85684105877967,7.492359307388695,Other sectors,FAAt307I / FAAt307ESI / FAAt105,57,Information,Direct Table 3.7 mapping.,"BEA Fixed Assets Tables 3.7I, 3.7ESI, and 1.5; fetched with BeaData.jl."
1994,"Finance, insurance, real estate, rental, and leasing",10,sector,16.948,454.20399999999995,3.7313629998855142,5.692233802088405,30.83459037605377,Other sectors,FAAt307I / FAAt307ESI / FAAt105,62 + 73,Finance and insurance + Real estate and rental and leasing,Finance/insurance plus real estate/rental/leasing.,"BEA Fixed Assets Tables 3.7I, 3.7ESI, and 1.5; fetched with BeaData.jl."
1994,Professional and business services,11,service_detail,25.283,60.152,42.03185263997872,8.49166551912917,4.083544575345851,Other sectors,FAAt307I / FAAt307ESI / FAAt105,76 + 80 + 81,"Professional, scientific, and technical services + Management of companies and enterprises (5) + Administrative and waste management services",Professional/scientific/technical plus management plus administrative/waste-management services.,"BEA Fixed Assets Tables 3.7I, 3.7ESI, and 1.5; fetched with BeaData.jl."
1994,"Educational services, health care, and social assistance",12,service_detail,5.543,57.595,9.62409931417658,1.8616976613745597,3.9099572718620204,Other sectors,FAAt307I / FAAt307ESI / FAAt105,84 + 85,Educational services + Health and social assistance,Educational services plus health care/social assistance.,"BEA Fixed Assets Tables 3.7I, 3.7ESI, and 1.5; fetched with BeaData.jl."
1994,"Arts, entertainment, recreation, accommodation, and food services",13,service_detail,6.3389999999999995,32.153,19.715112120175412,2.1290459093367007,2.1827737852622544,Other sectors,FAAt307I / FAAt307ESI / FAAt105,90 + 93,"Arts, entertainment, and recreation + Accommodation and food services",Arts/entertainment/recreation plus accommodation/food services.,"BEA Fixed Assets Tables 3.7I, 3.7ESI, and 1.5; fetched with BeaData.jl."
1994,"Other services, except government",14,service_detail,1.836,15.067,12.185571115683281,0.61664746640514,1.0228548696092554,Other sectors,FAAt307I / FAAt307ESI / FAAt105,96,"Other services, except government",Direct Table 3.7 mapping.,"BEA Fixed Assets Tables 3.7I, 3.7ESI, and 1.5; fetched with BeaData.jl."
1994,Services,15,services_total,39.001,164.96700000000004,23.641698036577004,13.09905655624557,11.199130502079385,Other sectors,FAAt307I / FAAt307ESI / FAAt105,76 + 80 + 81 + 84 + 85 + 90 + 93 + 96,Sum of Table 3.7 service detail rows,Total services constructed as the sum of the four Table 6D-style service detail rows.,"BEA Fixed Assets Tables 3.7I, 3.7ESI, and 1.5; fetched with BeaData.jl."
1994,Government,16,sector,92.034,288.786,31.869273441233307,30.91096564440668,19.604842793852686,Other sectors,FAAt307I / FAAt307ESI / FAAt105,FAAt105 line 13 / line 10,Government intellectual property products / government nonresidential fixed investment,Government added from Fixed Assets Table 1.5.,"BEA Fixed Assets Tables 3.7I, 3.7ESI, and 1.5; fetched with BeaData.jl."
1994,Total,17,total,297.73900000000003,1473.034,20.21263596088074,100.0,100.00000000000001,Total,FAAt307I / FAAt307ESI / FAAt105,FAAt307I line 1 + FAAt105 line 13 / FAAt307ESI line 1 + FAAt105 line 10,Private plus government intellectual property products / private fixed assets by industry plus government nonresidential fixed investment,Total constructed as private industry-owner investment plus government nonresidential investment.,"BEA Fixed Assets Tables 3.7I, 3.7ESI, and 1.5; fetched with BeaData.jl."
1995,"Agriculture, forestry, fishing, and hunting",1,sector,0.196,22.9,0.8558951965065503,0.06107954988111303,1.4448195647496835,Griliches measurable sectors,FAAt307I / FAAt307ESI / FAAt105,2,"Agriculture, forestry, fishing, and hunting",Direct Table 3.7 mapping.,"BEA Fixed Assets Tables 3.7I, 3.7ESI, and 1.5; fetched with BeaData.jl."
1995,Mining,2,sector,1.492,35.45,4.208744710860366,0.46495249195214605,2.2366311602784403,Griliches measurable sectors,FAAt307I / FAAt307ESI / FAAt105,5,Mining,Direct Table 3.7 mapping.,"BEA Fixed Assets Tables 3.7I, 3.7ESI, and 1.5; fetched with BeaData.jl."
1995,Utilities,3,sector,2.958,46.733,6.329574390687523,0.9218025946343487,2.948504485565369,Griliches measurable sectors,FAAt307I / FAAt307ESI / FAAt105,9,Utilities,Direct Table 3.7 mapping.,"BEA Fixed Assets Tables 3.7I, 3.7ESI, and 1.5; fetched with BeaData.jl."
1995,Construction,4,sector,1.879,19.951,9.418074281990878,0.5855534399316907,1.258759612939779,Other sectors,FAAt307I / FAAt307ESI / FAAt105,13,Construction,Direct Table 3.7 mapping.,"BEA Fixed Assets Tables 3.7I, 3.7ESI, and 1.5; fetched with BeaData.jl."
1995,Manufacturing,5,sector,101.852,248.952,40.9123043799608,31.740175073934306,15.707018352994027,Griliches measurable sectors,FAAt307I / FAAt307ESI / FAAt105,14,Manufacturing,Direct Table 3.7 mapping.,"BEA Fixed Assets Tables 3.7I, 3.7ESI, and 1.5; fetched with BeaData.jl."
1995,Wholesale trade,6,sector,4.421,46.642,9.478581535954719,1.3777178062469424,2.9427630628408186,Other sectors,FAAt307I / FAAt307ESI / FAAt105,40,Wholesale trade,Direct Table 3.7 mapping.,"BEA Fixed Assets Tables 3.7I, 3.7ESI, and 1.5; fetched with BeaData.jl."
1995,Retail trade,7,sector,2.582,46.337,5.572220903381746,0.8046295805767032,2.9235198328299603,Other sectors,FAAt307I / FAAt307ESI / FAAt105,43,Retail trade,Direct Table 3.7 mapping.,"BEA Fixed Assets Tables 3.7I, 3.7ESI, and 1.5; fetched with BeaData.jl."
1995,Transportation and warehousing,8,sector,2.858,53.598,5.332288518228292,0.8906395589807196,3.3816348922032113,Griliches measurable sectors,FAAt307I / FAAt307ESI / FAAt105,48,Transportation and warehousing,Direct Table 3.7 mapping.,"BEA Fixed Assets Tables 3.7I, 3.7ESI, and 1.5; fetched with BeaData.jl."
1995,Information,9,sector,52.288,119.68,43.689839572192504,16.294528082569578,7.550917271145944,Other sectors,FAAt307I / FAAt307ESI / FAAt105,57,Information,Direct Table 3.7 mapping.,"BEA Fixed Assets Tables 3.7I, 3.7ESI, and 1.5; fetched with BeaData.jl."
1995,"Finance, insurance, real estate, rental, and leasing",10,sector,15.419,464.164,3.32188622986703,4.80502846743307,29.285293818885243,Other sectors,FAAt307I / FAAt307ESI / FAAt105,62 + 73,Finance and insurance + Real estate and rental and leasing,Finance/insurance plus real estate/rental/leasing.,"BEA Fixed Assets Tables 3.7I, 3.7ESI, and 1.5; fetched with BeaData.jl."
1995,Professional and business services,11,service_detail,26.898,66.745,40.2996479137014,8.382233330113154,4.21111274450732,Other sectors,FAAt307I / FAAt307ESI / FAAt105,76 + 80 + 81,"Professional, scientific, and technical services + Management of companies and enterprises (5) + Administrative and waste management services",Professional/scientific/technical plus management plus administrative/waste-management services.,"BEA Fixed Assets Tables 3.7I, 3.7ESI, and 1.5; fetched with BeaData.jl."
1995,"Educational services, health care, and social assistance",12,service_detail,5.710000000000001,57.986000000000004,9.847204497637362,1.7794093358222216,3.658485034129919,Other sectors,FAAt307I / FAAt307ESI / FAAt105,84 + 85,Educational services + Health and social assistance,Educational services plus health care/social assistance.,"BEA Fixed Assets Tables 3.7I, 3.7ESI, and 1.5; fetched with BeaData.jl."
1995,"Arts, entertainment, recreation, accommodation, and food services",13,service_detail,6.427,36.135999999999996,17.785587779499668,2.0028483014587417,2.2799126546635176,Other sectors,FAAt307I / FAAt307ESI / FAAt105,90 + 93,"Arts, entertainment, and recreation + Accommodation and food services",Arts/entertainment/recreation plus accommodation/food services.,"BEA Fixed Assets Tables 3.7I, 3.7ESI, and 1.5; fetched with BeaData.jl."
1995,"Other services, except government",14,service_detail,1.87,15.995,11.691153485464207,0.582748766722864,1.0091654558153358,Other sectors,FAAt307I / FAAt307ESI / FAAt105,96,"Other services, except government",Direct Table 3.7 mapping.,"BEA Fixed Assets Tables 3.7I, 3.7ESI, and 1.5; fetched with BeaData.jl."
1995,Services,15,services_total,40.905,176.86200000000002,23.128201648743083,12.747239734116981,11.158675889116093,Other sectors,FAAt307I / FAAt307ESI / FAAt105,76 + 80 + 81 + 84 + 85 + 90 + 93 + 96,Sum of Table 3.7 service detail rows,Total services constructed as the sum of the four Table 6D-style service detail rows.,"BEA Fixed Assets Tables 3.7I, 3.7ESI, and 1.5; fetched with BeaData.jl."
1995,Government,16,sector,94.044,303.703,30.96577906704906,29.306965250098944,19.16139896389402,Other sectors,FAAt307I / FAAt307ESI / FAAt105,FAAt105 line 13 / line 10,Government intellectual property products / government nonresidential fixed investment,Government added from Fixed Assets Table 1.5.,"BEA Fixed Assets Tables 3.7I, 3.7ESI, and 1.5; fetched with BeaData.jl."
1995,Total,17,total,320.893,1584.973,20.24596002581747,100.0,100.0,Total,FAAt307I / FAAt307ESI / FAAt105,FAAt307I line 1 + FAAt105 line 13 / FAAt307ESI line 1 + FAAt105 line 10,Private plus government intellectual property products / private fixed assets by industry plus government nonresidential fixed investment,Total constructed as private industry-owner investment plus government nonresidential investment.,"BEA Fixed Assets Tables 3.7I, 3.7ESI, and 1.5; fetched with BeaData.jl."
1996,"Agriculture, forestry, fishing, and hunting",1,sector,0.196,24.637,0.7955514064212363,0.05619346607606187,1.4313277006673564,Griliches measurable sectors,FAAt307I / FAAt307ESI / FAAt105,2,"Agriculture, forestry, fishing, and hunting",Direct Table 3.7 mapping.,"BEA Fixed Assets Tables 3.7I, 3.7ESI, and 1.5; fetched with BeaData.jl."
1996,Mining,2,sector,1.87,34.749,5.38144982589427,0.5361315385828351,2.018801244895481,Griliches measurable sectors,FAAt307I / FAAt307ESI / FAAt105,5,Mining,Direct Table 3.7 mapping.,"BEA Fixed Assets Tables 3.7I, 3.7ESI, and 1.5; fetched with BeaData.jl."
1996,Utilities,3,sector,3.147,47.195,6.668079245682805,0.90224917214983,2.7418724208708807,Griliches measurable sectors,FAAt307I / FAAt307ESI / FAAt105,9,Utilities,Direct Table 3.7 mapping.,"BEA Fixed Assets Tables 3.7I, 3.7ESI, and 1.5; fetched with BeaData.jl."
1996,Construction,4,sector,2.844,25.364,11.212742469642011,0.8153786608179588,1.473563980993093,Other sectors,FAAt307I / FAAt307ESI / FAAt105,13,Construction,Direct Table 3.7 mapping.,"BEA Fixed Assets Tables 3.7I, 3.7ESI, and 1.5; fetched with BeaData.jl."
1996,Manufacturing,5,sector,117.016,276.888,42.261130854352665,33.54864605283906,16.0862712336073,Griliches measurable sectors,FAAt307I / FAAt307ESI / FAAt105,14,Manufacturing,Direct Table 3.7 mapping.,"BEA Fixed Assets Tables 3.7I, 3.7ESI, and 1.5; fetched with BeaData.jl."
1996,Wholesale trade,6,sector,4.257,49.333,8.629112358867289,1.22048767900916,2.866083104965,Other sectors,FAAt307I / FAAt307ESI / FAAt105,40,Wholesale trade,Direct Table 3.7 mapping.,"BEA Fixed Assets Tables 3.7I, 3.7ESI, and 1.5; fetched with BeaData.jl."
1996,Retail trade,7,sector,2.501,47.939,5.217046663468158,0.7170400951848507,2.7850963446155133,Other sectors,FAAt307I / FAAt307ESI / FAAt105,43,Retail trade,Direct Table 3.7 mapping.,"BEA Fixed Assets Tables 3.7I, 3.7ESI, and 1.5; fetched with BeaData.jl."
1996,Transportation and warehousing,8,sector,3.519,54.757,6.426575597640485,1.0089020771513353,3.181199452264579,Griliches measurable sectors,FAAt307I / FAAt307ESI / FAAt105,48,Transportation and warehousing,Direct Table 3.7 mapping.,"BEA Fixed Assets Tables 3.7I, 3.7ESI, and 1.5; fetched with BeaData.jl."
1996,Information,9,sector,57.979,130.165,44.54269580916529,16.62265800828567,7.562153271801212,Other sectors,FAAt307I / FAAt307ESI / FAAt105,57,Information,Direct Table 3.7 mapping.,"BEA Fixed Assets Tables 3.7I, 3.7ESI, and 1.5; fetched with BeaData.jl."
1996,"Finance, insurance, real estate, rental, and leasing",10,sector,15.966000000000001,518.179,3.0811746520024936,4.5774738743387955,30.1044752447177,Other sectors,FAAt307I / FAAt307ESI / FAAt105,62 + 73,Finance and insurance + Real estate and rental and leasing,Finance/insurance plus real estate/rental/leasing.,"BEA Fixed Assets Tables 3.7I, 3.7ESI, and 1.5; fetched with BeaData.jl."
1996,Professional and business services,11,service_detail,28.907999999999998,71.164,40.62166263841267,8.287962843504063,4.134391544842788,Other sectors,FAAt307I / FAAt307ESI / FAAt105,76 + 80 + 81,"Professional, scientific, and technical services + Management of companies and enterprises (5) + Administrative and waste management services",Professional/scientific/technical plus management plus administrative/waste-management services.,"BEA Fixed Assets Tables 3.7I, 3.7ESI, and 1.5; fetched with BeaData.jl."
1996,"Educational services, health care, and social assistance",12,service_detail,6.105,61.221,9.97206840789925,1.7503117877263148,3.5567363381319246,Other sectors,FAAt307I / FAAt307ESI / FAAt105,84 + 85,Educational services + Health and social assistance,Educational services plus health care/social assistance.,"BEA Fixed Assets Tables 3.7I, 3.7ESI, and 1.5; fetched with BeaData.jl."
1996,"Arts, entertainment, recreation, accommodation, and food services",13,service_detail,6.747,41.751,16.16009197384494,1.9343740592611707,2.4255941401373056,Other sectors,FAAt307I / FAAt307ESI / FAAt105,90 + 93,"Arts, entertainment, and recreation + Accommodation and food services",Arts/entertainment/recreation plus accommodation/food services.,"BEA Fixed Assets Tables 3.7I, 3.7ESI, and 1.5; fetched with BeaData.jl."
1996,"Other services, except government",14,service_detail,2.249,16.342,13.762085424060704,0.6447913530870568,0.9494158089177228,Other sectors,FAAt307I / FAAt307ESI / FAAt105,96,"Other services, except government",Direct Table 3.7 mapping.,"BEA Fixed Assets Tables 3.7I, 3.7ESI, and 1.5; fetched with BeaData.jl."
1996,Services,15,services_total,44.009,190.47799999999995,23.104505507197686,12.617440043578604,11.066137832029739,Other sectors,FAAt307I / FAAt307ESI / FAAt105,76 + 80 + 81 + 84 + 85 + 90 + 93 + 96,Sum of Table 3.7 service detail rows,Total services constructed as the sum of the four Table 6D-style service detail rows.,"BEA Fixed Assets Tables 3.7I, 3.7ESI, and 1.5; fetched with BeaData.jl."
1996,Government,16,sector,95.492,321.586,29.694078722332442,27.37768603334337,18.68307626524384,Other sectors,FAAt307I / FAAt307ESI / FAAt105,FAAt105 line 13 / line 10,Government intellectual property products / government nonresidential fixed investment,Government added from Fixed Assets Table 1.5.,"BEA Fixed Assets Tables 3.7I, 3.7ESI, and 1.5; fetched with BeaData.jl."
1996,Total,17,total,348.795,1721.269,20.263828605523017,100.0,100.0,Total,FAAt307I / FAAt307ESI / FAAt105,FAAt307I line 1 + FAAt105 line 13 / FAAt307ESI line 1 + FAAt105 line 10,Private plus government intellectual property products / private fixed assets by industry plus government nonresidential fixed investment,Total constructed as private industry-owner investment plus government nonresidential investment.,"BEA Fixed Assets Tables 3.7I, 3.7ESI, and 1.5; fetched with BeaData.jl."
1997,"Agriculture, forestry, fishing, and hunting",1,sector,0.237,26.885,0.8815324530407289,0.06135080493809263,1.4618595222870368,Griliches measurable sectors,FAAt307I / FAAt307ESI / FAAt105,2,"Agriculture, forestry, fishing, and hunting",Direct Table 3.7 mapping.,"BEA Fixed Assets Tables 3.7I, 3.7ESI, and 1.5; fetched with BeaData.jl."
1997,Mining,2,sector,2.64,41.011,6.4372973104776765,0.6834013714622977,2.229954281886318,Griliches measurable sectors,FAAt307I / FAAt307ESI / FAAt105,5,Mining,Direct Table 3.7 mapping.,"BEA Fixed Assets Tables 3.7I, 3.7ESI, and 1.5; fetched with BeaData.jl."
1997,Utilities,3,sector,3.624,43.188,8.391219783273131,0.9381237008255179,2.3483276566313016,Griliches measurable sectors,FAAt307I / FAAt307ESI / FAAt105,9,Utilities,Direct Table 3.7 mapping.,"BEA Fixed Assets Tables 3.7I, 3.7ESI, and 1.5; fetched with BeaData.jl."
1997,Construction,4,sector,3.684,27.743,13.279025339725338,0.9536555501769337,1.5085128780661803,Other sectors,FAAt307I / FAAt307ESI / FAAt105,13,Construction,Direct Table 3.7 mapping.,"BEA Fixed Assets Tables 3.7I, 3.7ESI, and 1.5; fetched with BeaData.jl."
1997,Manufacturing,5,sector,131.289,290.895,45.1327798690249,33.9860161583006,15.817281968967363,Griliches measurable sectors,FAAt307I / FAAt307ESI / FAAt105,14,Manufacturing,Direct Table 3.7 mapping.,"BEA Fixed Assets Tables 3.7I, 3.7ESI, and 1.5; fetched with BeaData.jl."
1997,Wholesale trade,6,sector,5.614,54.819,10.240974844488225,1.4532633709808103,2.9807579375954276,Other sectors,FAAt307I / FAAt307ESI / FAAt105,40,Wholesale trade,Direct Table 3.7 mapping.,"BEA Fixed Assets Tables 3.7I, 3.7ESI, and 1.5; fetched with BeaData.jl."
1997,Retail trade,7,sector,3.083,46.071,6.691845195459183,0.7980781925069181,2.5050894569940882,Other sectors,FAAt307I / FAAt307ESI / FAAt105,43,Retail trade,Direct Table 3.7 mapping.,"BEA Fixed Assets Tables 3.7I, 3.7ESI, and 1.5; fetched with BeaData.jl."
1997,Transportation and warehousing,8,sector,6.02,67.304,8.944490669202425,1.5583622182587245,3.6596240761765566,Griliches measurable sectors,FAAt307I / FAAt307ESI / FAAt105,48,Transportation and warehousing,Direct Table 3.7 mapping.,"BEA Fixed Assets Tables 3.7I, 3.7ESI, and 1.5; fetched with BeaData.jl."
1997,Information,9,sector,59.874,140.222,42.699433755045575,15.499232467777885,7.624506822917347,Other sectors,FAAt307I / FAAt307ESI / FAAt105,57,Information,Direct Table 3.7 mapping.,"BEA Fixed Assets Tables 3.7I, 3.7ESI, and 1.5; fetched with BeaData.jl."
1997,"Finance, insurance, real estate, rental, and leasing",10,sector,16.334,559.723,2.9182291955127804,4.22828712176711,30.434680951945953,Other sectors,FAAt307I / FAAt307ESI / FAAt105,62 + 73,Finance and insurance + Real estate and rental and leasing,Finance/insurance plus real estate/rental/leasing.,"BEA Fixed Assets Tables 3.7I, 3.7ESI, and 1.5; fetched with BeaData.jl."
1997,Professional and business services,11,service_detail,37.684,85.989,43.82421007338147,9.755036849312585,4.675612366075507,Other sectors,FAAt307I / FAAt307ESI / FAAt105,76 + 80 + 81,"Professional, scientific, and technical services + Management of companies and enterprises (5) + Administrative and waste management services",Professional/scientific/technical plus management plus administrative/waste-management services.,"BEA Fixed Assets Tables 3.7I, 3.7ESI, and 1.5; fetched with BeaData.jl."
1997,"Educational services, health care, and social assistance",12,service_detail,7.487,71.969,10.40309021940002,1.938115934900842,3.913281307772949,Other sectors,FAAt307I / FAAt307ESI / FAAt105,84 + 85,Educational services + Health and social assistance,Educational services plus health care/social assistance.,"BEA Fixed Assets Tables 3.7I, 3.7ESI, and 1.5; fetched with BeaData.jl."
1997,"Arts, entertainment, recreation, accommodation, and food services",13,service_detail,7.459,42.942,17.369940850449442,1.930867738536848,2.3349515196596586,Other sectors,FAAt307I / FAAt307ESI / FAAt105,90 + 93,"Arts, entertainment, and recreation + Accommodation and food services",Arts/entertainment/recreation plus accommodation/food services.,"BEA Fixed Assets Tables 3.7I, 3.7ESI, and 1.5; fetched with BeaData.jl."
1997,"Other services, except government",14,service_detail,2.937,19.614,14.973998164576322,0.7602840257518062,1.0665022380560885,Other sectors,FAAt307I / FAAt307ESI / FAAt105,96,"Other services, except government",Direct Table 3.7 mapping.,"BEA Fixed Assets Tables 3.7I, 3.7ESI, and 1.5; fetched with BeaData.jl."
1997,Services,15,services_total,55.56699999999999,220.51399999999998,25.19885358752732,14.38430454850208,11.990347431564203,Other sectors,FAAt307I / FAAt307ESI / FAAt105,76 + 80 + 81 + 84 + 85 + 90 + 93 + 96,Sum of Table 3.7 service detail rows,Total services constructed as the sum of the four Table 6D-style service detail rows.,"BEA Fixed Assets Tables 3.7I, 3.7ESI, and 1.5; fetched with BeaData.jl."
1997,Government,16,sector,98.339,320.718,30.662139324889775,25.456442222814733,17.43889389134662,Other sectors,FAAt307I / FAAt307ESI / FAAt105,FAAt105 line 13 / line 10,Government intellectual property products / government nonresidential fixed investment,Government added from Fixed Assets Table 1.5.,"BEA Fixed Assets Tables 3.7I, 3.7ESI, and 1.5; fetched with BeaData.jl."
1997,Total,17,total,386.303,1839.096,21.005048132343283,100.00000000000001,100.0,Total,FAAt307I / FAAt307ESI / FAAt105,FAAt307I line 1 + FAAt105 line 13 / FAAt307ESI line 1 + FAAt105 line 10,Private plus government intellectual property products / private fixed assets by industry plus government nonresidential fixed investment,Total constructed as private industry-owner investment plus government nonresidential investment.,"BEA Fixed Assets Tables 3.7I, 3.7ESI, and 1.5; fetched with BeaData.jl."
1998,"Agriculture, forestry, fishing, and hunting",1,sector,0.191,27.072,0.7055260047281324,0.045430543596671924,1.3521768338823388,Griliches measurable sectors,FAAt307I / FAAt307ESI / FAAt105,2,"Agriculture, forestry, fishing, and hunting",Direct Table 3.7 mapping.,"BEA Fixed Assets Tables 3.7I, 3.7ESI, and 1.5; fetched with BeaData.jl."
1998,Mining,2,sector,2.365,41.726,5.667928869290131,0.5625300293514612,2.084106477931977,Griliches measurable sectors,FAAt307I / FAAt307ESI / FAAt105,5,Mining,Direct Table 3.7 mapping.,"BEA Fixed Assets Tables 3.7I, 3.7ESI, and 1.5; fetched with BeaData.jl."
1998,Utilities,3,sector,3.049,46.974,6.4908247115425555,0.72522370380237,2.3462305923016022,Griliches measurable sectors,FAAt307I / FAAt307ESI / FAAt105,9,Utilities,Direct Table 3.7 mapping.,"BEA Fixed Assets Tables 3.7I, 3.7ESI, and 1.5; fetched with BeaData.jl."
1998,Construction,4,sector,3.638,32.103,11.332274242282653,0.8653210345795416,1.6034623558704464,Other sectors,FAAt307I / FAAt307ESI / FAAt105,13,Construction,Direct Table 3.7 mapping.,"BEA Fixed Assets Tables 3.7I, 3.7ESI, and 1.5; fetched with BeaData.jl."
1998,Manufacturing,5,sector,139.943,304.72,45.92511157784195,33.28631708140868,15.219980970029047,Griliches measurable sectors,FAAt307I / FAAt307ESI / FAAt105,14,Manufacturing,Direct Table 3.7 mapping.,"BEA Fixed Assets Tables 3.7I, 3.7ESI, and 1.5; fetched with BeaData.jl."
1998,Wholesale trade,6,sector,6.315,54.05,11.683626271970398,1.5020622136805402,2.699658609313697,Other sectors,FAAt307I / FAAt307ESI / FAAt105,40,Wholesale trade,Direct Table 3.7 mapping.,"BEA Fixed Assets Tables 3.7I, 3.7ESI, and 1.5; fetched with BeaData.jl."
1998,Retail trade,7,sector,3.956,55.685,7.104247104247104,0.9409593218242625,2.7813226579025576,Other sectors,FAAt307I / FAAt307ESI / FAAt105,43,Retail trade,Direct Table 3.7 mapping.,"BEA Fixed Assets Tables 3.7I, 3.7ESI, and 1.5; fetched with BeaData.jl."
1998,Transportation and warehousing,8,sector,5.163,73.11,7.061961427985229,1.2280518146053254,3.6516566313954564,Griliches measurable sectors,FAAt307I / FAAt307ESI / FAAt105,48,Transportation and warehousing,Direct Table 3.7 mapping.,"BEA Fixed Assets Tables 3.7I, 3.7ESI, and 1.5; fetched with BeaData.jl."
1998,Information,9,sector,68.834,158.468,43.437160814801736,16.372597057242487,7.915069389467585,Other sectors,FAAt307I / FAAt307ESI / FAAt105,57,Information,Direct Table 3.7 mapping.,"BEA Fixed Assets Tables 3.7I, 3.7ESI, and 1.5; fetched with BeaData.jl."
1998,"Finance, insurance, real estate, rental, and leasing",10,sector,21.35,621.659,3.4343587079089986,5.078230920360971,31.050269591255205,Other sectors,FAAt307I / FAAt307ESI / FAAt105,62 + 73,Finance and insurance + Real estate and rental and leasing,Finance/insurance plus real estate/rental/leasing.,"BEA Fixed Assets Tables 3.7I, 3.7ESI, and 1.5; fetched with BeaData.jl."
1998,Professional and business services,11,service_detail,43.08,99.821,43.15725148014947,10.246847215416892,4.985802442928818,Other sectors,FAAt307I / FAAt307ESI / FAAt105,76 + 80 + 81,"Professional, scientific, and technical services + Management of companies and enterprises (5) + Administrative and waste management services",Professional/scientific/technical plus management plus administrative/waste-management services.,"BEA Fixed Assets Tables 3.7I, 3.7ESI, and 1.5; fetched with BeaData.jl."
1998,"Educational services, health care, and social assistance",12,service_detail,7.643000000000001,78.643,9.718601782739723,1.8179353126144686,3.9280157634090123,Other sectors,FAAt307I / FAAt307ESI / FAAt105,84 + 85,Educational services + Health and social assistance,Educational services plus health care/social assistance.,"BEA Fixed Assets Tables 3.7I, 3.7ESI, and 1.5; fetched with BeaData.jl."
1998,"Arts, entertainment, recreation, accommodation, and food services",13,service_detail,8.405,45.681,18.399334515444057,1.9991817745027614,2.2816485648854576,Other sectors,FAAt307I / FAAt307ESI / FAAt105,90 + 93,"Arts, entertainment, and recreation + Accommodation and food services",Arts/entertainment/recreation plus accommodation/food services.,"BEA Fixed Assets Tables 3.7I, 3.7ESI, and 1.5; fetched with BeaData.jl."
1998,"Other services, except government",14,service_detail,4.193,24.3,17.25514403292181,0.997331252884007,1.2137225570087482,Other sectors,FAAt307I / FAAt307ESI / FAAt105,96,"Other services, except government",Direct Table 3.7 mapping.,"BEA Fixed Assets Tables 3.7I, 3.7ESI, and 1.5; fetched with BeaData.jl."
1998,Services,15,services_total,63.321,248.445,25.48692869649218,15.061295555418127,12.409189328232035,Other sectors,FAAt307I / FAAt307ESI / FAAt105,76 + 80 + 81 + 84 + 85 + 90 + 93 + 96,Sum of Table 3.7 service detail rows,Total services constructed as the sum of the four Table 6D-style service detail rows.,"BEA Fixed Assets Tables 3.7I, 3.7ESI, and 1.5; fetched with BeaData.jl."
1998,Government,16,sector,102.296,338.092,30.25685316422749,24.331742867880372,16.886826614987722,Other sectors,FAAt307I / FAAt307ESI / FAAt105,FAAt105 line 13 / line 10,Government intellectual property products / government nonresidential fixed investment,Government added from Fixed Assets Table 1.5.,"BEA Fixed Assets Tables 3.7I, 3.7ESI, and 1.5; fetched with BeaData.jl."
1998,Total,17,total,420.42199999999997,2002.105,20.99899855402189,100.0,100.0,Total,FAAt307I / FAAt307ESI / FAAt105,FAAt307I line 1 + FAAt105 line 13 / FAAt307ESI line 1 + FAAt105 line 10,Private plus government intellectual property products / private fixed assets by industry plus government nonresidential fixed investment,Total constructed as private industry-owner investment plus government nonresidential investment.,"BEA Fixed Assets Tables 3.7I, 3.7ESI, and 1.5; fetched with BeaData.jl."
1999,"Agriculture, forestry, fishing, and hunting",1,sector,0.121,23.007,0.5259268918155343,0.025654072849086204,1.057226818738469,Griliches measurable sectors,FAAt307I / FAAt307ESI / FAAt105,2,"Agriculture, forestry, fishing, and hunting",Direct Table 3.7 mapping.,"BEA Fixed Assets Tables 3.7I, 3.7ESI, and 1.5; fetched with BeaData.jl."
1999,Mining,2,sector,5.977,38.947,15.346496520913036,1.2672263918924649,1.7897080414398725,Griliches measurable sectors,FAAt307I / FAAt307ESI / FAAt105,5,Mining,Direct Table 3.7 mapping.,"BEA Fixed Assets Tables 3.7I, 3.7ESI, and 1.5; fetched with BeaData.jl."
1999,Utilities,3,sector,3.361,49.755,6.755099989950759,0.7125895772378408,2.2863615580620036,Griliches measurable sectors,FAAt307I / FAAt307ESI / FAAt105,9,Utilities,Direct Table 3.7 mapping.,"BEA Fixed Assets Tables 3.7I, 3.7ESI, and 1.5; fetched with BeaData.jl."
1999,Construction,4,sector,4.11,36.193,11.355787030641286,0.8713904083449944,1.6631551375929674,Other sectors,FAAt307I / FAAt307ESI / FAAt105,13,Construction,Direct Table 3.7 mapping.,"BEA Fixed Assets Tables 3.7I, 3.7ESI, and 1.5; fetched with BeaData.jl."
1999,Manufacturing,5,sector,147.708,306.845,48.13765907868793,31.316626383411776,14.100263537002022,Griliches measurable sectors,FAAt307I / FAAt307ESI / FAAt105,14,Manufacturing,Direct Table 3.7 mapping.,"BEA Fixed Assets Tables 3.7I, 3.7ESI, and 1.5; fetched with BeaData.jl."
1999,Wholesale trade,6,sector,8.678,53.816,16.12531589118478,1.8398846626807446,2.472974245978591,Other sectors,FAAt307I / FAAt307ESI / FAAt105,40,Wholesale trade,Direct Table 3.7 mapping.,"BEA Fixed Assets Tables 3.7I, 3.7ESI, and 1.5; fetched with BeaData.jl."
1999,Retail trade,7,sector,5.301,61.072,8.679918784385643,1.1239028113471567,2.806404845220836,Other sectors,FAAt307I / FAAt307ESI / FAAt105,43,Retail trade,Direct Table 3.7 mapping.,"BEA Fixed Assets Tables 3.7I, 3.7ESI, and 1.5; fetched with BeaData.jl."
1999,Transportation and warehousing,8,sector,5.405,70.628,7.652772271620321,1.1459525929695118,3.24552595965839,Griliches measurable sectors,FAAt307I / FAAt307ESI / FAAt105,48,Transportation and warehousing,Direct Table 3.7 mapping.,"BEA Fixed Assets Tables 3.7I, 3.7ESI, and 1.5; fetched with BeaData.jl."
1999,Information,9,sector,79.931,189.003,42.290863107993,16.94674129669677,8.685141062373487,Other sectors,FAAt307I / FAAt307ESI / FAAt105,57,Information,Direct Table 3.7 mapping.,"BEA Fixed Assets Tables 3.7I, 3.7ESI, and 1.5; fetched with BeaData.jl."
1999,"Finance, insurance, real estate, rental, and leasing",10,sector,27.683,703.783,3.933456761530188,5.869270237035153,32.34051645900012,Other sectors,FAAt307I / FAAt307ESI / FAAt105,62 + 73,Finance and insurance + Real estate and rental and leasing,Finance/insurance plus real estate/rental/leasing.,"BEA Fixed Assets Tables 3.7I, 3.7ESI, and 1.5; fetched with BeaData.jl."
1999,Professional and business services,11,service_detail,57.477999999999994,123.054,46.7095746582801,12.186320654708899,5.654626372540685,Other sectors,FAAt307I / FAAt307ESI / FAAt105,76 + 80 + 81,"Professional, scientific, and technical services + Management of companies and enterprises (5) + Administrative and waste management services",Professional/scientific/technical plus management plus administrative/waste-management services.,"BEA Fixed Assets Tables 3.7I, 3.7ESI, and 1.5; fetched with BeaData.jl."
1999,"Educational services, health care, and social assistance",12,service_detail,8.165,79.818,10.229522162920643,1.731119874485858,3.667828496460517,Other sectors,FAAt307I / FAAt307ESI / FAAt105,84 + 85,Educational services + Health and social assistance,Educational services plus health care/social assistance.,"BEA Fixed Assets Tables 3.7I, 3.7ESI, and 1.5; fetched with BeaData.jl."
1999,"Arts, entertainment, recreation, accommodation, and food services",13,service_detail,7.95,52.093,15.261167527306931,1.6855361913242588,2.393798264377931,Other sectors,FAAt307I / FAAt307ESI / FAAt105,90 + 93,"Arts, entertainment, and recreation + Accommodation and food services",Arts/entertainment/recreation plus accommodation/food services.,"BEA Fixed Assets Tables 3.7I, 3.7ESI, and 1.5; fetched with BeaData.jl."
1999,"Other services, except government",14,service_detail,3.261,25.765,12.65670483213662,0.6913878641394224,1.1839635321770179,Other sectors,FAAt307I / FAAt307ESI / FAAt105,96,"Other services, except government",Direct Table 3.7 mapping.,"BEA Fixed Assets Tables 3.7I, 3.7ESI, and 1.5; fetched with BeaData.jl."
1999,Services,15,services_total,76.854,280.73,27.37648274142414,16.29436458465844,12.900216665556151,Other sectors,FAAt307I / FAAt307ESI / FAAt105,76 + 80 + 81 + 84 + 85 + 90 + 93 + 96,Sum of Table 3.7 service detail rows,Total services constructed as the sum of the four Table 6D-style service detail rows.,"BEA Fixed Assets Tables 3.7I, 3.7ESI, and 1.5; fetched with BeaData.jl."
1999,Government,16,sector,106.533,362.386,29.39765884995557,22.58682101513802,16.652505669377096,Other sectors,FAAt307I / FAAt307ESI / FAAt105,FAAt105 line 13 / line 10,Government intellectual property products / government nonresidential fixed investment,Government added from Fixed Assets Table 1.5.,"BEA Fixed Assets Tables 3.7I, 3.7ESI, and 1.5; fetched with BeaData.jl."
1999,Total,17,total,471.66,2176.165,21.67390799870414,100.0,100.0,Total,FAAt307I / FAAt307ESI / FAAt105,FAAt307I line 1 + FAAt105 line 13 / FAAt307ESI line 1 + FAAt105 line 10,Private plus government intellectual property products / private fixed assets by industry plus government nonresidential fixed investment,Total constructed as private industry-owner investment plus government nonresidential investment.,"BEA Fixed Assets Tables 3.7I, 3.7ESI, and 1.5; fetched with BeaData.jl."
2000,"Agriculture, forestry, fishing, and hunting",1,sector,0.114,25.023,0.4555808656036447,0.02173544154405526,1.0660937206428005,Griliches measurable sectors,FAAt307I / FAAt307ESI / FAAt105,2,"Agriculture, forestry, fishing, and hunting",Direct Table 3.7 mapping.,"BEA Fixed Assets Tables 3.7I, 3.7ESI, and 1.5; fetched with BeaData.jl."
2000,Mining,2,sector,3.511,41.39,8.48272529596521,0.669413467203316,1.7634024336572558,Griliches measurable sectors,FAAt307I / FAAt307ESI / FAAt105,5,Mining,Direct Table 3.7 mapping.,"BEA Fixed Assets Tables 3.7I, 3.7ESI, and 1.5; fetched with BeaData.jl."
2000,Utilities,3,sector,4.154,69.342,5.990597329180006,0.7920089839825047,2.9542848889746662,Griliches measurable sectors,FAAt307I / FAAt307ESI / FAAt105,9,Utilities,Direct Table 3.7 mapping.,"BEA Fixed Assets Tables 3.7I, 3.7ESI, and 1.5; fetched with BeaData.jl."
2000,Construction,4,sector,2.375,33.155,7.163323782234957,0.4528216988344846,1.412553942689208,Other sectors,FAAt307I / FAAt307ESI / FAAt105,13,Construction,Direct Table 3.7 mapping.,"BEA Fixed Assets Tables 3.7I, 3.7ESI, and 1.5; fetched with BeaData.jl."
2000,Manufacturing,5,sector,161.973,327.849,49.40475645800354,30.88205853697599,13.967859977581485,Griliches measurable sectors,FAAt307I / FAAt307ESI / FAAt105,14,Manufacturing,Direct Table 3.7 mapping.,"BEA Fixed Assets Tables 3.7I, 3.7ESI, and 1.5; fetched with BeaData.jl."
2000,Wholesale trade,6,sector,10.972,57.07,19.225512528473804,2.0919409177313537,2.431441819009896,Other sectors,FAAt307I / FAAt307ESI / FAAt105,40,Wholesale trade,Direct Table 3.7 mapping.,"BEA Fixed Assets Tables 3.7I, 3.7ESI, and 1.5; fetched with BeaData.jl."
2000,Retail trade,7,sector,7.209,71.623,10.065202518743979,1.3744806850095996,3.051465873540315,Other sectors,FAAt307I / FAAt307ESI / FAAt105,43,Retail trade,Direct Table 3.7 mapping.,"BEA Fixed Assets Tables 3.7I, 3.7ESI, and 1.5; fetched with BeaData.jl."
2000,Transportation and warehousing,8,sector,6.07,74.312,8.168263537517493,1.1573169313369776,3.166029515581976,Griliches measurable sectors,FAAt307I / FAAt307ESI / FAAt105,48,Transportation and warehousing,Direct Table 3.7 mapping.,"BEA Fixed Assets Tables 3.7I, 3.7ESI, and 1.5; fetched with BeaData.jl."
2000,Information,9,sector,95.354,232.15,41.0743054059875,18.180362219226712,9.89064689474588,Other sectors,FAAt307I / FAAt307ESI / FAAt105,57,Information,Direct Table 3.7 mapping.,"BEA Fixed Assets Tables 3.7I, 3.7ESI, and 1.5; fetched with BeaData.jl."
2000,"Finance, insurance, real estate, rental, and leasing",10,sector,32.345,728.5469999999999,4.439658663064978,6.166954883705854,31.039419010236596,Other sectors,FAAt307I / FAAt307ESI / FAAt105,62 + 73,Finance and insurance + Real estate and rental and leasing,Finance/insurance plus real estate/rental/leasing.,"BEA Fixed Assets Tables 3.7I, 3.7ESI, and 1.5; fetched with BeaData.jl."
2000,Professional and business services,11,service_detail,65.966,133.067,49.57352311241705,12.577194183290782,5.6692600057856986,Other sectors,FAAt307I / FAAt307ESI / FAAt105,76 + 80 + 81,"Professional, scientific, and technical services + Management of companies and enterprises (5) + Administrative and waste management services",Professional/scientific/technical plus management plus administrative/waste-management services.,"BEA Fixed Assets Tables 3.7I, 3.7ESI, and 1.5; fetched with BeaData.jl."
2000,"Educational services, health care, and social assistance",12,service_detail,8.986,85.44600000000001,10.51658357325094,1.7132866466217593,3.6403886046455156,Other sectors,FAAt307I / FAAt307ESI / FAAt105,84 + 85,Educational services + Health and social assistance,Educational services plus health care/social assistance.,"BEA Fixed Assets Tables 3.7I, 3.7ESI, and 1.5; fetched with BeaData.jl."
2000,"Arts, entertainment, recreation, accommodation, and food services",13,service_detail,8.295,56.278999999999996,14.739067858348585,1.5815393649819156,2.3977416178738027,Other sectors,FAAt307I / FAAt307ESI / FAAt105,90 + 93,"Arts, entertainment, and recreation + Accommodation and food services",Arts/entertainment/recreation plus accommodation/food services.,"BEA Fixed Assets Tables 3.7I, 3.7ESI, and 1.5; fetched with BeaData.jl."
2000,"Other services, except government",14,service_detail,4.015,28.993,13.848170247990893,0.7655069982401917,1.2352337946128247,Other sectors,FAAt307I / FAAt307ESI / FAAt105,96,"Other services, except government",Direct Table 3.7 mapping.,"BEA Fixed Assets Tables 3.7I, 3.7ESI, and 1.5; fetched with BeaData.jl."
2000,Services,15,services_total,87.262,303.785,28.724920585282355,16.637527193134652,12.942624022917842,Other sectors,FAAt307I / FAAt307ESI / FAAt105,76 + 80 + 81 + 84 + 85 + 90 + 93 + 96,Sum of Table 3.7 service detail rows,Total services constructed as the sum of the four Table 6D-style service detail rows.,"BEA Fixed Assets Tables 3.7I, 3.7ESI, and 1.5; fetched with BeaData.jl."
2000,Government,16,sector,113.15,382.923,29.54902160486573,21.573379041314496,16.31426310952736,Other sectors,FAAt307I / FAAt307ESI / FAAt105,FAAt105 line 13 / line 10,Government intellectual property products / government nonresidential fixed investment,Government added from Fixed Assets Table 1.5.,"BEA Fixed Assets Tables 3.7I, 3.7ESI, and 1.5; fetched with BeaData.jl."
2000,Total,17,total,524.489,2347.167,22.34561920817735,100.0,100.0,Total,FAAt307I / FAAt307ESI / FAAt105,FAAt307I line 1 + FAAt105 line 13 / FAAt307ESI line 1 + FAAt105 line 10,Private plus government intellectual property products / private fixed assets by industry plus government nonresidential fixed investment,Total constructed as private industry-owner investment plus government nonresidential investment.,"BEA Fixed Assets Tables 3.7I, 3.7ESI, and 1.5; fetched with BeaData.jl."
2001,"Agriculture, forestry, fishing, and hunting",1,sector,0.091,26.238,0.34682521533653476,0.017018220716972027,1.113798184251714,Griliches measurable sectors,FAAt307I / FAAt307ESI / FAAt105,2,"Agriculture, forestry, fishing, and hunting",Direct Table 3.7 mapping.,"BEA Fixed Assets Tables 3.7I, 3.7ESI, and 1.5; fetched with BeaData.jl."
2001,Mining,2,sector,3.029,51.347,5.899078816678676,0.5664636324363546,2.1796705300241155,Griliches measurable sectors,FAAt307I / FAAt307ESI / FAAt105,5,Mining,Direct Table 3.7 mapping.,"BEA Fixed Assets Tables 3.7I, 3.7ESI, and 1.5; fetched with BeaData.jl."
2001,Utilities,3,sector,4.074,78.272,5.204926410466066,0.7618926505598246,3.3226317355648356,Griliches measurable sectors,FAAt307I / FAAt307ESI / FAAt105,9,Utilities,Direct Table 3.7 mapping.,"BEA Fixed Assets Tables 3.7I, 3.7ESI, and 1.5; fetched with BeaData.jl."
2001,Construction,4,sector,1.402,29.297,4.785472915315561,0.26219280709005255,1.243652161141187,Other sectors,FAAt307I / FAAt307ESI / FAAt105,13,Construction,Direct Table 3.7 mapping.,"BEA Fixed Assets Tables 3.7I, 3.7ESI, and 1.5; fetched with BeaData.jl."
2001,Manufacturing,5,sector,167.118,325.82,51.291510650052174,31.253307799768475,13.830997956890517,Griliches measurable sectors,FAAt307I / FAAt307ESI / FAAt105,14,Manufacturing,Direct Table 3.7 mapping.,"BEA Fixed Assets Tables 3.7I, 3.7ESI, and 1.5; fetched with BeaData.jl."
2001,Wholesale trade,6,sector,10.931,47.76,22.887353433835845,2.044243633595838,2.0274030520566297,Other sectors,FAAt307I / FAAt307ESI / FAAt105,40,Wholesale trade,Direct Table 3.7 mapping.,"BEA Fixed Assets Tables 3.7I, 3.7ESI, and 1.5; fetched with BeaData.jl."
2001,Retail trade,7,sector,7.49,72.115,10.386188726339874,1.4007304743969284,3.0612682390926262,Other sectors,FAAt307I / FAAt307ESI / FAAt105,43,Retail trade,Direct Table 3.7 mapping.,"BEA Fixed Assets Tables 3.7I, 3.7ESI, and 1.5; fetched with BeaData.jl."
2001,Transportation and warehousing,8,sector,7.741,71.957,10.757813694289645,1.4476708414294555,3.0545611686942817,Griliches measurable sectors,FAAt307I / FAAt307ESI / FAAt105,48,Transportation and warehousing,Direct Table 3.7 mapping.,"BEA Fixed Assets Tables 3.7I, 3.7ESI, and 1.5; fetched with BeaData.jl."
2001,Information,9,sector,93.509,216.049,43.28138524131099,17.487437373882827,9.171239572734146,Other sectors,FAAt307I / FAAt307ESI / FAAt105,57,Information,Direct Table 3.7 mapping.,"BEA Fixed Assets Tables 3.7I, 3.7ESI, and 1.5; fetched with BeaData.jl."
2001,"Finance, insurance, real estate, rental, and leasing",10,sector,33.156,730.7429999999999,4.53729970728423,6.200616770240929,31.019903443656148,Other sectors,FAAt307I / FAAt307ESI / FAAt105,62 + 73,Finance and insurance + Real estate and rental and leasing,Finance/insurance plus real estate/rental/leasing.,"BEA Fixed Assets Tables 3.7I, 3.7ESI, and 1.5; fetched with BeaData.jl."
2001,Professional and business services,11,service_detail,63.56399999999999,126.75800000000001,50.14594739582511,11.887320677512196,5.380853351603733,Other sectors,FAAt307I / FAAt307ESI / FAAt105,76 + 80 + 81,"Professional, scientific, and technical services + Management of companies and enterprises (5) + Administrative and waste management services",Professional/scientific/technical plus management plus administrative/waste-management services.,"BEA Fixed Assets Tables 3.7I, 3.7ESI, and 1.5; fetched with BeaData.jl."
2001,"Educational services, health care, and social assistance",12,service_detail,10.128,89.88499999999999,11.26773098959782,1.894071861774645,3.8156014098431776,Other sectors,FAAt307I / FAAt307ESI / FAAt105,84 + 85,Educational services + Health and social assistance,Educational services plus health care/social assistance.,"BEA Fixed Assets Tables 3.7I, 3.7ESI, and 1.5; fetched with BeaData.jl."
2001,"Arts, entertainment, recreation, accommodation, and food services",13,service_detail,8.376,53.543000000000006,15.643501484787924,1.5664243596193153,2.2728903185985794,Other sectors,FAAt307I / FAAt307ESI / FAAt105,90 + 93,"Arts, entertainment, and recreation + Accommodation and food services",Arts/entertainment/recreation plus accommodation/food services.,"BEA Fixed Assets Tables 3.7I, 3.7ESI, and 1.5; fetched with BeaData.jl."
2001,"Other services, except government",14,service_detail,4.43,30.693,14.433258397680252,0.828469426111935,1.3029120995974486,Other sectors,FAAt307I / FAAt307ESI / FAAt105,96,"Other services, except government",Direct Table 3.7 mapping.,"BEA Fixed Assets Tables 3.7I, 3.7ESI, and 1.5; fetched with BeaData.jl."
2001,Services,15,services_total,86.49799999999999,300.879,28.748433755762278,16.176286325018093,12.772257179642938,Other sectors,FAAt307I / FAAt307ESI / FAAt105,76 + 80 + 81 + 84 + 85 + 90 + 93 + 96,Sum of Table 3.7 service detail rows,Total services constructed as the sum of the four Table 6D-style service detail rows.,"BEA Fixed Assets Tables 3.7I, 3.7ESI, and 1.5; fetched with BeaData.jl."
2001,Government,16,sector,119.681,405.245,29.53299855642883,22.381952457449774,17.20257432643821,Other sectors,FAAt307I / FAAt307ESI / FAAt105,FAAt105 line 13 / line 10,Government intellectual property products / government nonresidential fixed investment,Government added from Fixed Assets Table 1.5.,"BEA Fixed Assets Tables 3.7I, 3.7ESI, and 1.5; fetched with BeaData.jl."
2001,Total,17,total,534.721,2355.723,22.698806268818533,100.0,100.0,Total,FAAt307I / FAAt307ESI / FAAt105,FAAt307I line 1 + FAAt105 line 13 / FAAt307ESI line 1 + FAAt105 line 10,Private plus government intellectual property products / private fixed assets by industry plus government nonresidential fixed investment,Total constructed as private industry-owner investment plus government nonresidential investment.,"BEA Fixed Assets Tables 3.7I, 3.7ESI, and 1.5; fetched with BeaData.jl."
2002,"Agriculture, forestry, fishing, and hunting",1,sector,0.096,28.926,0.3318813524165111,0.017999370022049228,1.2457959876634928,Griliches measurable sectors,FAAt307I / FAAt307ESI / FAAt105,2,"Agriculture, forestry, fishing, and hunting",Direct Table 3.7 mapping.,"BEA Fixed Assets Tables 3.7I, 3.7ESI, and 1.5; fetched with BeaData.jl."
2002,Mining,2,sector,1.789,41.338,4.327737190962311,0.3354257600983966,1.780360732145249,Griliches measurable sectors,FAAt307I / FAAt307ESI / FAAt105,5,Mining,Direct Table 3.7 mapping.,"BEA Fixed Assets Tables 3.7I, 3.7ESI, and 1.5; fetched with BeaData.jl."
2002,Utilities,3,sector,3.095,63.442,4.878471674915671,0.580292189773358,2.732344224896194,Griliches measurable sectors,FAAt307I / FAAt307ESI / FAAt105,9,Utilities,Direct Table 3.7 mapping.,"BEA Fixed Assets Tables 3.7I, 3.7ESI, and 1.5; fetched with BeaData.jl."
2002,Construction,4,sector,1.416,31.623,4.47775353382032,0.2654907078252261,1.361951411113968,Other sectors,FAAt307I / FAAt307ESI / FAAt105,13,Construction,Direct Table 3.7 mapping.,"BEA Fixed Assets Tables 3.7I, 3.7ESI, and 1.5; fetched with BeaData.jl."
2002,Manufacturing,5,sector,151.843,290.965,52.18600175278814,28.469566065187717,12.531391466172584,Griliches measurable sectors,FAAt307I / FAAt307ESI / FAAt105,14,Manufacturing,Direct Table 3.7 mapping.,"BEA Fixed Assets Tables 3.7I, 3.7ESI, and 1.5; fetched with BeaData.jl."
2002,Wholesale trade,6,sector,11.804,45.58,25.89732338745064,2.2131725389611367,1.9630568041797,Other sectors,FAAt307I / FAAt307ESI / FAAt105,40,Wholesale trade,Direct Table 3.7 mapping.,"BEA Fixed Assets Tables 3.7I, 3.7ESI, and 1.5; fetched with BeaData.jl."
2002,Retail trade,7,sector,8.029,70.195,11.438136619417339,1.5053848115315964,3.023185001522467,Other sectors,FAAt307I / FAAt307ESI / FAAt105,43,Retail trade,Direct Table 3.7 mapping.,"BEA Fixed Assets Tables 3.7I, 3.7ESI, and 1.5; fetched with BeaData.jl."
2002,Transportation and warehousing,8,sector,2.574,52.453,4.907250300268811,0.4826081087161949,2.259065786521233,Griliches measurable sectors,FAAt307I / FAAt307ESI / FAAt105,48,Transportation and warehousing,Direct Table 3.7 mapping.,"BEA Fixed Assets Tables 3.7I, 3.7ESI, and 1.5; fetched with BeaData.jl."
2002,Information,9,sector,98.458,184.715,53.30265544216766,18.46022889198878,7.9553759891192035,Other sectors,FAAt307I / FAAt307ESI / FAAt105,57,Information,Direct Table 3.7 mapping.,"BEA Fixed Assets Tables 3.7I, 3.7ESI, and 1.5; fetched with BeaData.jl."
2002,"Finance, insurance, real estate, rental, and leasing",10,sector,32.661,759.393,4.30093508894604,6.123723169689062,32.70582702273881,Other sectors,FAAt307I / FAAt307ESI / FAAt105,62 + 73,Finance and insurance + Real estate and rental and leasing,Finance/insurance plus real estate/rental/leasing.,"BEA Fixed Assets Tables 3.7I, 3.7ESI, and 1.5; fetched with BeaData.jl."
2002,Professional and business services,11,service_detail,66.094,130.431,50.673536199216436,12.392191273305434,5.617451997059291,Other sectors,FAAt307I / FAAt307ESI / FAAt105,76 + 80 + 81,"Professional, scientific, and technical services + Management of companies and enterprises (5) + Administrative and waste management services",Professional/scientific/technical plus management plus administrative/waste-management services.,"BEA Fixed Assets Tables 3.7I, 3.7ESI, and 1.5; fetched with BeaData.jl."
2002,"Educational services, health care, and social assistance",12,service_detail,16.034,106.695,15.02788321852008,3.0062697805576803,4.595180906580805,Other sectors,FAAt307I / FAAt307ESI / FAAt105,84 + 85,Educational services + Health and social assistance,Educational services plus health care/social assistance.,"BEA Fixed Assets Tables 3.7I, 3.7ESI, and 1.5; fetched with BeaData.jl."
2002,"Arts, entertainment, recreation, accommodation, and food services",13,service_detail,8.407,49.983000000000004,16.81971870435948,1.5762573309934154,2.152686885548792,Other sectors,FAAt307I / FAAt307ESI / FAAt105,90 + 93,"Arts, entertainment, and recreation + Accommodation and food services",Arts/entertainment/recreation plus accommodation/food services.,"BEA Fixed Assets Tables 3.7I, 3.7ESI, and 1.5; fetched with BeaData.jl."
2002,"Other services, except government",14,service_detail,3.922,29.722,13.195612677477962,0.7353492627758028,1.280078418908053,Other sectors,FAAt307I / FAAt307ESI / FAAt105,96,"Other services, except government",Direct Table 3.7 mapping.,"BEA Fixed Assets Tables 3.7I, 3.7ESI, and 1.5; fetched with BeaData.jl."
2002,Services,15,services_total,94.45699999999998,316.83099999999996,29.813054909399643,17.71006764763233,13.645398208096939,Other sectors,FAAt307I / FAAt307ESI / FAAt105,76 + 80 + 81 + 84 + 85 + 90 + 93 + 96,Sum of Table 3.7 service detail rows,Total services constructed as the sum of the four Table 6D-style service detail rows.,"BEA Fixed Assets Tables 3.7I, 3.7ESI, and 1.5; fetched with BeaData.jl."
2002,Government,16,sector,127.13,436.428,29.12966170823137,23.83604073857415,18.79624736583015,Other sectors,FAAt307I / FAAt307ESI / FAAt105,FAAt105 line 13 / line 10,Government intellectual property products / government nonresidential fixed investment,Government added from Fixed Assets Table 1.5.,"BEA Fixed Assets Tables 3.7I, 3.7ESI, and 1.5; fetched with BeaData.jl."
2002,Total,17,total,533.352,2321.889,22.970607122045884,100.0,100.0,Total,FAAt307I / FAAt307ESI / FAAt105,FAAt307I line 1 + FAAt105 line 13 / FAAt307ESI line 1 + FAAt105 line 10,Private plus government intellectual property products / private fixed assets by industry plus government nonresidential fixed investment,Total constructed as private industry-owner investment plus government nonresidential investment.,"BEA Fixed Assets Tables 3.7I, 3.7ESI, and 1.5; fetched with BeaData.jl."
2003,"Agriculture, forestry, fishing, and hunting",1,sector,0.095,30.7,0.30944625407166126,0.017137094955741197,1.256933606064725,Griliches measurable sectors,FAAt307I / FAAt307ESI / FAAt105,2,"Agriculture, forestry, fishing, and hunting",Direct Table 3.7 mapping.,"BEA Fixed Assets Tables 3.7I, 3.7ESI, and 1.5; fetched with BeaData.jl."
2003,Mining,2,sector,2.05,53.058,3.8636963323155786,0.3698004700975731,2.1723251879668464,Griliches measurable sectors,FAAt307I / FAAt307ESI / FAAt105,5,Mining,Direct Table 3.7 mapping.,"BEA Fixed Assets Tables 3.7I, 3.7ESI, and 1.5; fetched with BeaData.jl."
2003,Utilities,3,sector,2.644,63.928,4.135902890752097,0.4769524111892603,2.6173697579317827,Griliches measurable sectors,FAAt307I / FAAt307ESI / FAAt105,9,Utilities,Direct Table 3.7 mapping.,"BEA Fixed Assets Tables 3.7I, 3.7ESI, and 1.5; fetched with BeaData.jl."
2003,Construction,4,sector,1.342,28.591,4.693784757441153,0.2420840150589967,1.1705859521497248,Other sectors,FAAt307I / FAAt307ESI / FAAt105,13,Construction,Direct Table 3.7 mapping.,"BEA Fixed Assets Tables 3.7I, 3.7ESI, and 1.5; fetched with BeaData.jl."
2003,Manufacturing,5,sector,152.076,280.199,54.27428363413145,27.433061605150503,11.472037116799019,Griliches measurable sectors,FAAt307I / FAAt307ESI / FAAt105,14,Manufacturing,Direct Table 3.7 mapping.,"BEA Fixed Assets Tables 3.7I, 3.7ESI, and 1.5; fetched with BeaData.jl."
2003,Wholesale trade,6,sector,12.824,52.099,24.614675905487633,2.313327428551843,2.13306136620085,Other sectors,FAAt307I / FAAt307ESI / FAAt105,40,Wholesale trade,Direct Table 3.7 mapping.,"BEA Fixed Assets Tables 3.7I, 3.7ESI, and 1.5; fetched with BeaData.jl."
2003,Retail trade,7,sector,9.723,79.07,12.29669912735551,1.753936571101807,3.2373205287145863,Other sectors,FAAt307I / FAAt307ESI / FAAt105,43,Retail trade,Direct Table 3.7 mapping.,"BEA Fixed Assets Tables 3.7I, 3.7ESI, and 1.5; fetched with BeaData.jl."
2003,Transportation and warehousing,8,sector,2.319,47.987,4.8325588180132115,0.4183255073933035,1.964705959421106,Griliches measurable sectors,FAAt307I / FAAt307ESI / FAAt105,48,Transportation and warehousing,Direct Table 3.7 mapping.,"BEA Fixed Assets Tables 3.7I, 3.7ESI, and 1.5; fetched with BeaData.jl."
2003,Information,9,sector,105.318,185.083,56.90311914114208,18.998363858407906,7.577753830986238,Other sectors,FAAt307I / FAAt307ESI / FAAt105,57,Information,Direct Table 3.7 mapping.,"BEA Fixed Assets Tables 3.7I, 3.7ESI, and 1.5; fetched with BeaData.jl."
2003,"Finance, insurance, real estate, rental, and leasing",10,sector,34.410000000000004,833.131,4.130202813243056,6.20723618344268,34.11043492359317,Other sectors,FAAt307I / FAAt307ESI / FAAt105,62 + 73,Finance and insurance + Real estate and rental and leasing,Finance/insurance plus real estate/rental/leasing.,"BEA Fixed Assets Tables 3.7I, 3.7ESI, and 1.5; fetched with BeaData.jl."
2003,Professional and business services,11,service_detail,70.5,138.262,50.99014913714542,12.71752836189215,5.660786783117948,Other sectors,FAAt307I / FAAt307ESI / FAAt105,76 + 80 + 81,"Professional, scientific, and technical services + Management of companies and enterprises (5) + Administrative and waste management services",Professional/scientific/technical plus management plus administrative/waste-management services.,"BEA Fixed Assets Tables 3.7I, 3.7ESI, and 1.5; fetched with BeaData.jl."
2003,"Educational services, health care, and social assistance",12,service_detail,11.291,109.066,10.352447142097446,2.036788833108146,4.465430641011573,Other sectors,FAAt307I / FAAt307ESI / FAAt105,84 + 85,Educational services + Health and social assistance,Educational services plus health care/social assistance.,"BEA Fixed Assets Tables 3.7I, 3.7ESI, and 1.5; fetched with BeaData.jl."
2003,"Arts, entertainment, recreation, accommodation, and food services",13,service_detail,9.323,51.038,18.2667816136996,1.6817803818144756,2.0896214132355513,Other sectors,FAAt307I / FAAt307ESI / FAAt105,90 + 93,"Arts, entertainment, and recreation + Accommodation and food services",Arts/entertainment/recreation plus accommodation/food services.,"BEA Fixed Assets Tables 3.7I, 3.7ESI, and 1.5; fetched with BeaData.jl."
2003,"Other services, except government",14,service_detail,4.742,33.941,13.97130314369052,0.8554116240013131,1.389628127799441,Other sectors,FAAt307I / FAAt307ESI / FAAt105,96,"Other services, except government",Direct Table 3.7 mapping.,"BEA Fixed Assets Tables 3.7I, 3.7ESI, and 1.5; fetched with BeaData.jl."
2003,Services,15,services_total,95.85600000000001,332.307,28.84561565058816,17.291509200816087,13.605466965164515,Other sectors,FAAt307I / FAAt307ESI / FAAt105,76 + 80 + 81 + 84 + 85 + 90 + 93 + 96,Sum of Table 3.7 service detail rows,Total services constructed as the sum of the four Table 6D-style service detail rows.,"BEA Fixed Assets Tables 3.7I, 3.7ESI, and 1.5; fetched with BeaData.jl."
2003,Government,16,sector,135.697,456.299,29.738614373470032,24.478446044307507,18.682004805007423,Other sectors,FAAt307I / FAAt307ESI / FAAt105,FAAt105 line 13 / line 10,Government intellectual property products / government nonresidential fixed investment,Government added from Fixed Assets Table 1.5.,"BEA Fixed Assets Tables 3.7I, 3.7ESI, and 1.5; fetched with BeaData.jl."
2003,Total,17,total,554.3530000000001,2442.452,22.69657704634523,100.0,100.0,Total,FAAt307I / FAAt307ESI / FAAt105,FAAt307I line 1 + FAAt105 line 13 / FAAt307ESI line 1 + FAAt105 line 10,Private plus government intellectual property products / private fixed assets by industry plus government nonresidential fixed investment,Total constructed as private industry-owner investment plus government nonresidential investment.,"BEA Fixed Assets Tables 3.7I, 3.7ESI, and 1.5; fetched with BeaData.jl."
2004,"Agriculture, forestry, fishing, and hunting",1,sector,0.125,34.686,0.36037594418497376,0.021482498638009585,1.2982662460133316,Griliches measurable sectors,FAAt307I / FAAt307ESI / FAAt105,2,"Agriculture, forestry, fishing, and hunting",Direct Table 3.7 mapping.,"BEA Fixed Assets Tables 3.7I, 3.7ESI, and 1.5; fetched with BeaData.jl."
2004,Mining,2,sector,1.922,63.499,3.0268193199892908,0.33031489905803535,2.3767113058755855,Griliches measurable sectors,FAAt307I / FAAt307ESI / FAAt105,5,Mining,Direct Table 3.7 mapping.,"BEA Fixed Assets Tables 3.7I, 3.7ESI, and 1.5; fetched with BeaData.jl."
2004,Utilities,3,sector,2.369,57.599,4.112918627059498,0.40713631418755775,2.155879533648212,Griliches measurable sectors,FAAt307I / FAAt307ESI / FAAt105,9,Utilities,Direct Table 3.7 mapping.,"BEA Fixed Assets Tables 3.7I, 3.7ESI, and 1.5; fetched with BeaData.jl."
2004,Construction,4,sector,2.742,37.8,7.253968253968254,0.47124009012337825,1.4148205068126603,Other sectors,FAAt307I / FAAt307ESI / FAAt105,13,Construction,Direct Table 3.7 mapping.,"BEA Fixed Assets Tables 3.7I, 3.7ESI, and 1.5; fetched with BeaData.jl."
2004,Manufacturing,5,sector,160.169,291.24,54.99553632742755,27.52664259481086,10.900855142966117,Griliches measurable sectors,FAAt307I / FAAt307ESI / FAAt105,14,Manufacturing,Direct Table 3.7 mapping.,"BEA Fixed Assets Tables 3.7I, 3.7ESI, and 1.5; fetched with BeaData.jl."
2004,Wholesale trade,6,sector,14.169,57.659,24.573787266515204,2.4350841856156626,2.158125280484423,Other sectors,FAAt307I / FAAt307ESI / FAAt105,40,Wholesale trade,Direct Table 3.7 mapping.,"BEA Fixed Assets Tables 3.7I, 3.7ESI, and 1.5; fetched with BeaData.jl."
2004,Retail trade,7,sector,10.942,86.751,12.613111088056622,1.8804920007768071,3.2470130631350558,Other sectors,FAAt307I / FAAt307ESI / FAAt105,43,Retail trade,Direct Table 3.7 mapping.,"BEA Fixed Assets Tables 3.7I, 3.7ESI, and 1.5; fetched with BeaData.jl."
2004,Transportation and warehousing,8,sector,2.529,54.904,4.606221768905725,0.4346339124442099,2.055008071588421,Griliches measurable sectors,FAAt307I / FAAt307ESI / FAAt105,48,Transportation and warehousing,Direct Table 3.7 mapping.,"BEA Fixed Assets Tables 3.7I, 3.7ESI, and 1.5; fetched with BeaData.jl."
2004,Information,9,sector,105.996,188.591,56.20416668876033,18.216471405075712,7.058794026463134,Other sectors,FAAt307I / FAAt307ESI / FAAt105,57,Information,Direct Table 3.7 mapping.,"BEA Fixed Assets Tables 3.7I, 3.7ESI, and 1.5; fetched with BeaData.jl."
2004,"Finance, insurance, real estate, rental, and leasing",10,sector,38.469,981.958,3.9175809963358925,6.611281920844726,36.75381786319435,Other sectors,FAAt307I / FAAt307ESI / FAAt105,62 + 73,Finance and insurance + Real estate and rental and leasing,Finance/insurance plus real estate/rental/leasing.,"BEA Fixed Assets Tables 3.7I, 3.7ESI, and 1.5; fetched with BeaData.jl."
2004,Professional and business services,11,service_detail,72.937,141.747,51.45576273219186,12.53495202528404,5.305464613205666,Other sectors,FAAt307I / FAAt307ESI / FAAt105,76 + 80 + 81,"Professional, scientific, and technical services + Management of companies and enterprises (5) + Administrative and waste management services",Professional/scientific/technical plus management plus administrative/waste-management services.,"BEA Fixed Assets Tables 3.7I, 3.7ESI, and 1.5; fetched with BeaData.jl."
2004,"Educational services, health care, and social assistance",12,service_detail,11.585,115.56299999999999,10.024834938518385,1.9909979737707284,4.325420693883372,Other sectors,FAAt307I / FAAt307ESI / FAAt105,84 + 85,Educational services + Health and social assistance,Educational services plus health care/social assistance.,"BEA Fixed Assets Tables 3.7I, 3.7ESI, and 1.5; fetched with BeaData.jl."
2004,"Arts, entertainment, recreation, accommodation, and food services",13,service_detail,9.280999999999999,51.202,18.12624506855201,1.5950325588749354,1.9164454917942284,Other sectors,FAAt307I / FAAt307ESI / FAAt105,90 + 93,"Arts, entertainment, and recreation + Accommodation and food services",Arts/entertainment/recreation plus accommodation/food services.,"BEA Fixed Assets Tables 3.7I, 3.7ESI, and 1.5; fetched with BeaData.jl."
2004,"Other services, except government",14,service_detail,4.584,30.623,14.969140841850894,0.7878061900530875,1.146191756087939,Other sectors,FAAt307I / FAAt307ESI / FAAt105,96,"Other services, except government",Direct Table 3.7 mapping.,"BEA Fixed Assets Tables 3.7I, 3.7ESI, and 1.5; fetched with BeaData.jl."
2004,Services,15,services_total,98.387,339.135,29.011160747195074,16.908788747982793,12.693522554971205,Other sectors,FAAt307I / FAAt307ESI / FAAt105,76 + 80 + 81 + 84 + 85 + 90 + 93 + 96,Sum of Table 3.7 service detail rows,Total services constructed as the sum of the four Table 6D-style service detail rows.,"BEA Fixed Assets Tables 3.7I, 3.7ESI, and 1.5; fetched with BeaData.jl."
2004,Government,16,sector,144.05,477.894,30.142667620853164,24.756431430442248,17.887148975733584,Other sectors,FAAt307I / FAAt307ESI / FAAt105,FAAt105 line 13 / line 10,Government intellectual property products / government nonresidential fixed investment,Government added from Fixed Assets Table 1.5.,"BEA Fixed Assets Tables 3.7I, 3.7ESI, and 1.5; fetched with BeaData.jl."
2004,Total,17,total,581.869,2671.7169999999996,21.77884109731682,100.0,100.0,Total,FAAt307I / FAAt307ESI / FAAt105,FAAt307I line 1 + FAAt105 line 13 / FAAt307ESI line 1 + FAAt105 line 10,Private plus government intellectual property products / private fixed assets by industry plus government nonresidential fixed investment,Total constructed as private industry-owner investment plus government nonresidential investment.,"BEA Fixed Assets Tables 3.7I, 3.7ESI, and 1.5; fetched with BeaData.jl."
2005,"Agriculture, forestry, fishing, and hunting",1,sector,0.172,37.345,0.46057035747757397,0.027495583921477725,1.2624115728779435,Griliches measurable sectors,FAAt307I / FAAt307ESI / FAAt105,2,"Agriculture, forestry, fishing, and hunting",Direct Table 3.7 mapping.,"BEA Fixed Assets Tables 3.7I, 3.7ESI, and 1.5; fetched with BeaData.jl."
2005,Mining,2,sector,1.836,88.777,2.068103224934386,0.2934993725571692,3.0010205437243327,Griliches measurable sectors,FAAt307I / FAAt307ESI / FAAt105,5,Mining,Direct Table 3.7 mapping.,"BEA Fixed Assets Tables 3.7I, 3.7ESI, and 1.5; fetched with BeaData.jl."
2005,Utilities,3,sector,2.657,63.058,4.2135811475149865,0.42474282836840876,2.131614646205312,Griliches measurable sectors,FAAt307I / FAAt307ESI / FAAt105,9,Utilities,Direct Table 3.7 mapping.,"BEA Fixed Assets Tables 3.7I, 3.7ESI, and 1.5; fetched with BeaData.jl."
2005,Construction,4,sector,2.54,40.497,6.272069536015014,0.40603943697996175,1.368961881559461,Other sectors,FAAt307I / FAAt307ESI / FAAt105,13,Construction,Direct Table 3.7 mapping.,"BEA Fixed Assets Tables 3.7I, 3.7ESI, and 1.5; fetched with BeaData.jl."
2005,Manufacturing,5,sector,175.619,323.181,54.340756418230036,28.074110190151146,10.924820847081715,Griliches measurable sectors,FAAt307I / FAAt307ESI / FAAt105,14,Manufacturing,Direct Table 3.7 mapping.,"BEA Fixed Assets Tables 3.7I, 3.7ESI, and 1.5; fetched with BeaData.jl."
2005,Wholesale trade,6,sector,18.748,74.604,25.13001983807839,2.9970186474410725,2.5219159990088658,Other sectors,FAAt307I / FAAt307ESI / FAAt105,40,Wholesale trade,Direct Table 3.7 mapping.,"BEA Fixed Assets Tables 3.7I, 3.7ESI, and 1.5; fetched with BeaData.jl."
2005,Retail trade,7,sector,10.898,87.806,12.411452520328906,1.742132985908513,2.968196828708548,Other sectors,FAAt307I / FAAt307ESI / FAAt105,43,Retail trade,Direct Table 3.7 mapping.,"BEA Fixed Assets Tables 3.7I, 3.7ESI, and 1.5; fetched with BeaData.jl."
2005,Transportation and warehousing,8,sector,2.774,64.116,4.326533158649947,0.44344621975685583,2.1673793120000595,Griliches measurable sectors,FAAt307I / FAAt307ESI / FAAt105,48,Transportation and warehousing,Direct Table 3.7 mapping.,"BEA Fixed Assets Tables 3.7I, 3.7ESI, and 1.5; fetched with BeaData.jl."
2005,Information,9,sector,111.965,201.55,55.55197221533118,17.898506126559614,6.813202637931437,Other sectors,FAAt307I / FAAt307ESI / FAAt105,57,Information,Direct Table 3.7 mapping.,"BEA Fixed Assets Tables 3.7I, 3.7ESI, and 1.5; fetched with BeaData.jl."
2005,"Finance, insurance, real estate, rental, and leasing",10,sector,38.915000000000006,1105.355,3.520588408248934,6.220875862234336,37.36545572736643,Other sectors,FAAt307I / FAAt307ESI / FAAt105,62 + 73,Finance and insurance + Real estate and rental and leasing,Finance/insurance plus real estate/rental/leasing.,"BEA Fixed Assets Tables 3.7I, 3.7ESI, and 1.5; fetched with BeaData.jl."
2005,Professional and business services,11,service_detail,79.924,155.794,51.30107706330154,12.776494472908057,5.266465352388441,Other sectors,FAAt307I / FAAt307ESI / FAAt105,76 + 80 + 81,"Professional, scientific, and technical services + Management of companies and enterprises (5) + Administrative and waste management services",Professional/scientific/technical plus management plus administrative/waste-management services.,"BEA Fixed Assets Tables 3.7I, 3.7ESI, and 1.5; fetched with BeaData.jl."
2005,"Educational services, health care, and social assistance",12,service_detail,12.267,125.028,9.811402245896918,1.9609786509579492,4.2264505056576125,Other sectors,FAAt307I / FAAt307ESI / FAAt105,84 + 85,Educational services + Health and social assistance,Educational services plus health care/social assistance.,"BEA Fixed Assets Tables 3.7I, 3.7ESI, and 1.5; fetched with BeaData.jl."
2005,"Arts, entertainment, recreation, accommodation, and food services",13,service_detail,9.684000000000001,56.569,17.118916721172376,1.548065317997618,1.9122602829329869,Other sectors,FAAt307I / FAAt307ESI / FAAt105,90 + 93,"Arts, entertainment, and recreation + Accommodation and food services",Arts/entertainment/recreation plus accommodation/food services.,"BEA Fixed Assets Tables 3.7I, 3.7ESI, and 1.5; fetched with BeaData.jl."
2005,"Other services, except government",14,service_detail,5.135,30.7,16.72638436482085,0.8208710664929542,1.03778378062265,Other sectors,FAAt307I / FAAt307ESI / FAAt105,96,"Other services, except government",Direct Table 3.7 mapping.,"BEA Fixed Assets Tables 3.7I, 3.7ESI, and 1.5; fetched with BeaData.jl."
2005,Services,15,services_total,107.01,368.091,29.071615442920365,17.106409508356577,12.44295992160169,Other sectors,FAAt307I / FAAt307ESI / FAAt105,76 + 80 + 81 + 84 + 85 + 90 + 93 + 96,Sum of Table 3.7 service detail rows,Total services constructed as the sum of the four Table 6D-style service detail rows.,"BEA Fixed Assets Tables 3.7I, 3.7ESI, and 1.5; fetched with BeaData.jl."
2005,Government,16,sector,152.421,503.846,30.251505420306994,24.36572323776486,17.032026277902272,Other sectors,FAAt307I / FAAt307ESI / FAAt105,FAAt105 line 13 / line 10,Government intellectual property products / government nonresidential fixed investment,Government added from Fixed Assets Table 1.5.,"BEA Fixed Assets Tables 3.7I, 3.7ESI, and 1.5; fetched with BeaData.jl."
2005,Total,17,total,625.5550000000001,2958.227,21.146281201544035,100.0,100.00000000000001,Total,FAAt307I / FAAt307ESI / FAAt105,FAAt307I line 1 + FAAt105 line 13 / FAAt307ESI line 1 + FAAt105 line 10,Private plus government intellectual property products / private fixed assets by industry plus government nonresidential fixed investment,Total constructed as private industry-owner investment plus government nonresidential investment.,"BEA Fixed Assets Tables 3.7I, 3.7ESI, and 1.5; fetched with BeaData.jl."
2006,"Agriculture, forestry, fishing, and hunting",1,sector,0.173,35.792,0.4833482342422887,0.02599943793122622,1.1359416744475963,Griliches measurable sectors,FAAt307I / FAAt307ESI / FAAt105,2,"Agriculture, forestry, fishing, and hunting",Direct Table 3.7 mapping.,"BEA Fixed Assets Tables 3.7I, 3.7ESI, and 1.5; fetched with BeaData.jl."
2006,Mining,2,sector,2.849,125.021,2.278817158717336,0.42816415413909553,3.9678297966336875,Griliches measurable sectors,FAAt307I / FAAt307ESI / FAAt105,5,Mining,Direct Table 3.7 mapping.,"BEA Fixed Assets Tables 3.7I, 3.7ESI, and 1.5; fetched with BeaData.jl."
2006,Utilities,3,sector,2.891,74.446,3.8833516911586927,0.43447615641141635,2.3627155201141528,Griliches measurable sectors,FAAt307I / FAAt307ESI / FAAt105,9,Utilities,Direct Table 3.7 mapping.,"BEA Fixed Assets Tables 3.7I, 3.7ESI, and 1.5; fetched with BeaData.jl."
2006,Construction,4,sector,2.663,43.529,6.117760573410828,0.40021100121881753,1.3814932148812424,Other sectors,FAAt307I / FAAt307ESI / FAAt105,13,Construction,Direct Table 3.7 mapping.,"BEA Fixed Assets Tables 3.7I, 3.7ESI, and 1.5; fetched with BeaData.jl."
2006,Manufacturing,5,sector,190.203,346.287,54.926404976219146,28.584804004815155,10.99021665789659,Griliches measurable sectors,FAAt307I / FAAt307ESI / FAAt105,14,Manufacturing,Direct Table 3.7 mapping.,"BEA Fixed Assets Tables 3.7I, 3.7ESI, and 1.5; fetched with BeaData.jl."
2006,Wholesale trade,6,sector,17.015,70.38,24.175902244955957,2.557112349131874,2.2336716318624785,Other sectors,FAAt307I / FAAt307ESI / FAAt105,40,Wholesale trade,Direct Table 3.7 mapping.,"BEA Fixed Assets Tables 3.7I, 3.7ESI, and 1.5; fetched with BeaData.jl."
2006,Retail trade,7,sector,12.264,96.665,12.687115295091292,1.8431046635176787,3.0678867333615583,Other sectors,FAAt307I / FAAt307ESI / FAAt105,43,Retail trade,Direct Table 3.7 mapping.,"BEA Fixed Assets Tables 3.7I, 3.7ESI, and 1.5; fetched with BeaData.jl."
2006,Transportation and warehousing,8,sector,3.49,75.356,4.63134985933436,0.5244973316761823,2.3915964690342273,Griliches measurable sectors,FAAt307I / FAAt307ESI / FAAt105,48,Transportation and warehousing,Direct Table 3.7 mapping.,"BEA Fixed Assets Tables 3.7I, 3.7ESI, and 1.5; fetched with BeaData.jl."
2006,Information,9,sector,121.059,225.374,53.71471420838251,18.193444835354427,7.1527637163878115,Other sectors,FAAt307I / FAAt307ESI / FAAt105,57,Information,Direct Table 3.7 mapping.,"BEA Fixed Assets Tables 3.7I, 3.7ESI, and 1.5; fetched with BeaData.jl."
2006,"Finance, insurance, real estate, rental, and leasing",10,sector,40.361000000000004,1121.808,3.59785275198608,6.065683897931918,35.603164336407836,Other sectors,FAAt307I / FAAt307ESI / FAAt105,62 + 73,Finance and insurance + Real estate and rental and leasing,Finance/insurance plus real estate/rental/leasing.,"BEA Fixed Assets Tables 3.7I, 3.7ESI, and 1.5; fetched with BeaData.jl."
2006,Professional and business services,11,service_detail,85.43100000000001,160.186,53.332376112768905,12.839063479205711,5.083872179902287,Other sectors,FAAt307I / FAAt307ESI / FAAt105,76 + 80 + 81,"Professional, scientific, and technical services + Management of companies and enterprises (5) + Administrative and waste management services",Professional/scientific/technical plus management plus administrative/waste-management services.,"BEA Fixed Assets Tables 3.7I, 3.7ESI, and 1.5; fetched with BeaData.jl."
2006,"Educational services, health care, and social assistance",12,service_detail,12.866,134.766,9.54691836219818,1.9335766960876104,4.2771098485305306,Other sectors,FAAt307I / FAAt307ESI / FAAt105,84 + 85,Educational services + Health and social assistance,Educational services plus health care/social assistance.,"BEA Fixed Assets Tables 3.7I, 3.7ESI, and 1.5; fetched with BeaData.jl."
2006,"Arts, entertainment, recreation, accommodation, and food services",13,service_detail,9.597,64.422,14.897084846791468,1.4422925192253069,2.0445807597022534,Other sectors,FAAt307I / FAAt307ESI / FAAt105,90 + 93,"Arts, entertainment, and recreation + Accommodation and food services",Arts/entertainment/recreation plus accommodation/food services.,"BEA Fixed Assets Tables 3.7I, 3.7ESI, and 1.5; fetched with BeaData.jl."
2006,"Other services, except government",14,service_detail,5.47,34.895,15.67559822324115,0.8220631530855923,1.1074733105120942,Other sectors,FAAt307I / FAAt307ESI / FAAt105,96,"Other services, except government",Direct Table 3.7 mapping.,"BEA Fixed Assets Tables 3.7I, 3.7ESI, and 1.5; fetched with BeaData.jl."
2006,Services,15,services_total,113.36400000000002,394.269,28.75295800582851,17.03699584760422,12.513036098647166,Other sectors,FAAt307I / FAAt307ESI / FAAt105,76 + 80 + 81 + 84 + 85 + 90 + 93 + 96,Sum of Table 3.7 service detail rows,Total services constructed as the sum of the four Table 6D-style service detail rows.,"BEA Fixed Assets Tables 3.7I, 3.7ESI, and 1.5; fetched with BeaData.jl."
2006,Government,16,sector,159.067,541.938,29.351512534644186,23.90550632026799,17.199652413019148,Other sectors,FAAt307I / FAAt307ESI / FAAt105,FAAt105 line 13 / line 10,Government intellectual property products / government nonresidential fixed investment,Government added from Fixed Assets Table 1.5.,"BEA Fixed Assets Tables 3.7I, 3.7ESI, and 1.5; fetched with BeaData.jl."
2006,Total,17,total,665.399,3150.866,21.117972011504136,99.99999999999999,100.0,Total,FAAt307I / FAAt307ESI / FAAt105,FAAt307I line 1 + FAAt105 line 13 / FAAt307ESI line 1 + FAAt105 line 10,Private plus government intellectual property products / private fixed assets by industry plus government nonresidential fixed investment,Total constructed as private industry-owner investment plus government nonresidential investment.,"BEA Fixed Assets Tables 3.7I, 3.7ESI, and 1.5; fetched with BeaData.jl."
2007,"Agriculture, forestry, fishing, and hunting",1,sector,0.15,36.361,0.41252990841836035,0.021082813290605497,1.136428275408131,Griliches measurable sectors,FAAt307I / FAAt307ESI / FAAt105,2,"Agriculture, forestry, fishing, and hunting",Direct Table 3.7 mapping.,"BEA Fixed Assets Tables 3.7I, 3.7ESI, and 1.5; fetched with BeaData.jl."
2007,Mining,2,sector,3.37,137.252,2.455337627138402,0.47366053859560353,4.2896799773470695,Griliches measurable sectors,FAAt307I / FAAt307ESI / FAAt105,5,Mining,Direct Table 3.7 mapping.,"BEA Fixed Assets Tables 3.7I, 3.7ESI, and 1.5; fetched with BeaData.jl."
2007,Utilities,3,sector,3.199,96.833,3.3036258300372805,0.44962613144431324,3.0264227934489023,Griliches measurable sectors,FAAt307I / FAAt307ESI / FAAt105,9,Utilities,Direct Table 3.7 mapping.,"BEA Fixed Assets Tables 3.7I, 3.7ESI, and 1.5; fetched with BeaData.jl."
2007,Construction,4,sector,1.7,46.785,3.633643261729187,0.2389385506268623,1.4622204247674544,Other sectors,FAAt307I / FAAt307ESI / FAAt105,13,Construction,Direct Table 3.7 mapping.,"BEA Fixed Assets Tables 3.7I, 3.7ESI, and 1.5; fetched with BeaData.jl."
2007,Manufacturing,5,sector,210.948,397.492,53.06974731566924,29.649181986844322,12.42323225567308,Griliches measurable sectors,FAAt307I / FAAt307ESI / FAAt105,14,Manufacturing,Direct Table 3.7 mapping.,"BEA Fixed Assets Tables 3.7I, 3.7ESI, and 1.5; fetched with BeaData.jl."
2007,Wholesale trade,6,sector,16.187,58.383,27.725536543171813,2.275116658233541,1.824704821186241,Other sectors,FAAt307I / FAAt307ESI / FAAt105,40,Wholesale trade,Direct Table 3.7 mapping.,"BEA Fixed Assets Tables 3.7I, 3.7ESI, and 1.5; fetched with BeaData.jl."
2007,Retail trade,7,sector,13.099,95.279,13.748045214580339,1.8410918086242762,2.977854009862526,Other sectors,FAAt307I / FAAt307ESI / FAAt105,43,Retail trade,Direct Table 3.7 mapping.,"BEA Fixed Assets Tables 3.7I, 3.7ESI, and 1.5; fetched with BeaData.jl."
2007,Transportation and warehousing,8,sector,2.931,73.994,3.961131983674352,0.41195817169843146,2.3126116941379293,Griliches measurable sectors,FAAt307I / FAAt307ESI / FAAt105,48,Transportation and warehousing,Direct Table 3.7 mapping.,"BEA Fixed Assets Tables 3.7I, 3.7ESI, and 1.5; fetched with BeaData.jl."
2007,Information,9,sector,125.365,243.403,51.50511702813852,17.620312587845056,7.60732794805328,Other sectors,FAAt307I / FAAt307ESI / FAAt105,57,Information,Direct Table 3.7 mapping.,"BEA Fixed Assets Tables 3.7I, 3.7ESI, and 1.5; fetched with BeaData.jl."
2007,"Finance, insurance, real estate, rental, and leasing",10,sector,44.605000000000004,990.747,4.502158472344605,6.269325912183055,30.96484982744643,Other sectors,FAAt307I / FAAt307ESI / FAAt105,62 + 73,Finance and insurance + Real estate and rental and leasing,Finance/insurance plus real estate/rental/leasing.,"BEA Fixed Assets Tables 3.7I, 3.7ESI, and 1.5; fetched with BeaData.jl."
2007,Professional and business services,11,service_detail,92.96600000000001,171.661,54.156739154496364,13.066565469162873,5.365100359859056,Other sectors,FAAt307I / FAAt307ESI / FAAt105,76 + 80 + 81,"Professional, scientific, and technical services + Management of companies and enterprises (5) + Administrative and waste management services",Professional/scientific/technical plus management plus administrative/waste-management services.,"BEA Fixed Assets Tables 3.7I, 3.7ESI, and 1.5; fetched with BeaData.jl."
2007,"Educational services, health care, and social assistance",12,service_detail,14.473,152.95499999999998,9.462260141871795,2.0342103783662226,4.7804622223000095,Other sectors,FAAt307I / FAAt307ESI / FAAt105,84 + 85,Educational services + Health and social assistance,Educational services plus health care/social assistance.,"BEA Fixed Assets Tables 3.7I, 3.7ESI, and 1.5; fetched with BeaData.jl."
2007,"Arts, entertainment, recreation, accommodation, and food services",13,service_detail,9.68,75.143,12.882104786873029,1.3605442176870748,2.348522590110096,Other sectors,FAAt307I / FAAt307ESI / FAAt105,90 + 93,"Arts, entertainment, and recreation + Accommodation and food services",Arts/entertainment/recreation plus accommodation/food services.,"BEA Fixed Assets Tables 3.7I, 3.7ESI, and 1.5; fetched with BeaData.jl."
2007,"Other services, except government",14,service_detail,6.153,38.048,16.171677880571906,0.8648170011806374,1.189153846778927,Other sectors,FAAt307I / FAAt307ESI / FAAt105,96,"Other services, except government",Direct Table 3.7 mapping.,"BEA Fixed Assets Tables 3.7I, 3.7ESI, and 1.5; fetched with BeaData.jl."
2007,Services,15,services_total,123.27200000000002,437.807,28.156699184800612,17.32613706639681,13.683239019048091,Other sectors,FAAt307I / FAAt307ESI / FAAt105,76 + 80 + 81 + 84 + 85 + 90 + 93 + 96,Sum of Table 3.7 service detail rows,Total services constructed as the sum of the four Table 6D-style service detail rows.,"BEA Fixed Assets Tables 3.7I, 3.7ESI, and 1.5; fetched with BeaData.jl."
2007,Government,16,sector,166.652,585.25,28.4753524134985,23.42328667003991,18.291428953620876,Other sectors,FAAt307I / FAAt307ESI / FAAt105,FAAt105 line 13 / line 10,Government intellectual property products / government nonresidential fixed investment,Government added from Fixed Assets Table 1.5.,"BEA Fixed Assets Tables 3.7I, 3.7ESI, and 1.5; fetched with BeaData.jl."
2007,Total,17,total,711.48,3199.586,22.23662686360048,100.0,100.0,Total,FAAt307I / FAAt307ESI / FAAt105,FAAt307I line 1 + FAAt105 line 13 / FAAt307ESI line 1 + FAAt105 line 10,Private plus government intellectual property products / private fixed assets by industry plus government nonresidential fixed investment,Total constructed as private industry-owner investment plus government nonresidential investment.,"BEA Fixed Assets Tables 3.7I, 3.7ESI, and 1.5; fetched with BeaData.jl."
2008,"Agriculture, forestry, fishing, and hunting",1,sector,0.161,43.027,0.37418365212540966,0.02153149080832694,1.3846156321550567,Griliches measurable sectors,FAAt307I / FAAt307ESI / FAAt105,2,"Agriculture, forestry, fishing, and hunting",Direct Table 3.7 mapping.,"BEA Fixed Assets Tables 3.7I, 3.7ESI, and 1.5; fetched with BeaData.jl."
2008,Mining,2,sector,3.489,161.199,2.1644054863863915,0.46660479149225265,5.1874091916183565,Griliches measurable sectors,FAAt307I / FAAt307ESI / FAAt105,5,Mining,Direct Table 3.7 mapping.,"BEA Fixed Assets Tables 3.7I, 3.7ESI, and 1.5; fetched with BeaData.jl."
2008,Utilities,3,sector,4.241,106.212,3.992957481263887,0.5671742392429474,3.417918877041228,Griliches measurable sectors,FAAt307I / FAAt307ESI / FAAt105,9,Utilities,Direct Table 3.7 mapping.,"BEA Fixed Assets Tables 3.7I, 3.7ESI, and 1.5; fetched with BeaData.jl."
2008,Construction,4,sector,1.908,46.996,4.059919993190909,0.25516822647383725,1.5123386768484686,Other sectors,FAAt307I / FAAt307ESI / FAAt105,13,Construction,Direct Table 3.7 mapping.,"BEA Fixed Assets Tables 3.7I, 3.7ESI, and 1.5; fetched with BeaData.jl."
2008,Manufacturing,5,sector,224.836,418.066,53.78002516349094,30.068660045844695,13.453429680724568,Griliches measurable sectors,FAAt307I / FAAt307ESI / FAAt105,14,Manufacturing,Direct Table 3.7 mapping.,"BEA Fixed Assets Tables 3.7I, 3.7ESI, and 1.5; fetched with BeaData.jl."
2008,Wholesale trade,6,sector,17.874,62.48,28.60755441741357,2.3903966876275504,2.010616233924,Other sectors,FAAt307I / FAAt307ESI / FAAt105,40,Wholesale trade,Direct Table 3.7 mapping.,"BEA Fixed Assets Tables 3.7I, 3.7ESI, and 1.5; fetched with BeaData.jl."
2008,Retail trade,7,sector,12.606,86.767,14.528565007433702,1.685875609501673,2.792175716531429,Other sectors,FAAt307I / FAAt307ESI / FAAt105,43,Retail trade,Direct Table 3.7 mapping.,"BEA Fixed Assets Tables 3.7I, 3.7ESI, and 1.5; fetched with BeaData.jl."
2008,Transportation and warehousing,8,sector,3.478,81.066,4.290331334961636,0.4651336958469633,2.6087166392330827,Griliches measurable sectors,FAAt307I / FAAt307ESI / FAAt105,48,Transportation and warehousing,Direct Table 3.7 mapping.,"BEA Fixed Assets Tables 3.7I, 3.7ESI, and 1.5; fetched with BeaData.jl."
2008,Information,9,sector,123.533,239.024,51.68225784858424,16.520805304503426,7.691829940740241,Other sectors,FAAt307I / FAAt307ESI / FAAt105,57,Information,Direct Table 3.7 mapping.,"BEA Fixed Assets Tables 3.7I, 3.7ESI, and 1.5; fetched with BeaData.jl."
2008,"Finance, insurance, real estate, rental, and leasing",10,sector,45.541000000000004,777.299,5.858877986463382,6.090469707465945,25.013604161537952,Other sectors,FAAt307I / FAAt307ESI / FAAt105,62 + 73,Finance and insurance + Real estate and rental and leasing,Finance/insurance plus real estate/rental/leasing.,"BEA Fixed Assets Tables 3.7I, 3.7ESI, and 1.5; fetched with BeaData.jl."
2008,Professional and business services,11,service_detail,103.207,182.835,56.448163644816354,13.802488023944086,5.883659076976545,Other sectors,FAAt307I / FAAt307ESI / FAAt105,76 + 80 + 81,"Professional, scientific, and technical services + Management of companies and enterprises (5) + Administrative and waste management services",Professional/scientific/technical plus management plus administrative/waste-management services.,"BEA Fixed Assets Tables 3.7I, 3.7ESI, and 1.5; fetched with BeaData.jl."
2008,"Educational services, health care, and social assistance",12,service_detail,16.644000000000002,159.648,10.425435959110043,2.225901447290643,5.13749776750158,Other sectors,FAAt307I / FAAt307ESI / FAAt105,84 + 85,Educational services + Health and social assistance,Educational services plus health care/social assistance.,"BEA Fixed Assets Tables 3.7I, 3.7ESI, and 1.5; fetched with BeaData.jl."
2008,"Arts, entertainment, recreation, accommodation, and food services",13,service_detail,10.197,85.831,11.88032296023581,1.3637056631832905,2.7620550892114415,Other sectors,FAAt307I / FAAt307ESI / FAAt105,90 + 93,"Arts, entertainment, and recreation + Accommodation and food services",Arts/entertainment/recreation plus accommodation/food services.,"BEA Fixed Assets Tables 3.7I, 3.7ESI, and 1.5; fetched with BeaData.jl."
2008,"Other services, except government",14,service_detail,6.61,37.921,17.430974921547428,0.8839947468511867,1.2203037485056338,Other sectors,FAAt307I / FAAt307ESI / FAAt105,96,"Other services, except government",Direct Table 3.7 mapping.,"BEA Fixed Assets Tables 3.7I, 3.7ESI, and 1.5; fetched with BeaData.jl."
2008,Services,15,services_total,136.65800000000002,466.23499999999996,29.310969789912818,18.27608988126921,15.003515682195198,Other sectors,FAAt307I / FAAt307ESI / FAAt105,76 + 80 + 81 + 84 + 85 + 90 + 93 + 96,Sum of Table 3.7 service detail rows,Total services constructed as the sum of the four Table 6D-style service detail rows.,"BEA Fixed Assets Tables 3.7I, 3.7ESI, and 1.5; fetched with BeaData.jl."
2008,Government,16,sector,173.416,619.134,28.009445451227034,23.191956583955427,19.923829567450415,Other sectors,FAAt307I / FAAt307ESI / FAAt105,FAAt105 line 13 / line 10,Government intellectual property products / government nonresidential fixed investment,Government added from Fixed Assets Table 1.5.,"BEA Fixed Assets Tables 3.7I, 3.7ESI, and 1.5; fetched with BeaData.jl."
2008,Total,17,total,747.742,3107.505,24.062455249468623,100.0,100.0,Total,FAAt307I / FAAt307ESI / FAAt105,FAAt307I line 1 + FAAt105 line 13 / FAAt307ESI line 1 + FAAt105 line 10,Private plus government intellectual property products / private fixed assets by industry plus government nonresidential fixed investment,Total constructed as private industry-owner investment plus government nonresidential investment.,"BEA Fixed Assets Tables 3.7I, 3.7ESI, and 1.5; fetched with BeaData.jl."
2009,"Agriculture, forestry, fishing, and hunting",1,sector,0.143,41.923,0.341101543305584,0.01932560399269681,1.5604574433555771,Griliches measurable sectors,FAAt307I / FAAt307ESI / FAAt105,2,"Agriculture, forestry, fishing, and hunting",Direct Table 3.7 mapping.,"BEA Fixed Assets Tables 3.7I, 3.7ESI, and 1.5; fetched with BeaData.jl."
2009,Mining,2,sector,3.085,113.74,2.7123263583611745,0.4169194987235641,4.233629024813666,Griliches measurable sectors,FAAt307I / FAAt307ESI / FAAt105,5,Mining,Direct Table 3.7 mapping.,"BEA Fixed Assets Tables 3.7I, 3.7ESI, and 1.5; fetched with BeaData.jl."
2009,Utilities,3,sector,5.178,110.091,4.703381747826798,0.6997760662530356,4.09780598708248,Griliches measurable sectors,FAAt307I / FAAt307ESI / FAAt105,9,Utilities,Direct Table 3.7 mapping.,"BEA Fixed Assets Tables 3.7I, 3.7ESI, and 1.5; fetched with BeaData.jl."
2009,Construction,4,sector,1.495,21.019,7.112612398306295,0.20204040537819395,0.7823689860432428,Other sectors,FAAt307I / FAAt307ESI / FAAt105,13,Construction,Direct Table 3.7 mapping.,"BEA Fixed Assets Tables 3.7I, 3.7ESI, and 1.5; fetched with BeaData.jl."
2009,Manufacturing,5,sector,208.508,357.759,58.28169242422972,28.17862263852606,13.31650154992362,Griliches measurable sectors,FAAt307I / FAAt307ESI / FAAt105,14,Manufacturing,Direct Table 3.7 mapping.,"BEA Fixed Assets Tables 3.7I, 3.7ESI, and 1.5; fetched with BeaData.jl."
2009,Wholesale trade,6,sector,15.718,49.141,31.985511080360595,2.1241947101902694,1.8291257597007944,Other sectors,FAAt307I / FAAt307ESI / FAAt105,40,Wholesale trade,Direct Table 3.7 mapping.,"BEA Fixed Assets Tables 3.7I, 3.7ESI, and 1.5; fetched with BeaData.jl."
2009,Retail trade,7,sector,11.485,64.506,17.804545313614238,1.5521298031896706,2.40104162013918,Other sectors,FAAt307I / FAAt307ESI / FAAt105,43,Retail trade,Direct Table 3.7 mapping.,"BEA Fixed Assets Tables 3.7I, 3.7ESI, and 1.5; fetched with BeaData.jl."
2009,Transportation and warehousing,8,sector,3.14,59.931,5.23935859571841,0.4243524233361398,2.2307510206269368,Griliches measurable sectors,FAAt307I / FAAt307ESI / FAAt105,48,Transportation and warehousing,Direct Table 3.7 mapping.,"BEA Fixed Assets Tables 3.7I, 3.7ESI, and 1.5; fetched with BeaData.jl."
2009,Information,9,sector,119.748,220.072,54.41310116689084,16.18323375466754,8.191517555378875,Other sectors,FAAt307I / FAAt307ESI / FAAt105,57,Information,Direct Table 3.7 mapping.,"BEA Fixed Assets Tables 3.7I, 3.7ESI, and 1.5; fetched with BeaData.jl."
2009,"Finance, insurance, real estate, rental, and leasing",10,sector,51.059999999999995,578.3670000000001,8.828304519448722,6.900456922147546,21.527970091387427,Other sectors,FAAt307I / FAAt307ESI / FAAt105,62 + 73,Finance and insurance + Real estate and rental and leasing,Finance/insurance plus real estate/rental/leasing.,"BEA Fixed Assets Tables 3.7I, 3.7ESI, and 1.5; fetched with BeaData.jl."
2009,Professional and business services,11,service_detail,109.772,183.967,59.669397228850826,14.835036374030173,6.847617643818321,Other sectors,FAAt307I / FAAt307ESI / FAAt105,76 + 80 + 81,"Professional, scientific, and technical services + Management of companies and enterprises (5) + Administrative and waste management services",Professional/scientific/technical plus management plus administrative/waste-management services.,"BEA Fixed Assets Tables 3.7I, 3.7ESI, and 1.5; fetched with BeaData.jl."
2009,"Educational services, health care, and social assistance",12,service_detail,18.442,151.883,12.142241067137205,2.492327194638564,5.653387349883718,Other sectors,FAAt307I / FAAt307ESI / FAAt105,84 + 85,Educational services + Health and social assistance,Educational services plus health care/social assistance.,"BEA Fixed Assets Tables 3.7I, 3.7ESI, and 1.5; fetched with BeaData.jl."
2009,"Arts, entertainment, recreation, accommodation, and food services",13,service_detail,10.124,68.999,14.672676415600229,1.3681987050493885,2.5682800165563404,Other sectors,FAAt307I / FAAt307ESI / FAAt105,90 + 93,"Arts, entertainment, and recreation + Accommodation and food services",Arts/entertainment/recreation plus accommodation/food services.,"BEA Fixed Assets Tables 3.7I, 3.7ESI, and 1.5; fetched with BeaData.jl."
2009,"Other services, except government",14,service_detail,6.515,32.887,19.81025937300453,0.8804637063805576,1.2241195510730354,Other sectors,FAAt307I / FAAt307ESI / FAAt105,96,"Other services, except government",Direct Table 3.7 mapping.,"BEA Fixed Assets Tables 3.7I, 3.7ESI, and 1.5; fetched with BeaData.jl."
2009,Services,15,services_total,144.85299999999998,437.73600000000005,33.09140669261837,19.576025980098677,16.293404561331418,Other sectors,FAAt307I / FAAt307ESI / FAAt105,76 + 80 + 81 + 84 + 85 + 90 + 93 + 96,Sum of Table 3.7 service detail rows,Total services constructed as the sum of the four Table 6D-style service detail rows.,"BEA Fixed Assets Tables 3.7I, 3.7ESI, and 1.5; fetched with BeaData.jl."
2009,Government,16,sector,175.536,632.302,27.761417803517936,23.722651905328863,23.535538066183673,Other sectors,FAAt307I / FAAt307ESI / FAAt105,FAAt105 line 13 / line 10,Government intellectual property products / government nonresidential fixed investment,Government added from Fixed Assets Table 1.5.,"BEA Fixed Assets Tables 3.7I, 3.7ESI, and 1.5; fetched with BeaData.jl."
2009,Total,17,total,739.951,2686.5840000000003,27.542447956215028,100.0,100.0,Total,FAAt307I / FAAt307ESI / FAAt105,FAAt307I line 1 + FAAt105 line 13 / FAAt307ESI line 1 + FAAt105 line 10,Private plus government intellectual property products / private fixed assets by industry plus government nonresidential fixed investment,Total constructed as private industry-owner investment plus government nonresidential investment.,"BEA Fixed Assets Tables 3.7I, 3.7ESI, and 1.5; fetched with BeaData.jl."
2010,"Agriculture, forestry, fishing, and hunting",1,sector,0.137,43.769,0.31300692270785263,0.018031938907264504,1.5993139272476409,Griliches measurable sectors,FAAt307I / FAAt307ESI / FAAt105,2,"Agriculture, forestry, fishing, and hunting",Direct Table 3.7 mapping.,"BEA Fixed Assets Tables 3.7I, 3.7ESI, and 1.5; fetched with BeaData.jl."
2010,Mining,2,sector,3.136,131.94,2.376837956646961,0.4127602949867261,4.821071524619109,Griliches measurable sectors,FAAt307I / FAAt307ESI / FAAt105,5,Mining,Direct Table 3.7 mapping.,"BEA Fixed Assets Tables 3.7I, 3.7ESI, and 1.5; fetched with BeaData.jl."
2010,Utilities,3,sector,4.453,100.867,4.414724339972439,0.5861038244821082,3.685667890508986,Griliches measurable sectors,FAAt307I / FAAt307ESI / FAAt105,9,Utilities,Direct Table 3.7 mapping.,"BEA Fixed Assets Tables 3.7I, 3.7ESI, and 1.5; fetched with BeaData.jl."
2010,Construction,4,sector,1.564,27.961,5.59350523944065,0.20585366752526774,1.0216915332717516,Other sectors,FAAt307I / FAAt307ESI / FAAt105,13,Construction,Direct Table 3.7 mapping.,"BEA Fixed Assets Tables 3.7I, 3.7ESI, and 1.5; fetched with BeaData.jl."
2010,Manufacturing,5,sector,212.215,365.002,58.140777310809256,27.93173660733676,13.33712860867837,Griliches measurable sectors,FAAt307I / FAAt307ESI / FAAt105,14,Manufacturing,Direct Table 3.7 mapping.,"BEA Fixed Assets Tables 3.7I, 3.7ESI, and 1.5; fetched with BeaData.jl."
2010,Wholesale trade,6,sector,16.738,55.479,30.169974224481336,2.203055426494841,2.0271959005179894,Other sectors,FAAt307I / FAAt307ESI / FAAt105,40,Wholesale trade,Direct Table 3.7 mapping.,"BEA Fixed Assets Tables 3.7I, 3.7ESI, and 1.5; fetched with BeaData.jl."
2010,Retail trade,7,sector,12.088,69.235,17.45937748248718,1.5910224635840386,2.529838464506624,Other sectors,FAAt307I / FAAt307ESI / FAAt105,43,Retail trade,Direct Table 3.7 mapping.,"BEA Fixed Assets Tables 3.7I, 3.7ESI, and 1.5; fetched with BeaData.jl."
2010,Transportation and warehousing,8,sector,3.044,65.464,4.649883905658071,0.40065125572053384,2.3920465839598704,Griliches measurable sectors,FAAt307I / FAAt307ESI / FAAt105,48,Transportation and warehousing,Direct Table 3.7 mapping.,"BEA Fixed Assets Tables 3.7I, 3.7ESI, and 1.5; fetched with BeaData.jl."
2010,Information,9,sector,134.949,249.132,54.167670150763456,17.76198630362363,9.103252926113443,Other sectors,FAAt307I / FAAt307ESI / FAAt105,57,Information,Direct Table 3.7 mapping.,"BEA Fixed Assets Tables 3.7I, 3.7ESI, and 1.5; fetched with BeaData.jl."
2010,"Finance, insurance, real estate, rental, and leasing",10,sector,47.507999999999996,585.649,8.112026145353273,6.253002581068042,21.39954310536347,Other sectors,FAAt307I / FAAt307ESI / FAAt105,62 + 73,Finance and insurance + Real estate and rental and leasing,Finance/insurance plus real estate/rental/leasing.,"BEA Fixed Assets Tables 3.7I, 3.7ESI, and 1.5; fetched with BeaData.jl."
2010,Professional and business services,11,service_detail,107.239,182.78900000000002,58.66819119312431,14.114796324643342,6.679087789249676,Other sectors,FAAt307I / FAAt307ESI / FAAt105,76 + 80 + 81,"Professional, scientific, and technical services + Management of companies and enterprises (5) + Administrative and waste management services",Professional/scientific/technical plus management plus administrative/waste-management services.,"BEA Fixed Assets Tables 3.7I, 3.7ESI, and 1.5; fetched with BeaData.jl."
2010,"Educational services, health care, and social assistance",12,service_detail,18.977,147.362,12.877811104626703,2.497752588636193,5.384589525624685,Other sectors,FAAt307I / FAAt307ESI / FAAt105,84 + 85,Educational services + Health and social assistance,Educational services plus health care/social assistance.,"BEA Fixed Assets Tables 3.7I, 3.7ESI, and 1.5; fetched with BeaData.jl."
2010,"Arts, entertainment, recreation, accommodation, and food services",13,service_detail,9.407,49.259,19.097017803853102,1.2381492649681545,1.799917858353893,Other sectors,FAAt307I / FAAt307ESI / FAAt105,90 + 93,"Arts, entertainment, and recreation + Accommodation and food services",Arts/entertainment/recreation plus accommodation/food services.,"BEA Fixed Assets Tables 3.7I, 3.7ESI, and 1.5; fetched with BeaData.jl."
2010,"Other services, except government",14,service_detail,6.716,29.892,22.467549846112675,0.8839598664320321,1.0922500380014732,Other sectors,FAAt307I / FAAt307ESI / FAAt105,96,"Other services, except government",Direct Table 3.7 mapping.,"BEA Fixed Assets Tables 3.7I, 3.7ESI, and 1.5; fetched with BeaData.jl."
2010,Services,15,services_total,142.33900000000003,409.302,34.776033344571985,18.734658044679726,14.95584521122973,Other sectors,FAAt307I / FAAt307ESI / FAAt105,76 + 80 + 81 + 84 + 85 + 90 + 93 + 96,Sum of Table 3.7 service detail rows,Total services constructed as the sum of the four Table 6D-style service detail rows.,"BEA Fixed Assets Tables 3.7I, 3.7ESI, and 1.5; fetched with BeaData.jl."
2010,Government,16,sector,181.592,632.934,28.690511174940834,23.901137591591063,23.1273312442267,Other sectors,FAAt307I / FAAt307ESI / FAAt105,FAAt105 line 13 / line 10,Government intellectual property products / government nonresidential fixed investment,Government added from Fixed Assets Table 1.5.,"BEA Fixed Assets Tables 3.7I, 3.7ESI, and 1.5; fetched with BeaData.jl."
2010,Total,17,total,759.763,2736.736,27.76164745156274,100.0,100.0,Total,FAAt307I / FAAt307ESI / FAAt105,FAAt307I line 1 + FAAt105 line 13 / FAAt307ESI line 1 + FAAt105 line 10,Private plus government intellectual property products / private fixed assets by industry plus government nonresidential fixed investment,Total constructed as private industry-owner investment plus government nonresidential investment.,"BEA Fixed Assets Tables 3.7I, 3.7ESI, and 1.5; fetched with BeaData.jl."
2011,"Agriculture, forestry, fishing, and hunting",1,sector,0.122,49.569,0.246121567915431,0.01510450584742468,1.706253440027097,Griliches measurable sectors,FAAt307I / FAAt307ESI / FAAt105,2,"Agriculture, forestry, fishing, and hunting",Direct Table 3.7 mapping.,"BEA Fixed Assets Tables 3.7I, 3.7ESI, and 1.5; fetched with BeaData.jl."
2011,Mining,2,sector,3.924,174.728,2.2457762922943085,0.4858203356171676,6.014449576732526,Griliches measurable sectors,FAAt307I / FAAt307ESI / FAAt105,5,Mining,Direct Table 3.7 mapping.,"BEA Fixed Assets Tables 3.7I, 3.7ESI, and 1.5; fetched with BeaData.jl."
2011,Utilities,3,sector,4.803,108.606,4.422407601789956,0.5946470621736126,3.7384123364922197,Griliches measurable sectors,FAAt307I / FAAt307ESI / FAAt105,9,Utilities,Direct Table 3.7 mapping.,"BEA Fixed Assets Tables 3.7I, 3.7ESI, and 1.5; fetched with BeaData.jl."
2011,Construction,4,sector,2.132,32.607,6.538473333946699,0.2639574300549953,1.122391129919174,Other sectors,FAAt307I / FAAt307ESI / FAAt105,13,Construction,Direct Table 3.7 mapping.,"BEA Fixed Assets Tables 3.7I, 3.7ESI, and 1.5; fetched with BeaData.jl."
2011,Manufacturing,5,sector,224.053,405.524,55.25024412858425,27.739424988795427,13.95885977150131,Griliches measurable sectors,FAAt307I / FAAt307ESI / FAAt105,14,Manufacturing,Direct Table 3.7 mapping.,"BEA Fixed Assets Tables 3.7I, 3.7ESI, and 1.5; fetched with BeaData.jl."
2011,Wholesale trade,6,sector,20.038,66.772,30.00958485592763,2.4808531817270145,2.29841140021968,Other sectors,FAAt307I / FAAt307ESI / FAAt105,40,Wholesale trade,Direct Table 3.7 mapping.,"BEA Fixed Assets Tables 3.7I, 3.7ESI, and 1.5; fetched with BeaData.jl."
2011,Retail trade,7,sector,14.744,79.776,18.481748896911355,1.8254166738887665,2.7460322869455034,Other sectors,FAAt307I / FAAt307ESI / FAAt105,43,Retail trade,Direct Table 3.7 mapping.,"BEA Fixed Assets Tables 3.7I, 3.7ESI, and 1.5; fetched with BeaData.jl."
2011,Transportation and warehousing,8,sector,4.012,72.73,5.516293139007286,0.4967153890153099,2.5034963927690845,Griliches measurable sectors,FAAt307I / FAAt307ESI / FAAt105,48,Transportation and warehousing,Direct Table 3.7 mapping.,"BEA Fixed Assets Tables 3.7I, 3.7ESI, and 1.5; fetched with BeaData.jl."
2011,Information,9,sector,142.816,259.451,55.04546137806368,17.681681205785274,8.930766432013362,Other sectors,FAAt307I / FAAt307ESI / FAAt105,57,Information,Direct Table 3.7 mapping.,"BEA Fixed Assets Tables 3.7I, 3.7ESI, and 1.5; fetched with BeaData.jl."
2011,"Finance, insurance, real estate, rental, and leasing",10,sector,51.879,605.973,8.561272531944493,6.423005400479877,20.85867206950997,Other sectors,FAAt307I / FAAt307ESI / FAAt105,62 + 73,Finance and insurance + Real estate and rental and leasing,Finance/insurance plus real estate/rental/leasing.,"BEA Fixed Assets Tables 3.7I, 3.7ESI, and 1.5; fetched with BeaData.jl."
2011,Professional and business services,11,service_detail,114.68100000000001,189.07,60.655312847093676,14.19835930400418,6.508126811231278,Other sectors,FAAt307I / FAAt307ESI / FAAt105,76 + 80 + 81,"Professional, scientific, and technical services + Management of companies and enterprises (5) + Administrative and waste management services",Professional/scientific/technical plus management plus administrative/waste-management services.,"BEA Fixed Assets Tables 3.7I, 3.7ESI, and 1.5; fetched with BeaData.jl."
2011,"Educational services, health care, and social assistance",12,service_detail,21.935000000000002,153.025,14.33425910798889,2.7157158669119705,5.267393585913504,Other sectors,FAAt307I / FAAt307ESI / FAAt105,84 + 85,Educational services + Health and social assistance,Educational services plus health care/social assistance.,"BEA Fixed Assets Tables 3.7I, 3.7ESI, and 1.5; fetched with BeaData.jl."
2011,"Arts, entertainment, recreation, accommodation, and food services",13,service_detail,9.913,53.131,18.657657488095463,1.2273030038157449,1.8288638367140688,Other sectors,FAAt307I / FAAt307ESI / FAAt105,90 + 93,"Arts, entertainment, and recreation + Accommodation and food services",Arts/entertainment/recreation plus accommodation/food services.,"BEA Fixed Assets Tables 3.7I, 3.7ESI, and 1.5; fetched with BeaData.jl."
2011,"Other services, except government",14,service_detail,7.198,29.107,24.72944652489092,0.8911658449980563,1.0019148838763885,Other sectors,FAAt307I / FAAt307ESI / FAAt105,96,"Other services, except government",Direct Table 3.7 mapping.,"BEA Fixed Assets Tables 3.7I, 3.7ESI, and 1.5; fetched with BeaData.jl."
2011,Services,15,services_total,153.72700000000003,424.33299999999997,36.2279153400749,19.032544019729954,14.606299117735237,Other sectors,FAAt307I / FAAt307ESI / FAAt105,76 + 80 + 81 + 84 + 85 + 90 + 93 + 96,Sum of Table 3.7 service detail rows,Total services constructed as the sum of the four Table 6D-style service detail rows.,"BEA Fixed Assets Tables 3.7I, 3.7ESI, and 1.5; fetched with BeaData.jl."
2011,Government,16,sector,185.455,625.069,29.669524484496915,22.9607059994602,21.51599046791941,Other sectors,FAAt307I / FAAt307ESI / FAAt105,FAAt105 line 13 / line 10,Government intellectual property products / government nonresidential fixed investment,Government added from Fixed Assets Table 1.5.,"BEA Fixed Assets Tables 3.7I, 3.7ESI, and 1.5; fetched with BeaData.jl."
2011,Total,17,total,807.706,2905.137,27.80268193892405,100.0,100.0,Total,FAAt307I / FAAt307ESI / FAAt105,FAAt307I line 1 + FAAt105 line 13 / FAAt307ESI line 1 + FAAt105 line 10,Private plus government intellectual property products / private fixed assets by industry plus government nonresidential fixed investment,Total constructed as private industry-owner investment plus government nonresidential investment.,"BEA Fixed Assets Tables 3.7I, 3.7ESI, and 1.5; fetched with BeaData.jl."
2012,"Agriculture, forestry, fishing, and hunting",1,sector,0.117,61.41,0.1905227161700049,0.013897979328834506,1.955912502774937,Griliches measurable sectors,FAAt307I / FAAt307ESI / FAAt105,2,"Agriculture, forestry, fishing, and hunting",Direct Table 3.7 mapping.,"BEA Fixed Assets Tables 3.7I, 3.7ESI, and 1.5; fetched with BeaData.jl."
2012,Mining,2,sector,4.321,209.709,2.0604742762590065,0.5132749459819991,6.679245319075545,Griliches measurable sectors,FAAt307I / FAAt307ESI / FAAt105,5,Mining,Direct Table 3.7 mapping.,"BEA Fixed Assets Tables 3.7I, 3.7ESI, and 1.5; fetched with BeaData.jl."
2012,Utilities,3,sector,5.475,127.549,4.292467992693004,0.6503541609005891,4.062443963791572,Griliches measurable sectors,FAAt307I / FAAt307ESI / FAAt105,9,Utilities,Direct Table 3.7 mapping.,"BEA Fixed Assets Tables 3.7I, 3.7ESI, and 1.5; fetched with BeaData.jl."
2012,Construction,4,sector,2.786,36.645,7.602674307545367,0.33093820863361484,1.1671456385635495,Other sectors,FAAt307I / FAAt307ESI / FAAt105,13,Construction,Direct Table 3.7 mapping.,"BEA Fixed Assets Tables 3.7I, 3.7ESI, and 1.5; fetched with BeaData.jl."
2012,Manufacturing,5,sector,232.737,435.223,53.47534482322855,27.645931752606465,13.861880918339299,Griliches measurable sectors,FAAt307I / FAAt307ESI / FAAt105,14,Manufacturing,Direct Table 3.7 mapping.,"BEA Fixed Assets Tables 3.7I, 3.7ESI, and 1.5; fetched with BeaData.jl."
2012,Wholesale trade,6,sector,21.228,70.694,30.028008034628115,2.52159235207264,2.2516085079168113,Other sectors,FAAt307I / FAAt307ESI / FAAt105,40,Wholesale trade,Direct Table 3.7 mapping.,"BEA Fixed Assets Tables 3.7I, 3.7ESI, and 1.5; fetched with BeaData.jl."
2012,Retail trade,7,sector,16.081,85.524,18.802909124923996,1.9102000477520313,2.72394497455339,Other sectors,FAAt307I / FAAt307ESI / FAAt105,43,Retail trade,Direct Table 3.7 mapping.,"BEA Fixed Assets Tables 3.7I, 3.7ESI, and 1.5; fetched with BeaData.jl."
2012,Transportation and warehousing,8,sector,4.875,86.939,5.607379887047241,0.579082472034771,2.769012816784729,Griliches measurable sectors,FAAt307I / FAAt307ESI / FAAt105,48,Transportation and warehousing,Direct Table 3.7 mapping.,"BEA Fixed Assets Tables 3.7I, 3.7ESI, and 1.5; fetched with BeaData.jl."
2012,Information,9,sector,142.706,259.013,55.0960762587206,16.951496052142364,8.249580932767378,Other sectors,FAAt307I / FAAt307ESI / FAAt105,57,Information,Direct Table 3.7 mapping.,"BEA Fixed Assets Tables 3.7I, 3.7ESI, and 1.5; fetched with BeaData.jl."
2012,"Finance, insurance, real estate, rental, and leasing",10,sector,59.156,701.77,8.42954244268065,7.026913377577213,22.351420242181526,Other sectors,FAAt307I / FAAt307ESI / FAAt105,62 + 73,Finance and insurance + Real estate and rental and leasing,Finance/insurance plus real estate/rental/leasing.,"BEA Fixed Assets Tables 3.7I, 3.7ESI, and 1.5; fetched with BeaData.jl."
2012,Professional and business services,11,service_detail,123.589,203.427,60.75348896655803,14.680661258729296,6.479163209607508,Other sectors,FAAt307I / FAAt307ESI / FAAt105,76 + 80 + 81,"Professional, scientific, and technical services + Management of companies and enterprises (5) + Administrative and waste management services",Professional/scientific/technical plus management plus administrative/waste-management services.,"BEA Fixed Assets Tables 3.7I, 3.7ESI, and 1.5; fetched with BeaData.jl."
2012,"Educational services, health care, and social assistance",12,service_detail,24.68,162.714,15.167717590373293,2.9316421353473125,5.182451505887006,Other sectors,FAAt307I / FAAt307ESI / FAAt105,84 + 85,Educational services + Health and social assistance,Educational services plus health care/social assistance.,"BEA Fixed Assets Tables 3.7I, 3.7ESI, and 1.5; fetched with BeaData.jl."
2012,"Arts, entertainment, recreation, accommodation, and food services",13,service_detail,10.39,59.429,17.48304699725723,1.234188078859748,1.8928175236510623,Other sectors,FAAt307I / FAAt307ESI / FAAt105,90 + 93,"Arts, entertainment, and recreation + Accommodation and food services",Arts/entertainment/recreation plus accommodation/food services.,"BEA Fixed Assets Tables 3.7I, 3.7ESI, and 1.5; fetched with BeaData.jl."
2012,"Other services, except government",14,service_detail,7.551,29.073,25.972551852234034,0.8969542043763192,0.9259769450118179,Other sectors,FAAt307I / FAAt307ESI / FAAt105,96,"Other services, except government",Direct Table 3.7 mapping.,"BEA Fixed Assets Tables 3.7I, 3.7ESI, and 1.5; fetched with BeaData.jl."
2012,Services,15,services_total,166.21,454.643,36.55835457710776,19.743445677312675,14.480409184157393,Other sectors,FAAt307I / FAAt307ESI / FAAt105,76 + 80 + 81 + 84 + 85 + 90 + 93 + 96,Sum of Table 3.7 service detail rows,Total services constructed as the sum of the four Table 6D-style service detail rows.,"BEA Fixed Assets Tables 3.7I, 3.7ESI, and 1.5; fetched with BeaData.jl."
2012,Government,16,sector,186.158,610.592,30.48811645091976,22.112991759804903,19.447394999093863,Other sectors,FAAt307I / FAAt307ESI / FAAt105,FAAt105 line 13 / line 10,Government intellectual property products / government nonresidential fixed investment,Government added from Fixed Assets Table 1.5.,"BEA Fixed Assets Tables 3.7I, 3.7ESI, and 1.5; fetched with BeaData.jl."
2012,Total,17,total,841.849,3139.7110000000002,26.812945522693013,100.0,100.0,Total,FAAt307I / FAAt307ESI / FAAt105,FAAt307I line 1 + FAAt105 line 13 / FAAt307ESI line 1 + FAAt105 line 10,Private plus government intellectual property products / private fixed assets by industry plus government nonresidential fixed investment,Total constructed as private industry-owner investment plus government nonresidential investment.,"BEA Fixed Assets Tables 3.7I, 3.7ESI, and 1.5; fetched with BeaData.jl."
2013,"Agriculture, forestry, fishing, and hunting",1,sector,0.13,69.657,0.1866287666709735,0.014709626318916013,2.1042853323545536,Griliches measurable sectors,FAAt307I / FAAt307ESI / FAAt105,2,"Agriculture, forestry, fishing, and hunting",Direct Table 3.7 mapping.,"BEA Fixed Assets Tables 3.7I, 3.7ESI, and 1.5; fetched with BeaData.jl."
2013,Mining,2,sector,4.537,207.714,2.1842533483539865,0.5133659585301689,6.274882976939774,Griliches measurable sectors,FAAt307I / FAAt307ESI / FAAt105,5,Mining,Direct Table 3.7 mapping.,"BEA Fixed Assets Tables 3.7I, 3.7ESI, and 1.5; fetched with BeaData.jl."
2013,Utilities,3,sector,5.743,122.543,4.686518201774072,0.649826030381036,3.701931428036294,Griliches measurable sectors,FAAt307I / FAAt307ESI / FAAt105,9,Utilities,Direct Table 3.7 mapping.,"BEA Fixed Assets Tables 3.7I, 3.7ESI, and 1.5; fetched with BeaData.jl."
2013,Construction,4,sector,3.107,41.913,7.412974494786822,0.3515600690220928,1.266160057639238,Other sectors,FAAt307I / FAAt307ESI / FAAt105,13,Construction,Direct Table 3.7 mapping.,"BEA Fixed Assets Tables 3.7I, 3.7ESI, and 1.5; fetched with BeaData.jl."
2013,Manufacturing,5,sector,248.314,467.289,53.139277834487864,28.09697038273316,14.116447574122159,Griliches measurable sectors,FAAt307I / FAAt307ESI / FAAt105,14,Manufacturing,Direct Table 3.7 mapping.,"BEA Fixed Assets Tables 3.7I, 3.7ESI, and 1.5; fetched with BeaData.jl."
2013,Wholesale trade,6,sector,20.09,65.108,30.856423173803524,2.273203021130944,1.9668634798934823,Other sectors,FAAt307I / FAAt307ESI / FAAt105,40,Wholesale trade,Direct Table 3.7 mapping.,"BEA Fixed Assets Tables 3.7I, 3.7ESI, and 1.5; fetched with BeaData.jl."
2013,Retail trade,7,sector,16.579,86.789,19.10265125764786,1.8759299595485277,2.621830106230808,Other sectors,FAAt307I / FAAt307ESI / FAAt105,43,Retail trade,Direct Table 3.7 mapping.,"BEA Fixed Assets Tables 3.7I, 3.7ESI, and 1.5; fetched with BeaData.jl."
2013,Transportation and warehousing,8,sector,5.573,96.497,5.775309076966124,0.6305903651947612,2.9151014501947743,Griliches measurable sectors,FAAt307I / FAAt307ESI / FAAt105,48,Transportation and warehousing,Direct Table 3.7 mapping.,"BEA Fixed Assets Tables 3.7I, 3.7ESI, and 1.5; fetched with BeaData.jl."
2013,Information,9,sector,158.999,289.27,54.96560306979639,17.990891346779442,8.738628107587203,Other sectors,FAAt307I / FAAt307ESI / FAAt105,57,Information,Direct Table 3.7 mapping.,"BEA Fixed Assets Tables 3.7I, 3.7ESI, and 1.5; fetched with BeaData.jl."
2013,"Finance, insurance, real estate, rental, and leasing",10,sector,63.80500000000001,797.862,7.996996974414123,7.219597748295665,24.102808100306774,Other sectors,FAAt307I / FAAt307ESI / FAAt105,62 + 73,Finance and insurance + Real estate and rental and leasing,Finance/insurance plus real estate/rental/leasing.,"BEA Fixed Assets Tables 3.7I, 3.7ESI, and 1.5; fetched with BeaData.jl."
2013,Professional and business services,11,service_detail,122.511,206.03699999999998,59.4606793925363,13.862238691974769,6.224222074196924,Other sectors,FAAt307I / FAAt307ESI / FAAt105,76 + 80 + 81,"Professional, scientific, and technical services + Management of companies and enterprises (5) + Administrative and waste management services",Professional/scientific/technical plus management plus administrative/waste-management services.,"BEA Fixed Assets Tables 3.7I, 3.7ESI, and 1.5; fetched with BeaData.jl."
2013,"Educational services, health care, and social assistance",12,service_detail,25.392,166.175,15.280276816608994,2.873129472999349,5.0200211766802765,Other sectors,FAAt307I / FAAt307ESI / FAAt105,84 + 85,Educational services + Health and social assistance,Educational services plus health care/social assistance.,"BEA Fixed Assets Tables 3.7I, 3.7ESI, and 1.5; fetched with BeaData.jl."
2013,"Arts, entertainment, recreation, accommodation, and food services",13,service_detail,11.245999999999999,67.922,16.55722740790907,1.272495827557919,2.051872293440516,Other sectors,FAAt307I / FAAt307ESI / FAAt105,90 + 93,"Arts, entertainment, and recreation + Accommodation and food services",Arts/entertainment/recreation plus accommodation/food services.,"BEA Fixed Assets Tables 3.7I, 3.7ESI, and 1.5; fetched with BeaData.jl."
2013,"Other services, except government",14,service_detail,8.541,29.856,28.607315112540192,0.9664224491527822,0.9019271987420872,Other sectors,FAAt307I / FAAt307ESI / FAAt105,96,"Other services, except government",Direct Table 3.7 mapping.,"BEA Fixed Assets Tables 3.7I, 3.7ESI, and 1.5; fetched with BeaData.jl."
2013,Services,15,services_total,167.69,469.99,35.679482542181745,18.974286441684818,14.198042743059805,Other sectors,FAAt307I / FAAt307ESI / FAAt105,76 + 80 + 81 + 84 + 85 + 90 + 93 + 96,Sum of Table 3.7 service detail rows,Total services constructed as the sum of the four Table 6D-style service detail rows.,"BEA Fixed Assets Tables 3.7I, 3.7ESI, and 1.5; fetched with BeaData.jl."
2013,Government,16,sector,189.208,595.612,31.766989248033955,21.40906905038047,17.992988434390806,Other sectors,FAAt307I / FAAt307ESI / FAAt105,FAAt105 line 13 / line 10,Government intellectual property products / government nonresidential fixed investment,Government added from Fixed Assets Table 1.5.,"BEA Fixed Assets Tables 3.7I, 3.7ESI, and 1.5; fetched with BeaData.jl."
2013,Total,17,total,883.775,3310.245,26.698174908503752,100.0,100.0,Total,FAAt307I / FAAt307ESI / FAAt105,FAAt307I line 1 + FAAt105 line 13 / FAAt307ESI line 1 + FAAt105 line 10,Private plus government intellectual property products / private fixed assets by industry plus government nonresidential fixed investment,Total constructed as private industry-owner investment plus government nonresidential investment.,"BEA Fixed Assets Tables 3.7I, 3.7ESI, and 1.5; fetched with BeaData.jl."
2014,"Agriculture, forestry, fishing, and hunting",1,sector,0.176,78.118,0.22530018689674594,0.01888947083723286,2.1905508344468165,Griliches measurable sectors,FAAt307I / FAAt307ESI / FAAt105,2,"Agriculture, forestry, fishing, and hunting",Direct Table 3.7 mapping.,"BEA Fixed Assets Tables 3.7I, 3.7ESI, and 1.5; fetched with BeaData.jl."
2014,Mining,2,sector,4.538,236.682,1.9173405666675118,0.48704783329183376,6.636933262481649,Griliches measurable sectors,FAAt307I / FAAt307ESI / FAAt105,5,Mining,Direct Table 3.7 mapping.,"BEA Fixed Assets Tables 3.7I, 3.7ESI, and 1.5; fetched with BeaData.jl."
2014,Utilities,3,sector,6.723,140.124,4.797893294510576,0.7215563206745258,3.929296002534957,Griliches measurable sectors,FAAt307I / FAAt307ESI / FAAt105,9,Utilities,Direct Table 3.7 mapping.,"BEA Fixed Assets Tables 3.7I, 3.7ESI, and 1.5; fetched with BeaData.jl."
2014,Construction,4,sector,3.038,43.391,7.00145191399138,0.32605802501996267,1.2167514690273922,Other sectors,FAAt307I / FAAt307ESI / FAAt105,13,Construction,Direct Table 3.7 mapping.,"BEA Fixed Assets Tables 3.7I, 3.7ESI, and 1.5; fetched with BeaData.jl."
2014,Manufacturing,5,sector,260.939,484.429,53.86527231028696,28.005679720435833,13.584146421826429,Griliches measurable sectors,FAAt307I / FAAt307ESI / FAAt105,14,Manufacturing,Direct Table 3.7 mapping.,"BEA Fixed Assets Tables 3.7I, 3.7ESI, and 1.5; fetched with BeaData.jl."
2014,Wholesale trade,6,sector,25.195,82.225,30.641532380662817,2.7040921462731933,2.3057175345296796,Other sectors,FAAt307I / FAAt307ESI / FAAt105,40,Wholesale trade,Direct Table 3.7 mapping.,"BEA Fixed Assets Tables 3.7I, 3.7ESI, and 1.5; fetched with BeaData.jl."
2014,Retail trade,7,sector,19.24,100.014,19.237306777051213,2.064962607433865,2.804548902383112,Other sectors,FAAt307I / FAAt307ESI / FAAt105,43,Retail trade,Direct Table 3.7 mapping.,"BEA Fixed Assets Tables 3.7I, 3.7ESI, and 1.5; fetched with BeaData.jl."
2014,Transportation and warehousing,8,sector,8.46,125.336,6.749856386034341,0.9079825186533526,3.514617365859677,Griliches measurable sectors,FAAt307I / FAAt307ESI / FAAt105,48,Transportation and warehousing,Direct Table 3.7 mapping.,"BEA Fixed Assets Tables 3.7I, 3.7ESI, and 1.5; fetched with BeaData.jl."
2014,Information,9,sector,174.739,318.009,54.9478159423161,18.754132071745648,8.917469473253256,Other sectors,FAAt307I / FAAt307ESI / FAAt105,57,Information,Direct Table 3.7 mapping.,"BEA Fixed Assets Tables 3.7I, 3.7ESI, and 1.5; fetched with BeaData.jl."
2014,"Finance, insurance, real estate, rental, and leasing",10,sector,67.895,881.3889999999999,7.703182136377922,7.286935355079121,24.715525351676252,Other sectors,FAAt307I / FAAt307ESI / FAAt105,62 + 73,Finance and insurance + Real estate and rental and leasing,Finance/insurance plus real estate/rental/leasing.,"BEA Fixed Assets Tables 3.7I, 3.7ESI, and 1.5; fetched with BeaData.jl."
2014,Professional and business services,11,service_detail,121.012,201.439,60.07376923038737,12.98779911906377,5.648664450448454,Other sectors,FAAt307I / FAAt307ESI / FAAt105,76 + 80 + 81,"Professional, scientific, and technical services + Management of companies and enterprises (5) + Administrative and waste management services",Professional/scientific/technical plus management plus administrative/waste-management services.,"BEA Fixed Assets Tables 3.7I, 3.7ESI, and 1.5; fetched with BeaData.jl."
2014,"Educational services, health care, and social assistance",12,service_detail,26.052,164.244,15.861766639877255,2.7960709900658554,4.605658507039133,Other sectors,FAAt307I / FAAt307ESI / FAAt105,84 + 85,Educational services + Health and social assistance,Educational services plus health care/social assistance.,"BEA Fixed Assets Tables 3.7I, 3.7ESI, and 1.5; fetched with BeaData.jl."
2014,"Arts, entertainment, recreation, accommodation, and food services",13,service_detail,12.669,74.74600000000001,16.949401974687607,1.3597199206642225,2.0959946833196166,Other sectors,FAAt307I / FAAt307ESI / FAAt105,90 + 93,"Arts, entertainment, and recreation + Accommodation and food services",Arts/entertainment/recreation plus accommodation/food services.,"BEA Fixed Assets Tables 3.7I, 3.7ESI, and 1.5; fetched with BeaData.jl."
2014,"Other services, except government",14,service_detail,10.721,35.969,29.806222024521112,1.150647822988486,1.0086269869200128,Other sectors,FAAt307I / FAAt307ESI / FAAt105,96,"Other services, except government",Direct Table 3.7 mapping.,"BEA Fixed Assets Tables 3.7I, 3.7ESI, and 1.5; fetched with BeaData.jl."
2014,Services,15,services_total,170.454,476.39799999999997,35.77974718617627,18.294237852782334,13.358944627727215,Other sectors,FAAt307I / FAAt307ESI / FAAt105,76 + 80 + 81 + 84 + 85 + 90 + 93 + 96,Sum of Table 3.7 service detail rows,Total services constructed as the sum of the four Table 6D-style service detail rows.,"BEA Fixed Assets Tables 3.7I, 3.7ESI, and 1.5; fetched with BeaData.jl."
2014,Government,16,sector,190.341,600.019,31.722495454310618,20.428640730850802,16.82547071269035,Other sectors,FAAt307I / FAAt307ESI / FAAt105,FAAt105 line 13 / line 10,Government intellectual property products / government nonresidential fixed investment,Government added from Fixed Assets Table 1.5.,"BEA Fixed Assets Tables 3.7I, 3.7ESI, and 1.5; fetched with BeaData.jl."
2014,Total,17,total,931.736,3566.135,26.127333934357505,100.00000000000001,100.0,Total,FAAt307I / FAAt307ESI / FAAt105,FAAt307I line 1 + FAAt105 line 13 / FAAt307ESI line 1 + FAAt105 line 10,Private plus government intellectual property products / private fixed assets by industry plus government nonresidential fixed investment,Total constructed as private industry-owner investment plus government nonresidential investment.,"BEA Fixed Assets Tables 3.7I, 3.7ESI, and 1.5; fetched with BeaData.jl."
2015,"Agriculture, forestry, fishing, and hunting",1,sector,0.167,57.495,0.2904600400034786,0.01711298773295951,1.5413362000211785,Griliches measurable sectors,FAAt307I / FAAt307ESI / FAAt105,2,"Agriculture, forestry, fishing, and hunting",Direct Table 3.7 mapping.,"BEA Fixed Assets Tables 3.7I, 3.7ESI, and 1.5; fetched with BeaData.jl."
2015,Mining,2,sector,4.644,174.1,2.667432510051695,0.4758845211488861,4.667303807699577,Griliches measurable sectors,FAAt307I / FAAt307ESI / FAAt105,5,Mining,Direct Table 3.7 mapping.,"BEA Fixed Assets Tables 3.7I, 3.7ESI, and 1.5; fetched with BeaData.jl."
2015,Utilities,3,sector,7.643,154.284,4.953851339088953,0.783200989479099,4.1360729504142535,Griliches measurable sectors,FAAt307I / FAAt307ESI / FAAt105,9,Utilities,Direct Table 3.7 mapping.,"BEA Fixed Assets Tables 3.7I, 3.7ESI, and 1.5; fetched with BeaData.jl."
2015,Construction,4,sector,3.452,48.121,7.173583258868269,0.35373672846812115,1.2900363384854185,Other sectors,FAAt307I / FAAt307ESI / FAAt105,13,Construction,Direct Table 3.7 mapping.,"BEA Fixed Assets Tables 3.7I, 3.7ESI, and 1.5; fetched with BeaData.jl."
2015,Manufacturing,5,sector,268.706,501.375,53.59381700324109,27.535104681273165,13.44095029629739,Griliches measurable sectors,FAAt307I / FAAt307ESI / FAAt105,14,Manufacturing,Direct Table 3.7 mapping.,"BEA Fixed Assets Tables 3.7I, 3.7ESI, and 1.5; fetched with BeaData.jl."
2015,Wholesale trade,6,sector,24.42,83.225,29.342144788224694,2.50239018226869,2.2311106226065323,Other sectors,FAAt307I / FAAt307ESI / FAAt105,40,Wholesale trade,Direct Table 3.7 mapping.,"BEA Fixed Assets Tables 3.7I, 3.7ESI, and 1.5; fetched with BeaData.jl."
2015,Retail trade,7,sector,21.097,106.717,19.769108951713413,2.1618724682769273,2.8608883425977933,Other sectors,FAAt307I / FAAt307ESI / FAAt105,43,Retail trade,Direct Table 3.7 mapping.,"BEA Fixed Assets Tables 3.7I, 3.7ESI, and 1.5; fetched with BeaData.jl."
2015,Transportation and warehousing,8,sector,9.47,129.894,7.290559995072906,0.970419124737285,3.4822214864866683,Griliches measurable sectors,FAAt307I / FAAt307ESI / FAAt105,48,Transportation and warehousing,Direct Table 3.7 mapping.,"BEA Fixed Assets Tables 3.7I, 3.7ESI, and 1.5; fetched with BeaData.jl."
2015,Information,9,sector,178.866,334.861,53.414999059311185,18.32893211882357,8.977013327685743,Other sectors,FAAt307I / FAAt307ESI / FAAt105,57,Information,Direct Table 3.7 mapping.,"BEA Fixed Assets Tables 3.7I, 3.7ESI, and 1.5; fetched with BeaData.jl."
2015,"Finance, insurance, real estate, rental, and leasing",10,sector,78.91499999999999,1003.0730000000001,7.867323714226181,8.086655251176644,26.890559634121985,Other sectors,FAAt307I / FAAt307ESI / FAAt105,62 + 73,Finance and insurance + Real estate and rental and leasing,Finance/insurance plus real estate/rental/leasing.,"BEA Fixed Assets Tables 3.7I, 3.7ESI, and 1.5; fetched with BeaData.jl."
2015,Professional and business services,11,service_detail,127.04,215.749,58.883239319765096,13.018167434701654,5.783837617503595,Other sectors,FAAt307I / FAAt307ESI / FAAt105,76 + 80 + 81,"Professional, scientific, and technical services + Management of companies and enterprises (5) + Administrative and waste management services",Professional/scientific/technical plus management plus administrative/waste-management services.,"BEA Fixed Assets Tables 3.7I, 3.7ESI, and 1.5; fetched with BeaData.jl."
2015,"Educational services, health care, and social assistance",12,service_detail,28.638,177.16299999999998,16.164774811896393,2.934621213751464,4.74941725722849,Other sectors,FAAt307I / FAAt307ESI / FAAt105,84 + 85,Educational services + Health and social assistance,Educational services plus health care/social assistance.,"BEA Fixed Assets Tables 3.7I, 3.7ESI, and 1.5; fetched with BeaData.jl."
2015,"Arts, entertainment, recreation, accommodation, and food services",13,service_detail,13.372,79.789,16.759202396320294,1.3702686944020035,2.1389977226452705,Other sectors,FAAt307I / FAAt307ESI / FAAt105,90 + 93,"Arts, entertainment, and recreation + Accommodation and food services",Arts/entertainment/recreation plus accommodation/food services.,"BEA Fixed Assets Tables 3.7I, 3.7ESI, and 1.5; fetched with BeaData.jl."
2015,"Other services, except government",14,service_detail,12.343,41.262,29.91372206873152,1.2648239975324505,1.1061590448782306,Other sectors,FAAt307I / FAAt307ESI / FAAt105,96,"Other services, except government",Direct Table 3.7 mapping.,"BEA Fixed Assets Tables 3.7I, 3.7ESI, and 1.5; fetched with BeaData.jl."
2015,Services,15,services_total,181.393,513.963,35.293007473300605,18.587881340387572,13.778411642255586,Other sectors,FAAt307I / FAAt307ESI / FAAt105,76 + 80 + 81 + 84 + 85 + 90 + 93 + 96,Sum of Table 3.7 service detail rows,Total services constructed as the sum of the four Table 6D-style service detail rows.,"BEA Fixed Assets Tables 3.7I, 3.7ESI, and 1.5; fetched with BeaData.jl."
2015,Government,16,sector,197.095,623.097,31.631511626600673,20.196912079207515,16.704095351327876,Other sectors,FAAt307I / FAAt307ESI / FAAt105,FAAt105 line 13 / line 10,Government intellectual property products / government nonresidential fixed investment,Government added from Fixed Assets Table 1.5.,"BEA Fixed Assets Tables 3.7I, 3.7ESI, and 1.5; fetched with BeaData.jl."
2015,Total,17,total,975.8670000000001,3730.205,26.161216340656885,100.0,100.0,Total,FAAt307I / FAAt307ESI / FAAt105,FAAt307I line 1 + FAAt105 line 13 / FAAt307ESI line 1 + FAAt105 line 10,Private plus government intellectual property products / private fixed assets by industry plus government nonresidential fixed investment,Total constructed as private industry-owner investment plus government nonresidential investment.,"BEA Fixed Assets Tables 3.7I, 3.7ESI, and 1.5; fetched with BeaData.jl."
2016,"Agriculture, forestry, fishing, and hunting",1,sector,0.254,49.93,0.5087121970759062,0.024253118530910313,1.302829093507016,Griliches measurable sectors,FAAt307I / FAAt307ESI / FAAt105,2,"Agriculture, forestry, fishing, and hunting",Direct Table 3.7 mapping.,"BEA Fixed Assets Tables 3.7I, 3.7ESI, and 1.5; fetched with BeaData.jl."
2016,Mining,2,sector,4.208,93.687,4.491551656046196,0.4017996959766559,2.444585405235165,Griliches measurable sectors,FAAt307I / FAAt307ESI / FAAt105,5,Mining,Direct Table 3.7 mapping.,"BEA Fixed Assets Tables 3.7I, 3.7ESI, and 1.5; fetched with BeaData.jl."
2016,Utilities,3,sector,8.893,165.581,5.37078529541433,0.8491456027377379,4.320523615701687,Griliches measurable sectors,FAAt307I / FAAt307ESI / FAAt105,9,Utilities,Direct Table 3.7 mapping.,"BEA Fixed Assets Tables 3.7I, 3.7ESI, and 1.5; fetched with BeaData.jl."
2016,Construction,4,sector,3.436,47.922,7.169984558240475,0.32808549319766867,1.250434124154681,Other sectors,FAAt307I / FAAt307ESI / FAAt105,13,Construction,Direct Table 3.7 mapping.,"BEA Fixed Assets Tables 3.7I, 3.7ESI, and 1.5; fetched with BeaData.jl."
2016,Manufacturing,5,sector,282.021,506.269,55.7057611664945,26.928695831519125,13.210133834181924,Griliches measurable sectors,FAAt307I / FAAt307ESI / FAAt105,14,Manufacturing,Direct Table 3.7 mapping.,"BEA Fixed Assets Tables 3.7I, 3.7ESI, and 1.5; fetched with BeaData.jl."
2016,Wholesale trade,6,sector,27.672,89.74,30.835747715622915,2.6422531338084654,2.341595891274176,Other sectors,FAAt307I / FAAt307ESI / FAAt105,40,Wholesale trade,Direct Table 3.7 mapping.,"BEA Fixed Assets Tables 3.7I, 3.7ESI, and 1.5; fetched with BeaData.jl."
2016,Retail trade,7,sector,22.769,114.645,19.860438745693223,2.1740915583869955,2.9914448512940486,Other sectors,FAAt307I / FAAt307ESI / FAAt105,43,Retail trade,Direct Table 3.7 mapping.,"BEA Fixed Assets Tables 3.7I, 3.7ESI, and 1.5; fetched with BeaData.jl."
2016,Transportation and warehousing,8,sector,10.042,119.513,8.402433208102883,0.958857544438588,3.1184661216163434,Griliches measurable sectors,FAAt307I / FAAt307ESI / FAAt105,48,Transportation and warehousing,Direct Table 3.7 mapping.,"BEA Fixed Assets Tables 3.7I, 3.7ESI, and 1.5; fetched with BeaData.jl."
2016,Information,9,sector,199.299,367.788,54.18855427583282,19.030008937369665,9.596733559838944,Other sectors,FAAt307I / FAAt307ESI / FAAt105,57,Information,Direct Table 3.7 mapping.,"BEA Fixed Assets Tables 3.7I, 3.7ESI, and 1.5; fetched with BeaData.jl."
2016,"Finance, insurance, real estate, rental, and leasing",10,sector,91.95400000000001,1087.984,8.451778702627982,8.780201816501288,28.388888613461592,Other sectors,FAAt307I / FAAt307ESI / FAAt105,62 + 73,Finance and insurance + Real estate and rental and leasing,Finance/insurance plus real estate/rental/leasing.,"BEA Fixed Assets Tables 3.7I, 3.7ESI, and 1.5; fetched with BeaData.jl."
2016,Professional and business services,11,service_detail,133.995,228.29199999999997,58.69456660767789,12.794474872241446,5.956848776585293,Other sectors,FAAt307I / FAAt307ESI / FAAt105,76 + 80 + 81,"Professional, scientific, and technical services + Management of companies and enterprises (5) + Administrative and waste management services",Professional/scientific/technical plus management plus administrative/waste-management services.,"BEA Fixed Assets Tables 3.7I, 3.7ESI, and 1.5; fetched with BeaData.jl."
2016,"Educational services, health care, and social assistance",12,service_detail,29.747,182.168,16.32943217250011,2.8403839249566496,4.753330068215223,Other sectors,FAAt307I / FAAt307ESI / FAAt105,84 + 85,Educational services + Health and social assistance,Educational services plus health care/social assistance.,"BEA Fixed Assets Tables 3.7I, 3.7ESI, and 1.5; fetched with BeaData.jl."
2016,"Arts, entertainment, recreation, accommodation, and food services",13,service_detail,14.911999999999999,88.918,16.77050765874176,1.4238681241454116,2.32014735302337,Other sectors,FAAt307I / FAAt307ESI / FAAt105,90 + 93,"Arts, entertainment, and recreation + Accommodation and food services",Arts/entertainment/recreation plus accommodation/food services.,"BEA Fixed Assets Tables 3.7I, 3.7ESI, and 1.5; fetched with BeaData.jl."
2016,"Other services, except government",14,service_detail,13.647,45.31,30.11917898918561,1.3030799550839884,1.1822789150170818,Other sectors,FAAt307I / FAAt307ESI / FAAt105,96,"Other services, except government",Direct Table 3.7 mapping.,"BEA Fixed Assets Tables 3.7I, 3.7ESI, and 1.5; fetched with BeaData.jl."
2016,Services,15,services_total,192.30100000000002,544.6879999999999,35.304798343271756,18.361806876427497,14.212605112840965,Other sectors,FAAt307I / FAAt307ESI / FAAt105,76 + 80 + 81 + 84 + 85 + 90 + 93 + 96,Sum of Table 3.7 service detail rows,Total services constructed as the sum of the four Table 6D-style service detail rows.,"BEA Fixed Assets Tables 3.7I, 3.7ESI, and 1.5; fetched with BeaData.jl."
2016,Government,16,sector,204.438,644.682,31.711448435042392,19.52070490638678,16.821759776893455,Other sectors,FAAt307I / FAAt307ESI / FAAt105,FAAt105 line 13 / line 10,Government intellectual property products / government nonresidential fixed investment,Government added from Fixed Assets Table 1.5.,"BEA Fixed Assets Tables 3.7I, 3.7ESI, and 1.5; fetched with BeaData.jl."
2016,Total,17,total,1047.288,3832.429,27.32700331826108,100.0,100.0,Total,FAAt307I / FAAt307ESI / FAAt105,FAAt307I line 1 + FAAt105 line 13 / FAAt307ESI line 1 + FAAt105 line 10,Private plus government intellectual property products / private fixed assets by industry plus government nonresidential fixed investment,Total constructed as private industry-owner investment plus government nonresidential investment.,"BEA Fixed Assets Tables 3.7I, 3.7ESI, and 1.5; fetched with BeaData.jl."
2017,"Agriculture, forestry, fishing, and hunting",1,sector,0.293,52.447,0.5586592178770949,0.026072881266946256,1.2905383242908464,Griliches measurable sectors,FAAt307I / FAAt307ESI / FAAt105,2,"Agriculture, forestry, fishing, and hunting",Direct Table 3.7 mapping.,"BEA Fixed Assets Tables 3.7I, 3.7ESI, and 1.5; fetched with BeaData.jl."
2017,Mining,2,sector,5.25,130.745,4.01544992160312,0.4671762001756582,3.217179880820765,Griliches measurable sectors,FAAt307I / FAAt307ESI / FAAt105,5,Mining,Direct Table 3.7 mapping.,"BEA Fixed Assets Tables 3.7I, 3.7ESI, and 1.5; fetched with BeaData.jl."
2017,Utilities,3,sector,10.364,149.56,6.9296603369885,0.9222503121181946,3.6801516155535863,Griliches measurable sectors,FAAt307I / FAAt307ESI / FAAt105,9,Utilities,Direct Table 3.7 mapping.,"BEA Fixed Assets Tables 3.7I, 3.7ESI, and 1.5; fetched with BeaData.jl."
2017,Construction,4,sector,3.481,47.014,7.404177479048792,0.309760067202184,1.1568510835359476,Other sectors,FAAt307I / FAAt307ESI / FAAt105,13,Construction,Direct Table 3.7 mapping.,"BEA Fixed Assets Tables 3.7I, 3.7ESI, and 1.5; fetched with BeaData.jl."
2017,Manufacturing,5,sector,289.573,521.16,55.56316678179446,25.767926440660165,12.823935650988949,Griliches measurable sectors,FAAt307I / FAAt307ESI / FAAt105,14,Manufacturing,Direct Table 3.7 mapping.,"BEA Fixed Assets Tables 3.7I, 3.7ESI, and 1.5; fetched with BeaData.jl."
2017,Wholesale trade,6,sector,30.316,90.842,33.37222870478413,2.697697844671477,2.235305784033959,Other sectors,FAAt307I / FAAt307ESI / FAAt105,40,Wholesale trade,Direct Table 3.7 mapping.,"BEA Fixed Assets Tables 3.7I, 3.7ESI, and 1.5; fetched with BeaData.jl."
2017,Retail trade,7,sector,27.063,124.41,21.7530745116952,2.4082265724483496,3.0612975561047184,Other sectors,FAAt307I / FAAt307ESI / FAAt105,43,Retail trade,Direct Table 3.7 mapping.,"BEA Fixed Assets Tables 3.7I, 3.7ESI, and 1.5; fetched with BeaData.jl."
2017,Transportation and warehousing,8,sector,9.857,127.45,7.734013338564142,0.8771344390726595,3.13610138674983,Griliches measurable sectors,FAAt307I / FAAt307ESI / FAAt105,48,Transportation and warehousing,Direct Table 3.7 mapping.,"BEA Fixed Assets Tables 3.7I, 3.7ESI, and 1.5; fetched with BeaData.jl."
2017,Information,9,sector,223.503,409.093,54.633787427308704,19.88862519387812,10.066356411217328,Other sectors,FAAt307I / FAAt307ESI / FAAt105,57,Information,Direct Table 3.7 mapping.,"BEA Fixed Assets Tables 3.7I, 3.7ESI, and 1.5; fetched with BeaData.jl."
2017,"Finance, insurance, real estate, rental, and leasing",10,sector,101.234,1165.438,8.686347965314328,9.008402942587159,28.677377230058447,Other sectors,FAAt307I / FAAt307ESI / FAAt105,62 + 73,Finance and insurance + Real estate and rental and leasing,Finance/insurance plus real estate/rental/leasing.,"BEA Fixed Assets Tables 3.7I, 3.7ESI, and 1.5; fetched with BeaData.jl."
2017,Professional and business services,11,service_detail,141.28500000000003,237.323,59.5327886466967,12.572378941298643,5.839693914536131,Other sectors,FAAt307I / FAAt307ESI / FAAt105,76 + 80 + 81,"Professional, scientific, and technical services + Management of companies and enterprises (5) + Administrative and waste management services",Professional/scientific/technical plus management plus administrative/waste-management services.,"BEA Fixed Assets Tables 3.7I, 3.7ESI, and 1.5; fetched with BeaData.jl."
2017,"Educational services, health care, and social assistance",12,service_detail,32.214999999999996,196.273,16.413363019875376,2.8666821502207287,4.829596135594738,Other sectors,FAAt307I / FAAt307ESI / FAAt105,84 + 85,Educational services + Health and social assistance,Educational services plus health care/social assistance.,"BEA Fixed Assets Tables 3.7I, 3.7ESI, and 1.5; fetched with BeaData.jl."
2017,"Arts, entertainment, recreation, accommodation, and food services",13,service_detail,17.513,92.303,18.973381146874967,1.5584108178431053,2.2712559144854416,Other sectors,FAAt307I / FAAt307ESI / FAAt105,90 + 93,"Arts, entertainment, and recreation + Accommodation and food services",Arts/entertainment/recreation plus accommodation/food services.,"BEA Fixed Assets Tables 3.7I, 3.7ESI, and 1.5; fetched with BeaData.jl."
2017,"Other services, except government",14,service_detail,14.08,39.75,35.42138364779874,1.25292207589967,0.9781092987313122,Other sectors,FAAt307I / FAAt307ESI / FAAt105,96,"Other services, except government",Direct Table 3.7 mapping.,"BEA Fixed Assets Tables 3.7I, 3.7ESI, and 1.5; fetched with BeaData.jl."
2017,Services,15,services_total,205.09300000000002,565.649,36.257997450715905,18.25039398526215,13.918655263347624,Other sectors,FAAt307I / FAAt307ESI / FAAt105,76 + 80 + 81 + 84 + 85 + 90 + 93 + 96,Sum of Table 3.7 service detail rows,Total services constructed as the sum of the four Table 6D-style service detail rows.,"BEA Fixed Assets Tables 3.7I, 3.7ESI, and 1.5; fetched with BeaData.jl."
2017,Government,16,sector,217.745,680.157,32.013932077446825,19.376244134714035,16.73629902634448,Other sectors,FAAt307I / FAAt307ESI / FAAt105,FAAt105 line 13 / line 10,Government intellectual property products / government nonresidential fixed investment,Government added from Fixed Assets Table 1.5.,"BEA Fixed Assets Tables 3.7I, 3.7ESI, and 1.5; fetched with BeaData.jl."
2017,Total,17,total,1123.7730000000001,4063.963,27.65214643932536,100.0,100.0,Total,FAAt307I / FAAt307ESI / FAAt105,FAAt307I line 1 + FAAt105 line 13 / FAAt307ESI line 1 + FAAt105 line 10,Private plus government intellectual property products / private fixed assets by industry plus government nonresidential fixed investment,Total constructed as private industry-owner investment plus government nonresidential investment.,"BEA Fixed Assets Tables 3.7I, 3.7ESI, and 1.5; fetched with BeaData.jl."
2018,"Agriculture, forestry, fishing, and hunting",1,sector,0.325,50.714,0.6408486808376386,0.02655070408382507,1.1689056439560521,Griliches measurable sectors,FAAt307I / FAAt307ESI / FAAt105,2,"Agriculture, forestry, fishing, and hunting",Direct Table 3.7 mapping.,"BEA Fixed Assets Tables 3.7I, 3.7ESI, and 1.5; fetched with BeaData.jl."
2018,Mining,2,sector,6.994,157.028,4.453982729194793,0.5713711518839155,3.6193342165699995,Griliches measurable sectors,FAAt307I / FAAt307ESI / FAAt105,5,Mining,Direct Table 3.7 mapping.,"BEA Fixed Assets Tables 3.7I, 3.7ESI, and 1.5; fetched with BeaData.jl."
2018,Utilities,3,sector,11.675,166.819,6.998603276605183,0.9537829851651005,3.8450067164708885,Griliches measurable sectors,FAAt307I / FAAt307ESI / FAAt105,9,Utilities,Direct Table 3.7 mapping.,"BEA Fixed Assets Tables 3.7I, 3.7ESI, and 1.5; fetched with BeaData.jl."
2018,Construction,4,sector,4.183,48.865,8.560319246904736,0.34172798517735464,1.126288091886116,Other sectors,FAAt307I / FAAt307ESI / FAAt105,13,Construction,Direct Table 3.7 mapping.,"BEA Fixed Assets Tables 3.7I, 3.7ESI, and 1.5; fetched with BeaData.jl."
2018,Manufacturing,5,sector,307.421,555.874,55.304079701515086,25.114596923549495,12.81232511591329,Griliches measurable sectors,FAAt307I / FAAt307ESI / FAAt105,14,Manufacturing,Direct Table 3.7 mapping.,"BEA Fixed Assets Tables 3.7I, 3.7ESI, and 1.5; fetched with BeaData.jl."
2018,Wholesale trade,6,sector,33.214,95.103,34.92424003448892,2.7134002628928178,2.1920265302905,Other sectors,FAAt307I / FAAt307ESI / FAAt105,40,Wholesale trade,Direct Table 3.7 mapping.,"BEA Fixed Assets Tables 3.7I, 3.7ESI, and 1.5; fetched with BeaData.jl."
2018,Retail trade,7,sector,29.531,124.994,23.62593404483415,2.4125195147675016,2.880983398285341,Other sectors,FAAt307I / FAAt307ESI / FAAt105,43,Retail trade,Direct Table 3.7 mapping.,"BEA Fixed Assets Tables 3.7I, 3.7ESI, and 1.5; fetched with BeaData.jl."
2018,Transportation and warehousing,8,sector,12.682,143.003,8.868345419326868,1.0360493205879062,3.296072362713399,Griliches measurable sectors,FAAt307I / FAAt307ESI / FAAt105,48,Transportation and warehousing,Direct Table 3.7 mapping.,"BEA Fixed Assets Tables 3.7I, 3.7ESI, and 1.5; fetched with BeaData.jl."
2018,Information,9,sector,244.297,437.173,55.88108140255689,19.957714940203733,10.076388908096368,Other sectors,FAAt307I / FAAt307ESI / FAAt105,57,Information,Direct Table 3.7 mapping.,"BEA Fixed Assets Tables 3.7I, 3.7ESI, and 1.5; fetched with BeaData.jl."
2018,"Finance, insurance, real estate, rental, and leasing",10,sector,111.789,1229.977,9.088706536788898,9.13254356562068,28.34970732413403,Other sectors,FAAt307I / FAAt307ESI / FAAt105,62 + 73,Finance and insurance + Real estate and rental and leasing,Finance/insurance plus real estate/rental/leasing.,"BEA Fixed Assets Tables 3.7I, 3.7ESI, and 1.5; fetched with BeaData.jl."
2018,Professional and business services,11,service_detail,159.81900000000002,263.729,60.599706516916996,13.056329156839505,6.07868274194277,Other sectors,FAAt307I / FAAt307ESI / FAAt105,76 + 80 + 81,"Professional, scientific, and technical services + Management of companies and enterprises (5) + Administrative and waste management services",Professional/scientific/technical plus management plus administrative/waste-management services.,"BEA Fixed Assets Tables 3.7I, 3.7ESI, and 1.5; fetched with BeaData.jl."
2018,"Educational services, health care, and social assistance",12,service_detail,34.487,202.596,17.022547335584118,2.817397328427308,4.669629842704585,Other sectors,FAAt307I / FAAt307ESI / FAAt105,84 + 85,Educational services + Health and social assistance,Educational services plus health care/social assistance.,"BEA Fixed Assets Tables 3.7I, 3.7ESI, and 1.5; fetched with BeaData.jl."
2018,"Arts, entertainment, recreation, accommodation, and food services",13,service_detail,19.228,97.59100000000001,19.702636513612937,1.5708213480731954,2.2493723764505873,Other sectors,FAAt307I / FAAt307ESI / FAAt105,90 + 93,"Arts, entertainment, and recreation + Accommodation and food services",Arts/entertainment/recreation plus accommodation/food services.,"BEA Fixed Assets Tables 3.7I, 3.7ESI, and 1.5; fetched with BeaData.jl."
2018,"Other services, except government",14,service_detail,16.574,43.376,38.21007008483954,1.3540042138009745,0.9997722761414543,Other sectors,FAAt307I / FAAt307ESI / FAAt105,96,"Other services, except government",Direct Table 3.7 mapping.,"BEA Fixed Assets Tables 3.7I, 3.7ESI, and 1.5; fetched with BeaData.jl."
2018,Services,15,services_total,230.10800000000006,607.292,37.890833404688365,18.798552047140987,13.997457237239399,Other sectors,FAAt307I / FAAt307ESI / FAAt105,76 + 80 + 81 + 84 + 85 + 90 + 93 + 96,Sum of Table 3.7 service detail rows,Total services constructed as the sum of the four Table 6D-style service detail rows.,"BEA Fixed Assets Tables 3.7I, 3.7ESI, and 1.5; fetched with BeaData.jl."
2018,Government,16,sector,231.856,721.746,32.12432074441701,18.94135398787491,16.635504454444625,Other sectors,FAAt307I / FAAt307ESI / FAAt105,FAAt105 line 13 / line 10,Government intellectual property products / government nonresidential fixed investment,Government added from Fixed Assets Table 1.5.,"BEA Fixed Assets Tables 3.7I, 3.7ESI, and 1.5; fetched with BeaData.jl."
2018,Total,17,total,1224.0729999999999,4338.588,28.213626184371503,100.0,100.0,Total,FAAt307I / FAAt307ESI / FAAt105,FAAt307I line 1 + FAAt105 line 13 / FAAt307ESI line 1 + FAAt105 line 10,Private plus government intellectual property products / private fixed assets by industry plus government nonresidential fixed investment,Total constructed as private industry-owner investment plus government nonresidential investment.,"BEA Fixed Assets Tables 3.7I, 3.7ESI, and 1.5; fetched with BeaData.jl."
2019,"Agriculture, forestry, fishing, and hunting",1,sector,0.274,54.776,0.5002190740470279,0.020787292136561893,1.2092021751334292,Griliches measurable sectors,FAAt307I / FAAt307ESI / FAAt105,2,"Agriculture, forestry, fishing, and hunting",Direct Table 3.7 mapping.,"BEA Fixed Assets Tables 3.7I, 3.7ESI, and 1.5; fetched with BeaData.jl."
2019,Mining,2,sector,8.198,158.765,5.163606588353857,0.6219497114435562,3.50480106862602,Griliches measurable sectors,FAAt307I / FAAt307ESI / FAAt105,5,Mining,Direct Table 3.7 mapping.,"BEA Fixed Assets Tables 3.7I, 3.7ESI, and 1.5; fetched with BeaData.jl."
2019,Utilities,3,sector,12.613,184.67,6.830021118752369,0.9568982325491062,4.076664336240149,Griliches measurable sectors,FAAt307I / FAAt307ESI / FAAt105,9,Utilities,Direct Table 3.7 mapping.,"BEA Fixed Assets Tables 3.7I, 3.7ESI, and 1.5; fetched with BeaData.jl."
2019,Construction,4,sector,4.866,60.657,8.022157376724863,0.36916410049821224,1.339027609483504,Other sectors,FAAt307I / FAAt307ESI / FAAt105,13,Construction,Direct Table 3.7 mapping.,"BEA Fixed Assets Tables 3.7I, 3.7ESI, and 1.5; fetched with BeaData.jl."
2019,Manufacturing,5,sector,330.837,576.116,57.42541432628151,25.099289666363962,12.717991827244974,Griliches measurable sectors,FAAt307I / FAAt307ESI / FAAt105,14,Manufacturing,Direct Table 3.7 mapping.,"BEA Fixed Assets Tables 3.7I, 3.7ESI, and 1.5; fetched with BeaData.jl."
2019,Wholesale trade,6,sector,35.497,95.801,37.05284913518648,2.6930164561005014,2.1148455086161393,Other sectors,FAAt307I / FAAt307ESI / FAAt105,40,Wholesale trade,Direct Table 3.7 mapping.,"BEA Fixed Assets Tables 3.7I, 3.7ESI, and 1.5; fetched with BeaData.jl."
2019,Retail trade,7,sector,34.232,133.825,25.579674948626938,2.5970459285357177,2.9542405631523136,Other sectors,FAAt307I / FAAt307ESI / FAAt105,43,Retail trade,Direct Table 3.7 mapping.,"BEA Fixed Assets Tables 3.7I, 3.7ESI, and 1.5; fetched with BeaData.jl."
2019,Transportation and warehousing,8,sector,11.934,135.4,8.813884785819791,0.9053851983858744,2.9890093200136247,Griliches measurable sectors,FAAt307I / FAAt307ESI / FAAt105,48,Transportation and warehousing,Direct Table 3.7 mapping.,"BEA Fixed Assets Tables 3.7I, 3.7ESI, and 1.5; fetched with BeaData.jl."
2019,Information,9,sector,244.474,427.881,57.13597939614051,18.547271743773106,9.445644733063144,Other sectors,FAAt307I / FAAt307ESI / FAAt105,57,Information,Direct Table 3.7 mapping.,"BEA Fixed Assets Tables 3.7I, 3.7ESI, and 1.5; fetched with BeaData.jl."
2019,"Finance, insurance, real estate, rental, and leasing",10,sector,134.611,1278.3609999999999,10.529967669539355,10.212402123338439,28.220331930147246,Other sectors,FAAt307I / FAAt307ESI / FAAt105,62 + 73,Finance and insurance + Real estate and rental and leasing,Finance/insurance plus real estate/rental/leasing.,"BEA Fixed Assets Tables 3.7I, 3.7ESI, and 1.5; fetched with BeaData.jl."
2019,Professional and business services,11,service_detail,181.605,294.668,61.63037723811205,13.777650322847892,6.504914315434083,Other sectors,FAAt307I / FAAt307ESI / FAAt105,76 + 80 + 81,"Professional, scientific, and technical services + Management of companies and enterprises (5) + Administrative and waste management services",Professional/scientific/technical plus management plus administrative/waste-management services.,"BEA Fixed Assets Tables 3.7I, 3.7ESI, and 1.5; fetched with BeaData.jl."
2019,"Educational services, health care, and social assistance",12,service_detail,36.692,212.297,17.283334196903393,2.783676361586602,4.686541444689309,Other sectors,FAAt307I / FAAt307ESI / FAAt105,84 + 85,Educational services + Health and social assistance,Educational services plus health care/social assistance.,"BEA Fixed Assets Tables 3.7I, 3.7ESI, and 1.5; fetched with BeaData.jl."
2019,"Arts, entertainment, recreation, accommodation, and food services",13,service_detail,20.716,102.18299999999999,20.27343100124287,1.5716406711715916,2.2557307189582883,Other sectors,FAAt307I / FAAt307ESI / FAAt105,90 + 93,"Arts, entertainment, and recreation + Accommodation and food services",Arts/entertainment/recreation plus accommodation/food services.,"BEA Fixed Assets Tables 3.7I, 3.7ESI, and 1.5; fetched with BeaData.jl."
2019,"Other services, except government",14,service_detail,18.338,47.727,38.42269574873762,1.391231252555737,1.05359267220303,Other sectors,FAAt307I / FAAt307ESI / FAAt105,96,"Other services, except government",Direct Table 3.7 mapping.,"BEA Fixed Assets Tables 3.7I, 3.7ESI, and 1.5; fetched with BeaData.jl."
2019,Services,15,services_total,257.351,656.875,39.178078020932446,19.52419860816182,14.50077915128471,Other sectors,FAAt307I / FAAt307ESI / FAAt105,76 + 80 + 81 + 84 + 85 + 90 + 93 + 96,Sum of Table 3.7 service detail rows,Total services constructed as the sum of the four Table 6D-style service detail rows.,"BEA Fixed Assets Tables 3.7I, 3.7ESI, and 1.5; fetched with BeaData.jl."
2019,Government,16,sector,243.226,766.802,31.719531247962312,18.452590938713147,16.927461776994736,Other sectors,FAAt307I / FAAt307ESI / FAAt105,FAAt105 line 13 / line 10,Government intellectual property products / government nonresidential fixed investment,Government added from Fixed Assets Table 1.5.,"BEA Fixed Assets Tables 3.7I, 3.7ESI, and 1.5; fetched with BeaData.jl."
2019,Total,17,total,1318.1129999999998,4529.929,29.097873277925544,100.0,100.0,Total,FAAt307I / FAAt307ESI / FAAt105,FAAt307I line 1 + FAAt105 line 13 / FAAt307ESI line 1 + FAAt105 line 10,Private plus government intellectual property products / private fixed assets by industry plus government nonresidential fixed investment,Total constructed as private industry-owner investment plus government nonresidential investment.,"BEA Fixed Assets Tables 3.7I, 3.7ESI, and 1.5; fetched with BeaData.jl."
2020,"Agriculture, forestry, fishing, and hunting",1,sector,0.273,54.233,0.503383548761824,0.019414230702219128,1.19384710752989,Griliches measurable sectors,FAAt307I / FAAt307ESI / FAAt105,2,"Agriculture, forestry, fishing, and hunting",Direct Table 3.7 mapping.,"BEA Fixed Assets Tables 3.7I, 3.7ESI, and 1.5; fetched with BeaData.jl."
2020,Mining,2,sector,8.423,102.919,8.184105947395524,0.5989965758417278,2.2655864595332873,Griliches measurable sectors,FAAt307I / FAAt307ESI / FAAt105,5,Mining,Direct Table 3.7 mapping.,"BEA Fixed Assets Tables 3.7I, 3.7ESI, and 1.5; fetched with BeaData.jl."
2020,Utilities,3,sector,15.477,193.586,7.994896325147479,1.1006375405796536,4.261466010699784,Griliches measurable sectors,FAAt307I / FAAt307ESI / FAAt105,9,Utilities,Direct Table 3.7 mapping.,"BEA Fixed Assets Tables 3.7I, 3.7ESI, and 1.5; fetched with BeaData.jl."
2020,Construction,4,sector,5.499,55.729,9.86739399594466,0.39105807557327094,1.2267789990510067,Other sectors,FAAt307I / FAAt307ESI / FAAt105,13,Construction,Direct Table 3.7 mapping.,"BEA Fixed Assets Tables 3.7I, 3.7ESI, and 1.5; fetched with BeaData.jl."
2020,Manufacturing,5,sector,345.972,573.414,60.33546442884199,24.603590565963938,12.622732382813869,Griliches measurable sectors,FAAt307I / FAAt307ESI / FAAt105,14,Manufacturing,Direct Table 3.7 mapping.,"BEA Fixed Assets Tables 3.7I, 3.7ESI, and 1.5; fetched with BeaData.jl."
2020,Wholesale trade,6,sector,35.29,87.578,40.29550800429332,2.509627111653161,1.9278804783665433,Other sectors,FAAt307I / FAAt307ESI / FAAt105,40,Wholesale trade,Direct Table 3.7 mapping.,"BEA Fixed Assets Tables 3.7I, 3.7ESI, and 1.5; fetched with BeaData.jl."
2020,Retail trade,7,sector,40.478,146.918,27.5514232428974,2.878568609393501,3.2341494909755393,Other sectors,FAAt307I / FAAt307ESI / FAAt105,43,Retail trade,Direct Table 3.7 mapping.,"BEA Fixed Assets Tables 3.7I, 3.7ESI, and 1.5; fetched with BeaData.jl."
2020,Transportation and warehousing,8,sector,10.825,112.56,9.617093105899077,0.7698133602619854,2.4778166508134243,Griliches measurable sectors,FAAt307I / FAAt307ESI / FAAt105,48,Transportation and warehousing,Direct Table 3.7 mapping.,"BEA Fixed Assets Tables 3.7I, 3.7ESI, and 1.5; fetched with BeaData.jl."
2020,Information,9,sector,261.207,443.81,58.855591356661634,18.575578604522168,9.769721106943017,Other sectors,FAAt307I / FAAt307ESI / FAAt105,57,Information,Direct Table 3.7 mapping.,"BEA Fixed Assets Tables 3.7I, 3.7ESI, and 1.5; fetched with BeaData.jl."
2020,"Finance, insurance, real estate, rental, and leasing",10,sector,143.60199999999998,1328.656,10.808064690935801,10.212169806959965,29.248098436417568,Other sectors,FAAt307I / FAAt307ESI / FAAt105,62 + 73,Finance and insurance + Real estate and rental and leasing,Finance/insurance plus real estate/rental/leasing.,"BEA Fixed Assets Tables 3.7I, 3.7ESI, and 1.5; fetched with BeaData.jl."
2020,Professional and business services,11,service_detail,191.099,291.855,65.47737746483698,13.589890377155209,6.424690641641364,Other sectors,FAAt307I / FAAt307ESI / FAAt105,76 + 80 + 81,"Professional, scientific, and technical services + Management of companies and enterprises (5) + Administrative and waste management services",Professional/scientific/technical plus management plus administrative/waste-management services.,"BEA Fixed Assets Tables 3.7I, 3.7ESI, and 1.5; fetched with BeaData.jl."
2020,"Educational services, health care, and social assistance",12,service_detail,38.353,210.625,18.20913946587537,2.727450513268169,4.636550569274854,Other sectors,FAAt307I / FAAt307ESI / FAAt105,84 + 85,Educational services + Health and social assistance,Educational services plus health care/social assistance.,"BEA Fixed Assets Tables 3.7I, 3.7ESI, and 1.5; fetched with BeaData.jl."
2020,"Arts, entertainment, recreation, accommodation, and food services",13,service_detail,19.441000000000003,81.697,23.796467434544724,1.3825350149518025,1.7984202818186243,Other sectors,FAAt307I / FAAt307ESI / FAAt105,90 + 93,"Arts, entertainment, and recreation + Accommodation and food services",Arts/entertainment/recreation plus accommodation/food services.,"BEA Fixed Assets Tables 3.7I, 3.7ESI, and 1.5; fetched with BeaData.jl."
2020,"Other services, except government",14,service_detail,20.267,47.684,42.50272628135224,1.441275507845696,1.0496820289391198,Other sectors,FAAt307I / FAAt307ESI / FAAt105,96,"Other services, except government",Direct Table 3.7 mapping.,"BEA Fixed Assets Tables 3.7I, 3.7ESI, and 1.5; fetched with BeaData.jl."
2020,Services,15,services_total,269.16,631.861,42.597976453682065,19.141151413220882,13.909343521673962,Other sectors,FAAt307I / FAAt307ESI / FAAt105,76 + 80 + 81 + 84 + 85 + 90 + 93 + 96,Sum of Table 3.7 service detail rows,Total services constructed as the sum of the four Table 6D-style service detail rows.,"BEA Fixed Assets Tables 3.7I, 3.7ESI, and 1.5; fetched with BeaData.jl."
2020,Government,16,sector,269.979,811.445,33.27138623073652,19.199394105327535,17.862579355182117,Other sectors,FAAt307I / FAAt307ESI / FAAt105,FAAt105 line 13 / line 10,Government intellectual property products / government nonresidential fixed investment,Government added from Fixed Assets Table 1.5.,"BEA Fixed Assets Tables 3.7I, 3.7ESI, and 1.5; fetched with BeaData.jl."
2020,Total,17,total,1406.185,4542.709,30.95476729854367,100.0,100.0,Total,FAAt307I / FAAt307ESI / FAAt105,FAAt307I line 1 + FAAt105 line 13 / FAAt307ESI line 1 + FAAt105 line 10,Private plus government intellectual property products / private fixed assets by industry plus government nonresidential fixed investment,Total constructed as private industry-owner investment plus government nonresidential investment.,"BEA Fixed Assets Tables 3.7I, 3.7ESI, and 1.5; fetched with BeaData.jl."
2021,"Agriculture, forestry, fishing, and hunting",1,sector,0.316,62.685,0.5041078407912579,0.020292716006650363,1.2552509881209222,Griliches measurable sectors,FAAt307I / FAAt307ESI / FAAt105,2,"Agriculture, forestry, fishing, and hunting",Direct Table 3.7 mapping.,"BEA Fixed Assets Tables 3.7I, 3.7ESI, and 1.5; fetched with BeaData.jl."
2021,Mining,2,sector,9.678,102.454,9.44619048548617,0.621496536431526,2.051614975463683,Griliches measurable sectors,FAAt307I / FAAt307ESI / FAAt105,5,Mining,Direct Table 3.7 mapping.,"BEA Fixed Assets Tables 3.7I, 3.7ESI, and 1.5; fetched with BeaData.jl."
2021,Utilities,3,sector,17.051,208.877,8.16317737232917,1.0949718374347952,4.182708154195324,Griliches measurable sectors,FAAt307I / FAAt307ESI / FAAt105,9,Utilities,Direct Table 3.7 mapping.,"BEA Fixed Assets Tables 3.7I, 3.7ESI, and 1.5; fetched with BeaData.jl."
2021,Construction,4,sector,5.694,53.864,10.57106787464726,0.36565419285400996,1.0786127338939993,Other sectors,FAAt307I / FAAt307ESI / FAAt105,13,Construction,Direct Table 3.7 mapping.,"BEA Fixed Assets Tables 3.7I, 3.7ESI, and 1.5; fetched with BeaData.jl."
2021,Manufacturing,5,sector,373.487,611.19,61.10816603674799,23.9843848834678,12.238922412532927,Griliches measurable sectors,FAAt307I / FAAt307ESI / FAAt105,14,Manufacturing,Direct Table 3.7 mapping.,"BEA Fixed Assets Tables 3.7I, 3.7ESI, and 1.5; fetched with BeaData.jl."
2021,Wholesale trade,6,sector,39.216,98.912,39.64736331284374,2.518351743407597,1.9806873372739358,Other sectors,FAAt307I / FAAt307ESI / FAAt105,40,Wholesale trade,Direct Table 3.7 mapping.,"BEA Fixed Assets Tables 3.7I, 3.7ESI, and 1.5; fetched with BeaData.jl."
2021,Retail trade,7,sector,46.904,168.088,27.90443101232688,3.0120555429617997,3.3659189294292027,Other sectors,FAAt307I / FAAt307ESI / FAAt105,43,Retail trade,Direct Table 3.7 mapping.,"BEA Fixed Assets Tables 3.7I, 3.7ESI, and 1.5; fetched with BeaData.jl."
2021,Transportation and warehousing,8,sector,12.102,116.777,10.363342096474478,0.7771596490901351,2.33842936332132,Griliches measurable sectors,FAAt307I / FAAt307ESI / FAAt105,48,Transportation and warehousing,Direct Table 3.7 mapping.,"BEA Fixed Assets Tables 3.7I, 3.7ESI, and 1.5; fetched with BeaData.jl."
2021,Information,9,sector,298.412,503.17,59.30639744022894,19.163259395495402,10.075849719913926,Other sectors,FAAt307I / FAAt307ESI / FAAt105,57,Information,Direct Table 3.7 mapping.,"BEA Fixed Assets Tables 3.7I, 3.7ESI, and 1.5; fetched with BeaData.jl."
2021,"Finance, insurance, real estate, rental, and leasing",10,sector,158.51600000000002,1560.907,10.155377610581542,10.179494210475282,31.25676085371084,Other sectors,FAAt307I / FAAt307ESI / FAAt105,62 + 73,Finance and insurance + Real estate and rental and leasing,Finance/insurance plus real estate/rental/leasing.,"BEA Fixed Assets Tables 3.7I, 3.7ESI, and 1.5; fetched with BeaData.jl."
2021,Professional and business services,11,service_detail,217.40699999999998,327.543,66.37510189501836,13.96132439511973,6.5589642562350035,Other sectors,FAAt307I / FAAt307ESI / FAAt105,76 + 80 + 81,"Professional, scientific, and technical services + Management of companies and enterprises (5) + Administrative and waste management services",Professional/scientific/technical plus management plus administrative/waste-management services.,"BEA Fixed Assets Tables 3.7I, 3.7ESI, and 1.5; fetched with BeaData.jl."
2021,"Educational services, health care, and social assistance",12,service_detail,42.469,223.322,19.0169351877558,2.727251126855805,4.471965560646735,Other sectors,FAAt307I / FAAt307ESI / FAAt105,84 + 85,Educational services + Health and social assistance,Educational services plus health care/social assistance.,"BEA Fixed Assets Tables 3.7I, 3.7ESI, and 1.5; fetched with BeaData.jl."
2021,"Arts, entertainment, recreation, accommodation, and food services",13,service_detail,20.715,80.70400000000001,25.66787272006344,1.3302645951827918,1.6160768245243824,Other sectors,FAAt307I / FAAt307ESI / FAAt105,90 + 93,"Arts, entertainment, and recreation + Accommodation and food services",Arts/entertainment/recreation plus accommodation/food services.,"BEA Fixed Assets Tables 3.7I, 3.7ESI, and 1.5; fetched with BeaData.jl."
2021,"Other services, except government",14,service_detail,21.084,50.271,41.9406815062362,1.3539608363424565,1.0066638338330842,Other sectors,FAAt307I / FAAt307ESI / FAAt105,96,"Other services, except government",Direct Table 3.7 mapping.,"BEA Fixed Assets Tables 3.7I, 3.7ESI, and 1.5; fetched with BeaData.jl."
2021,Services,15,services_total,301.67499999999995,681.84,44.24425085063944,19.372800953500782,13.653670475239204,Other sectors,FAAt307I / FAAt307ESI / FAAt105,76 + 80 + 81 + 84 + 85 + 90 + 93 + 96,Sum of Table 3.7 service detail rows,Total services constructed as the sum of the four Table 6D-style service detail rows.,"BEA Fixed Assets Tables 3.7I, 3.7ESI, and 1.5; fetched with BeaData.jl."
2021,Government,16,sector,294.158,825.058,35.65300863696856,18.890078338874233,16.52157405690471,Other sectors,FAAt307I / FAAt307ESI / FAAt105,FAAt105 line 13 / line 10,Government intellectual property products / government nonresidential fixed investment,Government added from Fixed Assets Table 1.5.,"BEA Fixed Assets Tables 3.7I, 3.7ESI, and 1.5; fetched with BeaData.jl."
2021,Total,17,total,1557.2089999999998,4993.822,31.182709355679876,100.0,100.0,Total,FAAt307I / FAAt307ESI / FAAt105,FAAt307I line 1 + FAAt105 line 13 / FAAt307ESI line 1 + FAAt105 line 10,Private plus government intellectual property products / private fixed assets by industry plus government nonresidential fixed investment,Total constructed as private industry-owner investment plus government nonresidential investment.,"BEA Fixed Assets Tables 3.7I, 3.7ESI, and 1.5; fetched with BeaData.jl."
2022,"Agriculture, forestry, fishing, and hunting",1,sector,0.338,71.649,0.4717441974068027,0.01930348679224594,1.3040615212576825,Griliches measurable sectors,FAAt307I / FAAt307ESI / FAAt105,2,"Agriculture, forestry, fishing, and hunting",Direct Table 3.7 mapping.,"BEA Fixed Assets Tables 3.7I, 3.7ESI, and 1.5; fetched with BeaData.jl."
2022,Mining,2,sector,11.504,139.346,8.255708811160707,0.6570038818283942,2.536193900001019,Griliches measurable sectors,FAAt307I / FAAt307ESI / FAAt105,5,Mining,Direct Table 3.7 mapping.,"BEA Fixed Assets Tables 3.7I, 3.7ESI, and 1.5; fetched with BeaData.jl."
2022,Utilities,3,sector,16.376,230.393,7.107854839339738,0.9352482239935488,4.193312482618337,Griliches measurable sectors,FAAt307I / FAAt307ESI / FAAt105,9,Utilities,Direct Table 3.7 mapping.,"BEA Fixed Assets Tables 3.7I, 3.7ESI, and 1.5; fetched with BeaData.jl."
2022,Construction,4,sector,6.645,67.725,9.811738648947951,0.37950198146294156,1.2326419981741061,Other sectors,FAAt307I / FAAt307ESI / FAAt105,13,Construction,Direct Table 3.7 mapping.,"BEA Fixed Assets Tables 3.7I, 3.7ESI, and 1.5; fetched with BeaData.jl."
2022,Manufacturing,5,sector,412.856,674.815,61.18061987359498,23.57858089674405,12.282101291958059,Griliches measurable sectors,FAAt307I / FAAt307ESI / FAAt105,14,Manufacturing,Direct Table 3.7 mapping.,"BEA Fixed Assets Tables 3.7I, 3.7ESI, and 1.5; fetched with BeaData.jl."
2022,Wholesale trade,6,sector,46.03,121.928,37.75178794042386,2.6288150800209484,2.2191742126743805,Other sectors,FAAt307I / FAAt307ESI / FAAt105,40,Wholesale trade,Direct Table 3.7 mapping.,"BEA Fixed Assets Tables 3.7I, 3.7ESI, and 1.5; fetched with BeaData.jl."
2022,Retail trade,7,sector,52.111,192.597,27.057015425993132,2.9761065095583668,3.5053990538551254,Other sectors,FAAt307I / FAAt307ESI / FAAt105,43,Retail trade,Direct Table 3.7 mapping.,"BEA Fixed Assets Tables 3.7I, 3.7ESI, and 1.5; fetched with BeaData.jl."
2022,Transportation and warehousing,8,sector,14.314,139.401,10.26821902281906,0.8174855323793146,2.5371949381686023,Griliches measurable sectors,FAAt307I / FAAt307ESI / FAAt105,48,Transportation and warehousing,Direct Table 3.7 mapping.,"BEA Fixed Assets Tables 3.7I, 3.7ESI, and 1.5; fetched with BeaData.jl."
2022,Information,9,sector,362.128,596.425,60.71643542775705,20.681458772492412,10.855348892742581,Other sectors,FAAt307I / FAAt307ESI / FAAt105,57,Information,Direct Table 3.7 mapping.,"BEA Fixed Assets Tables 3.7I, 3.7ESI, and 1.5; fetched with BeaData.jl."
2022,"Finance, insurance, real estate, rental, and leasing",10,sector,173.46599999999998,1629.6039999999998,10.644671957113507,9.906800709774359,29.659923673569825,Other sectors,FAAt307I / FAAt307ESI / FAAt105,62 + 73,Finance and insurance + Real estate and rental and leasing,Finance/insurance plus real estate/rental/leasing.,"BEA Fixed Assets Tables 3.7I, 3.7ESI, and 1.5; fetched with BeaData.jl."
2022,Professional and business services,11,service_detail,236.381,356.822,66.24619558211096,13.499933465792564,6.494408018788939,Other sectors,FAAt307I / FAAt307ESI / FAAt105,76 + 80 + 81,"Professional, scientific, and technical services + Management of companies and enterprises (5) + Administrative and waste management services",Professional/scientific/technical plus management plus administrative/waste-management services.,"BEA Fixed Assets Tables 3.7I, 3.7ESI, and 1.5; fetched with BeaData.jl."
2022,"Educational services, health care, and social assistance",12,service_detail,44.135,233.549,18.8975332799541,2.5205899099874984,4.25075387274366,Other sectors,FAAt307I / FAAt307ESI / FAAt105,84 + 85,Educational services + Health and social assistance,Educational services plus health care/social assistance.,"BEA Fixed Assets Tables 3.7I, 3.7ESI, and 1.5; fetched with BeaData.jl."
2022,"Arts, entertainment, recreation, accommodation, and food services",13,service_detail,25.569,101.198,25.266309610861878,1.4602687981980367,1.8418738269652744,Other sectors,FAAt307I / FAAt307ESI / FAAt105,90 + 93,"Arts, entertainment, and recreation + Accommodation and food services",Arts/entertainment/recreation plus accommodation/food services.,"BEA Fixed Assets Tables 3.7I, 3.7ESI, and 1.5; fetched with BeaData.jl."
2022,"Other services, except government",14,service_detail,21.835,50.538,43.20511298428905,1.2470166689606215,0.9198266711513174,Other sectors,FAAt307I / FAAt307ESI / FAAt105,96,"Other services, except government",Direct Table 3.7 mapping.,"BEA Fixed Assets Tables 3.7I, 3.7ESI, and 1.5; fetched with BeaData.jl."
2022,Services,15,services_total,327.92,742.1070000000001,44.18769800042311,18.72780884293872,13.506862389649195,Other sectors,FAAt307I / FAAt307ESI / FAAt105,76 + 80 + 81 + 84 + 85 + 90 + 93 + 96,Sum of Table 3.7 service detail rows,Total services constructed as the sum of the four Table 6D-style service detail rows.,"BEA Fixed Assets Tables 3.7I, 3.7ESI, and 1.5; fetched with BeaData.jl."
2022,Government,16,sector,327.289,888.308,36.84409011288877,18.69177186019935,16.167822046718996,Other sectors,FAAt307I / FAAt307ESI / FAAt105,FAAt105 line 13 / line 10,Government intellectual property products / government nonresidential fixed investment,Government added from Fixed Assets Table 1.5.,"BEA Fixed Assets Tables 3.7I, 3.7ESI, and 1.5; fetched with BeaData.jl."
2022,Total,17,total,1750.979,5494.296,31.869032902486502,100.0,99.99999999999999,Total,FAAt307I / FAAt307ESI / FAAt105,FAAt307I line 1 + FAAt105 line 13 / FAAt307ESI line 1 + FAAt105 line 10,Private plus government intellectual property products / private fixed assets by industry plus government nonresidential fixed investment,Total constructed as private industry-owner investment plus government nonresidential investment.,"BEA Fixed Assets Tables 3.7I, 3.7ESI, and 1.5; fetched with BeaData.jl."
2023,"Agriculture, forestry, fishing, and hunting",1,sector,0.365,72.507,0.5033996717558304,0.019639916920461027,1.2347463939519956,Griliches measurable sectors,FAAt307I / FAAt307ESI / FAAt105,2,"Agriculture, forestry, fishing, and hunting",Direct Table 3.7 mapping.,"BEA Fixed Assets Tables 3.7I, 3.7ESI, and 1.5; fetched with BeaData.jl."
2023,Mining,2,sector,11.808,162.64,7.260206591244467,0.6353647643748049,2.7696519441206027,Griliches measurable sectors,FAAt307I / FAAt307ESI / FAAt105,5,Mining,Direct Table 3.7 mapping.,"BEA Fixed Assets Tables 3.7I, 3.7ESI, and 1.5; fetched with BeaData.jl."
2023,Utilities,3,sector,17.482,277.995,6.28860231299124,0.9406713085027387,4.734071521186713,Griliches measurable sectors,FAAt307I / FAAt307ESI / FAAt105,9,Utilities,Direct Table 3.7 mapping.,"BEA Fixed Assets Tables 3.7I, 3.7ESI, and 1.5; fetched with BeaData.jl."
2023,Construction,4,sector,7.041,87.161,8.078154220350845,0.37886206859442767,1.4842943501075743,Other sectors,FAAt307I / FAAt307ESI / FAAt105,13,Construction,Direct Table 3.7 mapping.,"BEA Fixed Assets Tables 3.7I, 3.7ESI, and 1.5; fetched with BeaData.jl."
2023,Manufacturing,5,sector,437.909,700.341,62.52796851819328,23.563003777321008,11.926345377504717,Griliches measurable sectors,FAAt307I / FAAt307ESI / FAAt105,14,Manufacturing,Direct Table 3.7 mapping.,"BEA Fixed Assets Tables 3.7I, 3.7ESI, and 1.5; fetched with BeaData.jl."
2023,Wholesale trade,6,sector,48.784,138.697,35.173075120586596,2.624969060404851,2.3619184437634977,Other sectors,FAAt307I / FAAt307ESI / FAAt105,40,Wholesale trade,Direct Table 3.7 mapping.,"BEA Fixed Assets Tables 3.7I, 3.7ESI, and 1.5; fetched with BeaData.jl."
2023,Retail trade,7,sector,55.247,213.886,25.83011510804821,2.9727301098759185,3.642337529022253,Other sectors,FAAt307I / FAAt307ESI / FAAt105,43,Retail trade,Direct Table 3.7 mapping.,"BEA Fixed Assets Tables 3.7I, 3.7ESI, and 1.5; fetched with BeaData.jl."
2023,Transportation and warehousing,8,sector,15.413,159.774,9.646751035838122,0.8293425739590844,2.720845854155959,Griliches measurable sectors,FAAt307I / FAAt307ESI / FAAt105,48,Transportation and warehousing,Direct Table 3.7 mapping.,"BEA Fixed Assets Tables 3.7I, 3.7ESI, and 1.5; fetched with BeaData.jl."
2023,Information,9,sector,388.624,628.498,61.83376876298731,20.91107691314314,10.702906465665954,Other sectors,FAAt307I / FAAt307ESI / FAAt105,57,Information,Direct Table 3.7 mapping.,"BEA Fixed Assets Tables 3.7I, 3.7ESI, and 1.5; fetched with BeaData.jl."
2023,"Finance, insurance, real estate, rental, and leasing",10,sector,194.13500000000002,1643.288,11.813814742151104,10.446014442064937,27.98411094411004,Other sectors,FAAt307I / FAAt307ESI / FAAt105,62 + 73,Finance and insurance + Real estate and rental and leasing,Finance/insurance plus real estate/rental/leasing.,"BEA Fixed Assets Tables 3.7I, 3.7ESI, and 1.5; fetched with BeaData.jl."
2023,Professional and business services,11,service_detail,248.498,393.034,63.22557336006554,13.371178287399244,6.693109826644719,Other sectors,FAAt307I / FAAt307ESI / FAAt105,76 + 80 + 81,"Professional, scientific, and technical services + Management of companies and enterprises (5) + Administrative and waste management services",Professional/scientific/technical plus management plus administrative/waste-management services.,"BEA Fixed Assets Tables 3.7I, 3.7ESI, and 1.5; fetched with BeaData.jl."
2023,"Educational services, health care, and social assistance",12,service_detail,47.063,252.57600000000002,18.63320347143038,2.5323655069250885,4.301202714204411,Other sectors,FAAt307I / FAAt307ESI / FAAt105,84 + 85,Educational services + Health and social assistance,Educational services plus health care/social assistance.,"BEA Fixed Assets Tables 3.7I, 3.7ESI, and 1.5; fetched with BeaData.jl."
2023,"Arts, entertainment, recreation, accommodation, and food services",13,service_detail,28.864,114.628,25.180584150469347,1.5531138684717454,1.9520392464993632,Other sectors,FAAt307I / FAAt307ESI / FAAt105,90 + 93,"Arts, entertainment, and recreation + Accommodation and food services",Arts/entertainment/recreation plus accommodation/food services.,"BEA Fixed Assets Tables 3.7I, 3.7ESI, and 1.5; fetched with BeaData.jl."
2023,"Other services, except government",14,service_detail,23.274,57.344,40.58663504464286,1.2523271956350956,0.9765305034656411,Other sectors,FAAt307I / FAAt307ESI / FAAt105,96,"Other services, except government",Direct Table 3.7 mapping.,"BEA Fixed Assets Tables 3.7I, 3.7ESI, and 1.5; fetched with BeaData.jl."
2023,Services,15,services_total,347.69899999999996,817.5820000000001,42.52772198996552,18.708984858431172,13.922882290814135,Other sectors,FAAt307I / FAAt307ESI / FAAt105,76 + 80 + 81 + 84 + 85 + 90 + 93 + 96,Sum of Table 3.7 service detail rows,Total services constructed as the sum of the four Table 6D-style service detail rows.,"BEA Fixed Assets Tables 3.7I, 3.7ESI, and 1.5; fetched with BeaData.jl."
2023,Government,16,sector,333.953,969.85,34.43346909315873,17.969340206407452,16.51590591493708,Other sectors,FAAt307I / FAAt307ESI / FAAt105,FAAt105 line 13 / line 10,Government intellectual property products / government nonresidential fixed investment,Government added from Fixed Assets Table 1.5.,"BEA Fixed Assets Tables 3.7I, 3.7ESI, and 1.5; fetched with BeaData.jl."
2023,Total,17,total,1858.46,5872.218000000001,31.648348205056415,100.0,100.0,Total,FAAt307I / FAAt307ESI / FAAt105,FAAt307I line 1 + FAAt105 line 13 / FAAt307ESI line 1 + FAAt105 line 10,Private plus government intellectual property products / private fixed assets by industry plus government nonresidential fixed investment,Total constructed as private industry-owner investment plus government nonresidential investment.,"BEA Fixed Assets Tables 3.7I, 3.7ESI, and 1.5; fetched with BeaData.jl."
2024,"Agriculture, forestry, fishing, and hunting",1,sector,0.397,75.94,0.5227811430076377,0.020268441984775697,1.227633556071605,Griliches measurable sectors,FAAt307I / FAAt307ESI / FAAt105,2,"Agriculture, forestry, fishing, and hunting",Direct Table 3.7 mapping.,"BEA Fixed Assets Tables 3.7I, 3.7ESI, and 1.5; fetched with BeaData.jl."
2024,Mining,2,sector,12.448,160.337,7.763647816785895,0.6355203169432943,2.591981583880075,Griliches measurable sectors,FAAt307I / FAAt307ESI / FAAt105,5,Mining,Direct Table 3.7 mapping.,"BEA Fixed Assets Tables 3.7I, 3.7ESI, and 1.5; fetched with BeaData.jl."
2024,Utilities,3,sector,18.824,291.83,6.450330671966556,0.9610406849405987,4.717675805482966,Griliches measurable sectors,FAAt307I / FAAt307ESI / FAAt105,9,Utilities,Direct Table 3.7 mapping.,"BEA Fixed Assets Tables 3.7I, 3.7ESI, and 1.5; fetched with BeaData.jl."
2024,Construction,4,sector,7.507,90.222,8.320586996519696,0.3832624533493983,1.4585140202250766,Other sectors,FAAt307I / FAAt307ESI / FAAt105,13,Construction,Direct Table 3.7 mapping.,"BEA Fixed Assets Tables 3.7I, 3.7ESI, and 1.5; fetched with BeaData.jl."
2024,Manufacturing,5,sector,448.39,728.568,61.54401510909071,22.892107560588347,11.77791051725016,Griliches measurable sectors,FAAt307I / FAAt307ESI / FAAt105,14,Manufacturing,Direct Table 3.7 mapping.,"BEA Fixed Assets Tables 3.7I, 3.7ESI, and 1.5; fetched with BeaData.jl."
2024,Wholesale trade,6,sector,52.02,142.864,36.41225221189383,2.6558296021361,2.309515938301472,Other sectors,FAAt307I / FAAt307ESI / FAAt105,40,Wholesale trade,Direct Table 3.7 mapping.,"BEA Fixed Assets Tables 3.7I, 3.7ESI, and 1.5; fetched with BeaData.jl."
2024,Retail trade,7,sector,59.413,218.288,27.217712379975072,3.0332718983412548,3.5288079231993486,Other sectors,FAAt307I / FAAt307ESI / FAAt105,43,Retail trade,Direct Table 3.7 mapping.,"BEA Fixed Assets Tables 3.7I, 3.7ESI, and 1.5; fetched with BeaData.jl."
2024,Transportation and warehousing,8,sector,16.567,158.645,10.442812568943237,0.8458117842865968,2.5646289900313377,Griliches measurable sectors,FAAt307I / FAAt307ESI / FAAt105,48,Transportation and warehousing,Direct Table 3.7 mapping.,"BEA Fixed Assets Tables 3.7I, 3.7ESI, and 1.5; fetched with BeaData.jl."
2024,Information,9,sector,410.443,661.986,62.0017643877665,20.954761041706018,10.701556850798228,Other sectors,FAAt307I / FAAt307ESI / FAAt105,57,Information,Direct Table 3.7 mapping.,"BEA Fixed Assets Tables 3.7I, 3.7ESI, and 1.5; fetched with BeaData.jl."
2024,"Finance, insurance, real estate, rental, and leasing",10,sector,210.347,1753.7659999999998,11.994017445885028,10.739057849298772,28.351092850901686,Other sectors,FAAt307I / FAAt307ESI / FAAt105,62 + 73,Finance and insurance + Real estate and rental and leasing,Finance/insurance plus real estate/rental/leasing.,"BEA Fixed Assets Tables 3.7I, 3.7ESI, and 1.5; fetched with BeaData.jl."
2024,Professional and business services,11,service_detail,261.12699999999995,417.067,62.61032400070012,13.33158047898872,6.742236559522202,Other sectors,FAAt307I / FAAt307ESI / FAAt105,76 + 80 + 81,"Professional, scientific, and technical services + Management of companies and enterprises (5) + Administrative and waste management services",Professional/scientific/technical plus management plus administrative/waste-management services.,"BEA Fixed Assets Tables 3.7I, 3.7ESI, and 1.5; fetched with BeaData.jl."
2024,"Educational services, health care, and social assistance",12,service_detail,49.995999999999995,264.83,18.878525846769627,2.5524962858207694,4.281198244066936,Other sectors,FAAt307I / FAAt307ESI / FAAt105,84 + 85,Educational services + Health and social assistance,Educational services plus health care/social assistance.,"BEA Fixed Assets Tables 3.7I, 3.7ESI, and 1.5; fetched with BeaData.jl."
2024,"Arts, entertainment, recreation, accommodation, and food services",13,service_detail,31.942,117.74100000000001,27.129037463585323,1.630767188608829,1.90338165032166,Other sectors,FAAt307I / FAAt307ESI / FAAt105,90 + 93,"Arts, entertainment, and recreation + Accommodation and food services",Arts/entertainment/recreation plus accommodation/food services.,"BEA Fixed Assets Tables 3.7I, 3.7ESI, and 1.5; fetched with BeaData.jl."
2024,"Other services, except government",14,service_detail,24.46,60.599,40.36370237132626,1.2487810855103614,0.9796334720092597,Other sectors,FAAt307I / FAAt307ESI / FAAt105,96,"Other services, except government",Direct Table 3.7 mapping.,"BEA Fixed Assets Tables 3.7I, 3.7ESI, and 1.5; fetched with BeaData.jl."
2024,Services,15,services_total,367.5249999999999,860.237,42.72369126182667,18.76362503892868,13.906449925920057,Other sectors,FAAt307I / FAAt307ESI / FAAt105,76 + 80 + 81 + 84 + 85 + 90 + 93 + 96,Sum of Table 3.7 service detail rows,Total services constructed as the sum of the four Table 6D-style service detail rows.,"BEA Fixed Assets Tables 3.7I, 3.7ESI, and 1.5; fetched with BeaData.jl."
2024,Government,16,sector,354.828,1043.202,34.01335503574571,18.11539227348612,16.86423203793798,Other sectors,FAAt307I / FAAt307ESI / FAAt105,FAAt105 line 13 / line 10,Government intellectual property products / government nonresidential fixed investment,Government added from Fixed Assets Table 1.5.,"BEA Fixed Assets Tables 3.7I, 3.7ESI, and 1.5; fetched with BeaData.jl."
2024,Total,17,total,1958.71,6185.885,31.66418386374787,100.0,100.0,Total,FAAt307I / FAAt307ESI / FAAt105,FAAt307I line 1 + FAAt105 line 13 / FAAt307ESI line 1 + FAAt105 line 10,Private plus government intellectual property products / private fixed assets by industry plus government nonresidential fixed investment,Total constructed as private industry-owner investment plus government nonresidential investment.,"BEA Fixed Assets Tables 3.7I, 3.7ESI, and 1.5; fetched with BeaData.jl."
