year,sector,sector_order,row_type,value_millions,share_of_national_income_percent,share_of_domestic_industries_percent,source_table,source_line,source_description,classification_note,source_note
1948,"Agriculture, forestry, fishing, and hunting",1,sector,21699.0,8.710819577365276,8.76203320842486,Table 6.1B,4,"Agriculture, forestry, and fishing",Legacy SIC agriculture/forestry/fishing mapped to Table 6D agriculture/forestry/fishing/hunting.,"BEA NIPA archive, 2024 Q1 Third estimate, released June 28, 2024; Section 6 Table 6.1B/C/D."
1948,Mining,2,sector,5814.0,2.333964930310232,2.347687039669208,Table 6.1B,5,Mining,Direct legacy SIC mapping.,"BEA NIPA archive, 2024 Q1 Third estimate, released June 28, 2024; Section 6 Table 6.1B/C/D."
1948,Utilities,3,sector,3674.0,1.4748859913931531,1.483557307145626,Table 6.1B,13,"Electric, gas, and sanitary services","Legacy electric, gas, and sanitary services mapped to Table 6D utilities.","BEA NIPA archive, 2024 Q1 Third estimate, released June 28, 2024; Section 6 Table 6.1B/C/D."
1948,Construction,4,sector,11094.0,4.453561564647697,4.479745445147952,Table 6.1B,6,Construction,Direct legacy SIC mapping.,"BEA NIPA archive, 2024 Q1 Third estimate, released June 28, 2024; Section 6 Table 6.1B/C/D."
1948,Manufacturing,5,sector,75228.0,30.199434774230845,30.376986690786925,Table 6.1B,7,Manufacturing,Direct legacy SIC mapping.,"BEA NIPA archive, 2024 Q1 Third estimate, released June 28, 2024; Section 6 Table 6.1B/C/D."
1948,Wholesale trade,6,sector,17065.0,6.850552379728948,6.890828918464918,Table 6.1B,14,Wholesale trade,Direct legacy SIC mapping.,"BEA NIPA archive, 2024 Q1 Third estimate, released June 28, 2024; Section 6 Table 6.1B/C/D."
1948,Retail trade,7,sector,28823.0,11.570669278694842,11.63869686005944,Table 6.1B,15,Retail trade,Direct legacy SIC mapping.,"BEA NIPA archive, 2024 Q1 Third estimate, released June 28, 2024; Section 6 Table 6.1B/C/D."
1948,Transportation and warehousing,8,sector,13796.0,5.538249084719635,5.570810182194082,Table 6.1B,10 - 12 - 13,Transportation and public utilities less communications and electric/gas/sanitary services,Legacy transportation/public utilities adjusted by subtracting communications and electric/gas/sanitary services.,"BEA NIPA archive, 2024 Q1 Third estimate, released June 28, 2024; Section 6 Table 6.1B/C/D."
1948,Information,9,sector,3792.0,1.5222557646605435,1.5312055821165524,Table 6.1B,12,Communications,Legacy communications mapped to Table 6D information.,"BEA NIPA archive, 2024 Q1 Third estimate, released June 28, 2024; Section 6 Table 6.1B/C/D."
1948,"Finance, insurance, real estate, rental, and leasing",10,sector,22911.0,9.197363350247286,9.251437524227937,Table 6.1B,16,"Finance, insurance, and real estate",Legacy finance/insurance/real estate mapped to Table 6D finance/insurance/real estate/rental/leasing.,"BEA NIPA archive, 2024 Q1 Third estimate, released June 28, 2024; Section 6 Table 6.1B/C/D."
1948,Professional and business services,11,service_detail,missing,missing,missing,Table 6.1B,,,Service detail is not available before Table 6.1D; kept missing by design.,"BEA NIPA archive, 2024 Q1 Third estimate, released June 28, 2024; Section 6 Table 6.1B/C/D."
1948,"Educational services, health care, and social assistance",12,service_detail,missing,missing,missing,Table 6.1B,,,Service detail is not available before Table 6.1D; kept missing by design.,"BEA NIPA archive, 2024 Q1 Third estimate, released June 28, 2024; Section 6 Table 6.1B/C/D."
1948,"Arts, entertainment, recreation, accommodation, and food services",13,service_detail,missing,missing,missing,Table 6.1B,,,Service detail is not available before Table 6.1D; kept missing by design.,"BEA NIPA archive, 2024 Q1 Third estimate, released June 28, 2024; Section 6 Table 6.1B/C/D."
1948,"Other services, except government",14,service_detail,missing,missing,missing,Table 6.1B,,,Service detail is not available before Table 6.1D; kept missing by design.,"BEA NIPA archive, 2024 Q1 Third estimate, released June 28, 2024; Section 6 Table 6.1B/C/D."
1948,Services,15,services_total,21363.0,8.575936155180166,8.62635676443985,Table 6.1B,17,Services,Legacy aggregate services mapped to total services.,"BEA NIPA archive, 2024 Q1 Third estimate, released June 28, 2024; Section 6 Table 6.1B/C/D."
1948,Government,16,sector,22389.0,8.98781231935256,9.04065447732265,Table 6.1B,18,Government,Direct legacy SIC mapping.,"BEA NIPA archive, 2024 Q1 Third estimate, released June 28, 2024; Section 6 Table 6.1B/C/D."
1948,Rest of the world,17,sector,1456.0,0.5844948294688163,missing,Table 6.1B,19,Rest of the world,Direct mapping.,"BEA NIPA archive, 2024 Q1 Third estimate, released June 28, 2024; Section 6 Table 6.1B/C/D."
1949,"Agriculture, forestry, fishing, and hunting",1,sector,16982.0,6.969833777960189,7.00664273631225,Table 6.1B,4,"Agriculture, forestry, and fishing",Legacy SIC agriculture/forestry/fishing mapped to Table 6D agriculture/forestry/fishing/hunting.,"BEA NIPA archive, 2024 Q1 Third estimate, released June 28, 2024; Section 6 Table 6.1B/C/D."
1949,Mining,2,sector,4998.0,2.051303098707162,2.0621364030201756,Table 6.1B,5,Mining,Direct legacy SIC mapping.,"BEA NIPA archive, 2024 Q1 Third estimate, released June 28, 2024; Section 6 Table 6.1B/C/D."
1949,Utilities,3,sector,4215.0,1.7299404884054996,1.7390766183933655,Table 6.1B,13,"Electric, gas, and sanitary services","Legacy electric, gas, and sanitary services mapped to Table 6D utilities.","BEA NIPA archive, 2024 Q1 Third estimate, released June 28, 2024; Section 6 Table 6.1B/C/D."
1949,Construction,4,sector,10997.0,4.513441411861276,4.53727771588893,Table 6.1B,6,Construction,Direct legacy SIC mapping.,"BEA NIPA archive, 2024 Q1 Third estimate, released June 28, 2024; Section 6 Table 6.1B/C/D."
1949,Manufacturing,5,sector,71305.0,29.26533962651344,29.41989520155135,Table 6.1B,7,Manufacturing,Direct legacy SIC mapping.,"BEA NIPA archive, 2024 Q1 Third estimate, released June 28, 2024; Section 6 Table 6.1B/C/D."
1949,Wholesale trade,6,sector,16568.0,6.7999179150420686,6.835829516854396,Table 6.1B,14,Wholesale trade,Direct legacy SIC mapping.,"BEA NIPA archive, 2024 Q1 Third estimate, released June 28, 2024; Section 6 Table 6.1B/C/D."
1949,Retail trade,7,sector,28746.0,11.79807100348861,11.860378759747494,Table 6.1B,15,Retail trade,Direct legacy SIC mapping.,"BEA NIPA archive, 2024 Q1 Third estimate, released June 28, 2024; Section 6 Table 6.1B/C/D."
1949,Transportation and warehousing,8,sector,13078.0,5.367535399138108,5.39588232867104,Table 6.1B,10 - 12 - 13,Transportation and public utilities less communications and electric/gas/sanitary services,Legacy transportation/public utilities adjusted by subtracting communications and electric/gas/sanitary services.,"BEA NIPA archive, 2024 Q1 Third estimate, released June 28, 2024; Section 6 Table 6.1B/C/D."
1949,Information,9,sector,4093.0,1.6798686640673097,1.6887403556545777,Table 6.1B,12,Communications,Legacy communications mapped to Table 6D information.,"BEA NIPA archive, 2024 Q1 Third estimate, released June 28, 2024; Section 6 Table 6.1B/C/D."
1949,"Finance, insurance, real estate, rental, and leasing",10,sector,24737.0,10.152678021752514,10.206296158765523,Table 6.1B,16,"Finance, insurance, and real estate",Legacy finance/insurance/real estate mapped to Table 6D finance/insurance/real estate/rental/leasing.,"BEA NIPA archive, 2024 Q1 Third estimate, released June 28, 2024; Section 6 Table 6.1B/C/D."
1949,Professional and business services,11,service_detail,missing,missing,missing,Table 6.1B,,,Service detail is not available before Table 6.1D; kept missing by design.,"BEA NIPA archive, 2024 Q1 Third estimate, released June 28, 2024; Section 6 Table 6.1B/C/D."
1949,"Educational services, health care, and social assistance",12,service_detail,missing,missing,missing,Table 6.1B,,,Service detail is not available before Table 6.1D; kept missing by design.,"BEA NIPA archive, 2024 Q1 Third estimate, released June 28, 2024; Section 6 Table 6.1B/C/D."
1949,"Arts, entertainment, recreation, accommodation, and food services",13,service_detail,missing,missing,missing,Table 6.1B,,,Service detail is not available before Table 6.1D; kept missing by design.,"BEA NIPA archive, 2024 Q1 Third estimate, released June 28, 2024; Section 6 Table 6.1B/C/D."
1949,"Other services, except government",14,service_detail,missing,missing,missing,Table 6.1B,,,Service detail is not available before Table 6.1D; kept missing by design.,"BEA NIPA archive, 2024 Q1 Third estimate, released June 28, 2024; Section 6 Table 6.1B/C/D."
1949,Services,15,services_total,21878.0,8.979273548122306,9.026694722944258,Table 6.1B,17,Services,Legacy aggregate services mapped to total services.,"BEA NIPA archive, 2024 Q1 Third estimate, released June 28, 2024; Section 6 Table 6.1B/C/D."
1949,Government,16,sector,24773.0,10.167453314180177,10.221149482196642,Table 6.1B,18,Government,Direct legacy SIC mapping.,"BEA NIPA archive, 2024 Q1 Third estimate, released June 28, 2024; Section 6 Table 6.1B/C/D."
1949,Rest of the world,17,sector,1280.0,0.525343730761338,missing,Table 6.1B,19,Rest of the world,Direct mapping.,"BEA NIPA archive, 2024 Q1 Third estimate, released June 28, 2024; Section 6 Table 6.1B/C/D."
1950,"Agriculture, forestry, fishing, and hunting",1,sector,17975.0,6.647141267006142,6.682727519453336,Table 6.1B,4,"Agriculture, forestry, and fishing",Legacy SIC agriculture/forestry/fishing mapped to Table 6D agriculture/forestry/fishing/hunting.,"BEA NIPA archive, 2024 Q1 Third estimate, released June 28, 2024; Section 6 Table 6.1B/C/D."
1950,Mining,2,sector,5833.0,2.1570389435575428,2.168586905200073,Table 6.1B,5,Mining,Direct legacy SIC mapping.,"BEA NIPA archive, 2024 Q1 Third estimate, released June 28, 2024; Section 6 Table 6.1B/C/D."
1950,Utilities,3,sector,4607.0,1.7036650802279443,1.7127858515783878,Table 6.1B,13,"Electric, gas, and sanitary services","Legacy electric, gas, and sanitary services mapped to Table 6D utilities.","BEA NIPA archive, 2024 Q1 Third estimate, released June 28, 2024; Section 6 Table 6.1B/C/D."
1950,Construction,4,sector,12541.0,4.6376522186105165,4.662480435130141,Table 6.1B,6,Construction,Direct legacy SIC mapping.,"BEA NIPA archive, 2024 Q1 Third estimate, released June 28, 2024; Section 6 Table 6.1B/C/D."
1950,Manufacturing,5,sector,83687.0,30.947388662695023,31.11306914717615,Table 6.1B,7,Manufacturing,Direct legacy SIC mapping.,"BEA NIPA archive, 2024 Q1 Third estimate, released June 28, 2024; Section 6 Table 6.1B/C/D."
1950,Wholesale trade,6,sector,18202.0,6.731085693576957,6.767121352383289,Table 6.1B,14,Wholesale trade,Direct legacy SIC mapping.,"BEA NIPA archive, 2024 Q1 Third estimate, released June 28, 2024; Section 6 Table 6.1B/C/D."
1950,Retail trade,7,sector,29931.0,11.068460932559713,11.127717239763994,Table 6.1B,15,Retail trade,Direct legacy SIC mapping.,"BEA NIPA archive, 2024 Q1 Third estimate, released June 28, 2024; Section 6 Table 6.1B/C/D."
1950,Transportation and warehousing,8,sector,14743.0,5.4519501362710185,5.481137792450656,Table 6.1B,10 - 12 - 13,Transportation and public utilities less communications and electric/gas/sanitary services,Legacy transportation/public utilities adjusted by subtracting communications and electric/gas/sanitary services.,"BEA NIPA archive, 2024 Q1 Third estimate, released June 28, 2024; Section 6 Table 6.1B/C/D."
1950,Information,9,sector,4601.0,1.7014462848119756,1.7105551775802392,Table 6.1B,12,Communications,Legacy communications mapped to Table 6D information.,"BEA NIPA archive, 2024 Q1 Third estimate, released June 28, 2024; Section 6 Table 6.1B/C/D."
1950,"Finance, insurance, real estate, rental, and leasing",10,sector,27261.0,10.081096972453654,10.135067310587894,Table 6.1B,16,"Finance, insurance, and real estate",Legacy finance/insurance/real estate mapped to Table 6D finance/insurance/real estate/rental/leasing.,"BEA NIPA archive, 2024 Q1 Third estimate, released June 28, 2024; Section 6 Table 6.1B/C/D."
1950,Professional and business services,11,service_detail,missing,missing,missing,Table 6.1B,,,Service detail is not available before Table 6.1D; kept missing by design.,"BEA NIPA archive, 2024 Q1 Third estimate, released June 28, 2024; Section 6 Table 6.1B/C/D."
1950,"Educational services, health care, and social assistance",12,service_detail,missing,missing,missing,Table 6.1B,,,Service detail is not available before Table 6.1D; kept missing by design.,"BEA NIPA archive, 2024 Q1 Third estimate, released June 28, 2024; Section 6 Table 6.1B/C/D."
1950,"Arts, entertainment, recreation, accommodation, and food services",13,service_detail,missing,missing,missing,Table 6.1B,,,Service detail is not available before Table 6.1D; kept missing by design.,"BEA NIPA archive, 2024 Q1 Third estimate, released June 28, 2024; Section 6 Table 6.1B/C/D."
1950,"Other services, except government",14,service_detail,missing,missing,missing,Table 6.1B,,,Service detail is not available before Table 6.1D; kept missing by design.,"BEA NIPA archive, 2024 Q1 Third estimate, released June 28, 2024; Section 6 Table 6.1B/C/D."
1950,Services,15,services_total,23310.0,8.620020191038286,8.66616848280708,Table 6.1B,17,Services,Legacy aggregate services mapped to total services.,"BEA NIPA archive, 2024 Q1 Third estimate, released June 28, 2024; Section 6 Table 6.1B/C/D."
1950,Government,16,sector,26283.0,9.719433319650761,9.771467448889682,Table 6.1B,18,Government,Direct legacy SIC mapping.,"BEA NIPA archive, 2024 Q1 Third estimate, released June 28, 2024; Section 6 Table 6.1B/C/D."
1950,Rest of the world,17,sector,1440.0,0.5325108998324809,missing,Table 6.1B,19,Rest of the world,Direct mapping.,"BEA NIPA archive, 2024 Q1 Third estimate, released June 28, 2024; Section 6 Table 6.1B/C/D."
1951,"Agriculture, forestry, fishing, and hunting",1,sector,20807.0,6.669658455275432,6.710355303428548,Table 6.1B,4,"Agriculture, forestry, and fishing",Legacy SIC agriculture/forestry/fishing mapped to Table 6D agriculture/forestry/fishing/hunting.,"BEA NIPA archive, 2024 Q1 Third estimate, released June 28, 2024; Section 6 Table 6.1B/C/D."
1951,Mining,2,sector,6388.0,2.047665603513215,2.060160026832391,Table 6.1B,5,Mining,Direct legacy SIC mapping.,"BEA NIPA archive, 2024 Q1 Third estimate, released June 28, 2024; Section 6 Table 6.1B/C/D."
1951,Utilities,3,sector,5284.0,1.6937797509335983,1.7041148374737562,Table 6.1B,13,"Electric, gas, and sanitary services","Legacy electric, gas, and sanitary services mapped to Table 6D utilities.","BEA NIPA archive, 2024 Q1 Third estimate, released June 28, 2024; Section 6 Table 6.1B/C/D."
1951,Construction,4,sector,14877.0,4.768804192778036,4.797902429427909,Table 6.1B,6,Construction,Direct legacy SIC mapping.,"BEA NIPA archive, 2024 Q1 Third estimate, released June 28, 2024; Section 6 Table 6.1B/C/D."
1951,Manufacturing,5,sector,98160.0,31.465068196752842,31.657061401669928,Table 6.1B,7,Manufacturing,Direct legacy SIC mapping.,"BEA NIPA archive, 2024 Q1 Third estimate, released June 28, 2024; Section 6 Table 6.1B/C/D."
1951,Wholesale trade,6,sector,20762.0,6.655233760197458,6.695842591905777,Table 6.1B,14,Wholesale trade,Direct legacy SIC mapping.,"BEA NIPA archive, 2024 Q1 Third estimate, released June 28, 2024; Section 6 Table 6.1B/C/D."
1951,Retail trade,7,sector,32472.0,10.40885996826567,10.472372634831153,Table 6.1B,15,Retail trade,Direct legacy SIC mapping.,"BEA NIPA archive, 2024 Q1 Third estimate, released June 28, 2024; Section 6 Table 6.1B/C/D."
1951,Transportation and warehousing,8,sector,16467.0,5.278476752199766,5.310684903232465,Table 6.1B,10 - 12 - 13,Transportation and public utilities less communications and electric/gas/sanitary services,Legacy transportation/public utilities adjusted by subtracting communications and electric/gas/sanitary services.,"BEA NIPA archive, 2024 Q1 Third estimate, released June 28, 2024; Section 6 Table 6.1B/C/D."
1951,Information,9,sector,5319.0,1.7049989582164666,1.7154025019914665,Table 6.1B,12,Communications,Legacy communications mapped to Table 6D information.,"BEA NIPA archive, 2024 Q1 Third estimate, released June 28, 2024; Section 6 Table 6.1B/C/D."
1951,"Finance, insurance, real estate, rental, and leasing",10,sector,30176.0,9.672879970509513,9.731901842469354,Table 6.1B,16,"Finance, insurance, and real estate",Legacy finance/insurance/real estate mapped to Table 6D finance/insurance/real estate/rental/leasing.,"BEA NIPA archive, 2024 Q1 Third estimate, released June 28, 2024; Section 6 Table 6.1B/C/D."
1951,Professional and business services,11,service_detail,missing,missing,missing,Table 6.1B,,,Service detail is not available before Table 6.1D; kept missing by design.,"BEA NIPA archive, 2024 Q1 Third estimate, released June 28, 2024; Section 6 Table 6.1B/C/D."
1951,"Educational services, health care, and social assistance",12,service_detail,missing,missing,missing,Table 6.1B,,,Service detail is not available before Table 6.1D; kept missing by design.,"BEA NIPA archive, 2024 Q1 Third estimate, released June 28, 2024; Section 6 Table 6.1B/C/D."
1951,"Arts, entertainment, recreation, accommodation, and food services",13,service_detail,missing,missing,missing,Table 6.1B,,,Service detail is not available before Table 6.1D; kept missing by design.,"BEA NIPA archive, 2024 Q1 Third estimate, released June 28, 2024; Section 6 Table 6.1B/C/D."
1951,"Other services, except government",14,service_detail,missing,missing,missing,Table 6.1B,,,Service detail is not available before Table 6.1D; kept missing by design.,"BEA NIPA archive, 2024 Q1 Third estimate, released June 28, 2024; Section 6 Table 6.1B/C/D."
1951,Services,15,services_total,25190.0,8.07462375587005,8.123893405746388,Table 6.1B,17,Services,Legacy aggregate services mapped to total services.,"BEA NIPA archive, 2024 Q1 Third estimate, released June 28, 2024; Section 6 Table 6.1B/C/D."
1951,Government,16,sector,34172.0,10.953792893433558,11.02063062569137,Table 6.1B,18,Government,Direct legacy SIC mapping.,"BEA NIPA archive, 2024 Q1 Third estimate, released June 28, 2024; Section 6 Table 6.1B/C/D."
1951,Rest of the world,17,sector,1892.0,0.6064782908339077,missing,Table 6.1B,19,Rest of the world,Direct mapping.,"BEA NIPA archive, 2024 Q1 Third estimate, released June 28, 2024; Section 6 Table 6.1B/C/D."
1952,"Agriculture, forestry, fishing, and hunting",1,sector,19890.0,6.027144878744997,6.06361768417972,Table 6.1B,4,"Agriculture, forestry, and fishing",Legacy SIC agriculture/forestry/fishing mapped to Table 6D agriculture/forestry/fishing/hunting.,"BEA NIPA archive, 2024 Q1 Third estimate, released June 28, 2024; Section 6 Table 6.1B/C/D."
1952,Mining,2,sector,6229.0,1.8875357189392952,1.8989579967197323,Table 6.1B,5,Mining,Direct legacy SIC mapping.,"BEA NIPA archive, 2024 Q1 Third estimate, released June 28, 2024; Section 6 Table 6.1B/C/D."
1952,Utilities,3,sector,5790.0,1.7545082377040486,1.7651255098743377,Table 6.1B,13,"Electric, gas, and sanitary services","Legacy electric, gas, and sanitary services mapped to Table 6D utilities.","BEA NIPA archive, 2024 Q1 Third estimate, released June 28, 2024; Section 6 Table 6.1B/C/D."
1952,Construction,4,sector,16088.0,4.875048105040196,4.90454908512234,Table 6.1B,6,Construction,Direct legacy SIC mapping.,"BEA NIPA archive, 2024 Q1 Third estimate, released June 28, 2024; Section 6 Table 6.1B/C/D."
1952,Manufacturing,5,sector,101776.0,30.84055792755911,31.027187200858478,Table 6.1B,7,Manufacturing,Direct legacy SIC mapping.,"BEA NIPA archive, 2024 Q1 Third estimate, released June 28, 2024; Section 6 Table 6.1B/C/D."
1952,Wholesale trade,6,sector,21292.0,6.451984351847082,6.491028040802141,Table 6.1B,14,Wholesale trade,Direct legacy SIC mapping.,"BEA NIPA archive, 2024 Q1 Third estimate, released June 28, 2024; Section 6 Table 6.1B/C/D."
1952,Retail trade,7,sector,34200.0,10.363416533588682,10.42612995469816,Table 6.1B,15,Retail trade,Direct legacy SIC mapping.,"BEA NIPA archive, 2024 Q1 Third estimate, released June 28, 2024; Section 6 Table 6.1B/C/D."
1952,Transportation and warehousing,8,sector,17141.0,5.194132245679637,5.225564138990677,Table 6.1B,10 - 12 - 13,Transportation and public utilities less communications and electric/gas/sanitary services,Legacy transportation/public utilities adjusted by subtracting communications and electric/gas/sanitary services.,"BEA NIPA archive, 2024 Q1 Third estimate, released June 28, 2024; Section 6 Table 6.1B/C/D."
1952,Information,9,sector,5938.0,1.799355771241216,1.8102444348244935,Table 6.1B,12,Communications,Legacy communications mapped to Table 6D information.,"BEA NIPA archive, 2024 Q1 Third estimate, released June 28, 2024; Section 6 Table 6.1B/C/D."
1952,"Finance, insurance, real estate, rental, and leasing",10,sector,33376.0,10.11372486038175,10.174927291462158,Table 6.1B,16,"Finance, insurance, and real estate",Legacy finance/insurance/real estate mapped to Table 6D finance/insurance/real estate/rental/leasing.,"BEA NIPA archive, 2024 Q1 Third estimate, released June 28, 2024; Section 6 Table 6.1B/C/D."
1952,Professional and business services,11,service_detail,missing,missing,missing,Table 6.1B,,,Service detail is not available before Table 6.1D; kept missing by design.,"BEA NIPA archive, 2024 Q1 Third estimate, released June 28, 2024; Section 6 Table 6.1B/C/D."
1952,"Educational services, health care, and social assistance",12,service_detail,missing,missing,missing,Table 6.1B,,,Service detail is not available before Table 6.1D; kept missing by design.,"BEA NIPA archive, 2024 Q1 Third estimate, released June 28, 2024; Section 6 Table 6.1B/C/D."
1952,"Arts, entertainment, recreation, accommodation, and food services",13,service_detail,missing,missing,missing,Table 6.1B,,,Service detail is not available before Table 6.1D; kept missing by design.,"BEA NIPA archive, 2024 Q1 Third estimate, released June 28, 2024; Section 6 Table 6.1B/C/D."
1952,"Other services, except government",14,service_detail,missing,missing,missing,Table 6.1B,,,Service detail is not available before Table 6.1D; kept missing by design.,"BEA NIPA archive, 2024 Q1 Third estimate, released June 28, 2024; Section 6 Table 6.1B/C/D."
1952,Services,15,services_total,26946.0,8.165281342516977,8.214692916938498,Table 6.1B,17,Services,Legacy aggregate services mapped to total services.,"BEA NIPA archive, 2024 Q1 Third estimate, released June 28, 2024; Section 6 Table 6.1B/C/D."
1952,Government,16,sector,39356.0,11.925807634383514,11.997975745529263,Table 6.1B,18,Government,Direct legacy SIC mapping.,"BEA NIPA archive, 2024 Q1 Third estimate, released June 28, 2024; Section 6 Table 6.1B/C/D."
1952,Rest of the world,17,sector,1985.0,0.6015023923734951,missing,Table 6.1B,19,Rest of the world,Direct mapping.,"BEA NIPA archive, 2024 Q1 Third estimate, released June 28, 2024; Section 6 Table 6.1B/C/D."
1953,"Agriculture, forestry, fishing, and hunting",1,sector,17692.0,5.100749313105627,5.128829518309794,Table 6.1B,4,"Agriculture, forestry, and fishing",Legacy SIC agriculture/forestry/fishing mapped to Table 6D agriculture/forestry/fishing/hunting.,"BEA NIPA archive, 2024 Q1 Third estimate, released June 28, 2024; Section 6 Table 6.1B/C/D."
1953,Mining,2,sector,6262.0,1.805386174466846,1.815325030728913,Table 6.1B,5,Mining,Direct legacy SIC mapping.,"BEA NIPA archive, 2024 Q1 Third estimate, released June 28, 2024; Section 6 Table 6.1B/C/D."
1953,Utilities,3,sector,6290.0,1.8134588050776848,1.8234421020895661,Table 6.1B,13,"Electric, gas, and sanitary services","Legacy electric, gas, and sanitary services mapped to Table 6D utilities.","BEA NIPA archive, 2024 Q1 Third estimate, released June 28, 2024; Section 6 Table 6.1B/C/D."
1953,Construction,4,sector,16609.0,4.7885114934078326,4.814872793895963,Table 6.1B,6,Construction,Direct legacy SIC mapping.,"BEA NIPA archive, 2024 Q1 Third estimate, released June 28, 2024; Section 6 Table 6.1B/C/D."
1953,Manufacturing,5,sector,110519.0,31.863537945688496,32.038950346714905,Table 6.1B,7,Manufacturing,Direct legacy SIC mapping.,"BEA NIPA archive, 2024 Q1 Third estimate, released June 28, 2024; Section 6 Table 6.1B/C/D."
1953,Wholesale trade,6,sector,21865.0,6.303859582356689,6.3385630464528395,Table 6.1B,14,Wholesale trade,Direct legacy SIC mapping.,"BEA NIPA archive, 2024 Q1 Third estimate, released June 28, 2024; Section 6 Table 6.1B/C/D."
1953,Retail trade,7,sector,35048.0,10.10462705888119,10.160254180291751,Table 6.1B,15,Retail trade,Direct legacy SIC mapping.,"BEA NIPA archive, 2024 Q1 Third estimate, released June 28, 2024; Section 6 Table 6.1B/C/D."
1953,Transportation and warehousing,8,sector,17640.0,5.085757284828356,5.113754957211438,Table 6.1B,10 - 12 - 13,Transportation and public utilities less communications and electric/gas/sanitary services,Legacy transportation/public utilities adjusted by subtracting communications and electric/gas/sanitary services.,"BEA NIPA archive, 2024 Q1 Third estimate, released June 28, 2024; Section 6 Table 6.1B/C/D."
1953,Information,9,sector,6649.0,1.9169614618380804,1.927514552749368,Table 6.1B,12,Communications,Legacy communications mapped to Table 6D information.,"BEA NIPA archive, 2024 Q1 Third estimate, released June 28, 2024; Section 6 Table 6.1B/C/D."
1953,"Finance, insurance, real estate, rental, and leasing",10,sector,36757.0,10.597345834378451,10.655685428697327,Table 6.1B,16,"Finance, insurance, and real estate",Legacy finance/insurance/real estate mapped to Table 6D finance/insurance/real estate/rental/leasing.,"BEA NIPA archive, 2024 Q1 Third estimate, released June 28, 2024; Section 6 Table 6.1B/C/D."
1953,Professional and business services,11,service_detail,missing,missing,missing,Table 6.1B,,,Service detail is not available before Table 6.1D; kept missing by design.,"BEA NIPA archive, 2024 Q1 Third estimate, released June 28, 2024; Section 6 Table 6.1B/C/D."
1953,"Educational services, health care, and social assistance",12,service_detail,missing,missing,missing,Table 6.1B,,,Service detail is not available before Table 6.1D; kept missing by design.,"BEA NIPA archive, 2024 Q1 Third estimate, released June 28, 2024; Section 6 Table 6.1B/C/D."
1953,"Arts, entertainment, recreation, accommodation, and food services",13,service_detail,missing,missing,missing,Table 6.1B,,,Service detail is not available before Table 6.1D; kept missing by design.,"BEA NIPA archive, 2024 Q1 Third estimate, released June 28, 2024; Section 6 Table 6.1B/C/D."
1953,"Other services, except government",14,service_detail,missing,missing,missing,Table 6.1B,,,Service detail is not available before Table 6.1D; kept missing by design.,"BEA NIPA archive, 2024 Q1 Third estimate, released June 28, 2024; Section 6 Table 6.1B/C/D."
1953,Services,15,services_total,29057.0,8.377372416397819,8.42349080451773,Table 6.1B,17,Services,Legacy aggregate services mapped to total services.,"BEA NIPA archive, 2024 Q1 Third estimate, released June 28, 2024; Section 6 Table 6.1B/C/D."
1953,Government,16,sector,40565.0,11.69522359745251,11.759607133746144,Table 6.1B,18,Government,Direct legacy SIC mapping.,"BEA NIPA archive, 2024 Q1 Third estimate, released June 28, 2024; Section 6 Table 6.1B/C/D."
1953,Rest of the world,17,sector,1899.0,0.547497340356522,missing,Table 6.1B,19,Rest of the world,Direct mapping.,"BEA NIPA archive, 2024 Q1 Third estimate, released June 28, 2024; Section 6 Table 6.1B/C/D."
1954,"Agriculture, forestry, fishing, and hunting",1,sector,17191.0,4.97099697535755,5.001294617011559,Table 6.1B,4,"Agriculture, forestry, and fishing",Legacy SIC agriculture/forestry/fishing mapped to Table 6D agriculture/forestry/fishing/hunting.,"BEA NIPA archive, 2024 Q1 Third estimate, released June 28, 2024; Section 6 Table 6.1B/C/D."
1954,Mining,2,sector,6106.0,1.7656278012642195,1.7763890949608852,Table 6.1B,5,Mining,Direct legacy SIC mapping.,"BEA NIPA archive, 2024 Q1 Third estimate, released June 28, 2024; Section 6 Table 6.1B/C/D."
1954,Utilities,3,sector,6854.0,1.9819215443604588,1.9940011229711605,Table 6.1B,13,"Electric, gas, and sanitary services","Legacy electric, gas, and sanitary services mapped to Table 6D utilities.","BEA NIPA archive, 2024 Q1 Third estimate, released June 28, 2024; Section 6 Table 6.1B/C/D."
1954,Construction,4,sector,16704.0,4.830174712138474,4.85961405866797,Table 6.1B,6,Construction,Direct legacy SIC mapping.,"BEA NIPA archive, 2024 Q1 Third estimate, released June 28, 2024; Section 6 Table 6.1B/C/D."
1954,Manufacturing,5,sector,104315.0,30.16401311642271,30.34785922712819,Table 6.1B,7,Manufacturing,Direct legacy SIC mapping.,"BEA NIPA archive, 2024 Q1 Third estimate, released June 28, 2024; Section 6 Table 6.1B/C/D."
1954,Wholesale trade,6,sector,22132.0,6.399750163376958,6.438755887598151,Table 6.1B,14,Wholesale trade,Direct legacy SIC mapping.,"BEA NIPA archive, 2024 Q1 Third estimate, released June 28, 2024; Section 6 Table 6.1B/C/D."
1954,Retail trade,7,sector,35865.0,10.370822321051627,10.434031262818891,Table 6.1B,15,Retail trade,Direct legacy SIC mapping.,"BEA NIPA archive, 2024 Q1 Third estimate, released June 28, 2024; Section 6 Table 6.1B/C/D."
1954,Transportation and warehousing,8,sector,16394.0,4.740534257111958,4.769427255615583,Table 6.1B,10 - 12 - 13,Transportation and public utilities less communications and electric/gas/sanitary services,Legacy transportation/public utilities adjusted by subtracting communications and electric/gas/sanitary services.,"BEA NIPA archive, 2024 Q1 Third estimate, released June 28, 2024; Section 6 Table 6.1B/C/D."
1954,Information,9,sector,6740.0,1.9489569899313528,1.9608356534615732,Table 6.1B,12,Communications,Legacy communications mapped to Table 6D information.,"BEA NIPA archive, 2024 Q1 Third estimate, released June 28, 2024; Section 6 Table 6.1B/C/D."
1954,"Finance, insurance, real estate, rental, and leasing",10,sector,39962.0,11.555522141192391,11.625951688966081,Table 6.1B,16,"Finance, insurance, and real estate",Legacy finance/insurance/real estate mapped to Table 6D finance/insurance/real estate/rental/leasing.,"BEA NIPA archive, 2024 Q1 Third estimate, released June 28, 2024; Section 6 Table 6.1B/C/D."
1954,Professional and business services,11,service_detail,missing,missing,missing,Table 6.1B,,,Service detail is not available before Table 6.1D; kept missing by design.,"BEA NIPA archive, 2024 Q1 Third estimate, released June 28, 2024; Section 6 Table 6.1B/C/D."
1954,"Educational services, health care, and social assistance",12,service_detail,missing,missing,missing,Table 6.1B,,,Service detail is not available before Table 6.1D; kept missing by design.,"BEA NIPA archive, 2024 Q1 Third estimate, released June 28, 2024; Section 6 Table 6.1B/C/D."
1954,"Arts, entertainment, recreation, accommodation, and food services",13,service_detail,missing,missing,missing,Table 6.1B,,,Service detail is not available before Table 6.1D; kept missing by design.,"BEA NIPA archive, 2024 Q1 Third estimate, released June 28, 2024; Section 6 Table 6.1B/C/D."
1954,"Other services, except government",14,service_detail,missing,missing,missing,Table 6.1B,,,Service detail is not available before Table 6.1D; kept missing by design.,"BEA NIPA archive, 2024 Q1 Third estimate, released June 28, 2024; Section 6 Table 6.1B/C/D."
1954,Services,15,services_total,30041.0,8.686738417585723,8.739683066118564,Table 6.1B,17,Services,Legacy aggregate services mapped to total services.,"BEA NIPA archive, 2024 Q1 Third estimate, released June 28, 2024; Section 6 Table 6.1B/C/D."
1954,Government,16,sector,41427.0,11.979145581882218,12.052157064681394,Table 6.1B,18,Government,Direct legacy SIC mapping.,"BEA NIPA archive, 2024 Q1 Third estimate, released June 28, 2024; Section 6 Table 6.1B/C/D."
1954,Rest of the world,17,sector,2095.0,0.6057959783243596,missing,Table 6.1B,19,Rest of the world,Direct mapping.,"BEA NIPA archive, 2024 Q1 Third estimate, released June 28, 2024; Section 6 Table 6.1B/C/D."
1955,"Agriculture, forestry, fishing, and hunting",1,sector,16190.0,4.288321409557209,4.316320436804164,Table 6.1B,4,"Agriculture, forestry, and fishing",Legacy SIC agriculture/forestry/fishing mapped to Table 6D agriculture/forestry/fishing/hunting.,"BEA NIPA archive, 2024 Q1 Third estimate, released June 28, 2024; Section 6 Table 6.1B/C/D."
1955,Mining,2,sector,6805.0,1.8024723404593457,1.8142409247963145,Table 6.1B,5,Mining,Direct legacy SIC mapping.,"BEA NIPA archive, 2024 Q1 Third estimate, released June 28, 2024; Section 6 Table 6.1B/C/D."
1955,Utilities,3,sector,7219.0,1.9121304666827357,1.9246150236744444,Table 6.1B,13,"Electric, gas, and sanitary services","Legacy electric, gas, and sanitary services mapped to Table 6D utilities.","BEA NIPA archive, 2024 Q1 Third estimate, released June 28, 2024; Section 6 Table 6.1B/C/D."
1955,Construction,4,sector,17886.0,4.737548902491676,4.768480996459497,Table 6.1B,6,Construction,Direct legacy SIC mapping.,"BEA NIPA archive, 2024 Q1 Third estimate, released June 28, 2024; Section 6 Table 6.1B/C/D."
1955,Manufacturing,5,sector,118539.0,31.39798218452761,31.60298383312716,Table 6.1B,7,Manufacturing,Direct legacy SIC mapping.,"BEA NIPA archive, 2024 Q1 Third estimate, released June 28, 2024; Section 6 Table 6.1B/C/D."
1955,Wholesale trade,6,sector,24739.0,6.552735228600111,6.59551891822719,Table 6.1B,14,Wholesale trade,Direct legacy SIC mapping.,"BEA NIPA archive, 2024 Q1 Third estimate, released June 28, 2024; Section 6 Table 6.1B/C/D."
1955,Retail trade,7,sector,38223.0,10.124305697189945,10.190408650769953,Table 6.1B,15,Retail trade,Direct legacy SIC mapping.,"BEA NIPA archive, 2024 Q1 Third estimate, released June 28, 2024; Section 6 Table 6.1B/C/D."
1955,Transportation and warehousing,8,sector,17813.0,4.71821304931702,4.749018896898861,Table 6.1B,10 - 12 - 13,Transportation and public utilities less communications and electric/gas/sanitary services,Legacy transportation/public utilities adjusted by subtracting communications and electric/gas/sanitary services.,"BEA NIPA archive, 2024 Q1 Third estimate, released June 28, 2024; Section 6 Table 6.1B/C/D."
1955,Information,9,sector,7362.0,1.9500075489289792,1.9627394104850062,Table 6.1B,12,Communications,Legacy communications mapped to Table 6D information.,"BEA NIPA archive, 2024 Q1 Third estimate, released June 28, 2024; Section 6 Table 6.1B/C/D."
1955,"Finance, insurance, real estate, rental, and leasing",10,sector,43182.0,11.43781933956142,11.512498400375378,Table 6.1B,16,"Finance, insurance, and real estate",Legacy finance/insurance/real estate mapped to Table 6D finance/insurance/real estate/rental/leasing.,"BEA NIPA archive, 2024 Q1 Third estimate, released June 28, 2024; Section 6 Table 6.1B/C/D."
1955,Professional and business services,11,service_detail,missing,missing,missing,Table 6.1B,,,Service detail is not available before Table 6.1D; kept missing by design.,"BEA NIPA archive, 2024 Q1 Third estimate, released June 28, 2024; Section 6 Table 6.1B/C/D."
1955,"Educational services, health care, and social assistance",12,service_detail,missing,missing,missing,Table 6.1B,,,Service detail is not available before Table 6.1D; kept missing by design.,"BEA NIPA archive, 2024 Q1 Third estimate, released June 28, 2024; Section 6 Table 6.1B/C/D."
1955,"Arts, entertainment, recreation, accommodation, and food services",13,service_detail,missing,missing,missing,Table 6.1B,,,Service detail is not available before Table 6.1D; kept missing by design.,"BEA NIPA archive, 2024 Q1 Third estimate, released June 28, 2024; Section 6 Table 6.1B/C/D."
1955,"Other services, except government",14,service_detail,missing,missing,missing,Table 6.1B,,,Service detail is not available before Table 6.1D; kept missing by design.,"BEA NIPA archive, 2024 Q1 Third estimate, released June 28, 2024; Section 6 Table 6.1B/C/D."
1955,Services,15,services_total,33702.0,8.926807173866402,8.985091498528345,Table 6.1B,17,Services,Legacy aggregate services mapped to total services.,"BEA NIPA archive, 2024 Q1 Third estimate, released June 28, 2024; Section 6 Table 6.1B/C/D."
1955,Government,16,sector,43428.0,11.502978516013,11.578083009853687,Table 6.1B,18,Government,Direct legacy SIC mapping.,"BEA NIPA archive, 2024 Q1 Third estimate, released June 28, 2024; Section 6 Table 6.1B/C/D."
1955,Rest of the world,17,sector,2449.0,0.6486781428045463,missing,Table 6.1B,19,Rest of the world,Direct mapping.,"BEA NIPA archive, 2024 Q1 Third estimate, released June 28, 2024; Section 6 Table 6.1B/C/D."
1956,"Agriculture, forestry, fishing, and hunting",1,sector,16001.0,3.9863873380319936,4.014350405800374,Table 6.1B,4,"Agriculture, forestry, and fishing",Legacy SIC agriculture/forestry/fishing mapped to Table 6D agriculture/forestry/fishing/hunting.,"BEA NIPA archive, 2024 Q1 Third estimate, released June 28, 2024; Section 6 Table 6.1B/C/D."
1956,Mining,2,sector,7584.0,1.8894295088828599,1.9026831746509616,Table 6.1B,5,Mining,Direct legacy SIC mapping.,"BEA NIPA archive, 2024 Q1 Third estimate, released June 28, 2024; Section 6 Table 6.1B/C/D."
1956,Utilities,3,sector,7765.0,1.9345226973200695,1.9480926755227737,Table 6.1B,13,"Electric, gas, and sanitary services","Legacy electric, gas, and sanitary services mapped to Table 6D utilities.","BEA NIPA archive, 2024 Q1 Third estimate, released June 28, 2024; Section 6 Table 6.1B/C/D."
1956,Construction,4,sector,19939.0,4.967475603588521,5.002320651287648,Table 6.1B,6,Construction,Direct legacy SIC mapping.,"BEA NIPA archive, 2024 Q1 Third estimate, released June 28, 2024; Section 6 Table 6.1B/C/D."
1956,Manufacturing,5,sector,124837.0,31.10109593887257,31.319258896875276,Table 6.1B,7,Manufacturing,Direct legacy SIC mapping.,"BEA NIPA archive, 2024 Q1 Third estimate, released June 28, 2024; Section 6 Table 6.1B/C/D."
1956,Wholesale trade,6,sector,26986.0,6.7231203489863995,6.77028061064489,Table 6.1B,14,Wholesale trade,Direct legacy SIC mapping.,"BEA NIPA archive, 2024 Q1 Third estimate, released June 28, 2024; Section 6 Table 6.1B/C/D."
1956,Retail trade,7,sector,39850.0,9.927975465319353,9.99761662840728,Table 6.1B,15,Retail trade,Direct legacy SIC mapping.,"BEA NIPA archive, 2024 Q1 Third estimate, released June 28, 2024; Section 6 Table 6.1B/C/D."
1956,Transportation and warehousing,8,sector,18988.0,4.7305495140648395,4.763732610795419,Table 6.1B,10 - 12 - 13,Transportation and public utilities less communications and electric/gas/sanitary services,Legacy transportation/public utilities adjusted by subtracting communications and electric/gas/sanitary services.,"BEA NIPA archive, 2024 Q1 Third estimate, released June 28, 2024; Section 6 Table 6.1B/C/D."
1956,Information,9,sector,8094.0,2.0164876641479257,2.0306325969969516,Table 6.1B,12,Communications,Legacy communications mapped to Table 6D information.,"BEA NIPA archive, 2024 Q1 Third estimate, released June 28, 2024; Section 6 Table 6.1B/C/D."
1956,"Finance, insurance, real estate, rental, and leasing",10,sector,46204.0,11.510970599739407,11.591715902106149,Table 6.1B,16,"Finance, insurance, and real estate",Legacy finance/insurance/real estate mapped to Table 6D finance/insurance/real estate/rental/leasing.,"BEA NIPA archive, 2024 Q1 Third estimate, released June 28, 2024; Section 6 Table 6.1B/C/D."
1956,Professional and business services,11,service_detail,missing,missing,missing,Table 6.1B,,,Service detail is not available before Table 6.1D; kept missing by design.,"BEA NIPA archive, 2024 Q1 Third estimate, released June 28, 2024; Section 6 Table 6.1B/C/D."
1956,"Educational services, health care, and social assistance",12,service_detail,missing,missing,missing,Table 6.1B,,,Service detail is not available before Table 6.1D; kept missing by design.,"BEA NIPA archive, 2024 Q1 Third estimate, released June 28, 2024; Section 6 Table 6.1B/C/D."
1956,"Arts, entertainment, recreation, accommodation, and food services",13,service_detail,missing,missing,missing,Table 6.1B,,,Service detail is not available before Table 6.1D; kept missing by design.,"BEA NIPA archive, 2024 Q1 Third estimate, released June 28, 2024; Section 6 Table 6.1B/C/D."
1956,"Other services, except government",14,service_detail,missing,missing,missing,Table 6.1B,,,Service detail is not available before Table 6.1D; kept missing by design.,"BEA NIPA archive, 2024 Q1 Third estimate, released June 28, 2024; Section 6 Table 6.1B/C/D."
1956,Services,15,services_total,36653.0,9.131495225353833,9.195549367152122,Table 6.1B,17,Services,Legacy aggregate services mapped to total services.,"BEA NIPA archive, 2024 Q1 Third estimate, released June 28, 2024; Section 6 Table 6.1B/C/D."
1956,Government,16,sector,45694.0,11.38391244447434,11.463766479760158,Table 6.1B,18,Government,Direct legacy SIC mapping.,"BEA NIPA archive, 2024 Q1 Third estimate, released June 28, 2024; Section 6 Table 6.1B/C/D."
1956,Rest of the world,17,sector,2796.0,0.6965776512178898,missing,Table 6.1B,19,Rest of the world,Direct mapping.,"BEA NIPA archive, 2024 Q1 Third estimate, released June 28, 2024; Section 6 Table 6.1B/C/D."
1957,"Agriculture, forestry, fishing, and hunting",1,sector,15842.0,3.7699659222875854,3.797574557544929,Table 6.1B,4,"Agriculture, forestry, and fishing",Legacy SIC agriculture/forestry/fishing mapped to Table 6D agriculture/forestry/fishing/hunting.,"BEA NIPA archive, 2024 Q1 Third estimate, released June 28, 2024; Section 6 Table 6.1B/C/D."
1957,Mining,2,sector,7597.0,1.8078797570773126,1.8211194239154667,Table 6.1B,5,Mining,Direct legacy SIC mapping.,"BEA NIPA archive, 2024 Q1 Third estimate, released June 28, 2024; Section 6 Table 6.1B/C/D."
1957,Utilities,3,sector,8283.0,1.9711291335884402,1.9855643264830605,Table 6.1B,13,"Electric, gas, and sanitary services","Legacy electric, gas, and sanitary services mapped to Table 6D utilities.","BEA NIPA archive, 2024 Q1 Third estimate, released June 28, 2024; Section 6 Table 6.1B/C/D."
1957,Construction,4,sector,20812.0,4.952690997011061,4.988961096555047,Table 6.1B,6,Construction,Direct legacy SIC mapping.,"BEA NIPA archive, 2024 Q1 Third estimate, released June 28, 2024; Section 6 Table 6.1B/C/D."
1957,Manufacturing,5,sector,128438.0,30.56475717250176,30.788592413960078,Table 6.1B,7,Manufacturing,Direct legacy SIC mapping.,"BEA NIPA archive, 2024 Q1 Third estimate, released June 28, 2024; Section 6 Table 6.1B/C/D."
1957,Wholesale trade,6,sector,28365.0,6.750099948597864,6.799533034008452,Table 6.1B,14,Wholesale trade,Direct legacy SIC mapping.,"BEA NIPA archive, 2024 Q1 Third estimate, released June 28, 2024; Section 6 Table 6.1B/C/D."
1957,Retail trade,7,sector,41856.0,9.960591695699355,10.033536212637326,Table 6.1B,15,Retail trade,Direct legacy SIC mapping.,"BEA NIPA archive, 2024 Q1 Third estimate, released June 28, 2024; Section 6 Table 6.1B/C/D."
1957,Transportation and warehousing,8,sector,19555.0,4.653559121975365,4.687638585582065,Table 6.1B,10 - 12 - 13,Transportation and public utilities less communications and electric/gas/sanitary services,Legacy transportation/public utilities adjusted by subtracting communications and electric/gas/sanitary services.,"BEA NIPA archive, 2024 Q1 Third estimate, released June 28, 2024; Section 6 Table 6.1B/C/D."
1957,Information,9,sector,8698.0,2.0698878671921106,2.0850463010684126,Table 6.1B,12,Communications,Legacy communications mapped to Table 6D information.,"BEA NIPA archive, 2024 Q1 Third estimate, released June 28, 2024; Section 6 Table 6.1B/C/D."
1957,"Finance, insurance, real estate, rental, and leasing",10,sector,49359.0,11.746102004683305,11.832122370020208,Table 6.1B,16,"Finance, insurance, and real estate",Legacy finance/insurance/real estate mapped to Table 6D finance/insurance/real estate/rental/leasing.,"BEA NIPA archive, 2024 Q1 Third estimate, released June 28, 2024; Section 6 Table 6.1B/C/D."
1957,Professional and business services,11,service_detail,missing,missing,missing,Table 6.1B,,,Service detail is not available before Table 6.1D; kept missing by design.,"BEA NIPA archive, 2024 Q1 Third estimate, released June 28, 2024; Section 6 Table 6.1B/C/D."
1957,"Educational services, health care, and social assistance",12,service_detail,missing,missing,missing,Table 6.1B,,,Service detail is not available before Table 6.1D; kept missing by design.,"BEA NIPA archive, 2024 Q1 Third estimate, released June 28, 2024; Section 6 Table 6.1B/C/D."
1957,"Arts, entertainment, recreation, accommodation, and food services",13,service_detail,missing,missing,missing,Table 6.1B,,,Service detail is not available before Table 6.1D; kept missing by design.,"BEA NIPA archive, 2024 Q1 Third estimate, released June 28, 2024; Section 6 Table 6.1B/C/D."
1957,"Other services, except government",14,service_detail,missing,missing,missing,Table 6.1B,,,Service detail is not available before Table 6.1D; kept missing by design.,"BEA NIPA archive, 2024 Q1 Third estimate, released June 28, 2024; Section 6 Table 6.1B/C/D."
1957,Services,15,services_total,39597.0,9.423011022902507,9.492018669051038,Table 6.1B,17,Services,Legacy aggregate services mapped to total services.,"BEA NIPA archive, 2024 Q1 Third estimate, released June 28, 2024; Section 6 Table 6.1B/C/D."
1957,Government,16,sector,48758.0,11.603080320597027,11.688053293572505,Table 6.1B,18,Government,Direct legacy SIC mapping.,"BEA NIPA archive, 2024 Q1 Third estimate, released June 28, 2024; Section 6 Table 6.1B/C/D."
1957,Rest of the world,17,sector,3055.0,0.727007063034249,missing,Table 6.1B,19,Rest of the world,Direct mapping.,"BEA NIPA archive, 2024 Q1 Third estimate, released June 28, 2024; Section 6 Table 6.1B/C/D."
1958,"Agriculture, forestry, fishing, and hunting",1,sector,17974.0,4.248901370361703,4.275462120509325,Table 6.1B,4,"Agriculture, forestry, and fishing",Legacy SIC agriculture/forestry/fishing mapped to Table 6D agriculture/forestry/fishing/hunting.,"BEA NIPA archive, 2024 Q1 Third estimate, released June 28, 2024; Section 6 Table 6.1B/C/D."
1958,Mining,2,sector,6849.0,1.6190455928345,1.6291665774656934,Table 6.1B,5,Mining,Direct legacy SIC mapping.,"BEA NIPA archive, 2024 Q1 Third estimate, released June 28, 2024; Section 6 Table 6.1B/C/D."
1958,Utilities,3,sector,8856.0,2.0934833946769356,2.1065701868938795,Table 6.1B,13,"Electric, gas, and sanitary services","Legacy electric, gas, and sanitary services mapped to Table 6D utilities.","BEA NIPA archive, 2024 Q1 Third estimate, released June 28, 2024; Section 6 Table 6.1B/C/D."
1958,Construction,4,sector,20366.0,4.814349911471372,4.844445395921493,Table 6.1B,6,Construction,Direct legacy SIC mapping.,"BEA NIPA archive, 2024 Q1 Third estimate, released June 28, 2024; Section 6 Table 6.1B/C/D."
1958,Manufacturing,5,sector,119991.0,28.364856143934077,28.542170652166156,Table 6.1B,7,Manufacturing,Direct legacy SIC mapping.,"BEA NIPA archive, 2024 Q1 Third estimate, released June 28, 2024; Section 6 Table 6.1B/C/D."
1958,Wholesale trade,6,sector,29142.0,6.888921983703168,6.9319860418316885,Table 6.1B,14,Wholesale trade,Direct legacy SIC mapping.,"BEA NIPA archive, 2024 Q1 Third estimate, released June 28, 2024; Section 6 Table 6.1B/C/D."
1958,Retail trade,7,sector,42564.0,10.061769106936437,10.124667280369364,Table 6.1B,15,Retail trade,Direct legacy SIC mapping.,"BEA NIPA archive, 2024 Q1 Third estimate, released June 28, 2024; Section 6 Table 6.1B/C/D."
1958,Transportation and warehousing,8,sector,18495.0,4.3720613577856735,4.399392006165571,Table 6.1B,10 - 12 - 13,Transportation and public utilities less communications and electric/gas/sanitary services,Legacy transportation/public utilities adjusted by subtracting communications and electric/gas/sanitary services.,"BEA NIPA archive, 2024 Q1 Third estimate, released June 28, 2024; Section 6 Table 6.1B/C/D."
1958,Information,9,sector,9116.0,2.1549451926236385,2.1684161950908543,Table 6.1B,12,Communications,Legacy communications mapped to Table 6D information.,"BEA NIPA archive, 2024 Q1 Third estimate, released June 28, 2024; Section 6 Table 6.1B/C/D."
1958,"Finance, insurance, real estate, rental, and leasing",10,sector,52920.0,12.509839797459737,12.588041360707328,Table 6.1B,16,"Finance, insurance, and real estate",Legacy finance/insurance/real estate mapped to Table 6D finance/insurance/real estate/rental/leasing.,"BEA NIPA archive, 2024 Q1 Third estimate, released June 28, 2024; Section 6 Table 6.1B/C/D."
1958,Professional and business services,11,service_detail,missing,missing,missing,Table 6.1B,,,Service detail is not available before Table 6.1D; kept missing by design.,"BEA NIPA archive, 2024 Q1 Third estimate, released June 28, 2024; Section 6 Table 6.1B/C/D."
1958,"Educational services, health care, and social assistance",12,service_detail,missing,missing,missing,Table 6.1B,,,Service detail is not available before Table 6.1D; kept missing by design.,"BEA NIPA archive, 2024 Q1 Third estimate, released June 28, 2024; Section 6 Table 6.1B/C/D."
1958,"Arts, entertainment, recreation, accommodation, and food services",13,service_detail,missing,missing,missing,Table 6.1B,,,Service detail is not available before Table 6.1D; kept missing by design.,"BEA NIPA archive, 2024 Q1 Third estimate, released June 28, 2024; Section 6 Table 6.1B/C/D."
1958,"Other services, except government",14,service_detail,missing,missing,missing,Table 6.1B,,,Service detail is not available before Table 6.1D; kept missing by design.,"BEA NIPA archive, 2024 Q1 Third estimate, released June 28, 2024; Section 6 Table 6.1B/C/D."
1958,Services,15,services_total,41843.0,9.891330813399618,9.953163542253906,Table 6.1B,17,Services,Legacy aggregate services mapped to total services.,"BEA NIPA archive, 2024 Q1 Third estimate, released June 28, 2024; Section 6 Table 6.1B/C/D."
1958,Government,16,sector,52282.0,12.35902200095975,12.436280771362444,Table 6.1B,18,Government,Direct legacy SIC mapping.,"BEA NIPA archive, 2024 Q1 Third estimate, released June 28, 2024; Section 6 Table 6.1B/C/D."
1958,Rest of the world,17,sector,2628.0,0.6212369423228304,missing,Table 6.1B,19,Rest of the world,Direct mapping.,"BEA NIPA archive, 2024 Q1 Third estimate, released June 28, 2024; Section 6 Table 6.1B/C/D."
1959,"Agriculture, forestry, fishing, and hunting",1,sector,16198.0,3.518902314507054,3.5401363339328995,Table 6.1B,4,"Agriculture, forestry, and fishing",Legacy SIC agriculture/forestry/fishing mapped to Table 6D agriculture/forestry/fishing/hunting.,"BEA NIPA archive, 2024 Q1 Third estimate, released June 28, 2024; Section 6 Table 6.1B/C/D."
1959,Mining,2,sector,6626.0,1.4394522000199863,1.4481382484652052,Table 6.1B,5,Mining,Direct legacy SIC mapping.,"BEA NIPA archive, 2024 Q1 Third estimate, released June 28, 2024; Section 6 Table 6.1B/C/D."
1959,Utilities,3,sector,9836.0,2.1368022697549933,2.149696319333498,Table 6.1B,13,"Electric, gas, and sanitary services","Legacy electric, gas, and sanitary services mapped to Table 6D utilities.","BEA NIPA archive, 2024 Q1 Third estimate, released June 28, 2024; Section 6 Table 6.1B/C/D."
1959,Construction,4,sector,22125.0,4.806501648874464,4.835505395003421,Table 6.1B,6,Construction,Direct legacy SIC mapping.,"BEA NIPA archive, 2024 Q1 Third estimate, released June 28, 2024; Section 6 Table 6.1B/C/D."
1959,Manufacturing,5,sector,135722.0,29.484656126035706,29.66257460884313,Table 6.1B,7,Manufacturing,Direct legacy SIC mapping.,"BEA NIPA archive, 2024 Q1 Third estimate, released June 28, 2024; Section 6 Table 6.1B/C/D."
1959,Wholesale trade,6,sector,33629.0,7.305665263276807,7.349749646489041,Table 6.1B,14,Wholesale trade,Direct legacy SIC mapping.,"BEA NIPA archive, 2024 Q1 Third estimate, released June 28, 2024; Section 6 Table 6.1B/C/D."
1959,Retail trade,7,sector,46322.0,10.063130819397195,10.123854504286935,Table 6.1B,15,Retail trade,Direct legacy SIC mapping.,"BEA NIPA archive, 2024 Q1 Third estimate, released June 28, 2024; Section 6 Table 6.1B/C/D."
1959,Transportation and warehousing,8,sector,19415.0,4.2177730853287105,4.2432242822143005,Table 6.1B,10 - 12 - 13,Transportation and public utilities less communications and electric/gas/sanitary services,Legacy transportation/public utilities adjusted by subtracting communications and electric/gas/sanitary services.,"BEA NIPA archive, 2024 Q1 Third estimate, released June 28, 2024; Section 6 Table 6.1B/C/D."
1959,Information,9,sector,10103.0,2.1948061540600547,2.2080502149477765,Table 6.1B,12,Communications,Legacy communications mapped to Table 6D information.,"BEA NIPA archive, 2024 Q1 Third estimate, released June 28, 2024; Section 6 Table 6.1B/C/D."
1959,"Finance, insurance, real estate, rental, and leasing",10,sector,56530.0,12.280747489756992,12.354852880431338,Table 6.1B,16,"Finance, insurance, and real estate",Legacy finance/insurance/real estate mapped to Table 6D finance/insurance/real estate/rental/leasing.,"BEA NIPA archive, 2024 Q1 Third estimate, released June 28, 2024; Section 6 Table 6.1B/C/D."
1959,Professional and business services,11,service_detail,missing,missing,missing,Table 6.1B,,,Service detail is not available before Table 6.1D; kept missing by design.,"BEA NIPA archive, 2024 Q1 Third estimate, released June 28, 2024; Section 6 Table 6.1B/C/D."
1959,"Educational services, health care, and social assistance",12,service_detail,missing,missing,missing,Table 6.1B,,,Service detail is not available before Table 6.1D; kept missing by design.,"BEA NIPA archive, 2024 Q1 Third estimate, released June 28, 2024; Section 6 Table 6.1B/C/D."
1959,"Arts, entertainment, recreation, accommodation, and food services",13,service_detail,missing,missing,missing,Table 6.1B,,,Service detail is not available before Table 6.1D; kept missing by design.,"BEA NIPA archive, 2024 Q1 Third estimate, released June 28, 2024; Section 6 Table 6.1B/C/D."
1959,"Other services, except government",14,service_detail,missing,missing,missing,Table 6.1B,,,Service detail is not available before Table 6.1D; kept missing by design.,"BEA NIPA archive, 2024 Q1 Third estimate, released June 28, 2024; Section 6 Table 6.1B/C/D."
1959,Services,15,services_total,45911.0,9.973843941309628,10.034028844745855,Table 6.1B,17,Services,Legacy aggregate services mapped to total services.,"BEA NIPA archive, 2024 Q1 Third estimate, released June 28, 2024; Section 6 Table 6.1B/C/D."
1959,Government,16,sector,55135.0,11.977693487488976,12.049970167390445,Table 6.1B,18,Government,Direct legacy SIC mapping.,"BEA NIPA archive, 2024 Q1 Third estimate, released June 28, 2024; Section 6 Table 6.1B/C/D."
1959,Rest of the world,17,sector,2761.0,0.5998079571770574,missing,Table 6.1B,19,Rest of the world,Direct mapping.,"BEA NIPA archive, 2024 Q1 Third estimate, released June 28, 2024; Section 6 Table 6.1B/C/D."
1960,"Agriculture, forestry, fishing, and hunting",1,sector,17144.0,3.5776293823038396,3.601014938414747,Table 6.1B,4,"Agriculture, forestry, and fishing",Legacy SIC agriculture/forestry/fishing mapped to Table 6D agriculture/forestry/fishing/hunting.,"BEA NIPA archive, 2024 Q1 Third estimate, released June 28, 2024; Section 6 Table 6.1B/C/D."
1960,Mining,2,sector,6869.0,1.4334307178631052,1.4428004906655911,Table 6.1B,5,Mining,Direct legacy SIC mapping.,"BEA NIPA archive, 2024 Q1 Third estimate, released June 28, 2024; Section 6 Table 6.1B/C/D."
1960,Utilities,3,sector,10801.0,2.253964941569282,2.268698223857774,Table 6.1B,13,"Electric, gas, and sanitary services","Legacy electric, gas, and sanitary services mapped to Table 6D utilities.","BEA NIPA archive, 2024 Q1 Third estimate, released June 28, 2024; Section 6 Table 6.1B/C/D."
1960,Construction,4,sector,22642.0,4.724958263772955,4.755843457512056,Table 6.1B,6,Construction,Direct legacy SIC mapping.,"BEA NIPA archive, 2024 Q1 Third estimate, released June 28, 2024; Section 6 Table 6.1B/C/D."
1960,Manufacturing,5,sector,137119.0,28.61414858096828,28.80118801566097,Table 6.1B,7,Manufacturing,Direct legacy SIC mapping.,"BEA NIPA archive, 2024 Q1 Third estimate, released June 28, 2024; Section 6 Table 6.1B/C/D."
1960,Wholesale trade,6,sector,35374.0,7.381886477462437,7.430138965905463,Table 6.1B,14,Wholesale trade,Direct legacy SIC mapping.,"BEA NIPA archive, 2024 Q1 Third estimate, released June 28, 2024; Section 6 Table 6.1B/C/D."
1960,Retail trade,7,sector,47416.0,9.89482470784641,9.959503285106955,Table 6.1B,15,Retail trade,Direct legacy SIC mapping.,"BEA NIPA archive, 2024 Q1 Third estimate, released June 28, 2024; Section 6 Table 6.1B/C/D."
1960,Transportation and warehousing,8,sector,19787.0,4.129173622704507,4.156164406580296,Table 6.1B,10 - 12 - 13,Transportation and public utilities less communications and electric/gas/sanitary services,Legacy transportation/public utilities adjusted by subtracting communications and electric/gas/sanitary services.,"BEA NIPA archive, 2024 Q1 Third estimate, released June 28, 2024; Section 6 Table 6.1B/C/D."
1960,Information,9,sector,10782.0,2.25,2.2647073650249534,Table 6.1B,12,Communications,Legacy communications mapped to Table 6D information.,"BEA NIPA archive, 2024 Q1 Third estimate, released June 28, 2024; Section 6 Table 6.1B/C/D."
1960,"Finance, insurance, real estate, rental, and leasing",10,sector,60686.0,12.664023372287145,12.746803112029708,Table 6.1B,16,"Finance, insurance, and real estate",Legacy finance/insurance/real estate mapped to Table 6D finance/insurance/real estate/rental/leasing.,"BEA NIPA archive, 2024 Q1 Third estimate, released June 28, 2024; Section 6 Table 6.1B/C/D."
1960,Professional and business services,11,service_detail,missing,missing,missing,Table 6.1B,,,Service detail is not available before Table 6.1D; kept missing by design.,"BEA NIPA archive, 2024 Q1 Third estimate, released June 28, 2024; Section 6 Table 6.1B/C/D."
1960,"Educational services, health care, and social assistance",12,service_detail,missing,missing,missing,Table 6.1B,,,Service detail is not available before Table 6.1D; kept missing by design.,"BEA NIPA archive, 2024 Q1 Third estimate, released June 28, 2024; Section 6 Table 6.1B/C/D."
1960,"Arts, entertainment, recreation, accommodation, and food services",13,service_detail,missing,missing,missing,Table 6.1B,,,Service detail is not available before Table 6.1D; kept missing by design.,"BEA NIPA archive, 2024 Q1 Third estimate, released June 28, 2024; Section 6 Table 6.1B/C/D."
1960,"Other services, except government",14,service_detail,missing,missing,missing,Table 6.1B,,,Service detail is not available before Table 6.1D; kept missing by design.,"BEA NIPA archive, 2024 Q1 Third estimate, released June 28, 2024; Section 6 Table 6.1B/C/D."
1960,Services,15,services_total,48732.0,10.169449081803005,10.23592277058023,Table 6.1B,17,Services,Legacy aggregate services mapped to total services.,"BEA NIPA archive, 2024 Q1 Third estimate, released June 28, 2024; Section 6 Table 6.1B/C/D."
1960,Government,16,sector,58737.0,12.257303839732888,12.337425013862983,Table 6.1B,18,Government,Direct legacy SIC mapping.,"BEA NIPA archive, 2024 Q1 Third estimate, released June 28, 2024; Section 6 Table 6.1B/C/D."
1960,Rest of the world,17,sector,3112.0,0.6494156928213689,missing,Table 6.1B,19,Rest of the world,Direct mapping.,"BEA NIPA archive, 2024 Q1 Third estimate, released June 28, 2024; Section 6 Table 6.1B/C/D."
1961,"Agriculture, forestry, fishing, and hunting",1,sector,17376.0,3.5061027899909805,3.531176205204908,Table 6.1B,4,"Agriculture, forestry, and fishing",Legacy SIC agriculture/forestry/fishing mapped to Table 6D agriculture/forestry/fishing/hunting.,"BEA NIPA archive, 2024 Q1 Third estimate, released June 28, 2024; Section 6 Table 6.1B/C/D."
1961,Mining,2,sector,6953.0,1.4029657400326478,1.4129988578953572,Table 6.1B,5,Mining,Direct legacy SIC mapping.,"BEA NIPA archive, 2024 Q1 Third estimate, released June 28, 2024; Section 6 Table 6.1B/C/D."
1961,Utilities,3,sector,11366.0,2.2934141523387135,2.3098151903981923,Table 6.1B,13,"Electric, gas, and sanitary services","Legacy electric, gas, and sanitary services mapped to Table 6D utilities.","BEA NIPA archive, 2024 Q1 Third estimate, released June 28, 2024; Section 6 Table 6.1B/C/D."
1961,Construction,4,sector,23645.0,4.77105205279332,4.805171579884326,Table 6.1B,6,Construction,Direct legacy SIC mapping.,"BEA NIPA archive, 2024 Q1 Third estimate, released June 28, 2024; Section 6 Table 6.1B/C/D."
1961,Manufacturing,5,sector,136962.0,27.63598355908982,27.83361852079159,Table 6.1B,7,Manufacturing,Direct legacy SIC mapping.,"BEA NIPA archive, 2024 Q1 Third estimate, released June 28, 2024; Section 6 Table 6.1B/C/D."
1961,Wholesale trade,6,sector,36498.0,7.3645107981751154,7.417177091250503,Table 6.1B,14,Wholesale trade,Direct legacy SIC mapping.,"BEA NIPA archive, 2024 Q1 Third estimate, released June 28, 2024; Section 6 Table 6.1B/C/D."
1961,Retail trade,7,sector,48713.0,9.829234876198816,9.89952730686848,Table 6.1B,15,Retail trade,Direct legacy SIC mapping.,"BEA NIPA archive, 2024 Q1 Third estimate, released June 28, 2024; Section 6 Table 6.1B/C/D."
1961,Transportation and warehousing,8,sector,19946.0,4.02467347198205,4.05345537459813,Table 6.1B,10 - 12 - 13,Transportation and public utilities less communications and electric/gas/sanitary services,Legacy transportation/public utilities adjusted by subtracting communications and electric/gas/sanitary services.,"BEA NIPA archive, 2024 Q1 Third estimate, released June 28, 2024; Section 6 Table 6.1B/C/D."
1961,Information,9,sector,11310.0,2.2821145577116706,2.298434788263554,Table 6.1B,12,Communications,Legacy communications mapped to Table 6D information.,"BEA NIPA archive, 2024 Q1 Third estimate, released June 28, 2024; Section 6 Table 6.1B/C/D."
1961,"Finance, insurance, real estate, rental, and leasing",10,sector,64268.0,12.967899062335425,13.060637221230953,Table 6.1B,16,"Finance, insurance, and real estate",Legacy finance/insurance/real estate mapped to Table 6D finance/insurance/real estate/rental/leasing.,"BEA NIPA archive, 2024 Q1 Third estimate, released June 28, 2024; Section 6 Table 6.1B/C/D."
1961,Professional and business services,11,service_detail,missing,missing,missing,Table 6.1B,,,Service detail is not available before Table 6.1D; kept missing by design.,"BEA NIPA archive, 2024 Q1 Third estimate, released June 28, 2024; Section 6 Table 6.1B/C/D."
1961,"Educational services, health care, and social assistance",12,service_detail,missing,missing,missing,Table 6.1B,,,Service detail is not available before Table 6.1D; kept missing by design.,"BEA NIPA archive, 2024 Q1 Third estimate, released June 28, 2024; Section 6 Table 6.1B/C/D."
1961,"Arts, entertainment, recreation, accommodation, and food services",13,service_detail,missing,missing,missing,Table 6.1B,,,Service detail is not available before Table 6.1D; kept missing by design.,"BEA NIPA archive, 2024 Q1 Third estimate, released June 28, 2024; Section 6 Table 6.1B/C/D."
1961,"Other services, except government",14,service_detail,missing,missing,missing,Table 6.1B,,,Service detail is not available before Table 6.1D; kept missing by design.,"BEA NIPA archive, 2024 Q1 Third estimate, released June 28, 2024; Section 6 Table 6.1B/C/D."
1961,Services,15,services_total,52426.0,10.578438355666847,10.654088612688335,Table 6.1B,17,Services,Legacy aggregate services mapped to total services.,"BEA NIPA archive, 2024 Q1 Third estimate, released June 28, 2024; Section 6 Table 6.1B/C/D."
1961,Government,16,sector,62611.0,12.633552128460249,12.723899250925674,Table 6.1B,18,Government,Direct legacy SIC mapping.,"BEA NIPA archive, 2024 Q1 Third estimate, released June 28, 2024; Section 6 Table 6.1B/C/D."
1961,Rest of the world,17,sector,3519.0,0.7100584552243474,missing,Table 6.1B,19,Rest of the world,Direct mapping.,"BEA NIPA archive, 2024 Q1 Third estimate, released June 28, 2024; Section 6 Table 6.1B/C/D."
1962,"Agriculture, forestry, fishing, and hunting",1,sector,17641.0,3.3265511239673473,3.352451103357582,Table 6.1B,4,"Agriculture, forestry, and fishing",Legacy SIC agriculture/forestry/fishing mapped to Table 6D agriculture/forestry/fishing/hunting.,"BEA NIPA archive, 2024 Q1 Third estimate, released June 28, 2024; Section 6 Table 6.1B/C/D."
1962,Mining,2,sector,6860.0,1.2935854379239273,1.3036570811764079,Table 6.1B,5,Mining,Direct legacy SIC mapping.,"BEA NIPA archive, 2024 Q1 Third estimate, released June 28, 2024; Section 6 Table 6.1B/C/D."
1962,Utilities,3,sector,11919.0,2.247557556066369,2.2650566691751615,Table 6.1B,13,"Electric, gas, and sanitary services","Legacy electric, gas, and sanitary services mapped to Table 6D utilities.","BEA NIPA archive, 2024 Q1 Third estimate, released June 28, 2024; Section 6 Table 6.1B/C/D."
1962,Construction,4,sector,25392.0,4.78815181337673,4.825431575106611,Table 6.1B,6,Construction,Direct legacy SIC mapping.,"BEA NIPA archive, 2024 Q1 Third estimate, released June 28, 2024; Section 6 Table 6.1B/C/D."
1962,Manufacturing,5,sector,149080.0,28.111912111617944,28.330786831163106,Table 6.1B,7,Manufacturing,Direct legacy SIC mapping.,"BEA NIPA archive, 2024 Q1 Third estimate, released June 28, 2024; Section 6 Table 6.1B/C/D."
1962,Wholesale trade,6,sector,38854.0,7.326671808323072,7.383716068808769,Table 6.1B,14,Wholesale trade,Direct legacy SIC mapping.,"BEA NIPA archive, 2024 Q1 Third estimate, released June 28, 2024; Section 6 Table 6.1B/C/D."
1962,Retail trade,7,sector,52165.0,9.836717838090623,9.913304903727015,Table 6.1B,15,Retail trade,Direct legacy SIC mapping.,"BEA NIPA archive, 2024 Q1 Third estimate, released June 28, 2024; Section 6 Table 6.1B/C/D."
1962,Transportation and warehousing,8,sector,20873.0,3.936007120376988,3.966652223818537,Table 6.1B,10 - 12 - 13,Transportation and public utilities less communications and electric/gas/sanitary services,Legacy transportation/public utilities adjusted by subtracting communications and electric/gas/sanitary services.,"BEA NIPA archive, 2024 Q1 Third estimate, released June 28, 2024; Section 6 Table 6.1B/C/D."
1962,Information,9,sector,12048.0,2.271882996517125,2.28957150350049,Table 6.1B,12,Communications,Legacy communications mapped to Table 6D information.,"BEA NIPA archive, 2024 Q1 Third estimate, released June 28, 2024; Section 6 Table 6.1B/C/D."
1962,"Finance, insurance, real estate, rental, and leasing",10,sector,68297.0,12.87871787957587,12.978989456720866,Table 6.1B,16,"Finance, insurance, and real estate",Legacy finance/insurance/real estate mapped to Table 6D finance/insurance/real estate/rental/leasing.,"BEA NIPA archive, 2024 Q1 Third estimate, released June 28, 2024; Section 6 Table 6.1B/C/D."
1962,Professional and business services,11,service_detail,missing,missing,missing,Table 6.1B,,,Service detail is not available before Table 6.1D; kept missing by design.,"BEA NIPA archive, 2024 Q1 Third estimate, released June 28, 2024; Section 6 Table 6.1B/C/D."
1962,"Educational services, health care, and social assistance",12,service_detail,missing,missing,missing,Table 6.1B,,,Service detail is not available before Table 6.1D; kept missing by design.,"BEA NIPA archive, 2024 Q1 Third estimate, released June 28, 2024; Section 6 Table 6.1B/C/D."
1962,"Arts, entertainment, recreation, accommodation, and food services",13,service_detail,missing,missing,missing,Table 6.1B,,,Service detail is not available before Table 6.1D; kept missing by design.,"BEA NIPA archive, 2024 Q1 Third estimate, released June 28, 2024; Section 6 Table 6.1B/C/D."
1962,"Other services, except government",14,service_detail,missing,missing,missing,Table 6.1B,,,Service detail is not available before Table 6.1D; kept missing by design.,"BEA NIPA archive, 2024 Q1 Third estimate, released June 28, 2024; Section 6 Table 6.1B/C/D."
1962,Services,15,services_total,56230.0,10.603252066248169,10.685807241187963,Table 6.1B,17,Services,Legacy aggregate services mapped to total services.,"BEA NIPA archive, 2024 Q1 Third estimate, released June 28, 2024; Section 6 Table 6.1B/C/D."
1962,Government,16,sector,66854.0,12.606612371277878,12.704765379732883,Table 6.1B,18,Government,Direct legacy SIC mapping.,"BEA NIPA archive, 2024 Q1 Third estimate, released June 28, 2024; Section 6 Table 6.1B/C/D."
1962,Rest of the world,17,sector,4097.0,0.7725684459437799,missing,Table 6.1B,19,Rest of the world,Direct mapping.,"BEA NIPA archive, 2024 Q1 Third estimate, released June 28, 2024; Section 6 Table 6.1B/C/D."
1963,"Agriculture, forestry, fishing, and hunting",1,sector,17595.0,3.1398616997546287,3.165143308406743,Table 6.1B,4,"Agriculture, forestry, and fishing",Legacy SIC agriculture/forestry/fishing mapped to Table 6D agriculture/forestry/fishing/hunting.,"BEA NIPA archive, 2024 Q1 Third estimate, released June 28, 2024; Section 6 Table 6.1B/C/D."
1963,Mining,2,sector,7262.0,1.2959179121124247,1.3063524129383215,Table 6.1B,5,Mining,Direct legacy SIC mapping.,"BEA NIPA archive, 2024 Q1 Third estimate, released June 28, 2024; Section 6 Table 6.1B/C/D."
1963,Utilities,3,sector,12581.0,2.2451037251840287,2.2631809015666513,Table 6.1B,13,"Electric, gas, and sanitary services","Legacy electric, gas, and sanitary services mapped to Table 6D utilities.","BEA NIPA archive, 2024 Q1 Third estimate, released June 28, 2024; Section 6 Table 6.1B/C/D."
1963,Construction,4,sector,27134.0,4.842114655364711,4.881102502432996,Table 6.1B,6,Construction,Direct legacy SIC mapping.,"BEA NIPA archive, 2024 Q1 Third estimate, released June 28, 2024; Section 6 Table 6.1B/C/D."
1963,Manufacturing,5,sector,157467.0,28.100289984385455,28.326548527700176,Table 6.1B,7,Manufacturing,Direct legacy SIC mapping.,"BEA NIPA archive, 2024 Q1 Third estimate, released June 28, 2024; Section 6 Table 6.1B/C/D."
1963,Wholesale trade,6,sector,40635.0,7.251394155699309,7.309781093328104,Table 6.1B,14,Wholesale trade,Direct legacy SIC mapping.,"BEA NIPA archive, 2024 Q1 Third estimate, released June 28, 2024; Section 6 Table 6.1B/C/D."
1963,Retail trade,7,sector,54624.0,9.747758197635513,9.826245415084395,Table 6.1B,15,Retail trade,Direct legacy SIC mapping.,"BEA NIPA archive, 2024 Q1 Third estimate, released June 28, 2024; Section 6 Table 6.1B/C/D."
1963,Transportation and warehousing,8,sector,21750.0,3.8813294668748606,3.912581242276025,Table 6.1B,10 - 12 - 13,Transportation and public utilities less communications and electric/gas/sanitary services,Legacy transportation/public utilities adjusted by subtracting communications and electric/gas/sanitary services.,"BEA NIPA archive, 2024 Q1 Third estimate, released June 28, 2024; Section 6 Table 6.1B/C/D."
1963,Information,9,sector,12849.0,2.292928842293107,2.311391098023202,Table 6.1B,12,Communications,Legacy communications mapped to Table 6D information.,"BEA NIPA archive, 2024 Q1 Third estimate, released June 28, 2024; Section 6 Table 6.1B/C/D."
1963,"Finance, insurance, real estate, rental, and leasing",10,sector,72148.0,12.874949810394824,12.978616619206006,Table 6.1B,16,"Finance, insurance, and real estate",Legacy finance/insurance/real estate mapped to Table 6D finance/insurance/real estate/rental/leasing.,"BEA NIPA archive, 2024 Q1 Third estimate, released June 28, 2024; Section 6 Table 6.1B/C/D."
1963,Professional and business services,11,service_detail,missing,missing,missing,Table 6.1B,,,Service detail is not available before Table 6.1D; kept missing by design.,"BEA NIPA archive, 2024 Q1 Third estimate, released June 28, 2024; Section 6 Table 6.1B/C/D."
1963,"Educational services, health care, and social assistance",12,service_detail,missing,missing,missing,Table 6.1B,,,Service detail is not available before Table 6.1D; kept missing by design.,"BEA NIPA archive, 2024 Q1 Third estimate, released June 28, 2024; Section 6 Table 6.1B/C/D."
1963,"Arts, entertainment, recreation, accommodation, and food services",13,service_detail,missing,missing,missing,Table 6.1B,,,Service detail is not available before Table 6.1D; kept missing by design.,"BEA NIPA archive, 2024 Q1 Third estimate, released June 28, 2024; Section 6 Table 6.1B/C/D."
1963,"Other services, except government",14,service_detail,missing,missing,missing,Table 6.1B,,,Service detail is not available before Table 6.1D; kept missing by design.,"BEA NIPA archive, 2024 Q1 Third estimate, released June 28, 2024; Section 6 Table 6.1B/C/D."
1963,Services,15,services_total,60114.0,10.72745929065358,10.813834887272687,Table 6.1B,17,Services,Legacy aggregate services mapped to total services.,"BEA NIPA archive, 2024 Q1 Third estimate, released June 28, 2024; Section 6 Table 6.1B/C/D."
1963,Government,16,sector,71741.0,12.802319875083649,12.90540188055744,Table 6.1B,18,Government,Direct legacy SIC mapping.,"BEA NIPA archive, 2024 Q1 Third estimate, released June 28, 2024; Section 6 Table 6.1B/C/D."
1963,Rest of the world,17,sector,4476.0,0.7987508364934196,missing,Table 6.1B,19,Rest of the world,Direct mapping.,"BEA NIPA archive, 2024 Q1 Third estimate, released June 28, 2024; Section 6 Table 6.1B/C/D."
1964,"Agriculture, forestry, fishing, and hunting",1,sector,16535.0,2.7500078999319775,2.7726959458439744,Table 6.1B,4,"Agriculture, forestry, and fishing",Legacy SIC agriculture/forestry/fishing mapped to Table 6D agriculture/forestry/fishing/hunting.,"BEA NIPA archive, 2024 Q1 Third estimate, released June 28, 2024; Section 6 Table 6.1B/C/D."
1964,Mining,2,sector,7503.0,1.2478566237187558,1.2581516590061894,Table 6.1B,5,Mining,Direct legacy SIC mapping.,"BEA NIPA archive, 2024 Q1 Third estimate, released June 28, 2024; Section 6 Table 6.1B/C/D."
1964,Utilities,3,sector,13423.0,2.2324376196423907,2.250855620263905,Table 6.1B,13,"Electric, gas, and sanitary services","Legacy electric, gas, and sanitary services mapped to Table 6D utilities.","BEA NIPA archive, 2024 Q1 Third estimate, released June 28, 2024; Section 6 Table 6.1B/C/D."
1964,Construction,4,sector,29736.0,4.945523732227232,4.986325167560715,Table 6.1B,6,Construction,Direct legacy SIC mapping.,"BEA NIPA archive, 2024 Q1 Third estimate, released June 28, 2024; Section 6 Table 6.1B/C/D."
1964,Manufacturing,5,sector,168868.0,28.08517290872169,28.31688049487634,Table 6.1B,7,Manufacturing,Direct legacy SIC mapping.,"BEA NIPA archive, 2024 Q1 Third estimate, released June 28, 2024; Section 6 Table 6.1B/C/D."
1964,Wholesale trade,6,sector,43506.0,7.235672433894201,7.295367996364557,Table 6.1B,14,Wholesale trade,Direct legacy SIC mapping.,"BEA NIPA archive, 2024 Q1 Third estimate, released June 28, 2024; Section 6 Table 6.1B/C/D."
1964,Retail trade,7,sector,59982.0,9.975867786738426,10.058170439891942,Table 6.1B,15,Retail trade,Direct legacy SIC mapping.,"BEA NIPA archive, 2024 Q1 Third estimate, released June 28, 2024; Section 6 Table 6.1B/C/D."
1964,Transportation and warehousing,8,sector,23036.0,3.8312175375163613,3.8628257519480975,Table 6.1B,10 - 12 - 13,Transportation and public utilities less communications and electric/gas/sanitary services,Legacy transportation/public utilities adjusted by subtracting communications and electric/gas/sanitary services.,"BEA NIPA archive, 2024 Q1 Third estimate, released June 28, 2024; Section 6 Table 6.1B/C/D."
1964,Information,9,sector,13681.0,2.2753467238566305,2.2941187320889878,Table 6.1B,12,Communications,Legacy communications mapped to Table 6D information.,"BEA NIPA archive, 2024 Q1 Third estimate, released June 28, 2024; Section 6 Table 6.1B/C/D."
1964,"Finance, insurance, real estate, rental, and leasing",10,sector,77141.0,12.829655845700191,12.935502749219838,Table 6.1B,16,"Finance, insurance, and real estate",Legacy finance/insurance/real estate mapped to Table 6D finance/insurance/real estate/rental/leasing.,"BEA NIPA archive, 2024 Q1 Third estimate, released June 28, 2024; Section 6 Table 6.1B/C/D."
1964,Professional and business services,11,service_detail,missing,missing,missing,Table 6.1B,,,Service detail is not available before Table 6.1D; kept missing by design.,"BEA NIPA archive, 2024 Q1 Third estimate, released June 28, 2024; Section 6 Table 6.1B/C/D."
1964,"Educational services, health care, and social assistance",12,service_detail,missing,missing,missing,Table 6.1B,,,Service detail is not available before Table 6.1D; kept missing by design.,"BEA NIPA archive, 2024 Q1 Third estimate, released June 28, 2024; Section 6 Table 6.1B/C/D."
1964,"Arts, entertainment, recreation, accommodation, and food services",13,service_detail,missing,missing,missing,Table 6.1B,,,Service detail is not available before Table 6.1D; kept missing by design.,"BEA NIPA archive, 2024 Q1 Third estimate, released June 28, 2024; Section 6 Table 6.1B/C/D."
1964,"Other services, except government",14,service_detail,missing,missing,missing,Table 6.1B,,,Service detail is not available before Table 6.1D; kept missing by design.,"BEA NIPA archive, 2024 Q1 Third estimate, released June 28, 2024; Section 6 Table 6.1B/C/D."
1964,Services,15,services_total,65464.0,10.887603094112306,10.977427722934983,Table 6.1B,17,Services,Legacy aggregate services mapped to total services.,"BEA NIPA archive, 2024 Q1 Third estimate, released June 28, 2024; Section 6 Table 6.1B/C/D."
1964,Government,16,sector,77476.0,12.885371155435735,12.99167772000047,Table 6.1B,18,Government,Direct legacy SIC mapping.,"BEA NIPA archive, 2024 Q1 Third estimate, released June 28, 2024; Section 6 Table 6.1B/C/D."
1964,Rest of the world,17,sector,4920.0,0.8182666385041022,missing,Table 6.1B,19,Rest of the world,Direct mapping.,"BEA NIPA archive, 2024 Q1 Third estimate, released June 28, 2024; Section 6 Table 6.1B/C/D."
1965,"Agriculture, forestry, fishing, and hunting",1,sector,19078.0,2.922769813876033,2.9466049482822796,Table 6.1B,4,"Agriculture, forestry, and fishing",Legacy SIC agriculture/forestry/fishing mapped to Table 6D agriculture/forestry/fishing/hunting.,"BEA NIPA archive, 2024 Q1 Third estimate, released June 28, 2024; Section 6 Table 6.1B/C/D."
1965,Mining,2,sector,7550.0,1.1566679995158846,1.1661006059089638,Table 6.1B,5,Mining,Direct legacy SIC mapping.,"BEA NIPA archive, 2024 Q1 Third estimate, released June 28, 2024; Section 6 Table 6.1B/C/D."
1965,Utilities,3,sector,13892.0,2.128269119109228,2.1456251148724936,Table 6.1B,13,"Electric, gas, and sanitary services","Legacy electric, gas, and sanitary services mapped to Table 6D utilities.","BEA NIPA archive, 2024 Q1 Third estimate, released June 28, 2024; Section 6 Table 6.1B/C/D."
1965,Construction,4,sector,32609.0,4.995733350491852,5.036473464647073,Table 6.1B,6,Construction,Direct legacy SIC mapping.,"BEA NIPA archive, 2024 Q1 Third estimate, released June 28, 2024; Section 6 Table 6.1B/C/D."
1965,Manufacturing,5,sector,186648.0,28.59467136074713,28.82786038300613,Table 6.1B,7,Manufacturing,Direct legacy SIC mapping.,"BEA NIPA archive, 2024 Q1 Third estimate, released June 28, 2024; Section 6 Table 6.1B/C/D."
1965,Wholesale trade,6,sector,46759.0,7.16352834296202,7.2219467856552635,Table 6.1B,14,Wholesale trade,Direct legacy SIC mapping.,"BEA NIPA archive, 2024 Q1 Third estimate, released June 28, 2024; Section 6 Table 6.1B/C/D."
1965,Retail trade,7,sector,64255.0,9.843934080648102,9.924211183136487,Table 6.1B,15,Retail trade,Direct legacy SIC mapping.,"BEA NIPA archive, 2024 Q1 Third estimate, released June 28, 2024; Section 6 Table 6.1B/C/D."
1965,Transportation and warehousing,8,sector,24902.0,3.8150127846284185,3.846124144151658,Table 6.1B,10 - 12 - 13,Transportation and public utilities less communications and electric/gas/sanitary services,Legacy transportation/public utilities adjusted by subtracting communications and electric/gas/sanitary services.,"BEA NIPA archive, 2024 Q1 Third estimate, released June 28, 2024; Section 6 Table 6.1B/C/D."
1965,Information,9,sector,14768.0,2.2624732472649782,2.280923675240209,Table 6.1B,12,Communications,Legacy communications mapped to Table 6D information.,"BEA NIPA archive, 2024 Q1 Third estimate, released June 28, 2024; Section 6 Table 6.1B/C/D."
1965,"Finance, insurance, real estate, rental, and leasing",10,sector,82601.0,12.654560718941932,12.757758430289579,Table 6.1B,16,"Finance, insurance, and real estate",Legacy finance/insurance/real estate mapped to Table 6D finance/insurance/real estate/rental/leasing.,"BEA NIPA archive, 2024 Q1 Third estimate, released June 28, 2024; Section 6 Table 6.1B/C/D."
1965,Professional and business services,11,service_detail,missing,missing,missing,Table 6.1B,,,Service detail is not available before Table 6.1D; kept missing by design.,"BEA NIPA archive, 2024 Q1 Third estimate, released June 28, 2024; Section 6 Table 6.1B/C/D."
1965,"Educational services, health care, and social assistance",12,service_detail,missing,missing,missing,Table 6.1B,,,Service detail is not available before Table 6.1D; kept missing by design.,"BEA NIPA archive, 2024 Q1 Third estimate, released June 28, 2024; Section 6 Table 6.1B/C/D."
1965,"Arts, entertainment, recreation, accommodation, and food services",13,service_detail,missing,missing,missing,Table 6.1B,,,Service detail is not available before Table 6.1D; kept missing by design.,"BEA NIPA archive, 2024 Q1 Third estimate, released June 28, 2024; Section 6 Table 6.1B/C/D."
1965,"Other services, except government",14,service_detail,missing,missing,missing,Table 6.1B,,,Service detail is not available before Table 6.1D; kept missing by design.,"BEA NIPA archive, 2024 Q1 Third estimate, released June 28, 2024; Section 6 Table 6.1B/C/D."
1965,Services,15,services_total,71015.0,10.879573243128549,10.968295964056301,Table 6.1B,17,Services,Legacy aggregate services mapped to total services.,"BEA NIPA archive, 2024 Q1 Third estimate, released June 28, 2024; Section 6 Table 6.1B/C/D."
1965,Government,16,sector,83379.0,12.773751143262906,12.877920850342186,Table 6.1B,18,Government,Direct legacy SIC mapping.,"BEA NIPA archive, 2024 Q1 Third estimate, released June 28, 2024; Section 6 Table 6.1B/C/D."
1965,Rest of the world,17,sector,5280.0,0.8089015943634266,missing,Table 6.1B,19,Rest of the world,Direct mapping.,"BEA NIPA archive, 2024 Q1 Third estimate, released June 28, 2024; Section 6 Table 6.1B/C/D."
1966,"Agriculture, forestry, fishing, and hunting",1,sector,19894.0,2.7946270786917764,2.814677523185648,Table 6.1B,4,"Agriculture, forestry, and fishing",Legacy SIC agriculture/forestry/fishing mapped to Table 6D agriculture/forestry/fishing/hunting.,"BEA NIPA archive, 2024 Q1 Third estimate, released June 28, 2024; Section 6 Table 6.1B/C/D."
1966,Mining,2,sector,7831.0,1.100066585565261,1.1079591677926415,Table 6.1B,5,Mining,Direct legacy SIC mapping.,"BEA NIPA archive, 2024 Q1 Third estimate, released June 28, 2024; Section 6 Table 6.1B/C/D."
1966,Utilities,3,sector,14801.0,2.079183441827535,2.0941008354614845,Table 6.1B,13,"Electric, gas, and sanitary services","Legacy electric, gas, and sanitary services mapped to Table 6D utilities.","BEA NIPA archive, 2024 Q1 Third estimate, released June 28, 2024; Section 6 Table 6.1B/C/D."
1966,Construction,4,sector,35581.0,4.9982721467242435,5.03413295227046,Table 6.1B,6,Construction,Direct legacy SIC mapping.,"BEA NIPA archive, 2024 Q1 Third estimate, released June 28, 2024; Section 6 Table 6.1B/C/D."
1966,Manufacturing,5,sector,205469.0,28.863437781829727,29.07052257019362,Table 6.1B,7,Manufacturing,Direct legacy SIC mapping.,"BEA NIPA archive, 2024 Q1 Third estimate, released June 28, 2024; Section 6 Table 6.1B/C/D."
1966,Wholesale trade,6,sector,50773.0,7.1323816560981985,7.183553930064587,Table 6.1B,14,Wholesale trade,Direct legacy SIC mapping.,"BEA NIPA archive, 2024 Q1 Third estimate, released June 28, 2024; Section 6 Table 6.1B/C/D."
1966,Retail trade,7,sector,68697.0,9.650271258916707,9.719508485487305,Table 6.1B,15,Retail trade,Direct legacy SIC mapping.,"BEA NIPA archive, 2024 Q1 Third estimate, released June 28, 2024; Section 6 Table 6.1B/C/D."
1966,Transportation and warehousing,8,sector,26869.0,3.7744463143344396,3.801526609554397,Table 6.1B,10 - 12 - 13,Transportation and public utilities less communications and electric/gas/sanitary services,Legacy transportation/public utilities adjusted by subtracting communications and electric/gas/sanitary services.,"BEA NIPA archive, 2024 Q1 Third estimate, released June 28, 2024; Section 6 Table 6.1B/C/D."
1966,Information,9,sector,16188.0,2.274023481947445,2.2903387828153847,Table 6.1B,12,Communications,Legacy communications mapped to Table 6D information.,"BEA NIPA archive, 2024 Q1 Third estimate, released June 28, 2024; Section 6 Table 6.1B/C/D."
1966,"Finance, insurance, real estate, rental, and leasing",10,sector,88567.0,12.441526916582616,12.530790398913405,Table 6.1B,16,"Finance, insurance, and real estate",Legacy finance/insurance/real estate mapped to Table 6D finance/insurance/real estate/rental/leasing.,"BEA NIPA archive, 2024 Q1 Third estimate, released June 28, 2024; Section 6 Table 6.1B/C/D."
1966,Professional and business services,11,service_detail,missing,missing,missing,Table 6.1B,,,Service detail is not available before Table 6.1D; kept missing by design.,"BEA NIPA archive, 2024 Q1 Third estimate, released June 28, 2024; Section 6 Table 6.1B/C/D."
1966,"Educational services, health care, and social assistance",12,service_detail,missing,missing,missing,Table 6.1B,,,Service detail is not available before Table 6.1D; kept missing by design.,"BEA NIPA archive, 2024 Q1 Third estimate, released June 28, 2024; Section 6 Table 6.1B/C/D."
1966,"Arts, entertainment, recreation, accommodation, and food services",13,service_detail,missing,missing,missing,Table 6.1B,,,Service detail is not available before Table 6.1D; kept missing by design.,"BEA NIPA archive, 2024 Q1 Third estimate, released June 28, 2024; Section 6 Table 6.1B/C/D."
1966,"Other services, except government",14,service_detail,missing,missing,missing,Table 6.1B,,,Service detail is not available before Table 6.1D; kept missing by design.,"BEA NIPA archive, 2024 Q1 Third estimate, released June 28, 2024; Section 6 Table 6.1B/C/D."
1966,Services,15,services_total,78692.0,11.054327640314328,11.133638466599226,Table 6.1B,17,Services,Legacy aggregate services mapped to total services.,"BEA NIPA archive, 2024 Q1 Third estimate, released June 28, 2024; Section 6 Table 6.1B/C/D."
1966,Government,16,sector,93433.0,13.125082529577195,13.219250277661839,Table 6.1B,18,Government,Direct legacy SIC mapping.,"BEA NIPA archive, 2024 Q1 Third estimate, released June 28, 2024; Section 6 Table 6.1B/C/D."
1966,Rest of the world,17,sector,5071.0,0.7123531675905297,missing,Table 6.1B,19,Rest of the world,Direct mapping.,"BEA NIPA archive, 2024 Q1 Third estimate, released June 28, 2024; Section 6 Table 6.1B/C/D."
1967,"Agriculture, forestry, fishing, and hunting",1,sector,19077.0,2.535371873147678,2.553678517883915,Table 6.1B,4,"Agriculture, forestry, and fishing",Legacy SIC agriculture/forestry/fishing mapped to Table 6D agriculture/forestry/fishing/hunting.,"BEA NIPA archive, 2024 Q1 Third estimate, released June 28, 2024; Section 6 Table 6.1B/C/D."
1967,Mining,2,sector,8095.0,1.0758418678581776,1.0836099807239237,Table 6.1B,5,Mining,Direct legacy SIC mapping.,"BEA NIPA archive, 2024 Q1 Third estimate, released June 28, 2024; Section 6 Table 6.1B/C/D."
1967,Utilities,3,sector,15494.0,2.059183928424287,2.0740522595844935,Table 6.1B,13,"Electric, gas, and sanitary services","Legacy electric, gas, and sanitary services mapped to Table 6D utilities.","BEA NIPA archive, 2024 Q1 Third estimate, released June 28, 2024; Section 6 Table 6.1B/C/D."
1967,Construction,4,sector,37216.0,4.946081649686218,4.981794816877276,Table 6.1B,6,Construction,Direct legacy SIC mapping.,"BEA NIPA archive, 2024 Q1 Third estimate, released June 28, 2024; Section 6 Table 6.1B/C/D."
1967,Manufacturing,5,sector,209847.0,27.88909060462446,28.090463696723067,Table 6.1B,7,Manufacturing,Direct legacy SIC mapping.,"BEA NIPA archive, 2024 Q1 Third estimate, released June 28, 2024; Section 6 Table 6.1B/C/D."
1967,Wholesale trade,6,sector,53733.0,7.141224346587209,7.192787534804027,Table 6.1B,14,Wholesale trade,Direct legacy SIC mapping.,"BEA NIPA archive, 2024 Q1 Third estimate, released June 28, 2024; Section 6 Table 6.1B/C/D."
1967,Retail trade,7,sector,74048.0,9.841128922935434,9.912186763760976,Table 6.1B,15,Retail trade,Direct legacy SIC mapping.,"BEA NIPA archive, 2024 Q1 Third estimate, released June 28, 2024; Section 6 Table 6.1B/C/D."
1967,Transportation and warehousing,8,sector,27334.0,3.6327438685652162,3.658974084386378,Table 6.1B,10 - 12 - 13,Transportation and public utilities less communications and electric/gas/sanitary services,Legacy transportation/public utilities adjusted by subtracting communications and electric/gas/sanitary services.,"BEA NIPA archive, 2024 Q1 Third estimate, released June 28, 2024; Section 6 Table 6.1B/C/D."
1967,Information,9,sector,17295.0,2.2985404699947103,2.315137074319983,Table 6.1B,12,Communications,Legacy communications mapped to Table 6D information.,"BEA NIPA archive, 2024 Q1 Third estimate, released June 28, 2024; Section 6 Table 6.1B/C/D."
1967,"Finance, insurance, real estate, rental, and leasing",10,sector,95407.0,12.67978321022176,12.771337545512958,Table 6.1B,16,"Finance, insurance, and real estate",Legacy finance/insurance/real estate mapped to Table 6D finance/insurance/real estate/rental/leasing.,"BEA NIPA archive, 2024 Q1 Third estimate, released June 28, 2024; Section 6 Table 6.1B/C/D."
1967,Professional and business services,11,service_detail,missing,missing,missing,Table 6.1B,,,Service detail is not available before Table 6.1D; kept missing by design.,"BEA NIPA archive, 2024 Q1 Third estimate, released June 28, 2024; Section 6 Table 6.1B/C/D."
1967,"Educational services, health care, and social assistance",12,service_detail,missing,missing,missing,Table 6.1B,,,Service detail is not available before Table 6.1D; kept missing by design.,"BEA NIPA archive, 2024 Q1 Third estimate, released June 28, 2024; Section 6 Table 6.1B/C/D."
1967,"Arts, entertainment, recreation, accommodation, and food services",13,service_detail,missing,missing,missing,Table 6.1B,,,Service detail is not available before Table 6.1D; kept missing by design.,"BEA NIPA archive, 2024 Q1 Third estimate, released June 28, 2024; Section 6 Table 6.1B/C/D."
1967,"Other services, except government",14,service_detail,missing,missing,missing,Table 6.1B,,,Service detail is not available before Table 6.1D; kept missing by design.,"BEA NIPA archive, 2024 Q1 Third estimate, released June 28, 2024; Section 6 Table 6.1B/C/D."
1967,Services,15,services_total,86596.0,11.508783494632087,11.591882630113515,Table 6.1B,17,Services,Legacy aggregate services mapped to total services.,"BEA NIPA archive, 2024 Q1 Third estimate, released June 28, 2024; Section 6 Table 6.1B/C/D."
1967,Government,16,sector,102898.0,13.675352256809235,13.774095095309487,Table 6.1B,18,Government,Direct legacy SIC mapping.,"BEA NIPA archive, 2024 Q1 Third estimate, released June 28, 2024; Section 6 Table 6.1B/C/D."
1967,Rest of the world,17,sector,5394.0,0.7168735065135281,missing,Table 6.1B,19,Rest of the world,Direct mapping.,"BEA NIPA archive, 2024 Q1 Third estimate, released June 28, 2024; Section 6 Table 6.1B/C/D."
1968,"Agriculture, forestry, fishing, and hunting",1,sector,19642.0,2.381786764482978,2.399491809086356,Table 6.1B,4,"Agriculture, forestry, and fishing",Legacy SIC agriculture/forestry/fishing mapped to Table 6D agriculture/forestry/fishing/hunting.,"BEA NIPA archive, 2024 Q1 Third estimate, released June 28, 2024; Section 6 Table 6.1B/C/D."
1968,Mining,2,sector,8919.0,1.08151696122715,1.0895564324020572,Table 6.1B,5,Mining,Direct legacy SIC mapping.,"BEA NIPA archive, 2024 Q1 Third estimate, released June 28, 2024; Section 6 Table 6.1B/C/D."
1968,Utilities,3,sector,16813.0,2.038742534938006,2.0538975555528407,Table 6.1B,13,"Electric, gas, and sanitary services","Legacy electric, gas, and sanitary services mapped to Table 6D utilities.","BEA NIPA archive, 2024 Q1 Third estimate, released June 28, 2024; Section 6 Table 6.1B/C/D."
1968,Construction,4,sector,40691.0,4.9341861945614935,4.970864535359581,Table 6.1B,6,Construction,Direct legacy SIC mapping.,"BEA NIPA archive, 2024 Q1 Third estimate, released June 28, 2024; Section 6 Table 6.1B/C/D."
1968,Manufacturing,5,sector,228694.0,27.731409343074546,27.93755115503488,Table 6.1B,7,Manufacturing,Direct legacy SIC mapping.,"BEA NIPA archive, 2024 Q1 Third estimate, released June 28, 2024; Section 6 Table 6.1B/C/D."
1968,Wholesale trade,6,sector,59054.0,7.160881559402188,7.214112070755812,Table 6.1B,14,Wholesale trade,Direct legacy SIC mapping.,"BEA NIPA archive, 2024 Q1 Third estimate, released June 28, 2024; Section 6 Table 6.1B/C/D."
1968,Retail trade,7,sector,82108.0,9.956407069451602,10.03041815805226,Table 6.1B,15,Retail trade,Direct legacy SIC mapping.,"BEA NIPA archive, 2024 Q1 Third estimate, released June 28, 2024; Section 6 Table 6.1B/C/D."
1968,Transportation and warehousing,8,sector,29425.0,3.5680722708945947,3.5945955850914375,Table 6.1B,10 - 12 - 13,Transportation and public utilities less communications and electric/gas/sanitary services,Legacy transportation/public utilities adjusted by subtracting communications and electric/gas/sanitary services.,"BEA NIPA archive, 2024 Q1 Third estimate, released June 28, 2024; Section 6 Table 6.1B/C/D."
1968,Information,9,sector,18564.0,2.2510686027829143,2.2678019521372117,Table 6.1B,12,Communications,Legacy communications mapped to Table 6D information.,"BEA NIPA archive, 2024 Q1 Third estimate, released June 28, 2024; Section 6 Table 6.1B/C/D."
1968,"Finance, insurance, real estate, rental, and leasing",10,sector,103965.0,12.606784490860036,12.700497196398686,Table 6.1B,16,"Finance, insurance, and real estate",Legacy finance/insurance/real estate mapped to Table 6D finance/insurance/real estate/rental/leasing.,"BEA NIPA archive, 2024 Q1 Third estimate, released June 28, 2024; Section 6 Table 6.1B/C/D."
1968,Professional and business services,11,service_detail,missing,missing,missing,Table 6.1B,,,Service detail is not available before Table 6.1D; kept missing by design.,"BEA NIPA archive, 2024 Q1 Third estimate, released June 28, 2024; Section 6 Table 6.1B/C/D."
1968,"Educational services, health care, and social assistance",12,service_detail,missing,missing,missing,Table 6.1B,,,Service detail is not available before Table 6.1D; kept missing by design.,"BEA NIPA archive, 2024 Q1 Third estimate, released June 28, 2024; Section 6 Table 6.1B/C/D."
1968,"Arts, entertainment, recreation, accommodation, and food services",13,service_detail,missing,missing,missing,Table 6.1B,,,Service detail is not available before Table 6.1D; kept missing by design.,"BEA NIPA archive, 2024 Q1 Third estimate, released June 28, 2024; Section 6 Table 6.1B/C/D."
1968,"Other services, except government",14,service_detail,missing,missing,missing,Table 6.1B,,,Service detail is not available before Table 6.1D; kept missing by design.,"BEA NIPA archive, 2024 Q1 Third estimate, released June 28, 2024; Section 6 Table 6.1B/C/D."
1968,Services,15,services_total,95272.0,11.5526722648316,11.638549212670569,Table 6.1B,17,Services,Legacy aggregate services mapped to total services.,"BEA NIPA archive, 2024 Q1 Third estimate, released June 28, 2024; Section 6 Table 6.1B/C/D."
1968,Government,16,sector,115445.0,13.998848031042533,14.102908660012949,Table 6.1B,18,Government,Direct legacy SIC mapping.,"BEA NIPA archive, 2024 Q1 Third estimate, released June 28, 2024; Section 6 Table 6.1B/C/D."
1968,Rest of the world,17,sector,6085.0,0.7378664322308788,missing,Table 6.1B,19,Rest of the world,Direct mapping.,"BEA NIPA archive, 2024 Q1 Third estimate, released June 28, 2024; Section 6 Table 6.1B/C/D."
1969,"Agriculture, forestry, fishing, and hunting",1,sector,21490.0,2.4098709390198363,2.426510273995804,Table 6.1B,4,"Agriculture, forestry, and fishing",Legacy SIC agriculture/forestry/fishing mapped to Table 6D agriculture/forestry/fishing/hunting.,"BEA NIPA archive, 2024 Q1 Third estimate, released June 28, 2024; Section 6 Table 6.1B/C/D."
1969,Mining,2,sector,9199.0,1.0315683000485563,1.0386909265001119,Table 6.1B,5,Mining,Direct legacy SIC mapping.,"BEA NIPA archive, 2024 Q1 Third estimate, released June 28, 2024; Section 6 Table 6.1B/C/D."
1969,Utilities,3,sector,17954.0,2.013346804986605,2.02724827637602,Table 6.1B,13,"Electric, gas, and sanitary services","Legacy electric, gas, and sanitary services mapped to Table 6D utilities.","BEA NIPA archive, 2024 Q1 Third estimate, released June 28, 2024; Section 6 Table 6.1B/C/D."
1969,Construction,4,sector,45577.0,5.110967323764871,5.146256805858854,Table 6.1B,6,Construction,Direct legacy SIC mapping.,"BEA NIPA archive, 2024 Q1 Third estimate, released June 28, 2024; Section 6 Table 6.1B/C/D."
1969,Manufacturing,5,sector,240590.0,26.97956487756084,27.165849549588206,Table 6.1B,7,Manufacturing,Direct legacy SIC mapping.,"BEA NIPA archive, 2024 Q1 Third estimate, released June 28, 2024; Section 6 Table 6.1B/C/D."
1969,Wholesale trade,6,sector,64143.0,7.192943305795689,7.2426081202844514,Table 6.1B,14,Wholesale trade,Direct legacy SIC mapping.,"BEA NIPA archive, 2024 Q1 Third estimate, released June 28, 2024; Section 6 Table 6.1B/C/D."
1969,Retail trade,7,sector,89036.0,9.98442386815124,10.053362901604952,Table 6.1B,15,Retail trade,Direct legacy SIC mapping.,"BEA NIPA archive, 2024 Q1 Third estimate, released June 28, 2024; Section 6 Table 6.1B/C/D."
1969,Transportation and warehousing,8,sector,31405.0,3.5217308906429947,3.5460472384754875,Table 6.1B,10 - 12 - 13,Transportation and public utilities less communications and electric/gas/sanitary services,Legacy transportation/public utilities adjusted by subtracting communications and electric/gas/sanitary services.,"BEA NIPA archive, 2024 Q1 Third estimate, released June 28, 2024; Section 6 Table 6.1B/C/D."
1969,Information,9,sector,20798.0,2.3322706277214778,2.348374159077,Table 6.1B,12,Communications,Legacy communications mapped to Table 6D information.,"BEA NIPA archive, 2024 Q1 Third estimate, released June 28, 2024; Section 6 Table 6.1B/C/D."
1969,"Finance, insurance, real estate, rental, and leasing",10,sector,113710.0,12.751345950486067,12.839389634995946,Table 6.1B,16,"Finance, insurance, and real estate",Legacy finance/insurance/real estate mapped to Table 6D finance/insurance/real estate/rental/leasing.,"BEA NIPA archive, 2024 Q1 Third estimate, released June 28, 2024; Section 6 Table 6.1B/C/D."
1969,Professional and business services,11,service_detail,missing,missing,missing,Table 6.1B,,,Service detail is not available before Table 6.1D; kept missing by design.,"BEA NIPA archive, 2024 Q1 Third estimate, released June 28, 2024; Section 6 Table 6.1B/C/D."
1969,"Educational services, health care, and social assistance",12,service_detail,missing,missing,missing,Table 6.1B,,,Service detail is not available before Table 6.1D; kept missing by design.,"BEA NIPA archive, 2024 Q1 Third estimate, released June 28, 2024; Section 6 Table 6.1B/C/D."
1969,"Arts, entertainment, recreation, accommodation, and food services",13,service_detail,missing,missing,missing,Table 6.1B,,,Service detail is not available before Table 6.1D; kept missing by design.,"BEA NIPA archive, 2024 Q1 Third estimate, released June 28, 2024; Section 6 Table 6.1B/C/D."
1969,"Other services, except government",14,service_detail,missing,missing,missing,Table 6.1B,,,Service detail is not available before Table 6.1D; kept missing by design.,"BEA NIPA archive, 2024 Q1 Third estimate, released June 28, 2024; Section 6 Table 6.1B/C/D."
1969,Services,15,services_total,105523.0,11.833262498752452,11.914967130891542,Table 6.1B,17,Services,Legacy aggregate services mapped to total services.,"BEA NIPA archive, 2024 Q1 Third estimate, released June 28, 2024; Section 6 Table 6.1B/C/D."
1969,Government,16,sector,126209.0,14.152973538518125,14.250694982351627,Table 6.1B,18,Government,Direct legacy SIC mapping.,"BEA NIPA archive, 2024 Q1 Third estimate, released June 28, 2024; Section 6 Table 6.1B/C/D."
1969,Rest of the world,17,sector,6115.0,0.685731074551247,missing,Table 6.1B,19,Rest of the world,Direct mapping.,"BEA NIPA archive, 2024 Q1 Third estimate, released June 28, 2024; Section 6 Table 6.1B/C/D."
1970,"Agriculture, forestry, fishing, and hunting",1,sector,22131.0,2.3708898309170205,2.3872395782769935,Table 6.1B,4,"Agriculture, forestry, and fishing",Legacy SIC agriculture/forestry/fishing mapped to Table 6D agriculture/forestry/fishing/hunting.,"BEA NIPA archive, 2024 Q1 Third estimate, released June 28, 2024; Section 6 Table 6.1B/C/D."
1970,Mining,2,sector,10403.0,1.114471416159675,1.1221568538618032,Table 6.1B,5,Mining,Direct legacy SIC mapping.,"BEA NIPA archive, 2024 Q1 Third estimate, released June 28, 2024; Section 6 Table 6.1B/C/D."
1970,Utilities,3,sector,18847.0,2.0190755340153217,2.0329991564676924,Table 6.1B,13,"Electric, gas, and sanitary services","Legacy electric, gas, and sanitary services mapped to Table 6D utilities.","BEA NIPA archive, 2024 Q1 Third estimate, released June 28, 2024; Section 6 Table 6.1B/C/D."
1970,Construction,4,sector,47922.0,5.133874767394399,5.169278165025985,Table 6.1B,6,Construction,Direct legacy SIC mapping.,"BEA NIPA archive, 2024 Q1 Third estimate, released June 28, 2024; Section 6 Table 6.1B/C/D."
1970,Manufacturing,5,sector,233783.0,25.045128432573033,25.217840600439672,Table 6.1B,7,Manufacturing,Direct legacy SIC mapping.,"BEA NIPA archive, 2024 Q1 Third estimate, released June 28, 2024; Section 6 Table 6.1B/C/D."
1970,Wholesale trade,6,sector,68144.0,7.300253790520512,7.350596621124551,Table 6.1B,14,Wholesale trade,Direct legacy SIC mapping.,"BEA NIPA archive, 2024 Q1 Third estimate, released June 28, 2024; Section 6 Table 6.1B/C/D."
1970,Retail trade,7,sector,94578.0,10.132123194996609,10.201994705810018,Table 6.1B,15,Retail trade,Direct legacy SIC mapping.,"BEA NIPA archive, 2024 Q1 Third estimate, released June 28, 2024; Section 6 Table 6.1B/C/D."
1970,Transportation and warehousing,8,sector,32989.0,3.5341053107460842,3.5584766367439222,Table 6.1B,10 - 12 - 13,Transportation and public utilities less communications and electric/gas/sanitary services,Legacy transportation/public utilities adjusted by subtracting communications and electric/gas/sanitary services.,"BEA NIPA archive, 2024 Q1 Third estimate, released June 28, 2024; Section 6 Table 6.1B/C/D."
1970,Information,9,sector,22739.0,2.4360247555565553,2.4528236758592272,Table 6.1B,12,Communications,Legacy communications mapped to Table 6D information.,"BEA NIPA archive, 2024 Q1 Third estimate, released June 28, 2024; Section 6 Table 6.1B/C/D."
1970,"Finance, insurance, real estate, rental, and leasing",10,sector,122245.0,13.096083655526238,13.186394751546295,Table 6.1B,16,"Finance, insurance, and real estate",Legacy finance/insurance/real estate mapped to Table 6D finance/insurance/real estate/rental/leasing.,"BEA NIPA archive, 2024 Q1 Third estimate, released June 28, 2024; Section 6 Table 6.1B/C/D."
1970,Professional and business services,11,service_detail,missing,missing,missing,Table 6.1B,,,Service detail is not available before Table 6.1D; kept missing by design.,"BEA NIPA archive, 2024 Q1 Third estimate, released June 28, 2024; Section 6 Table 6.1B/C/D."
1970,"Educational services, health care, and social assistance",12,service_detail,missing,missing,missing,Table 6.1B,,,Service detail is not available before Table 6.1D; kept missing by design.,"BEA NIPA archive, 2024 Q1 Third estimate, released June 28, 2024; Section 6 Table 6.1B/C/D."
1970,"Arts, entertainment, recreation, accommodation, and food services",13,service_detail,missing,missing,missing,Table 6.1B,,,Service detail is not available before Table 6.1D; kept missing by design.,"BEA NIPA archive, 2024 Q1 Third estimate, released June 28, 2024; Section 6 Table 6.1B/C/D."
1970,"Other services, except government",14,service_detail,missing,missing,missing,Table 6.1B,,,Service detail is not available before Table 6.1D; kept missing by design.,"BEA NIPA archive, 2024 Q1 Third estimate, released June 28, 2024; Section 6 Table 6.1B/C/D."
1970,Services,15,services_total,114256.0,12.240223601339979,12.324632653545532,Table 6.1B,17,Services,Legacy aggregate services mapped to total services.,"BEA NIPA archive, 2024 Q1 Third estimate, released June 28, 2024; Section 6 Table 6.1B/C/D."
1970,Government,16,sector,139017.0,14.892864833247094,14.995566601298306,Table 6.1B,18,Government,Direct legacy SIC mapping.,"BEA NIPA archive, 2024 Q1 Third estimate, released June 28, 2024; Section 6 Table 6.1B/C/D."
1970,Rest of the world,17,sector,6393.0,0.6848808770074787,missing,Table 6.1B,19,Rest of the world,Direct mapping.,"BEA NIPA archive, 2024 Q1 Third estimate, released June 28, 2024; Section 6 Table 6.1B/C/D."
1971,"Agriculture, forestry, fishing, and hunting",1,sector,23992.0,2.3729316466713484,2.390889268901299,Table 6.1B,4,"Agriculture, forestry, and fishing",Legacy SIC agriculture/forestry/fishing mapped to Table 6D agriculture/forestry/fishing/hunting.,"BEA NIPA archive, 2024 Q1 Third estimate, released June 28, 2024; Section 6 Table 6.1B/C/D."
1971,Mining,2,sector,10749.0,1.0631311382990298,1.0711765901725603,Table 6.1B,5,Mining,Direct legacy SIC mapping.,"BEA NIPA archive, 2024 Q1 Third estimate, released June 28, 2024; Section 6 Table 6.1B/C/D."
1971,Utilities,3,sector,21342.0,2.110833077828439,2.12680721810985,Table 6.1B,13,"Electric, gas, and sanitary services","Legacy electric, gas, and sanitary services mapped to Table 6D utilities.","BEA NIPA archive, 2024 Q1 Third estimate, released June 28, 2024; Section 6 Table 6.1B/C/D."
1971,Construction,4,sector,52577.0,5.2001345109636326,5.239487541306419,Table 6.1B,6,Construction,Direct legacy SIC mapping.,"BEA NIPA archive, 2024 Q1 Third estimate, released June 28, 2024; Section 6 Table 6.1B/C/D."
1971,Manufacturing,5,sector,245612.0,24.292284411563987,24.47612100339221,Table 6.1B,7,Manufacturing,Direct legacy SIC mapping.,"BEA NIPA archive, 2024 Q1 Third estimate, released June 28, 2024; Section 6 Table 6.1B/C/D."
1971,Wholesale trade,6,sector,73662.0,7.285548972870325,7.340683783169702,Table 6.1B,14,Wholesale trade,Direct legacy SIC mapping.,"BEA NIPA archive, 2024 Q1 Third estimate, released June 28, 2024; Section 6 Table 6.1B/C/D."
1971,Retail trade,7,sector,102994.0,10.186633962040215,10.263723297816789,Table 6.1B,15,Retail trade,Direct legacy SIC mapping.,"BEA NIPA archive, 2024 Q1 Third estimate, released June 28, 2024; Section 6 Table 6.1B/C/D."
1971,Transportation and warehousing,8,sector,36398.0,3.5999485693374345,3.627191881021569,Table 6.1B,10 - 12 - 13,Transportation and public utilities less communications and electric/gas/sanitary services,Legacy transportation/public utilities adjusted by subtracting communications and electric/gas/sanitary services.,"BEA NIPA archive, 2024 Q1 Third estimate, released June 28, 2024; Section 6 Table 6.1B/C/D."
1971,Information,9,sector,24193.0,2.392811575855282,2.4109196433198203,Table 6.1B,12,Communications,Legacy communications mapped to Table 6D information.,"BEA NIPA archive, 2024 Q1 Third estimate, released June 28, 2024; Section 6 Table 6.1B/C/D."
1971,"Finance, insurance, real estate, rental, and leasing",10,sector,135618.0,13.41331460729722,13.514822477069705,Table 6.1B,16,"Finance, insurance, and real estate",Legacy finance/insurance/real estate mapped to Table 6D finance/insurance/real estate/rental/leasing.,"BEA NIPA archive, 2024 Q1 Third estimate, released June 28, 2024; Section 6 Table 6.1B/C/D."
1971,Professional and business services,11,service_detail,missing,missing,missing,Table 6.1B,,,Service detail is not available before Table 6.1D; kept missing by design.,"BEA NIPA archive, 2024 Q1 Third estimate, released June 28, 2024; Section 6 Table 6.1B/C/D."
1971,"Educational services, health care, and social assistance",12,service_detail,missing,missing,missing,Table 6.1B,,,Service detail is not available before Table 6.1D; kept missing by design.,"BEA NIPA archive, 2024 Q1 Third estimate, released June 28, 2024; Section 6 Table 6.1B/C/D."
1971,"Arts, entertainment, recreation, accommodation, and food services",13,service_detail,missing,missing,missing,Table 6.1B,,,Service detail is not available before Table 6.1D; kept missing by design.,"BEA NIPA archive, 2024 Q1 Third estimate, released June 28, 2024; Section 6 Table 6.1B/C/D."
1971,"Other services, except government",14,service_detail,missing,missing,missing,Table 6.1B,,,Service detail is not available before Table 6.1D; kept missing by design.,"BEA NIPA archive, 2024 Q1 Third estimate, released June 28, 2024; Section 6 Table 6.1B/C/D."
1971,Services,15,services_total,123867.0,12.251080538439474,12.343792975616756,Table 6.1B,17,Services,Legacy aggregate services mapped to total services.,"BEA NIPA archive, 2024 Q1 Third estimate, released June 28, 2024; Section 6 Table 6.1B/C/D."
1971,Government,16,sector,152472.0,15.080261505138122,15.194384320103321,Table 6.1B,18,Government,Direct legacy SIC mapping.,"BEA NIPA archive, 2024 Q1 Third estimate, released June 28, 2024; Section 6 Table 6.1B/C/D."
1971,Rest of the world,17,sector,7594.0,0.7510854836954909,missing,Table 6.1B,19,Rest of the world,Direct mapping.,"BEA NIPA archive, 2024 Q1 Third estimate, released June 28, 2024; Section 6 Table 6.1B/C/D."
1972,"Agriculture, forestry, fishing, and hunting",1,sector,28175.0,2.5284501116825613,2.548032792074194,Table 6.1B,4,"Agriculture, forestry, and fishing",Legacy SIC agriculture/forestry/fishing mapped to Table 6D agriculture/forestry/fishing/hunting.,"BEA NIPA archive, 2024 Q1 Third estimate, released June 28, 2024; Section 6 Table 6.1B/C/D."
1972,Mining,2,sector,11816.0,1.0603785809987984,1.0685911436077613,Table 6.1B,5,Mining,Direct legacy SIC mapping.,"BEA NIPA archive, 2024 Q1 Third estimate, released June 28, 2024; Section 6 Table 6.1B/C/D."
1972,Utilities,3,sector,23185.0,2.080642975664958,2.0967574191389593,Table 6.1B,13,"Electric, gas, and sanitary services","Legacy electric, gas, and sanitary services mapped to Table 6D utilities.","BEA NIPA archive, 2024 Q1 Third estimate, released June 28, 2024; Section 6 Table 6.1B/C/D."
1972,Construction,4,sector,58202.0,5.2231003868730586,5.26355295702936,Table 6.1B,6,Construction,Direct legacy SIC mapping.,"BEA NIPA archive, 2024 Q1 Third estimate, released June 28, 2024; Section 6 Table 6.1B/C/D."
1972,Manufacturing,5,sector,271301.0,24.346798358459292,24.535362715972344,Table 6.1B,7,Manufacturing,Direct legacy SIC mapping.,"BEA NIPA archive, 2024 Q1 Third estimate, released June 28, 2024; Section 6 Table 6.1B/C/D."
1972,Wholesale trade,6,sector,81952.0,7.3544469761352005,7.411406685929523,Table 6.1B,14,Wholesale trade,Direct legacy SIC mapping.,"BEA NIPA archive, 2024 Q1 Third estimate, released June 28, 2024; Section 6 Table 6.1B/C/D."
1972,Retail trade,7,sector,111940.0,10.045597355873857,10.12339984897197,Table 6.1B,15,Retail trade,Direct legacy SIC mapping.,"BEA NIPA archive, 2024 Q1 Third estimate, released June 28, 2024; Section 6 Table 6.1B/C/D."
1972,Transportation and warehousing,8,sector,40461.0,3.6310069199214947,3.659128830527558,Table 6.1B,10 - 12 - 13,Transportation and public utilities less communications and electric/gas/sanitary services,Legacy transportation/public utilities adjusted by subtracting communications and electric/gas/sanitary services.,"BEA NIPA archive, 2024 Q1 Third estimate, released June 28, 2024; Section 6 Table 6.1B/C/D."
1972,Information,9,sector,26964.0,2.4197738708574477,2.4385148608869054,Table 6.1B,12,Communications,Legacy communications mapped to Table 6D information.,"BEA NIPA archive, 2024 Q1 Third estimate, released June 28, 2024; Section 6 Table 6.1B/C/D."
1972,"Finance, insurance, real estate, rental, and leasing",10,sector,147152.0,13.205554244341162,13.307830396425972,Table 6.1B,16,"Finance, insurance, and real estate",Legacy finance/insurance/real estate mapped to Table 6D finance/insurance/real estate/rental/leasing.,"BEA NIPA archive, 2024 Q1 Third estimate, released June 28, 2024; Section 6 Table 6.1B/C/D."
1972,Professional and business services,11,service_detail,missing,missing,missing,Table 6.1B,,,Service detail is not available before Table 6.1D; kept missing by design.,"BEA NIPA archive, 2024 Q1 Third estimate, released June 28, 2024; Section 6 Table 6.1B/C/D."
1972,"Educational services, health care, and social assistance",12,service_detail,missing,missing,missing,Table 6.1B,,,Service detail is not available before Table 6.1D; kept missing by design.,"BEA NIPA archive, 2024 Q1 Third estimate, released June 28, 2024; Section 6 Table 6.1B/C/D."
1972,"Arts, entertainment, recreation, accommodation, and food services",13,service_detail,missing,missing,missing,Table 6.1B,,,Service detail is not available before Table 6.1D; kept missing by design.,"BEA NIPA archive, 2024 Q1 Third estimate, released June 28, 2024; Section 6 Table 6.1B/C/D."
1972,"Other services, except government",14,service_detail,missing,missing,missing,Table 6.1B,,,Service detail is not available before Table 6.1D; kept missing by design.,"BEA NIPA archive, 2024 Q1 Third estimate, released June 28, 2024; Section 6 Table 6.1B/C/D."
1972,Services,15,services_total,137610.0,12.3492464904574,12.444890595113746,Table 6.1B,17,Services,Legacy aggregate services mapped to total services.,"BEA NIPA archive, 2024 Q1 Third estimate, released June 28, 2024; Section 6 Table 6.1B/C/D."
1972,Government,16,sector,166997.0,14.986462583874097,15.102531754321708,Table 6.1B,18,Government,Direct legacy SIC mapping.,"BEA NIPA archive, 2024 Q1 Third estimate, released June 28, 2024; Section 6 Table 6.1B/C/D."
1972,Rest of the world,17,sector,8564.0,0.7685411448606727,missing,Table 6.1B,19,Rest of the world,Direct mapping.,"BEA NIPA archive, 2024 Q1 Third estimate, released June 28, 2024; Section 6 Table 6.1B/C/D."
1973,"Agriculture, forestry, fishing, and hunting",1,sector,43885.0,3.512353865350031,3.5481836630741492,Table 6.1B,4,"Agriculture, forestry, and fishing",Legacy SIC agriculture/forestry/fishing mapped to Table 6D agriculture/forestry/fishing/hunting.,"BEA NIPA archive, 2024 Q1 Third estimate, released June 28, 2024; Section 6 Table 6.1B/C/D."
1973,Mining,2,sector,14082.0,1.1270586107293867,1.1385558241633855,Table 6.1B,5,Mining,Direct legacy SIC mapping.,"BEA NIPA archive, 2024 Q1 Third estimate, released June 28, 2024; Section 6 Table 6.1B/C/D."
1973,Utilities,3,sector,24501.0,1.9609475231842568,1.9809513029276458,Table 6.1B,13,"Electric, gas, and sanitary services","Legacy electric, gas, and sanitary services mapped to Table 6D utilities.","BEA NIPA archive, 2024 Q1 Third estimate, released June 28, 2024; Section 6 Table 6.1B/C/D."
1973,Construction,4,sector,65937.0,5.277294675164293,5.3311287727496905,Table 6.1B,6,Construction,Direct legacy SIC mapping.,"BEA NIPA archive, 2024 Q1 Third estimate, released June 28, 2024; Section 6 Table 6.1B/C/D."
1973,Manufacturing,5,sector,305403.0,24.4430536069157,24.692399117097743,Table 6.1B,7,Manufacturing,Direct legacy SIC mapping.,"BEA NIPA archive, 2024 Q1 Third estimate, released June 28, 2024; Section 6 Table 6.1B/C/D."
1973,Wholesale trade,6,sector,91742.0,7.342608369942862,7.417510894787481,Table 6.1B,14,Wholesale trade,Direct legacy SIC mapping.,"BEA NIPA archive, 2024 Q1 Third estimate, released June 28, 2024; Section 6 Table 6.1B/C/D."
1973,Retail trade,7,sector,123441.0,9.879650757495115,9.980433851054713,Table 6.1B,15,Retail trade,Direct legacy SIC mapping.,"BEA NIPA archive, 2024 Q1 Third estimate, released June 28, 2024; Section 6 Table 6.1B/C/D."
1973,Transportation and warehousing,8,sector,45081.0,3.608076212916594,3.6448824818285455,Table 6.1B,10 - 12 - 13,Transportation and public utilities less communications and electric/gas/sanitary services,Legacy transportation/public utilities adjusted by subtracting communications and electric/gas/sanitary services.,"BEA NIPA archive, 2024 Q1 Third estimate, released June 28, 2024; Section 6 Table 6.1B/C/D."
1973,Information,9,sector,29333.0,2.3476786130183993,2.37162746699223,Table 6.1B,12,Communications,Legacy communications mapped to Table 6D information.,"BEA NIPA archive, 2024 Q1 Third estimate, released June 28, 2024; Section 6 Table 6.1B/C/D."
1973,"Finance, insurance, real estate, rental, and leasing",10,sector,160246.0,12.825353936581545,12.956186379696483,Table 6.1B,16,"Finance, insurance, and real estate",Legacy finance/insurance/real estate mapped to Table 6D finance/insurance/real estate/rental/leasing.,"BEA NIPA archive, 2024 Q1 Third estimate, released June 28, 2024; Section 6 Table 6.1B/C/D."
1973,Professional and business services,11,service_detail,missing,missing,missing,Table 6.1B,,,Service detail is not available before Table 6.1D; kept missing by design.,"BEA NIPA archive, 2024 Q1 Third estimate, released June 28, 2024; Section 6 Table 6.1B/C/D."
1973,"Educational services, health care, and social assistance",12,service_detail,missing,missing,missing,Table 6.1B,,,Service detail is not available before Table 6.1D; kept missing by design.,"BEA NIPA archive, 2024 Q1 Third estimate, released June 28, 2024; Section 6 Table 6.1B/C/D."
1973,"Arts, entertainment, recreation, accommodation, and food services",13,service_detail,missing,missing,missing,Table 6.1B,,,Service detail is not available before Table 6.1D; kept missing by design.,"BEA NIPA archive, 2024 Q1 Third estimate, released June 28, 2024; Section 6 Table 6.1B/C/D."
1973,"Other services, except government",14,service_detail,missing,missing,missing,Table 6.1B,,,Service detail is not available before Table 6.1D; kept missing by design.,"BEA NIPA archive, 2024 Q1 Third estimate, released June 28, 2024; Section 6 Table 6.1B/C/D."
1973,Services,15,services_total,154659.0,12.378196113960817,12.504467064996806,Table 6.1B,17,Services,Legacy aggregate services mapped to total services.,"BEA NIPA archive, 2024 Q1 Third estimate, released June 28, 2024; Section 6 Table 6.1B/C/D."
1973,Government,16,sector,178519.0,14.287840940832224,14.433592328775983,Table 6.1B,18,Government,Direct legacy SIC mapping.,"BEA NIPA archive, 2024 Q1 Third estimate, released June 28, 2024; Section 6 Table 6.1B/C/D."
1973,Rest of the world,17,sector,12617.0,1.009806738501113,missing,Table 6.1B,19,Rest of the world,Direct mapping.,"BEA NIPA archive, 2024 Q1 Third estimate, released June 28, 2024; Section 6 Table 6.1B/C/D."
1974,"Agriculture, forestry, fishing, and hunting",1,sector,42661.0,3.163417923983351,3.200214242794998,Table 6.1B,4,"Agriculture, forestry, and fishing",Legacy SIC agriculture/forestry/fishing mapped to Table 6D agriculture/forestry/fishing/hunting.,"BEA NIPA archive, 2024 Q1 Third estimate, released June 28, 2024; Section 6 Table 6.1B/C/D."
1974,Mining,2,sector,20752.0,1.5388117662151028,1.5567109530128642,Table 6.1B,5,Mining,Direct legacy SIC mapping.,"BEA NIPA archive, 2024 Q1 Third estimate, released June 28, 2024; Section 6 Table 6.1B/C/D."
1974,Utilities,3,sector,25105.0,1.8615974070369197,1.8832511794230897,Table 6.1B,13,"Electric, gas, and sanitary services","Legacy electric, gas, and sanitary services mapped to Table 6D utilities.","BEA NIPA archive, 2024 Q1 Third estimate, released June 28, 2024; Section 6 Table 6.1B/C/D."
1974,Construction,4,sector,70341.0,5.215957905133797,5.276629006644077,Table 6.1B,6,Construction,Direct legacy SIC mapping.,"BEA NIPA archive, 2024 Q1 Third estimate, released June 28, 2024; Section 6 Table 6.1B/C/D."
1974,Manufacturing,5,sector,321739.0,23.857737030179308,24.135246015391573,Table 6.1B,7,Manufacturing,Direct legacy SIC mapping.,"BEA NIPA archive, 2024 Q1 Third estimate, released June 28, 2024; Section 6 Table 6.1B/C/D."
1974,Wholesale trade,6,sector,103730.0,7.691834257396522,7.781304315537029,Table 6.1B,14,Wholesale trade,Direct legacy SIC mapping.,"BEA NIPA archive, 2024 Q1 Third estimate, released June 28, 2024; Section 6 Table 6.1B/C/D."
1974,Retail trade,7,sector,128979.0,9.564109618092607,9.675357652691124,Table 6.1B,15,Retail trade,Direct legacy SIC mapping.,"BEA NIPA archive, 2024 Q1 Third estimate, released June 28, 2024; Section 6 Table 6.1B/C/D."
1974,Transportation and warehousing,8,sector,49700.0,3.6853770615309664,3.7282447168821973,Table 6.1B,10 - 12 - 13,Transportation and public utilities less communications and electric/gas/sanitary services,Legacy transportation/public utilities adjusted by subtracting communications and electric/gas/sanitary services.,"BEA NIPA archive, 2024 Q1 Third estimate, released June 28, 2024; Section 6 Table 6.1B/C/D."
1974,Information,9,sector,31855.0,2.3621264848102403,2.389602323064032,Table 6.1B,12,Communications,Legacy communications mapped to Table 6D information.,"BEA NIPA archive, 2024 Q1 Third estimate, released June 28, 2024; Section 6 Table 6.1B/C/D."
1974,"Finance, insurance, real estate, rental, and leasing",10,sector,175522.0,13.015387376137591,13.166780064317848,Table 6.1B,16,"Finance, insurance, and real estate",Legacy finance/insurance/real estate mapped to Table 6D finance/insurance/real estate/rental/leasing.,"BEA NIPA archive, 2024 Q1 Third estimate, released June 28, 2024; Section 6 Table 6.1B/C/D."
1974,Professional and business services,11,service_detail,missing,missing,missing,Table 6.1B,,,Service detail is not available before Table 6.1D; kept missing by design.,"BEA NIPA archive, 2024 Q1 Third estimate, released June 28, 2024; Section 6 Table 6.1B/C/D."
1974,"Educational services, health care, and social assistance",12,service_detail,missing,missing,missing,Table 6.1B,,,Service detail is not available before Table 6.1D; kept missing by design.,"BEA NIPA archive, 2024 Q1 Third estimate, released June 28, 2024; Section 6 Table 6.1B/C/D."
1974,"Arts, entertainment, recreation, accommodation, and food services",13,service_detail,missing,missing,missing,Table 6.1B,,,Service detail is not available before Table 6.1D; kept missing by design.,"BEA NIPA archive, 2024 Q1 Third estimate, released June 28, 2024; Section 6 Table 6.1B/C/D."
1974,"Other services, except government",14,service_detail,missing,missing,missing,Table 6.1B,,,Service detail is not available before Table 6.1D; kept missing by design.,"BEA NIPA archive, 2024 Q1 Third estimate, released June 28, 2024; Section 6 Table 6.1B/C/D."
1974,Services,15,services_total,169861.0,12.5956103229117,12.742120238517645,Table 6.1B,17,Services,Legacy aggregate services mapped to total services.,"BEA NIPA archive, 2024 Q1 Third estimate, released June 28, 2024; Section 6 Table 6.1B/C/D."
1974,Government,16,sector,192822.0,14.29822486435662,14.464539291723522,Table 6.1B,18,Government,Direct legacy SIC mapping.,"BEA NIPA archive, 2024 Q1 Third estimate, released June 28, 2024; Section 6 Table 6.1B/C/D."
1974,Rest of the world,17,sector,15506.0,1.149807982215275,missing,Table 6.1B,19,Rest of the world,Direct mapping.,"BEA NIPA archive, 2024 Q1 Third estimate, released June 28, 2024; Section 6 Table 6.1B/C/D."
1975,"Agriculture, forestry, fishing, and hunting",1,sector,43543.0,2.9864330358765647,3.013285500548776,Table 6.1B,4,"Agriculture, forestry, and fishing",Legacy SIC agriculture/forestry/fishing mapped to Table 6D agriculture/forestry/fishing/hunting.,"BEA NIPA archive, 2024 Q1 Third estimate, released June 28, 2024; Section 6 Table 6.1B/C/D."
1975,Mining,2,sector,24892.0,1.7072386176662024,1.7225892262742606,Table 6.1B,5,Mining,Direct legacy SIC mapping.,"BEA NIPA archive, 2024 Q1 Third estimate, released June 28, 2024; Section 6 Table 6.1B/C/D."
1975,Utilities,3,sector,32802.0,2.2497525765983757,2.269981190753989,Table 6.1B,13,"Electric, gas, and sanitary services","Legacy electric, gas, and sanitary services mapped to Table 6D utilities.","BEA NIPA archive, 2024 Q1 Third estimate, released June 28, 2024; Section 6 Table 6.1B/C/D."
1975,Construction,4,sector,70375.0,4.826728174443957,4.870127623294676,Table 6.1B,6,Construction,Direct legacy SIC mapping.,"BEA NIPA archive, 2024 Q1 Third estimate, released June 28, 2024; Section 6 Table 6.1B/C/D."
1975,Manufacturing,5,sector,337712.0,23.16225968380558,23.370522769706458,Table 6.1B,7,Manufacturing,Direct legacy SIC mapping.,"BEA NIPA archive, 2024 Q1 Third estimate, released June 28, 2024; Section 6 Table 6.1B/C/D."
1975,Wholesale trade,6,sector,113021.0,7.7516397158626,7.821338459856308,Table 6.1B,14,Wholesale trade,Direct legacy SIC mapping.,"BEA NIPA archive, 2024 Q1 Third estimate, released June 28, 2024; Section 6 Table 6.1B/C/D."
1975,Retail trade,7,sector,144162.0,9.887471219668772,9.97637425832195,Table 6.1B,15,Retail trade,Direct legacy SIC mapping.,"BEA NIPA archive, 2024 Q1 Third estimate, released June 28, 2024; Section 6 Table 6.1B/C/D."
1975,Transportation and warehousing,8,sector,49660.0,3.405972591728411,3.436597339578169,Table 6.1B,10 - 12 - 13,Transportation and public utilities less communications and electric/gas/sanitary services,Legacy transportation/public utilities adjusted by subtracting communications and electric/gas/sanitary services.,"BEA NIPA archive, 2024 Q1 Third estimate, released June 28, 2024; Section 6 Table 6.1B/C/D."
1975,Information,9,sector,34530.0,2.3682689003701576,2.3895631521472853,Table 6.1B,12,Communications,Legacy communications mapped to Table 6D information.,"BEA NIPA archive, 2024 Q1 Third estimate, released June 28, 2024; Section 6 Table 6.1B/C/D."
1975,"Finance, insurance, real estate, rental, and leasing",10,sector,194502.0,13.340082179548116,13.460029314189146,Table 6.1B,16,"Finance, insurance, and real estate",Legacy finance/insurance/real estate mapped to Table 6D finance/insurance/real estate/rental/leasing.,"BEA NIPA archive, 2024 Q1 Third estimate, released June 28, 2024; Section 6 Table 6.1B/C/D."
1975,Professional and business services,11,service_detail,missing,missing,missing,Table 6.1B,,,Service detail is not available before Table 6.1D; kept missing by design.,"BEA NIPA archive, 2024 Q1 Third estimate, released June 28, 2024; Section 6 Table 6.1B/C/D."
1975,"Educational services, health care, and social assistance",12,service_detail,missing,missing,missing,Table 6.1B,,,Service detail is not available before Table 6.1D; kept missing by design.,"BEA NIPA archive, 2024 Q1 Third estimate, released June 28, 2024; Section 6 Table 6.1B/C/D."
1975,"Arts, entertainment, recreation, accommodation, and food services",13,service_detail,missing,missing,missing,Table 6.1B,,,Service detail is not available before Table 6.1D; kept missing by design.,"BEA NIPA archive, 2024 Q1 Third estimate, released June 28, 2024; Section 6 Table 6.1B/C/D."
1975,"Other services, except government",14,service_detail,missing,missing,missing,Table 6.1B,,,Service detail is not available before Table 6.1D; kept missing by design.,"BEA NIPA archive, 2024 Q1 Third estimate, released June 28, 2024; Section 6 Table 6.1B/C/D."
1975,Services,15,services_total,188634.0,12.937620496739772,13.053948903624413,Table 6.1B,17,Services,Legacy aggregate services mapped to total services.,"BEA NIPA archive, 2024 Q1 Third estimate, released June 28, 2024; Section 6 Table 6.1B/C/D."
1975,Government,16,sector,211200.0,14.485328460995579,14.615573059180614,Table 6.1B,18,Government,Direct legacy SIC mapping.,"BEA NIPA archive, 2024 Q1 Third estimate, released June 28, 2024; Section 6 Table 6.1B/C/D."
1975,Rest of the world,17,sector,12993.0,0.8911357608603956,missing,Table 6.1B,19,Rest of the world,Direct mapping.,"BEA NIPA archive, 2024 Q1 Third estimate, released June 28, 2024; Section 6 Table 6.1B/C/D."
1976,"Agriculture, forestry, fishing, and hunting",1,sector,41818.0,2.5747177957095837,2.601702697389214,Table 6.1B,4,"Agriculture, forestry, and fishing",Legacy SIC agriculture/forestry/fishing mapped to Table 6D agriculture/forestry/fishing/hunting.,"BEA NIPA archive, 2024 Q1 Third estimate, released June 28, 2024; Section 6 Table 6.1B/C/D."
1976,Mining,2,sector,26212.0,1.6138625199947296,1.6307769645599042,Table 6.1B,5,Mining,Direct legacy SIC mapping.,"BEA NIPA archive, 2024 Q1 Third estimate, released June 28, 2024; Section 6 Table 6.1B/C/D."
1976,Utilities,3,sector,36799.0,2.2656999417551527,2.2894461131863237,Table 6.1B,13,"Electric, gas, and sanitary services","Legacy electric, gas, and sanitary services mapped to Table 6D utilities.","BEA NIPA archive, 2024 Q1 Third estimate, released June 28, 2024; Section 6 Table 6.1B/C/D."
1976,Construction,4,sector,80565.0,4.9603553305118036,5.012343436203597,Table 6.1B,6,Construction,Direct legacy SIC mapping.,"BEA NIPA archive, 2024 Q1 Third estimate, released June 28, 2024; Section 6 Table 6.1B/C/D."
1976,Manufacturing,5,sector,387705.0,23.870844205499644,24.12102788969547,Table 6.1B,7,Manufacturing,Direct legacy SIC mapping.,"BEA NIPA archive, 2024 Q1 Third estimate, released June 28, 2024; Section 6 Table 6.1B/C/D."
1976,Wholesale trade,6,sector,120337.0,7.409101711758194,7.486754447743217,Table 6.1B,14,Wholesale trade,Direct legacy SIC mapping.,"BEA NIPA archive, 2024 Q1 Third estimate, released June 28, 2024; Section 6 Table 6.1B/C/D."
1976,Retail trade,7,sector,163112.0,10.042741620684433,10.147996804642725,Table 6.1B,15,Retail trade,Direct legacy SIC mapping.,"BEA NIPA archive, 2024 Q1 Third estimate, released June 28, 2024; Section 6 Table 6.1B/C/D."
1976,Transportation and warehousing,8,sector,58355.0,3.5928943748776305,3.6305505023231044,Table 6.1B,10 - 12 - 13,Transportation and public utilities less communications and electric/gas/sanitary services,Legacy transportation/public utilities adjusted by subtracting communications and electric/gas/sanitary services.,"BEA NIPA archive, 2024 Q1 Third estimate, released June 28, 2024; Section 6 Table 6.1B/C/D."
1976,Information,9,sector,39239.0,2.415929781095422,2.4412504697224966,Table 6.1B,12,Communications,Legacy communications mapped to Table 6D information.,"BEA NIPA archive, 2024 Q1 Third estimate, released June 28, 2024; Section 6 Table 6.1B/C/D."
1976,"Finance, insurance, real estate, rental, and leasing",10,sector,212100.0,13.058913493471774,13.195780336607497,Table 6.1B,16,"Finance, insurance, and real estate",Legacy finance/insurance/real estate mapped to Table 6D finance/insurance/real estate/rental/leasing.,"BEA NIPA archive, 2024 Q1 Third estimate, released June 28, 2024; Section 6 Table 6.1B/C/D."
1976,Professional and business services,11,service_detail,missing,missing,missing,Table 6.1B,,,Service detail is not available before Table 6.1D; kept missing by design.,"BEA NIPA archive, 2024 Q1 Third estimate, released June 28, 2024; Section 6 Table 6.1B/C/D."
1976,"Educational services, health care, and social assistance",12,service_detail,missing,missing,missing,Table 6.1B,,,Service detail is not available before Table 6.1D; kept missing by design.,"BEA NIPA archive, 2024 Q1 Third estimate, released June 28, 2024; Section 6 Table 6.1B/C/D."
1976,"Arts, entertainment, recreation, accommodation, and food services",13,service_detail,missing,missing,missing,Table 6.1B,,,Service detail is not available before Table 6.1D; kept missing by design.,"BEA NIPA archive, 2024 Q1 Third estimate, released June 28, 2024; Section 6 Table 6.1B/C/D."
1976,"Other services, except government",14,service_detail,missing,missing,missing,Table 6.1B,,,Service detail is not available before Table 6.1D; kept missing by design.,"BEA NIPA archive, 2024 Q1 Third estimate, released June 28, 2024; Section 6 Table 6.1B/C/D."
1976,Services,15,services_total,213832.0,13.165552051560852,13.303536543788091,Table 6.1B,17,Services,Legacy aggregate services mapped to total services.,"BEA NIPA archive, 2024 Q1 Third estimate, released June 28, 2024; Section 6 Table 6.1B/C/D."
1976,Government,16,sector,227258.0,13.992185585570054,14.13883379413836,Table 6.1B,18,Government,Direct legacy SIC mapping.,"BEA NIPA archive, 2024 Q1 Third estimate, released June 28, 2024; Section 6 Table 6.1B/C/D."
1976,Rest of the world,17,sector,16846.0,1.0372015875107286,missing,Table 6.1B,19,Rest of the world,Direct mapping.,"BEA NIPA archive, 2024 Q1 Third estimate, released June 28, 2024; Section 6 Table 6.1B/C/D."
1977,"Agriculture, forestry, fishing, and hunting",1,sector,41138.0,2.2761287552555736,2.3019738958913307,Table 6.1B,4,"Agriculture, forestry, and fishing",Legacy SIC agriculture/forestry/fishing mapped to Table 6D agriculture/forestry/fishing/hunting.,"BEA NIPA archive, 2024 Q1 Third estimate, released June 28, 2024; Section 6 Table 6.1B/C/D."
1977,Mining,2,sector,31722.0,1.7551498948470343,1.775079389505197,Table 6.1B,5,Mining,Direct legacy SIC mapping.,"BEA NIPA archive, 2024 Q1 Third estimate, released June 28, 2024; Section 6 Table 6.1B/C/D."
1977,Utilities,3,sector,40975.0,2.267110111006785,2.292852846131248,Table 6.1B,13,"Electric, gas, and sanitary services","Legacy electric, gas, and sanitary services mapped to Table 6D utilities.","BEA NIPA archive, 2024 Q1 Third estimate, released June 28, 2024; Section 6 Table 6.1B/C/D."
1977,Construction,4,sector,89249.0,4.938067365399501,4.994138466488535,Table 6.1B,6,Construction,Direct legacy SIC mapping.,"BEA NIPA archive, 2024 Q1 Third estimate, released June 28, 2024; Section 6 Table 6.1B/C/D."
1977,Manufacturing,5,sector,439717.0,24.329148424199403,24.605402683155436,Table 6.1B,7,Manufacturing,Direct legacy SIC mapping.,"BEA NIPA archive, 2024 Q1 Third estimate, released June 28, 2024; Section 6 Table 6.1B/C/D."
1977,Wholesale trade,6,sector,132668.0,7.340401811032292,7.423751101660534,Table 6.1B,14,Wholesale trade,Direct legacy SIC mapping.,"BEA NIPA archive, 2024 Q1 Third estimate, released June 28, 2024; Section 6 Table 6.1B/C/D."
1977,Retail trade,7,sector,180267.0,9.974011918995975,10.087265503686192,Table 6.1B,15,Retail trade,Direct legacy SIC mapping.,"BEA NIPA archive, 2024 Q1 Third estimate, released June 28, 2024; Section 6 Table 6.1B/C/D."
1977,Transportation and warehousing,8,sector,65102.0,3.602035447144935,3.6429360827049786,Table 6.1B,10 - 12 - 13,Transportation and public utilities less communications and electric/gas/sanitary services,Legacy transportation/public utilities adjusted by subtracting communications and electric/gas/sanitary services.,"BEA NIPA archive, 2024 Q1 Third estimate, released June 28, 2024; Section 6 Table 6.1B/C/D."
1977,Information,9,sector,43369.0,2.3995679903417515,2.426814767147434,Table 6.1B,12,Communications,Legacy communications mapped to Table 6D information.,"BEA NIPA archive, 2024 Q1 Third estimate, released June 28, 2024; Section 6 Table 6.1B/C/D."
1977,"Finance, insurance, real estate, rental, and leasing",10,sector,235390.0,13.023918219155268,13.171803086048431,Table 6.1B,16,"Finance, insurance, and real estate",Legacy finance/insurance/real estate mapped to Table 6D finance/insurance/real estate/rental/leasing.,"BEA NIPA archive, 2024 Q1 Third estimate, released June 28, 2024; Section 6 Table 6.1B/C/D."
1977,Professional and business services,11,service_detail,missing,missing,missing,Table 6.1B,,,Service detail is not available before Table 6.1D; kept missing by design.,"BEA NIPA archive, 2024 Q1 Third estimate, released June 28, 2024; Section 6 Table 6.1B/C/D."
1977,"Educational services, health care, and social assistance",12,service_detail,missing,missing,missing,Table 6.1B,,,Service detail is not available before Table 6.1D; kept missing by design.,"BEA NIPA archive, 2024 Q1 Third estimate, released June 28, 2024; Section 6 Table 6.1B/C/D."
1977,"Arts, entertainment, recreation, accommodation, and food services",13,service_detail,missing,missing,missing,Table 6.1B,,,Service detail is not available before Table 6.1D; kept missing by design.,"BEA NIPA archive, 2024 Q1 Third estimate, released June 28, 2024; Section 6 Table 6.1B/C/D."
1977,"Other services, except government",14,service_detail,missing,missing,missing,Table 6.1B,,,Service detail is not available before Table 6.1D; kept missing by design.,"BEA NIPA archive, 2024 Q1 Third estimate, released June 28, 2024; Section 6 Table 6.1B/C/D."
1977,Services,15,services_total,243584.0,13.477284912250804,13.63031769791419,Table 6.1B,17,Services,Legacy aggregate services mapped to total services.,"BEA NIPA archive, 2024 Q1 Third estimate, released June 28, 2024; Section 6 Table 6.1B/C/D."
1977,Government,16,sector,243895.0,13.49449226416107,13.647720437026985,Table 6.1B,18,Government,Direct legacy SIC mapping.,"BEA NIPA archive, 2024 Q1 Third estimate, released June 28, 2024; Section 6 Table 6.1B/C/D."
1977,Rest of the world,17,sector,20292.0,1.1227382153154284,missing,Table 6.1B,19,Rest of the world,Direct mapping.,"BEA NIPA archive, 2024 Q1 Third estimate, released June 28, 2024; Section 6 Table 6.1B/C/D."
1978,"Agriculture, forestry, fishing, and hunting",1,sector,47933.0,2.3510086927434255,2.376161547060471,Table 6.1B,4,"Agriculture, forestry, and fishing",Legacy SIC agriculture/forestry/fishing mapped to Table 6D agriculture/forestry/fishing/hunting.,"BEA NIPA archive, 2024 Q1 Third estimate, released June 28, 2024; Section 6 Table 6.1B/C/D."
1978,Mining,2,sector,34946.0,1.714024779934737,1.7323627025968587,Table 6.1B,5,Mining,Direct legacy SIC mapping.,"BEA NIPA archive, 2024 Q1 Third estimate, released June 28, 2024; Section 6 Table 6.1B/C/D."
1978,Utilities,3,sector,44695.0,2.1921918828816764,2.2156455958497854,Table 6.1B,13,"Electric, gas, and sanitary services","Legacy electric, gas, and sanitary services mapped to Table 6D utilities.","BEA NIPA archive, 2024 Q1 Third estimate, released June 28, 2024; Section 6 Table 6.1B/C/D."
1978,Construction,4,sector,105322.0,5.165813480005905,5.221081227119165,Table 6.1B,6,Construction,Direct legacy SIC mapping.,"BEA NIPA archive, 2024 Q1 Third estimate, released June 28, 2024; Section 6 Table 6.1B/C/D."
1978,Manufacturing,5,sector,495602.0,24.308192897190395,24.56826017662703,Table 6.1B,7,Manufacturing,Direct legacy SIC mapping.,"BEA NIPA archive, 2024 Q1 Third estimate, released June 28, 2024; Section 6 Table 6.1B/C/D."
1978,Wholesale trade,6,sector,149586.0,7.3368657566335935,7.415361049351962,Table 6.1B,14,Wholesale trade,Direct legacy SIC mapping.,"BEA NIPA archive, 2024 Q1 Third estimate, released June 28, 2024; Section 6 Table 6.1B/C/D."
1978,Retail trade,7,sector,201310.0,9.873814698353515,9.97945217363285,Table 6.1B,15,Retail trade,Direct legacy SIC mapping.,"BEA NIPA archive, 2024 Q1 Third estimate, released June 28, 2024; Section 6 Table 6.1B/C/D."
1978,Transportation and warehousing,8,sector,73538.0,3.6068778763475273,3.6454669611276764,Table 6.1B,10 - 12 - 13,Transportation and public utilities less communications and electric/gas/sanitary services,Legacy transportation/public utilities adjusted by subtracting communications and electric/gas/sanitary services.,"BEA NIPA archive, 2024 Q1 Third estimate, released June 28, 2024; Section 6 Table 6.1B/C/D."
1978,Information,9,sector,49439.0,2.424874695106549,2.450817823318437,Table 6.1B,12,Communications,Legacy communications mapped to Table 6D information.,"BEA NIPA archive, 2024 Q1 Third estimate, released June 28, 2024; Section 6 Table 6.1B/C/D."
1978,"Finance, insurance, real estate, rental, and leasing",10,sector,269195.0,13.20342530288249,13.344685449709877,Table 6.1B,16,"Finance, insurance, and real estate",Legacy finance/insurance/real estate mapped to Table 6D finance/insurance/real estate/rental/leasing.,"BEA NIPA archive, 2024 Q1 Third estimate, released June 28, 2024; Section 6 Table 6.1B/C/D."
1978,Professional and business services,11,service_detail,missing,missing,missing,Table 6.1B,,,Service detail is not available before Table 6.1D; kept missing by design.,"BEA NIPA archive, 2024 Q1 Third estimate, released June 28, 2024; Section 6 Table 6.1B/C/D."
1978,"Educational services, health care, and social assistance",12,service_detail,missing,missing,missing,Table 6.1B,,,Service detail is not available before Table 6.1D; kept missing by design.,"BEA NIPA archive, 2024 Q1 Third estimate, released June 28, 2024; Section 6 Table 6.1B/C/D."
1978,"Arts, entertainment, recreation, accommodation, and food services",13,service_detail,missing,missing,missing,Table 6.1B,,,Service detail is not available before Table 6.1D; kept missing by design.,"BEA NIPA archive, 2024 Q1 Third estimate, released June 28, 2024; Section 6 Table 6.1B/C/D."
1978,"Other services, except government",14,service_detail,missing,missing,missing,Table 6.1B,,,Service detail is not available before Table 6.1D; kept missing by design.,"BEA NIPA archive, 2024 Q1 Third estimate, released June 28, 2024; Section 6 Table 6.1B/C/D."
1978,Services,15,services_total,279523.0,13.709991088012861,13.856670855548037,Table 6.1B,17,Services,Legacy aggregate services mapped to total services.,"BEA NIPA archive, 2024 Q1 Third estimate, released June 28, 2024; Section 6 Table 6.1B/C/D."
1978,Government,16,sector,266156.0,13.054369007277224,13.194034438057846,Table 6.1B,18,Government,Direct legacy SIC mapping.,"BEA NIPA archive, 2024 Q1 Third estimate, released June 28, 2024; Section 6 Table 6.1B/C/D."
1978,Rest of the world,17,sector,21582.0,1.0585498426301005,missing,Table 6.1B,19,Rest of the world,Direct mapping.,"BEA NIPA archive, 2024 Q1 Third estimate, released June 28, 2024; Section 6 Table 6.1B/C/D."
1979,"Agriculture, forestry, fishing, and hunting",1,sector,56757.0,2.5107051225338406,2.5466746774198614,Table 6.1B,4,"Agriculture, forestry, and fishing",Legacy SIC agriculture/forestry/fishing mapped to Table 6D agriculture/forestry/fishing/hunting.,"BEA NIPA archive, 2024 Q1 Third estimate, released June 28, 2024; Section 6 Table 6.1B/C/D."
1979,Mining,2,sector,42389.0,1.8751216491197027,1.901985533082272,Table 6.1B,5,Mining,Direct legacy SIC mapping.,"BEA NIPA archive, 2024 Q1 Third estimate, released June 28, 2024; Section 6 Table 6.1B/C/D."
1979,Utilities,3,sector,45233.0,2.000928956914094,2.0295952161624573,Table 6.1B,13,"Electric, gas, and sanitary services","Legacy electric, gas, and sanitary services mapped to Table 6D utilities.","BEA NIPA archive, 2024 Q1 Third estimate, released June 28, 2024; Section 6 Table 6.1B/C/D."
1979,Construction,4,sector,118512.0,5.2425019906219585,5.317608565822412,Table 6.1B,6,Construction,Direct legacy SIC mapping.,"BEA NIPA archive, 2024 Q1 Third estimate, released June 28, 2024; Section 6 Table 6.1B/C/D."
1979,Manufacturing,5,sector,542968.0,24.018756082455987,24.362860197848853,Table 6.1B,7,Manufacturing,Direct legacy SIC mapping.,"BEA NIPA archive, 2024 Q1 Third estimate, released June 28, 2024; Section 6 Table 6.1B/C/D."
1979,Wholesale trade,6,sector,168743.0,7.46452269309033,7.571462992967557,Table 6.1B,14,Wholesale trade,Direct legacy SIC mapping.,"BEA NIPA archive, 2024 Q1 Third estimate, released June 28, 2024; Section 6 Table 6.1B/C/D."
1979,Retail trade,7,sector,217394.0,9.616650446784039,9.754423151734823,Table 6.1B,15,Retail trade,Direct legacy SIC mapping.,"BEA NIPA archive, 2024 Q1 Third estimate, released June 28, 2024; Section 6 Table 6.1B/C/D."
1979,Transportation and warehousing,8,sector,80692.0,3.569494824382907,3.6206331037645305,Table 6.1B,10 - 12 - 13,Transportation and public utilities less communications and electric/gas/sanitary services,Legacy transportation/public utilities adjusted by subtracting communications and electric/gas/sanitary services.,"BEA NIPA archive, 2024 Q1 Third estimate, released June 28, 2024; Section 6 Table 6.1B/C/D."
1979,Information,9,sector,53321.0,2.358710076970716,2.392502078593027,Table 6.1B,12,Communications,Legacy communications mapped to Table 6D information.,"BEA NIPA archive, 2024 Q1 Third estimate, released June 28, 2024; Section 6 Table 6.1B/C/D."
1979,"Finance, insurance, real estate, rental, and leasing",10,sector,299480.0,13.247810315845351,13.437604742916294,Table 6.1B,16,"Finance, insurance, and real estate",Legacy finance/insurance/real estate mapped to Table 6D finance/insurance/real estate/rental/leasing.,"BEA NIPA archive, 2024 Q1 Third estimate, released June 28, 2024; Section 6 Table 6.1B/C/D."
1979,Professional and business services,11,service_detail,missing,missing,missing,Table 6.1B,,,Service detail is not available before Table 6.1D; kept missing by design.,"BEA NIPA archive, 2024 Q1 Third estimate, released June 28, 2024; Section 6 Table 6.1B/C/D."
1979,"Educational services, health care, and social assistance",12,service_detail,missing,missing,missing,Table 6.1B,,,Service detail is not available before Table 6.1D; kept missing by design.,"BEA NIPA archive, 2024 Q1 Third estimate, released June 28, 2024; Section 6 Table 6.1B/C/D."
1979,"Arts, entertainment, recreation, accommodation, and food services",13,service_detail,missing,missing,missing,Table 6.1B,,,Service detail is not available before Table 6.1D; kept missing by design.,"BEA NIPA archive, 2024 Q1 Third estimate, released June 28, 2024; Section 6 Table 6.1B/C/D."
1979,"Other services, except government",14,service_detail,missing,missing,missing,Table 6.1B,,,Service detail is not available before Table 6.1D; kept missing by design.,"BEA NIPA archive, 2024 Q1 Third estimate, released June 28, 2024; Section 6 Table 6.1B/C/D."
1979,Services,15,services_total,315601.0,13.96093957356454,14.160950629321242,Table 6.1B,17,Services,Legacy aggregate services mapped to total services.,"BEA NIPA archive, 2024 Q1 Third estimate, released June 28, 2024; Section 6 Table 6.1B/C/D."
1979,Government,16,sector,287579.0,12.721357161815448,12.903609370786446,Table 6.1B,18,Government,Direct legacy SIC mapping.,"BEA NIPA archive, 2024 Q1 Third estimate, released June 28, 2024; Section 6 Table 6.1B/C/D."
1979,Rest of the world,17,sector,31930.0,1.41245686985756,missing,Table 6.1B,19,Rest of the world,Direct mapping.,"BEA NIPA archive, 2024 Q1 Third estimate, released June 28, 2024; Section 6 Table 6.1B/C/D."
1980,"Agriculture, forestry, fishing, and hunting",1,sector,50848.0,2.0790512120915996,2.1085220400017084,Table 6.1B,4,"Agriculture, forestry, and fishing",Legacy SIC agriculture/forestry/fishing mapped to Table 6D agriculture/forestry/fishing/hunting.,"BEA NIPA archive, 2024 Q1 Third estimate, released June 28, 2024; Section 6 Table 6.1B/C/D."
1980,Mining,2,sector,64380.0,2.632341823364875,2.6696556194011563,Table 6.1B,5,Mining,Direct legacy SIC mapping.,"BEA NIPA archive, 2024 Q1 Third estimate, released June 28, 2024; Section 6 Table 6.1B/C/D."
1980,Utilities,3,sector,51686.0,2.1133149966206424,2.143271518241195,Table 6.1B,13,"Electric, gas, and sanitary services","Legacy electric, gas, and sanitary services mapped to Table 6D utilities.","BEA NIPA archive, 2024 Q1 Third estimate, released June 28, 2024; Section 6 Table 6.1B/C/D."
1980,Construction,4,sector,124622.0,5.095490877778464,5.167720139810669,Table 6.1B,6,Construction,Direct legacy SIC mapping.,"BEA NIPA archive, 2024 Q1 Third estimate, released June 28, 2024; Section 6 Table 6.1B/C/D."
1980,Manufacturing,5,sector,560463.0,22.915970726134642,23.240807664125974,Table 6.1B,7,Manufacturing,Direct legacy SIC mapping.,"BEA NIPA archive, 2024 Q1 Third estimate, released June 28, 2024; Section 6 Table 6.1B/C/D."
1980,Wholesale trade,6,sector,178433.0,7.295691962852824,7.399109368384693,Table 6.1B,14,Wholesale trade,Direct legacy SIC mapping.,"BEA NIPA archive, 2024 Q1 Third estimate, released June 28, 2024; Section 6 Table 6.1B/C/D."
1980,Retail trade,7,sector,223573.0,9.141356919464977,9.270936871642974,Table 6.1B,15,Retail trade,Direct legacy SIC mapping.,"BEA NIPA archive, 2024 Q1 Third estimate, released June 28, 2024; Section 6 Table 6.1B/C/D."
1980,Transportation and warehousing,8,sector,84513.0,3.455531291053677,3.50451390746272,Table 6.1B,10 - 12 - 13,Transportation and public utilities less communications and electric/gas/sanitary services,Legacy transportation/public utilities adjusted by subtracting communications and electric/gas/sanitary services.,"BEA NIPA archive, 2024 Q1 Third estimate, released June 28, 2024; Section 6 Table 6.1B/C/D."
1980,Information,9,sector,59498.0,2.432728701562028,2.467212955003572,Table 6.1B,12,Communications,Legacy communications mapped to Table 6D information.,"BEA NIPA archive, 2024 Q1 Third estimate, released June 28, 2024; Section 6 Table 6.1B/C/D."
1980,"Finance, insurance, real estate, rental, and leasing",10,sector,341521.0,13.963964148142212,14.161905200271859,Table 6.1B,16,"Finance, insurance, and real estate",Legacy finance/insurance/real estate mapped to Table 6D finance/insurance/real estate/rental/leasing.,"BEA NIPA archive, 2024 Q1 Third estimate, released June 28, 2024; Section 6 Table 6.1B/C/D."
1980,Professional and business services,11,service_detail,missing,missing,missing,Table 6.1B,,,Service detail is not available before Table 6.1D; kept missing by design.,"BEA NIPA archive, 2024 Q1 Third estimate, released June 28, 2024; Section 6 Table 6.1B/C/D."
1980,"Educational services, health care, and social assistance",12,service_detail,missing,missing,missing,Table 6.1B,,,Service detail is not available before Table 6.1D; kept missing by design.,"BEA NIPA archive, 2024 Q1 Third estimate, released June 28, 2024; Section 6 Table 6.1B/C/D."
1980,"Arts, entertainment, recreation, accommodation, and food services",13,service_detail,missing,missing,missing,Table 6.1B,,,Service detail is not available before Table 6.1D; kept missing by design.,"BEA NIPA archive, 2024 Q1 Third estimate, released June 28, 2024; Section 6 Table 6.1B/C/D."
1980,"Other services, except government",14,service_detail,missing,missing,missing,Table 6.1B,,,Service detail is not available before Table 6.1D; kept missing by design.,"BEA NIPA archive, 2024 Q1 Third estimate, released June 28, 2024; Section 6 Table 6.1B/C/D."
1980,Services,15,services_total,357149.0,14.602955108309132,14.809953942427827,Table 6.1B,17,Services,Legacy aggregate services mapped to total services.,"BEA NIPA archive, 2024 Q1 Third estimate, released June 28, 2024; Section 6 Table 6.1B/C/D."
1980,Government,16,sector,314860.0,12.873860616723588,13.056349306067847,Table 6.1B,18,Government,Direct legacy SIC mapping.,"BEA NIPA archive, 2024 Q1 Third estimate, released June 28, 2024; Section 6 Table 6.1B/C/D."
1980,Rest of the world,17,sector,34184.0,1.397700728330303,missing,Table 6.1B,19,Rest of the world,Direct mapping.,"BEA NIPA archive, 2024 Q1 Third estimate, released June 28, 2024; Section 6 Table 6.1B/C/D."
1981,"Agriculture, forestry, fishing, and hunting",1,sector,61741.0,2.263766716275134,2.2914359432665385,Table 6.1B,4,"Agriculture, forestry, and fishing",Legacy SIC agriculture/forestry/fishing mapped to Table 6D agriculture/forestry/fishing/hunting.,"BEA NIPA archive, 2024 Q1 Third estimate, released June 28, 2024; Section 6 Table 6.1B/C/D."
1981,Mining,2,sector,88762.0,3.2545061024281017,3.2942847896247955,Table 6.1B,5,Mining,Direct legacy SIC mapping.,"BEA NIPA archive, 2024 Q1 Third estimate, released June 28, 2024; Section 6 Table 6.1B/C/D."
1981,Utilities,3,sector,60712.0,2.2260378820961098,2.253245962773491,Table 6.1B,13,"Electric, gas, and sanitary services","Legacy electric, gas, and sanitary services mapped to Table 6D utilities.","BEA NIPA archive, 2024 Q1 Third estimate, released June 28, 2024; Section 6 Table 6.1B/C/D."
1981,Construction,4,sector,125188.0,4.590084833045325,4.64618783086849,Table 6.1B,6,Construction,Direct legacy SIC mapping.,"BEA NIPA archive, 2024 Q1 Third estimate, released June 28, 2024; Section 6 Table 6.1B/C/D."
1981,Manufacturing,5,sector,620138.0,22.73769073868951,23.01560556170818,Table 6.1B,7,Manufacturing,Direct legacy SIC mapping.,"BEA NIPA archive, 2024 Q1 Third estimate, released June 28, 2024; Section 6 Table 6.1B/C/D."
1981,Wholesale trade,6,sector,197703.0,7.248886009422309,7.3374866019601965,Table 6.1B,14,Wholesale trade,Direct legacy SIC mapping.,"BEA NIPA archive, 2024 Q1 Third estimate, released June 28, 2024; Section 6 Table 6.1B/C/D."
1981,Retail trade,7,sector,244993.0,8.982799098174533,9.092592702559063,Table 6.1B,15,Retail trade,Direct legacy SIC mapping.,"BEA NIPA archive, 2024 Q1 Third estimate, released June 28, 2024; Section 6 Table 6.1B/C/D."
1981,Transportation and warehousing,8,sector,88527.0,3.245889702008208,3.285563073963118,Table 6.1B,10 - 12 - 13,Transportation and public utilities less communications and electric/gas/sanitary services,Legacy transportation/public utilities adjusted by subtracting communications and electric/gas/sanitary services.,"BEA NIPA archive, 2024 Q1 Third estimate, released June 28, 2024; Section 6 Table 6.1B/C/D."
1981,Information,9,sector,68362.0,2.5065292149139258,2.5371656428238465,Table 6.1B,12,Communications,Legacy communications mapped to Table 6D information.,"BEA NIPA archive, 2024 Q1 Third estimate, released June 28, 2024; Section 6 Table 6.1B/C/D."
1981,"Finance, insurance, real estate, rental, and leasing",10,sector,390509.0,14.318220900307514,14.493227495004499,Table 6.1B,16,"Finance, insurance, and real estate",Legacy finance/insurance/real estate mapped to Table 6D finance/insurance/real estate/rental/leasing.,"BEA NIPA archive, 2024 Q1 Third estimate, released June 28, 2024; Section 6 Table 6.1B/C/D."
1981,Professional and business services,11,service_detail,missing,missing,missing,Table 6.1B,,,Service detail is not available before Table 6.1D; kept missing by design.,"BEA NIPA archive, 2024 Q1 Third estimate, released June 28, 2024; Section 6 Table 6.1B/C/D."
1981,"Educational services, health care, and social assistance",12,service_detail,missing,missing,missing,Table 6.1B,,,Service detail is not available before Table 6.1D; kept missing by design.,"BEA NIPA archive, 2024 Q1 Third estimate, released June 28, 2024; Section 6 Table 6.1B/C/D."
1981,"Arts, entertainment, recreation, accommodation, and food services",13,service_detail,missing,missing,missing,Table 6.1B,,,Service detail is not available before Table 6.1D; kept missing by design.,"BEA NIPA archive, 2024 Q1 Third estimate, released June 28, 2024; Section 6 Table 6.1B/C/D."
1981,"Other services, except government",14,service_detail,missing,missing,missing,Table 6.1B,,,Service detail is not available before Table 6.1D; kept missing by design.,"BEA NIPA archive, 2024 Q1 Third estimate, released June 28, 2024; Section 6 Table 6.1B/C/D."
1981,Services,15,services_total,399572.0,14.650520632245797,14.82958881007592,Table 6.1B,17,Services,Legacy aggregate services mapped to total services.,"BEA NIPA archive, 2024 Q1 Third estimate, released June 28, 2024; Section 6 Table 6.1B/C/D."
1981,Government,16,sector,348216.0,12.767525483462562,12.923578471688197,Table 6.1B,18,Government,Direct legacy SIC mapping.,"BEA NIPA archive, 2024 Q1 Third estimate, released June 28, 2024; Section 6 Table 6.1B/C/D."
1981,Rest of the world,17,sector,32933.0,1.2075060213972721,missing,Table 6.1B,19,Rest of the world,Direct mapping.,"BEA NIPA archive, 2024 Q1 Third estimate, released June 28, 2024; Section 6 Table 6.1B/C/D."
1982,"Agriculture, forestry, fishing, and hunting",1,sector,58757.0,2.0695898121388554,2.0965519308459357,Table 6.1B,4,"Agriculture, forestry, and fishing",Legacy SIC agriculture/forestry/fishing mapped to Table 6D agriculture/forestry/fishing/hunting.,"BEA NIPA archive, 2024 Q1 Third estimate, released June 28, 2024; Section 6 Table 6.1B/C/D."
1982,Mining,2,sector,80192.0,2.8245918990935395,2.8613900035467648,Table 6.1B,5,Mining,Direct legacy SIC mapping.,"BEA NIPA archive, 2024 Q1 Third estimate, released June 28, 2024; Section 6 Table 6.1B/C/D."
1982,Utilities,3,sector,72270.0,2.5455563715519016,2.578719268210354,Table 6.1B,13,"Electric, gas, and sanitary services","Legacy electric, gas, and sanitary services mapped to Table 6D utilities.","BEA NIPA archive, 2024 Q1 Third estimate, released June 28, 2024; Section 6 Table 6.1B/C/D."
1982,Construction,4,sector,123468.0,4.3488965557322565,4.405552934930068,Table 6.1B,6,Construction,Direct legacy SIC mapping.,"BEA NIPA archive, 2024 Q1 Third estimate, released June 28, 2024; Section 6 Table 6.1B/C/D."
1982,Manufacturing,5,sector,603045.0,21.240971939705503,21.517694217488764,Table 6.1B,7,Manufacturing,Direct legacy SIC mapping.,"BEA NIPA archive, 2024 Q1 Third estimate, released June 28, 2024; Section 6 Table 6.1B/C/D."
1982,Wholesale trade,6,sector,201492.0,7.097125285965626,7.1895849286044085,Table 6.1B,14,Wholesale trade,Direct legacy SIC mapping.,"BEA NIPA archive, 2024 Q1 Third estimate, released June 28, 2024; Section 6 Table 6.1B/C/D."
1982,Retail trade,7,sector,259439.0,9.138184578373513,9.257234650964799,Table 6.1B,15,Retail trade,Direct legacy SIC mapping.,"BEA NIPA archive, 2024 Q1 Third estimate, released June 28, 2024; Section 6 Table 6.1B/C/D."
1982,Transportation and warehousing,8,sector,86695.0,3.0536461828101857,3.0934283514251644,Table 6.1B,10 - 12 - 13,Transportation and public utilities less communications and electric/gas/sanitary services,Legacy transportation/public utilities adjusted by subtracting communications and electric/gas/sanitary services.,"BEA NIPA archive, 2024 Q1 Third estimate, released June 28, 2024; Section 6 Table 6.1B/C/D."
1982,Information,9,sector,74859.0,2.6367483660994027,2.671099290147487,Table 6.1B,12,Communications,Legacy communications mapped to Table 6D information.,"BEA NIPA archive, 2024 Q1 Third estimate, released June 28, 2024; Section 6 Table 6.1B/C/D."
1982,"Finance, insurance, real estate, rental, and leasing",10,sector,427817.0,15.068939950300539,15.265254478593455,Table 6.1B,16,"Finance, insurance, and real estate",Legacy finance/insurance/real estate mapped to Table 6D finance/insurance/real estate/rental/leasing.,"BEA NIPA archive, 2024 Q1 Third estimate, released June 28, 2024; Section 6 Table 6.1B/C/D."
1982,Professional and business services,11,service_detail,missing,missing,missing,Table 6.1B,,,Service detail is not available before Table 6.1D; kept missing by design.,"BEA NIPA archive, 2024 Q1 Third estimate, released June 28, 2024; Section 6 Table 6.1B/C/D."
1982,"Educational services, health care, and social assistance",12,service_detail,missing,missing,missing,Table 6.1B,,,Service detail is not available before Table 6.1D; kept missing by design.,"BEA NIPA archive, 2024 Q1 Third estimate, released June 28, 2024; Section 6 Table 6.1B/C/D."
1982,"Arts, entertainment, recreation, accommodation, and food services",13,service_detail,missing,missing,missing,Table 6.1B,,,Service detail is not available before Table 6.1D; kept missing by design.,"BEA NIPA archive, 2024 Q1 Third estimate, released June 28, 2024; Section 6 Table 6.1B/C/D."
1982,"Other services, except government",14,service_detail,missing,missing,missing,Table 6.1B,,,Service detail is not available before Table 6.1D; kept missing by design.,"BEA NIPA archive, 2024 Q1 Third estimate, released June 28, 2024; Section 6 Table 6.1B/C/D."
1982,Services,15,services_total,436700.0,15.381824650016819,15.582215364984938,Table 6.1B,17,Services,Legacy aggregate services mapped to total services.,"BEA NIPA archive, 2024 Q1 Third estimate, released June 28, 2024; Section 6 Table 6.1B/C/D."
1982,Government,16,sector,377820.0,13.30790242562252,13.481274580257864,Table 6.1B,18,Government,Direct legacy SIC mapping.,"BEA NIPA archive, 2024 Q1 Third estimate, released June 28, 2024; Section 6 Table 6.1B/C/D."
1982,Rest of the world,17,sector,36511.0,1.2860219825893384,missing,Table 6.1B,19,Rest of the world,Direct mapping.,"BEA NIPA archive, 2024 Q1 Third estimate, released June 28, 2024; Section 6 Table 6.1B/C/D."
1983,"Agriculture, forestry, fishing, and hunting",1,sector,47534.0,1.569391095800408,1.5888444627764367,Table 6.1B,4,"Agriculture, forestry, and fishing",Legacy SIC agriculture/forestry/fishing mapped to Table 6D agriculture/forestry/fishing/hunting.,"BEA NIPA archive, 2024 Q1 Third estimate, released June 28, 2024; Section 6 Table 6.1B/C/D."
1983,Mining,2,sector,63598.0,2.099763009860612,2.125790595019477,Table 6.1B,5,Mining,Direct legacy SIC mapping.,"BEA NIPA archive, 2024 Q1 Third estimate, released June 28, 2024; Section 6 Table 6.1B/C/D."
1983,Utilities,3,sector,78909.0,2.6052737404492445,2.637567377313625,Table 6.1B,13,"Electric, gas, and sanitary services","Legacy electric, gas, and sanitary services mapped to Table 6D utilities.","BEA NIPA archive, 2024 Q1 Third estimate, released June 28, 2024; Section 6 Table 6.1B/C/D."
1983,Construction,4,sector,130481.0,4.307984170722705,4.36138373264468,Table 6.1B,6,Construction,Direct legacy SIC mapping.,"BEA NIPA archive, 2024 Q1 Third estimate, released June 28, 2024; Section 6 Table 6.1B/C/D."
1983,Manufacturing,5,sector,633076.0,20.90175111215002,21.160838497005415,Table 6.1B,7,Manufacturing,Direct legacy SIC mapping.,"BEA NIPA archive, 2024 Q1 Third estimate, released June 28, 2024; Section 6 Table 6.1B/C/D."
1983,Wholesale trade,6,sector,214090.0,7.068433956744842,7.156050638191765,Table 6.1B,14,Wholesale trade,Direct legacy SIC mapping.,"BEA NIPA archive, 2024 Q1 Third estimate, released June 28, 2024; Section 6 Table 6.1B/C/D."
1983,Retail trade,7,sector,287509.0,9.492448869492984,9.610112396356094,Table 6.1B,15,Retail trade,Direct legacy SIC mapping.,"BEA NIPA archive, 2024 Q1 Third estimate, released June 28, 2024; Section 6 Table 6.1B/C/D."
1983,Transportation and warehousing,8,sector,94353.0,3.1151756229657908,3.153789742002464,Table 6.1B,10 - 12 - 13,Transportation and public utilities less communications and electric/gas/sanitary services,Legacy transportation/public utilities adjusted by subtracting communications and electric/gas/sanitary services.,"BEA NIPA archive, 2024 Q1 Third estimate, released June 28, 2024; Section 6 Table 6.1B/C/D."
1983,Information,9,sector,80081.0,2.6439687033027406,2.6767419830773727,Table 6.1B,12,Communications,Legacy communications mapped to Table 6D information.,"BEA NIPA archive, 2024 Q1 Third estimate, released June 28, 2024; Section 6 Table 6.1B/C/D."
1983,"Finance, insurance, real estate, rental, and leasing",10,sector,475803.0,15.709197449302005,15.90392060256694,Table 6.1B,16,"Finance, insurance, and real estate",Legacy finance/insurance/real estate mapped to Table 6D finance/insurance/real estate/rental/leasing.,"BEA NIPA archive, 2024 Q1 Third estimate, released June 28, 2024; Section 6 Table 6.1B/C/D."
1983,Professional and business services,11,service_detail,missing,missing,missing,Table 6.1B,,,Service detail is not available before Table 6.1D; kept missing by design.,"BEA NIPA archive, 2024 Q1 Third estimate, released June 28, 2024; Section 6 Table 6.1B/C/D."
1983,"Educational services, health care, and social assistance",12,service_detail,missing,missing,missing,Table 6.1B,,,Service detail is not available before Table 6.1D; kept missing by design.,"BEA NIPA archive, 2024 Q1 Third estimate, released June 28, 2024; Section 6 Table 6.1B/C/D."
1983,"Arts, entertainment, recreation, accommodation, and food services",13,service_detail,missing,missing,missing,Table 6.1B,,,Service detail is not available before Table 6.1D; kept missing by design.,"BEA NIPA archive, 2024 Q1 Third estimate, released June 28, 2024; Section 6 Table 6.1B/C/D."
1983,"Other services, except government",14,service_detail,missing,missing,missing,Table 6.1B,,,Service detail is not available before Table 6.1D; kept missing by design.,"BEA NIPA archive, 2024 Q1 Third estimate, released June 28, 2024; Section 6 Table 6.1B/C/D."
1983,Services,15,services_total,482622.0,15.934334780102336,16.13184862023161,Table 6.1B,17,Services,Legacy aggregate services mapped to total services.,"BEA NIPA archive, 2024 Q1 Third estimate, released June 28, 2024; Section 6 Table 6.1B/C/D."
1983,Government,16,sector,403677.0,13.327872457176364,13.493077927382581,Table 6.1B,18,Government,Direct legacy SIC mapping.,"BEA NIPA archive, 2024 Q1 Third estimate, released June 28, 2024; Section 6 Table 6.1B/C/D."
1983,Rest of the world,17,sector,37084.0,1.2243720157500384,missing,Table 6.1B,19,Rest of the world,Direct mapping.,"BEA NIPA archive, 2024 Q1 Third estimate, released June 28, 2024; Section 6 Table 6.1B/C/D."
1984,"Agriculture, forestry, fishing, and hunting",1,sector,62977.0,1.8625817654082155,1.8827902738397477,Table 6.1B,4,"Agriculture, forestry, and fishing",Legacy SIC agriculture/forestry/fishing mapped to Table 6D agriculture/forestry/fishing/hunting.,"BEA NIPA archive, 2024 Q1 Third estimate, released June 28, 2024; Section 6 Table 6.1B/C/D."
1984,Mining,2,sector,66766.0,1.9746436659295445,1.9960680156753194,Table 6.1B,5,Mining,Direct legacy SIC mapping.,"BEA NIPA archive, 2024 Q1 Third estimate, released June 28, 2024; Section 6 Table 6.1B/C/D."
1984,Utilities,3,sector,88041.0,2.6038642870937756,2.6321155104105505,Table 6.1B,13,"Electric, gas, and sanitary services","Legacy electric, gas, and sanitary services mapped to Table 6D utilities.","BEA NIPA archive, 2024 Q1 Third estimate, released June 28, 2024; Section 6 Table 6.1B/C/D."
1984,Construction,4,sector,151834.0,4.490579731790828,4.5393013074326225,Table 6.1B,6,Construction,Direct legacy SIC mapping.,"BEA NIPA archive, 2024 Q1 Third estimate, released June 28, 2024; Section 6 Table 6.1B/C/D."
1984,Manufacturing,5,sector,706313.0,20.889621837667292,21.116268585143366,Table 6.1B,7,Manufacturing,Direct legacy SIC mapping.,"BEA NIPA archive, 2024 Q1 Third estimate, released June 28, 2024; Section 6 Table 6.1B/C/D."
1984,Wholesale trade,6,sector,247243.0,7.31235694658087,7.391694041871807,Table 6.1B,14,Wholesale trade,Direct legacy SIC mapping.,"BEA NIPA archive, 2024 Q1 Third estimate, released June 28, 2024; Section 6 Table 6.1B/C/D."
1984,Retail trade,7,sector,321084.0,9.496247893109095,9.599279614550733,Table 6.1B,15,Retail trade,Direct legacy SIC mapping.,"BEA NIPA archive, 2024 Q1 Third estimate, released June 28, 2024; Section 6 Table 6.1B/C/D."
1984,Transportation and warehousing,8,sector,106714.0,3.1561292299374744,3.1903723785276346,Table 6.1B,10 - 12 - 13,Transportation and public utilities less communications and electric/gas/sanitary services,Legacy transportation/public utilities adjusted by subtracting communications and electric/gas/sanitary services.,"BEA NIPA archive, 2024 Q1 Third estimate, released June 28, 2024; Section 6 Table 6.1B/C/D."
1984,Information,9,sector,84037.0,2.485443635289236,2.512410026560028,Table 6.1B,12,Communications,Legacy communications mapped to Table 6D information.,"BEA NIPA archive, 2024 Q1 Third estimate, released June 28, 2024; Section 6 Table 6.1B/C/D."
1984,"Finance, insurance, real estate, rental, and leasing",10,sector,530534.0,15.690854666450962,15.861096196092172,Table 6.1B,16,"Finance, insurance, and real estate",Legacy finance/insurance/real estate mapped to Table 6D finance/insurance/real estate/rental/leasing.,"BEA NIPA archive, 2024 Q1 Third estimate, released June 28, 2024; Section 6 Table 6.1B/C/D."
1984,Professional and business services,11,service_detail,missing,missing,missing,Table 6.1B,,,Service detail is not available before Table 6.1D; kept missing by design.,"BEA NIPA archive, 2024 Q1 Third estimate, released June 28, 2024; Section 6 Table 6.1B/C/D."
1984,"Educational services, health care, and social assistance",12,service_detail,missing,missing,missing,Table 6.1B,,,Service detail is not available before Table 6.1D; kept missing by design.,"BEA NIPA archive, 2024 Q1 Third estimate, released June 28, 2024; Section 6 Table 6.1B/C/D."
1984,"Arts, entertainment, recreation, accommodation, and food services",13,service_detail,missing,missing,missing,Table 6.1B,,,Service detail is not available before Table 6.1D; kept missing by design.,"BEA NIPA archive, 2024 Q1 Third estimate, released June 28, 2024; Section 6 Table 6.1B/C/D."
1984,"Other services, except government",14,service_detail,missing,missing,missing,Table 6.1B,,,Service detail is not available before Table 6.1D; kept missing by design.,"BEA NIPA archive, 2024 Q1 Third estimate, released June 28, 2024; Section 6 Table 6.1B/C/D."
1984,Services,15,services_total,543996.0,16.08900122354205,16.263562535651545,Table 6.1B,17,Services,Legacy aggregate services mapped to total services.,"BEA NIPA archive, 2024 Q1 Third estimate, released June 28, 2024; Section 6 Table 6.1B/C/D."
1984,Government,16,sector,435336.0,12.875317900594677,13.015011617769986,Table 6.1B,18,Government,Direct legacy SIC mapping.,"BEA NIPA archive, 2024 Q1 Third estimate, released June 28, 2024; Section 6 Table 6.1B/C/D."
1984,Rest of the world,17,sector,36291.0,1.0733276410186188,missing,Table 6.1B,19,Rest of the world,Direct mapping.,"BEA NIPA archive, 2024 Q1 Third estimate, released June 28, 2024; Section 6 Table 6.1B/C/D."
1985,"Agriculture, forestry, fishing, and hunting",1,sector,62968.0,1.7554957516322558,1.7679987398713086,Table 6.1B,4,"Agriculture, forestry, and fishing",Legacy SIC agriculture/forestry/fishing mapped to Table 6D agriculture/forestry/fishing/hunting.,"BEA NIPA archive, 2024 Q1 Third estimate, released June 28, 2024; Section 6 Table 6.1B/C/D."
1985,Mining,2,sector,57743.0,1.6098270738549953,1.6212925809361733,Table 6.1B,5,Mining,Direct legacy SIC mapping.,"BEA NIPA archive, 2024 Q1 Third estimate, released June 28, 2024; Section 6 Table 6.1B/C/D."
1985,Utilities,3,sector,84787.0,2.363791422526427,2.3806268129441723,Table 6.1B,13,"Electric, gas, and sanitary services","Legacy electric, gas, and sanitary services mapped to Table 6D utilities.","BEA NIPA archive, 2024 Q1 Third estimate, released June 28, 2024; Section 6 Table 6.1B/C/D."
1985,Construction,4,sector,166719.0,4.647987806764993,4.68109169598216,Table 6.1B,6,Construction,Direct legacy SIC mapping.,"BEA NIPA archive, 2024 Q1 Third estimate, released June 28, 2024; Section 6 Table 6.1B/C/D."
1985,Manufacturing,5,sector,736962.0,20.545890930542665,20.692222832756944,Table 6.1B,7,Manufacturing,Direct legacy SIC mapping.,"BEA NIPA archive, 2024 Q1 Third estimate, released June 28, 2024; Section 6 Table 6.1B/C/D."
1985,Wholesale trade,6,sector,258391.0,7.20372733388404,7.255033705915501,Table 6.1B,14,Wholesale trade,Direct legacy SIC mapping.,"BEA NIPA archive, 2024 Q1 Third estimate, released June 28, 2024; Section 6 Table 6.1B/C/D."
1985,Retail trade,7,sector,353433.0,9.853419673272823,9.923597678645283,Table 6.1B,15,Retail trade,Direct legacy SIC mapping.,"BEA NIPA archive, 2024 Q1 Third estimate, released June 28, 2024; Section 6 Table 6.1B/C/D."
1985,Transportation and warehousing,8,sector,109314.0,3.0475838933097514,3.069289389059399,Table 6.1B,10 - 12 - 13,Transportation and public utilities less communications and electric/gas/sanitary services,Legacy transportation/public utilities adjusted by subtracting communications and electric/gas/sanitary services.,"BEA NIPA archive, 2024 Q1 Third estimate, released June 28, 2024; Section 6 Table 6.1B/C/D."
1985,Information,9,sector,89719.0,2.501291502679049,2.5191061958854326,Table 6.1B,12,Communications,Legacy communications mapped to Table 6D information.,"BEA NIPA archive, 2024 Q1 Third estimate, released June 28, 2024; Section 6 Table 6.1B/C/D."
1985,"Finance, insurance, real estate, rental, and leasing",10,sector,568243.0,15.842144778217,15.954975669239804,Table 6.1B,16,"Finance, insurance, and real estate",Legacy finance/insurance/real estate mapped to Table 6D finance/insurance/real estate/rental/leasing.,"BEA NIPA archive, 2024 Q1 Third estimate, released June 28, 2024; Section 6 Table 6.1B/C/D."
1985,Professional and business services,11,service_detail,missing,missing,missing,Table 6.1B,,,Service detail is not available before Table 6.1D; kept missing by design.,"BEA NIPA archive, 2024 Q1 Third estimate, released June 28, 2024; Section 6 Table 6.1B/C/D."
1985,"Educational services, health care, and social assistance",12,service_detail,missing,missing,missing,Table 6.1B,,,Service detail is not available before Table 6.1D; kept missing by design.,"BEA NIPA archive, 2024 Q1 Third estimate, released June 28, 2024; Section 6 Table 6.1B/C/D."
1985,"Arts, entertainment, recreation, accommodation, and food services",13,service_detail,missing,missing,missing,Table 6.1B,,,Service detail is not available before Table 6.1D; kept missing by design.,"BEA NIPA archive, 2024 Q1 Third estimate, released June 28, 2024; Section 6 Table 6.1B/C/D."
1985,"Other services, except government",14,service_detail,missing,missing,missing,Table 6.1B,,,Service detail is not available before Table 6.1D; kept missing by design.,"BEA NIPA archive, 2024 Q1 Third estimate, released June 28, 2024; Section 6 Table 6.1B/C/D."
1985,Services,15,services_total,599668.0,16.718247782839086,16.837318452883178,Table 6.1B,17,Services,Legacy aggregate services mapped to total services.,"BEA NIPA archive, 2024 Q1 Third estimate, released June 28, 2024; Section 6 Table 6.1B/C/D."
1985,Government,16,sector,473595.0,13.20343683290367,13.297474323614413,Table 6.1B,18,Government,Direct legacy SIC mapping.,"BEA NIPA archive, 2024 Q1 Third estimate, released June 28, 2024; Section 6 Table 6.1B/C/D."
1985,Rest of the world,17,sector,25365.0,0.7071552175732463,missing,Table 6.1B,19,Rest of the world,Direct mapping.,"BEA NIPA archive, 2024 Q1 Third estimate, released June 28, 2024; Section 6 Table 6.1B/C/D."
1986,"Agriculture, forestry, fishing, and hunting",1,sector,61898.0,1.647296775824673,1.654764364901501,Table 6.1B,4,"Agriculture, forestry, and fishing",Legacy SIC agriculture/forestry/fishing mapped to Table 6D agriculture/forestry/fishing/hunting.,"BEA NIPA archive, 2024 Q1 Third estimate, released June 28, 2024; Section 6 Table 6.1B/C/D."
1986,Mining,2,sector,42054.0,1.119186704102407,1.1242602442981635,Table 6.1B,5,Mining,Direct legacy SIC mapping.,"BEA NIPA archive, 2024 Q1 Third estimate, released June 28, 2024; Section 6 Table 6.1B/C/D."
1986,Utilities,3,sector,86489.0,2.301739165147503,2.3121734976245745,Table 6.1B,13,"Electric, gas, and sanitary services","Legacy electric, gas, and sanitary services mapped to Table 6D utilities.","BEA NIPA archive, 2024 Q1 Third estimate, released June 28, 2024; Section 6 Table 6.1B/C/D."
1986,Construction,4,sector,185684.0,4.941624196617477,4.96402575741333,Table 6.1B,6,Construction,Direct legacy SIC mapping.,"BEA NIPA archive, 2024 Q1 Third estimate, released June 28, 2024; Section 6 Table 6.1B/C/D."
1986,Manufacturing,5,sector,736651.0,19.604556160264003,19.693428287974662,Table 6.1B,7,Manufacturing,Direct legacy SIC mapping.,"BEA NIPA archive, 2024 Q1 Third estimate, released June 28, 2024; Section 6 Table 6.1B/C/D."
1986,Wholesale trade,6,sector,272603.0,7.254806988596293,7.287694758558335,Table 6.1B,14,Wholesale trade,Direct legacy SIC mapping.,"BEA NIPA archive, 2024 Q1 Third estimate, released June 28, 2024; Section 6 Table 6.1B/C/D."
1986,Retail trade,7,sector,380861.0,10.135886415350427,10.181834805337015,Table 6.1B,15,Retail trade,Direct legacy SIC mapping.,"BEA NIPA archive, 2024 Q1 Third estimate, released June 28, 2024; Section 6 Table 6.1B/C/D."
1986,Transportation and warehousing,8,sector,118860.0,3.163231360860135,3.1775710428800994,Table 6.1B,10 - 12 - 13,Transportation and public utilities less communications and electric/gas/sanitary services,Legacy transportation/public utilities adjusted by subtracting communications and electric/gas/sanitary services.,"BEA NIPA archive, 2024 Q1 Third estimate, released June 28, 2024; Section 6 Table 6.1B/C/D."
1986,Information,9,sector,95522.0,2.5421351678620376,2.5536592727409797,Table 6.1B,12,Communications,Legacy communications mapped to Table 6D information.,"BEA NIPA archive, 2024 Q1 Third estimate, released June 28, 2024; Section 6 Table 6.1B/C/D."
1986,"Finance, insurance, real estate, rental, and leasing",10,sector,596308.0,15.86959588029434,15.941536542467999,Table 6.1B,16,"Finance, insurance, and real estate",Legacy finance/insurance/real estate mapped to Table 6D finance/insurance/real estate/rental/leasing.,"BEA NIPA archive, 2024 Q1 Third estimate, released June 28, 2024; Section 6 Table 6.1B/C/D."
1986,Professional and business services,11,service_detail,missing,missing,missing,Table 6.1B,,,Service detail is not available before Table 6.1D; kept missing by design.,"BEA NIPA archive, 2024 Q1 Third estimate, released June 28, 2024; Section 6 Table 6.1B/C/D."
1986,"Educational services, health care, and social assistance",12,service_detail,missing,missing,missing,Table 6.1B,,,Service detail is not available before Table 6.1D; kept missing by design.,"BEA NIPA archive, 2024 Q1 Third estimate, released June 28, 2024; Section 6 Table 6.1B/C/D."
1986,"Arts, entertainment, recreation, accommodation, and food services",13,service_detail,missing,missing,missing,Table 6.1B,,,Service detail is not available before Table 6.1D; kept missing by design.,"BEA NIPA archive, 2024 Q1 Third estimate, released June 28, 2024; Section 6 Table 6.1B/C/D."
1986,"Other services, except government",14,service_detail,missing,missing,missing,Table 6.1B,,,Service detail is not available before Table 6.1D; kept missing by design.,"BEA NIPA archive, 2024 Q1 Third estimate, released June 28, 2024; Section 6 Table 6.1B/C/D."
1986,Services,15,services_total,660315.0,17.573019653763755,17.652682342077846,Table 6.1B,17,Services,Legacy aggregate services mapped to total services.,"BEA NIPA archive, 2024 Q1 Third estimate, released June 28, 2024; Section 6 Table 6.1B/C/D."
1986,Government,16,sector,503349.0,13.395670050964059,13.456395817454613,Table 6.1B,18,Government,Direct legacy SIC mapping.,"BEA NIPA archive, 2024 Q1 Third estimate, released June 28, 2024; Section 6 Table 6.1B/C/D."
1986,Rest of the world,17,sector,16957.0,0.45127809343854375,missing,Table 6.1B,19,Rest of the world,Direct mapping.,"BEA NIPA archive, 2024 Q1 Third estimate, released June 28, 2024; Section 6 Table 6.1B/C/D."
1987,"Agriculture, forestry, fishing, and hunting",1,sector,66500.0,1.6500757546056963,1.657265939845483,Table 6.1B,4,"Agriculture, forestry, and fishing",Legacy SIC agriculture/forestry/fishing mapped to Table 6D agriculture/forestry/fishing/hunting.,"BEA NIPA archive, 2024 Q1 Third estimate, released June 28, 2024; Section 6 Table 6.1B/C/D."
1987,Mining,2,sector,42532.0,1.0553537142088643,1.059952405315911,Table 6.1B,5,Mining,Direct legacy SIC mapping.,"BEA NIPA archive, 2024 Q1 Third estimate, released June 28, 2024; Section 6 Table 6.1B/C/D."
1987,Utilities,3,sector,93790.0,2.3272271432250866,2.3373680074903436,Table 6.1B,13,"Electric, gas, and sanitary services","Legacy electric, gas, and sanitary services mapped to Table 6D utilities.","BEA NIPA archive, 2024 Q1 Third estimate, released June 28, 2024; Section 6 Table 6.1B/C/D."
1987,Construction,4,sector,201005.0,4.9875710835265865,5.009304364490847,Table 6.1B,6,Construction,Direct legacy SIC mapping.,"BEA NIPA archive, 2024 Q1 Third estimate, released June 28, 2024; Section 6 Table 6.1B/C/D."
1987,Manufacturing,5,sector,780199.0,19.359209829588117,19.443567353406106,Table 6.1B,7,Manufacturing,Direct legacy SIC mapping.,"BEA NIPA archive, 2024 Q1 Third estimate, released June 28, 2024; Section 6 Table 6.1B/C/D."
1987,Wholesale trade,6,sector,283058.0,7.023566059356078,7.054171163921545,Table 6.1B,14,Wholesale trade,Direct legacy SIC mapping.,"BEA NIPA archive, 2024 Q1 Third estimate, released June 28, 2024; Section 6 Table 6.1B/C/D."
1987,Retail trade,7,sector,400434.0,9.93603661232748,9.979332772271972,Table 6.1B,15,Retail trade,Direct legacy SIC mapping.,"BEA NIPA archive, 2024 Q1 Third estimate, released June 28, 2024; Section 6 Table 6.1B/C/D."
1987,Transportation and warehousing,8,sector,127178.0,3.155689237883357,3.1694401157544188,Table 6.1B,10 - 12 - 13,Transportation and public utilities less communications and electric/gas/sanitary services,Legacy transportation/public utilities adjusted by subtracting communications and electric/gas/sanitary services.,"BEA NIPA archive, 2024 Q1 Third estimate, released June 28, 2024; Section 6 Table 6.1B/C/D."
1987,Information,9,sector,96704.0,2.399532718396831,2.4099886533356027,Table 6.1B,12,Communications,Legacy communications mapped to Table 6D information.,"BEA NIPA archive, 2024 Q1 Third estimate, released June 28, 2024; Section 6 Table 6.1B/C/D."
1987,"Finance, insurance, real estate, rental, and leasing",10,sector,651965.0,16.177317884985005,16.247810352952786,Table 6.1B,16,"Finance, insurance, and real estate",Legacy finance/insurance/real estate mapped to Table 6D finance/insurance/real estate/rental/leasing.,"BEA NIPA archive, 2024 Q1 Third estimate, released June 28, 2024; Section 6 Table 6.1B/C/D."
1987,Professional and business services,11,service_detail,missing,missing,missing,Table 6.1B,,,Service detail is not available before Table 6.1D; kept missing by design.,"BEA NIPA archive, 2024 Q1 Third estimate, released June 28, 2024; Section 6 Table 6.1B/C/D."
1987,"Educational services, health care, and social assistance",12,service_detail,missing,missing,missing,Table 6.1B,,,Service detail is not available before Table 6.1D; kept missing by design.,"BEA NIPA archive, 2024 Q1 Third estimate, released June 28, 2024; Section 6 Table 6.1B/C/D."
1987,"Arts, entertainment, recreation, accommodation, and food services",13,service_detail,missing,missing,missing,Table 6.1B,,,Service detail is not available before Table 6.1D; kept missing by design.,"BEA NIPA archive, 2024 Q1 Third estimate, released June 28, 2024; Section 6 Table 6.1B/C/D."
1987,"Other services, except government",14,service_detail,missing,missing,missing,Table 6.1B,,,Service detail is not available before Table 6.1D; kept missing by design.,"BEA NIPA archive, 2024 Q1 Third estimate, released June 28, 2024; Section 6 Table 6.1B/C/D."
1987,Services,15,services_total,735688.0,18.254750853448957,18.334295710572086,Table 6.1B,17,Services,Legacy aggregate services mapped to total services.,"BEA NIPA archive, 2024 Q1 Third estimate, released June 28, 2024; Section 6 Table 6.1B/C/D."
1987,Government,16,sector,533579.0,13.23978603107899,13.297478239350571,Table 6.1B,18,Government,Direct legacy SIC mapping.,"BEA NIPA archive, 2024 Q1 Third estimate, released June 28, 2024; Section 6 Table 6.1B/C/D."
1987,Rest of the world,17,sector,17485.0,0.4338582641997083,missing,Table 6.1B,19,Rest of the world,Direct mapping.,"BEA NIPA archive, 2024 Q1 Third estimate, released June 28, 2024; Section 6 Table 6.1B/C/D."
1988,"Agriculture, forestry, fishing, and hunting",1,sector,68527.0,1.5548765199736523,1.5629115993735307,Table 6.1C,4,"Agriculture, forestry, and fishing",Legacy SIC agriculture/forestry/fishing mapped to Table 6D agriculture/forestry/fishing/hunting.,"BEA NIPA archive, 2024 Q1 Third estimate, released June 28, 2024; Section 6 Table 6.1B/C/D."
1988,Mining,2,sector,50278.0,1.1408070055778787,1.1467023128591998,Table 6.1C,5,Mining,Direct legacy SIC mapping.,"BEA NIPA archive, 2024 Q1 Third estimate, released June 28, 2024; Section 6 Table 6.1B/C/D."
1988,Utilities,3,sector,102095.0,2.3165338962264514,2.3285049650216796,Table 6.1C,13,"Electric, gas, and sanitary services","Legacy electric, gas, and sanitary services mapped to Table 6D utilities.","BEA NIPA archive, 2024 Q1 Third estimate, released June 28, 2024; Section 6 Table 6.1B/C/D."
1988,Construction,4,sector,218289.0,4.952973874071951,4.978569178800307,Table 6.1C,6,Construction,Direct legacy SIC mapping.,"BEA NIPA archive, 2024 Q1 Third estimate, released June 28, 2024; Section 6 Table 6.1B/C/D."
1988,Manufacturing,5,sector,871030.0,19.76365659072556,19.865788527183835,Table 6.1C,7,Manufacturing,Direct legacy SIC mapping.,"BEA NIPA archive, 2024 Q1 Third estimate, released June 28, 2024; Section 6 Table 6.1B/C/D."
1988,Wholesale trade,6,sector,315727.0,7.163840515734256,7.200860836391594,Table 6.1C,14,Wholesale trade,Direct legacy SIC mapping.,"BEA NIPA archive, 2024 Q1 Third estimate, released June 28, 2024; Section 6 Table 6.1B/C/D."
1988,Retail trade,7,sector,426640.0,9.680454689123398,9.730480026219201,Table 6.1C,15,Retail trade,Direct legacy SIC mapping.,"BEA NIPA archive, 2024 Q1 Third estimate, released June 28, 2024; Section 6 Table 6.1B/C/D."
1988,Transportation and warehousing,8,sector,139110.0,3.1564036466434366,3.17271488010349,Table 6.1C,10 - 12 - 13,Transportation and public utilities less communications and electric/gas/sanitary services,Legacy transportation/public utilities adjusted by subtracting communications and electric/gas/sanitary services.,"BEA NIPA archive, 2024 Q1 Third estimate, released June 28, 2024; Section 6 Table 6.1B/C/D."
1988,Information,9,sector,104053.0,2.3609608845100247,2.373161537052753,Table 6.1C,12,Communications,Legacy communications mapped to Table 6D information.,"BEA NIPA archive, 2024 Q1 Third estimate, released June 28, 2024; Section 6 Table 6.1B/C/D."
1988,"Finance, insurance, real estate, rental, and leasing",10,sector,689245.0,15.638957885347965,15.71977476484027,Table 6.1C,16,"Finance, insurance, and real estate",Legacy finance/insurance/real estate mapped to Table 6D finance/insurance/real estate/rental/leasing.,"BEA NIPA archive, 2024 Q1 Third estimate, released June 28, 2024; Section 6 Table 6.1B/C/D."
1988,Professional and business services,11,service_detail,missing,missing,missing,Table 6.1C,,,Service detail is not available before Table 6.1D; kept missing by design.,"BEA NIPA archive, 2024 Q1 Third estimate, released June 28, 2024; Section 6 Table 6.1B/C/D."
1988,"Educational services, health care, and social assistance",12,service_detail,missing,missing,missing,Table 6.1C,,,Service detail is not available before Table 6.1D; kept missing by design.,"BEA NIPA archive, 2024 Q1 Third estimate, released June 28, 2024; Section 6 Table 6.1B/C/D."
1988,"Arts, entertainment, recreation, accommodation, and food services",13,service_detail,missing,missing,missing,Table 6.1C,,,Service detail is not available before Table 6.1D; kept missing by design.,"BEA NIPA archive, 2024 Q1 Third estimate, released June 28, 2024; Section 6 Table 6.1B/C/D."
1988,"Other services, except government",14,service_detail,missing,missing,missing,Table 6.1C,,,Service detail is not available before Table 6.1D; kept missing by design.,"BEA NIPA archive, 2024 Q1 Third estimate, released June 28, 2024; Section 6 Table 6.1B/C/D."
1988,Services,15,services_total,824006.0,18.696682792438153,18.793300966821626,Table 6.1C,17,Services,Legacy aggregate services mapped to total services.,"BEA NIPA archive, 2024 Q1 Third estimate, released June 28, 2024; Section 6 Table 6.1B/C/D."
1988,Government,16,sector,575573.0,13.059742046650152,13.127230405332515,Table 6.1C,18,Government,Direct legacy SIC mapping.,"BEA NIPA archive, 2024 Q1 Third estimate, released June 28, 2024; Section 6 Table 6.1B/C/D."
1988,Rest of the world,17,sector,22658.0,0.5141096529771187,missing,Table 6.1C,19,Rest of the world,Direct mapping.,"BEA NIPA archive, 2024 Q1 Third estimate, released June 28, 2024; Section 6 Table 6.1B/C/D."
1989,"Agriculture, forestry, fishing, and hunting",1,sector,77761.0,1.6533144531333053,1.66207514338313,Table 6.1C,4,"Agriculture, forestry, and fishing",Legacy SIC agriculture/forestry/fishing mapped to Table 6D agriculture/forestry/fishing/hunting.,"BEA NIPA archive, 2024 Q1 Third estimate, released June 28, 2024; Section 6 Table 6.1B/C/D."
1989,Mining,2,sector,52291.0,1.1117843915175174,1.1176755870249515,Table 6.1C,5,Mining,Direct legacy SIC mapping.,"BEA NIPA archive, 2024 Q1 Third estimate, released June 28, 2024; Section 6 Table 6.1B/C/D."
1989,Utilities,3,sector,111702.0,2.3749505670438453,2.387535109710297,Table 6.1C,13,"Electric, gas, and sanitary services","Legacy electric, gas, and sanitary services mapped to Table 6D utilities.","BEA NIPA archive, 2024 Q1 Third estimate, released June 28, 2024; Section 6 Table 6.1B/C/D."
1989,Construction,4,sector,222392.0,4.728384509731383,4.753439581374482,Table 6.1C,6,Construction,Direct legacy SIC mapping.,"BEA NIPA archive, 2024 Q1 Third estimate, released June 28, 2024; Section 6 Table 6.1B/C/D."
1989,Manufacturing,5,sector,877601.0,18.65910182976353,18.757973893187824,Table 6.1C,7,Manufacturing,Direct legacy SIC mapping.,"BEA NIPA archive, 2024 Q1 Third estimate, released June 28, 2024; Section 6 Table 6.1B/C/D."
1989,Wholesale trade,6,sector,331806.0,7.054688795621835,7.09207063985009,Table 6.1C,14,Wholesale trade,Direct legacy SIC mapping.,"BEA NIPA archive, 2024 Q1 Third estimate, released June 28, 2024; Section 6 Table 6.1B/C/D."
1989,Retail trade,7,sector,450923.0,9.587293285197328,9.63809505895952,Table 6.1C,15,Retail trade,Direct legacy SIC mapping.,"BEA NIPA archive, 2024 Q1 Third estimate, released June 28, 2024; Section 6 Table 6.1B/C/D."
1989,Transportation and warehousing,8,sector,138041.0,2.934956860443855,2.9505088009124196,Table 6.1C,10 - 12 - 13,Transportation and public utilities less communications and electric/gas/sanitary services,Legacy transportation/public utilities adjusted by subtracting communications and electric/gas/sanitary services.,"BEA NIPA archive, 2024 Q1 Third estimate, released June 28, 2024; Section 6 Table 6.1B/C/D."
1989,Information,9,sector,106183.0,2.257608422950499,2.269571185425225,Table 6.1C,12,Communications,Legacy communications mapped to Table 6D information.,"BEA NIPA archive, 2024 Q1 Third estimate, released June 28, 2024; Section 6 Table 6.1B/C/D."
1989,"Finance, insurance, real estate, rental, and leasing",10,sector,794306.0,16.888126310239105,16.977614213295617,Table 6.1C,16,"Finance, insurance, and real estate",Legacy finance/insurance/real estate mapped to Table 6D finance/insurance/real estate/rental/leasing.,"BEA NIPA archive, 2024 Q1 Third estimate, released June 28, 2024; Section 6 Table 6.1B/C/D."
1989,Professional and business services,11,service_detail,missing,missing,missing,Table 6.1C,,,Service detail is not available before Table 6.1D; kept missing by design.,"BEA NIPA archive, 2024 Q1 Third estimate, released June 28, 2024; Section 6 Table 6.1B/C/D."
1989,"Educational services, health care, and social assistance",12,service_detail,missing,missing,missing,Table 6.1C,,,Service detail is not available before Table 6.1D; kept missing by design.,"BEA NIPA archive, 2024 Q1 Third estimate, released June 28, 2024; Section 6 Table 6.1B/C/D."
1989,"Arts, entertainment, recreation, accommodation, and food services",13,service_detail,missing,missing,missing,Table 6.1C,,,Service detail is not available before Table 6.1D; kept missing by design.,"BEA NIPA archive, 2024 Q1 Third estimate, released June 28, 2024; Section 6 Table 6.1B/C/D."
1989,"Other services, except government",14,service_detail,missing,missing,missing,Table 6.1C,,,Service detail is not available before Table 6.1D; kept missing by design.,"BEA NIPA archive, 2024 Q1 Third estimate, released June 28, 2024; Section 6 Table 6.1B/C/D."
1989,Services,15,services_total,894912.0,19.02715942287821,19.12798177383629,Table 6.1C,17,Services,Legacy aggregate services mapped to total services.,"BEA NIPA archive, 2024 Q1 Third estimate, released June 28, 2024; Section 6 Table 6.1B/C/D."
1989,Government,16,sector,620631.0,13.195537639209583,13.265459013040154,Table 6.1C,18,Government,Direct legacy SIC mapping.,"BEA NIPA archive, 2024 Q1 Third estimate, released June 28, 2024; Section 6 Table 6.1B/C/D."
1989,Rest of the world,17,sector,24791.0,0.5270935122700039,missing,Table 6.1C,19,Rest of the world,Direct mapping.,"BEA NIPA archive, 2024 Q1 Third estimate, released June 28, 2024; Section 6 Table 6.1B/C/D."
1990,"Agriculture, forestry, fishing, and hunting",1,sector,83222.0,1.6702665578604403,1.6819779844437954,Table 6.1C,4,"Agriculture, forestry, and fishing",Legacy SIC agriculture/forestry/fishing mapped to Table 6D agriculture/forestry/fishing/hunting.,"BEA NIPA archive, 2024 Q1 Third estimate, released June 28, 2024; Section 6 Table 6.1B/C/D."
1990,Mining,2,sector,58666.0,1.1774273375242195,1.185683117870031,Table 6.1C,5,Mining,Direct legacy SIC mapping.,"BEA NIPA archive, 2024 Q1 Third estimate, released June 28, 2024; Section 6 Table 6.1B/C/D."
1990,Utilities,3,sector,118701.0,2.38233052179222,2.399034735183761,Table 6.1C,13,"Electric, gas, and sanitary services","Legacy electric, gas, and sanitary services mapped to Table 6D utilities.","BEA NIPA archive, 2024 Q1 Third estimate, released June 28, 2024; Section 6 Table 6.1B/C/D."
1990,Construction,4,sector,231063.0,4.637437236054252,4.669953606252394,Table 6.1C,6,Construction,Direct legacy SIC mapping.,"BEA NIPA archive, 2024 Q1 Third estimate, released June 28, 2024; Section 6 Table 6.1B/C/D."
1990,Manufacturing,5,sector,910673.0,18.2772182481368,18.405372822419366,Table 6.1C,7,Manufacturing,Direct legacy SIC mapping.,"BEA NIPA archive, 2024 Q1 Third estimate, released June 28, 2024; Section 6 Table 6.1B/C/D."
1990,Wholesale trade,6,sector,348628.0,6.996968223952436,7.046028943796971,Table 6.1C,14,Wholesale trade,Direct legacy SIC mapping.,"BEA NIPA archive, 2024 Q1 Third estimate, released June 28, 2024; Section 6 Table 6.1B/C/D."
1990,Retail trade,7,sector,472780.0,9.488700382414013,9.555232408321569,Table 6.1C,15,Retail trade,Direct legacy SIC mapping.,"BEA NIPA archive, 2024 Q1 Third estimate, released June 28, 2024; Section 6 Table 6.1B/C/D."
1990,Transportation and warehousing,8,sector,146571.0,2.941681762660866,2.962307985363384,Table 6.1C,10 - 12 - 13,Transportation and public utilities less communications and electric/gas/sanitary services,Legacy transportation/public utilities adjusted by subtracting communications and electric/gas/sanitary services.,"BEA NIPA archive, 2024 Q1 Third estimate, released June 28, 2024; Section 6 Table 6.1B/C/D."
1990,Information,9,sector,115479.0,2.317664942385016,2.333915739414879,Table 6.1C,12,Communications,Legacy communications mapped to Table 6D information.,"BEA NIPA archive, 2024 Q1 Third estimate, released June 28, 2024; Section 6 Table 6.1B/C/D."
1990,"Finance, insurance, real estate, rental, and leasing",10,sector,793487.0,15.925293794874039,16.036957354333637,Table 6.1C,16,"Finance, insurance, and real estate",Legacy finance/insurance/real estate mapped to Table 6D finance/insurance/real estate/rental/leasing.,"BEA NIPA archive, 2024 Q1 Third estimate, released June 28, 2024; Section 6 Table 6.1B/C/D."
1990,Professional and business services,11,service_detail,missing,missing,missing,Table 6.1C,,,Service detail is not available before Table 6.1D; kept missing by design.,"BEA NIPA archive, 2024 Q1 Third estimate, released June 28, 2024; Section 6 Table 6.1B/C/D."
1990,"Educational services, health care, and social assistance",12,service_detail,missing,missing,missing,Table 6.1C,,,Service detail is not available before Table 6.1D; kept missing by design.,"BEA NIPA archive, 2024 Q1 Third estimate, released June 28, 2024; Section 6 Table 6.1B/C/D."
1990,"Arts, entertainment, recreation, accommodation, and food services",13,service_detail,missing,missing,missing,Table 6.1C,,,Service detail is not available before Table 6.1D; kept missing by design.,"BEA NIPA archive, 2024 Q1 Third estimate, released June 28, 2024; Section 6 Table 6.1B/C/D."
1990,"Other services, except government",14,service_detail,missing,missing,missing,Table 6.1C,,,Service detail is not available before Table 6.1D; kept missing by design.,"BEA NIPA archive, 2024 Q1 Third estimate, released June 28, 2024; Section 6 Table 6.1B/C/D."
1990,Services,15,services_total,1.00008e6,20.071617831643906,20.21235421742509,Table 6.1C,17,Services,Legacy aggregate services mapped to total services.,"BEA NIPA archive, 2024 Q1 Third estimate, released June 28, 2024; Section 6 Table 6.1B/C/D."
1990,Government,16,sector,668516.0,13.417124296395546,13.51120129591248,Table 6.1C,18,Government,Direct legacy SIC mapping.,"BEA NIPA archive, 2024 Q1 Third estimate, released June 28, 2024; Section 6 Table 6.1B/C/D."
1990,Rest of the world,17,sector,34693.0,0.6962889343184766,missing,Table 6.1C,19,Rest of the world,Direct mapping.,"BEA NIPA archive, 2024 Q1 Third estimate, released June 28, 2024; Section 6 Table 6.1B/C/D."
1991,"Agriculture, forestry, fishing, and hunting",1,sector,77683.0,1.5097824018800807,1.519108782213816,Table 6.1C,4,"Agriculture, forestry, and fishing",Legacy SIC agriculture/forestry/fishing mapped to Table 6D agriculture/forestry/fishing/hunting.,"BEA NIPA archive, 2024 Q1 Third estimate, released June 28, 2024; Section 6 Table 6.1B/C/D."
1991,Mining,2,sector,55272.0,1.0742207808235498,1.0808565659220426,Table 6.1C,5,Mining,Direct legacy SIC mapping.,"BEA NIPA archive, 2024 Q1 Third estimate, released June 28, 2024; Section 6 Table 6.1B/C/D."
1991,Utilities,3,sector,124251.0,2.414839452853287,2.429756643008752,Table 6.1C,13,"Electric, gas, and sanitary services","Legacy electric, gas, and sanitary services mapped to Table 6D utilities.","BEA NIPA archive, 2024 Q1 Third estimate, released June 28, 2024; Section 6 Table 6.1B/C/D."
1991,Construction,4,sector,217910.0,4.235118149320809,4.261279748879583,Table 6.1C,6,Construction,Direct legacy SIC mapping.,"BEA NIPA archive, 2024 Q1 Third estimate, released June 28, 2024; Section 6 Table 6.1B/C/D."
1991,Manufacturing,5,sector,907280.0,17.633142097727426,17.74206732395699,Table 6.1C,7,Manufacturing,Direct legacy SIC mapping.,"BEA NIPA archive, 2024 Q1 Third estimate, released June 28, 2024; Section 6 Table 6.1B/C/D."
1991,Wholesale trade,6,sector,363985.0,7.074110777754736,7.117809689302625,Table 6.1C,14,Wholesale trade,Direct legacy SIC mapping.,"BEA NIPA archive, 2024 Q1 Third estimate, released June 28, 2024; Section 6 Table 6.1B/C/D."
1991,Retail trade,7,sector,486545.0,9.456085356162145,9.514498441643875,Table 6.1C,15,Retail trade,Direct legacy SIC mapping.,"BEA NIPA archive, 2024 Q1 Third estimate, released June 28, 2024; Section 6 Table 6.1B/C/D."
1991,Transportation and warehousing,8,sector,155077.0,3.0139480392924742,3.0325661035152085,Table 6.1C,10 - 12 - 13,Transportation and public utilities less communications and electric/gas/sanitary services,Legacy transportation/public utilities adjusted by subtracting communications and electric/gas/sanitary services.,"BEA NIPA archive, 2024 Q1 Third estimate, released June 28, 2024; Section 6 Table 6.1B/C/D."
1991,Information,9,sector,119994.0,2.33210392918912,2.3465100371119116,Table 6.1C,12,Communications,Legacy communications mapped to Table 6D information.,"BEA NIPA archive, 2024 Q1 Third estimate, released June 28, 2024; Section 6 Table 6.1B/C/D."
1991,"Finance, insurance, real estate, rental, and leasing",10,sector,835496.0,16.238007770570135,16.338314832132056,Table 6.1C,16,"Finance, insurance, and real estate",Legacy finance/insurance/real estate mapped to Table 6D finance/insurance/real estate/rental/leasing.,"BEA NIPA archive, 2024 Q1 Third estimate, released June 28, 2024; Section 6 Table 6.1B/C/D."
1991,Professional and business services,11,service_detail,missing,missing,missing,Table 6.1C,,,Service detail is not available before Table 6.1D; kept missing by design.,"BEA NIPA archive, 2024 Q1 Third estimate, released June 28, 2024; Section 6 Table 6.1B/C/D."
1991,"Educational services, health care, and social assistance",12,service_detail,missing,missing,missing,Table 6.1C,,,Service detail is not available before Table 6.1D; kept missing by design.,"BEA NIPA archive, 2024 Q1 Third estimate, released June 28, 2024; Section 6 Table 6.1B/C/D."
1991,"Arts, entertainment, recreation, accommodation, and food services",13,service_detail,missing,missing,missing,Table 6.1C,,,Service detail is not available before Table 6.1D; kept missing by design.,"BEA NIPA archive, 2024 Q1 Third estimate, released June 28, 2024; Section 6 Table 6.1B/C/D."
1991,"Other services, except government",14,service_detail,missing,missing,missing,Table 6.1C,,,Service detail is not available before Table 6.1D; kept missing by design.,"BEA NIPA archive, 2024 Q1 Third estimate, released June 28, 2024; Section 6 Table 6.1B/C/D."
1991,Services,15,services_total,1.05403e6,20.48525346670007,20.611797043327737,Table 6.1C,17,Services,Legacy aggregate services mapped to total services.,"BEA NIPA archive, 2024 Q1 Third estimate, released June 28, 2024; Section 6 Table 6.1B/C/D."
1991,Government,16,sector,716197.0,13.919411285343102,14.00539567852926,Table 6.1C,18,Government,Direct legacy SIC mapping.,"BEA NIPA archive, 2024 Q1 Third estimate, released June 28, 2024; Section 6 Table 6.1B/C/D."
1991,Rest of the world,17,sector,31589.0,0.613937622040728,missing,Table 6.1C,19,Rest of the world,Direct mapping.,"BEA NIPA archive, 2024 Q1 Third estimate, released June 28, 2024; Section 6 Table 6.1B/C/D."
1992,"Agriculture, forestry, fishing, and hunting",1,sector,85498.0,1.5672068860465467,1.5761853652097704,Table 6.1C,4,"Agriculture, forestry, and fishing",Legacy SIC agriculture/forestry/fishing mapped to Table 6D agriculture/forestry/fishing/hunting.,"BEA NIPA archive, 2024 Q1 Third estimate, released June 28, 2024; Section 6 Table 6.1B/C/D."
1992,Mining,2,sector,54680.0,1.002302656541968,1.0080448170678875,Table 6.1C,5,Mining,Direct legacy SIC mapping.,"BEA NIPA archive, 2024 Q1 Third estimate, released June 28, 2024; Section 6 Table 6.1B/C/D."
1992,Utilities,3,sector,127987.0,2.346044442261098,2.3594848573896803,Table 6.1C,13,"Electric, gas, and sanitary services","Legacy electric, gas, and sanitary services mapped to Table 6D utilities.","BEA NIPA archive, 2024 Q1 Third estimate, released June 28, 2024; Section 6 Table 6.1B/C/D."
1992,Construction,4,sector,220091.0,4.03434151391694,4.0574541300894005,Table 6.1C,6,Construction,Direct legacy SIC mapping.,"BEA NIPA archive, 2024 Q1 Third estimate, released June 28, 2024; Section 6 Table 6.1B/C/D."
1992,Manufacturing,5,sector,924031.0,16.937796745192596,17.034832852232206,Table 6.1C,7,Manufacturing,Direct legacy SIC mapping.,"BEA NIPA archive, 2024 Q1 Third estimate, released June 28, 2024; Section 6 Table 6.1B/C/D."
1992,Wholesale trade,6,sector,381053.0,6.984828715861128,7.02484458080047,Table 6.1C,14,Wholesale trade,Direct legacy SIC mapping.,"BEA NIPA archive, 2024 Q1 Third estimate, released June 28, 2024; Section 6 Table 6.1B/C/D."
1992,Retail trade,7,sector,500601.0,9.176183470511441,9.228753538204124,Table 6.1C,15,Retail trade,Direct legacy SIC mapping.,"BEA NIPA archive, 2024 Q1 Third estimate, released June 28, 2024; Section 6 Table 6.1B/C/D."
1992,Transportation and warehousing,8,sector,161843.0,2.966636226092204,2.983631992112621,Table 6.1C,10 - 12 - 13,Transportation and public utilities less communications and electric/gas/sanitary services,Legacy transportation/public utilities adjusted by subtracting communications and electric/gas/sanitary services.,"BEA NIPA archive, 2024 Q1 Third estimate, released June 28, 2024; Section 6 Table 6.1B/C/D."
1992,Information,9,sector,125716.0,2.3044162540203006,2.3176181825622995,Table 6.1C,12,Communications,Legacy communications mapped to Table 6D information.,"BEA NIPA archive, 2024 Q1 Third estimate, released June 28, 2024; Section 6 Table 6.1B/C/D."
1992,"Finance, insurance, real estate, rental, and leasing",10,sector,942836.0,17.282498673800344,17.381509567392442,Table 6.1C,16,"Finance, insurance, and real estate",Legacy finance/insurance/real estate mapped to Table 6D finance/insurance/real estate/rental/leasing.,"BEA NIPA archive, 2024 Q1 Third estimate, released June 28, 2024; Section 6 Table 6.1B/C/D."
1992,Professional and business services,11,service_detail,missing,missing,missing,Table 6.1C,,,Service detail is not available before Table 6.1D; kept missing by design.,"BEA NIPA archive, 2024 Q1 Third estimate, released June 28, 2024; Section 6 Table 6.1B/C/D."
1992,"Educational services, health care, and social assistance",12,service_detail,missing,missing,missing,Table 6.1C,,,Service detail is not available before Table 6.1D; kept missing by design.,"BEA NIPA archive, 2024 Q1 Third estimate, released June 28, 2024; Section 6 Table 6.1B/C/D."
1992,"Arts, entertainment, recreation, accommodation, and food services",13,service_detail,missing,missing,missing,Table 6.1C,,,Service detail is not available before Table 6.1D; kept missing by design.,"BEA NIPA archive, 2024 Q1 Third estimate, released June 28, 2024; Section 6 Table 6.1B/C/D."
1992,"Other services, except government",14,service_detail,missing,missing,missing,Table 6.1C,,,Service detail is not available before Table 6.1D; kept missing by design.,"BEA NIPA archive, 2024 Q1 Third estimate, released June 28, 2024; Section 6 Table 6.1B/C/D."
1992,Services,15,services_total,1.138842e6,20.875354096224722,20.99494834599903,Table 6.1C,17,Services,Legacy aggregate services mapped to total services.,"BEA NIPA archive, 2024 Q1 Third estimate, released June 28, 2024; Section 6 Table 6.1B/C/D."
1992,Government,16,sector,761185.0,13.952775194219052,14.032710206287854,Table 6.1C,18,Government,Direct legacy SIC mapping.,"BEA NIPA archive, 2024 Q1 Third estimate, released June 28, 2024; Section 6 Table 6.1B/C/D."
1992,Rest of the world,17,sector,31076.0,0.5696334556455412,missing,Table 6.1C,19,Rest of the world,Direct mapping.,"BEA NIPA archive, 2024 Q1 Third estimate, released June 28, 2024; Section 6 Table 6.1B/C/D."
1993,"Agriculture, forestry, fishing, and hunting",1,sector,79303.0,1.3897999552406708,1.3974308685558936,Table 6.1C,4,"Agriculture, forestry, and fishing",Legacy SIC agriculture/forestry/fishing mapped to Table 6D agriculture/forestry/fishing/hunting.,"BEA NIPA archive, 2024 Q1 Third estimate, released June 28, 2024; Section 6 Table 6.1B/C/D."
1993,Mining,2,sector,54776.0,0.959959678048283,0.9652304863122155,Table 6.1C,5,Mining,Direct legacy SIC mapping.,"BEA NIPA archive, 2024 Q1 Third estimate, released June 28, 2024; Section 6 Table 6.1B/C/D."
1993,Utilities,3,sector,131006.0,2.295904731677986,2.3085107545242094,Table 6.1C,13,"Electric, gas, and sanitary services","Legacy electric, gas, and sanitary services mapped to Table 6D utilities.","BEA NIPA archive, 2024 Q1 Third estimate, released June 28, 2024; Section 6 Table 6.1B/C/D."
1993,Construction,4,sector,233642.0,4.094619890071508,4.117102038903145,Table 6.1C,6,Construction,Direct legacy SIC mapping.,"BEA NIPA archive, 2024 Q1 Third estimate, released June 28, 2024; Section 6 Table 6.1B/C/D."
1993,Manufacturing,5,sector,952040.0,16.684679638693723,16.77628947328541,Table 6.1C,7,Manufacturing,Direct legacy SIC mapping.,"BEA NIPA archive, 2024 Q1 Third estimate, released June 28, 2024; Section 6 Table 6.1B/C/D."
1993,Wholesale trade,6,sector,390511.0,6.843778549625986,6.881355382654257,Table 6.1C,14,Wholesale trade,Direct legacy SIC mapping.,"BEA NIPA archive, 2024 Q1 Third estimate, released June 28, 2024; Section 6 Table 6.1B/C/D."
1993,Retail trade,7,sector,534674.0,9.370262175054544,9.421711060290958,Table 6.1C,15,Retail trade,Direct legacy SIC mapping.,"BEA NIPA archive, 2024 Q1 Third estimate, released June 28, 2024; Section 6 Table 6.1B/C/D."
1993,Transportation and warehousing,8,sector,173238.0,3.036028455997671,3.0526982435328534,Table 6.1C,10 - 12 - 13,Transportation and public utilities less communications and electric/gas/sanitary services,Legacy transportation/public utilities adjusted by subtracting communications and electric/gas/sanitary services.,"BEA NIPA archive, 2024 Q1 Third estimate, released June 28, 2024; Section 6 Table 6.1B/C/D."
1993,Information,9,sector,134924.0,2.364568416842897,2.3775514483567504,Table 6.1C,12,Communications,Legacy communications mapped to Table 6D information.,"BEA NIPA archive, 2024 Q1 Third estimate, released June 28, 2024; Section 6 Table 6.1B/C/D."
1993,"Finance, insurance, real estate, rental, and leasing",10,sector,1.002621e6,17.57112115460142,17.667598134526795,Table 6.1C,16,"Finance, insurance, and real estate",Legacy finance/insurance/real estate mapped to Table 6D finance/insurance/real estate/rental/leasing.,"BEA NIPA archive, 2024 Q1 Third estimate, released June 28, 2024; Section 6 Table 6.1B/C/D."
1993,Professional and business services,11,service_detail,missing,missing,missing,Table 6.1C,,,Service detail is not available before Table 6.1D; kept missing by design.,"BEA NIPA archive, 2024 Q1 Third estimate, released June 28, 2024; Section 6 Table 6.1B/C/D."
1993,"Educational services, health care, and social assistance",12,service_detail,missing,missing,missing,Table 6.1C,,,Service detail is not available before Table 6.1D; kept missing by design.,"BEA NIPA archive, 2024 Q1 Third estimate, released June 28, 2024; Section 6 Table 6.1B/C/D."
1993,"Arts, entertainment, recreation, accommodation, and food services",13,service_detail,missing,missing,missing,Table 6.1C,,,Service detail is not available before Table 6.1D; kept missing by design.,"BEA NIPA archive, 2024 Q1 Third estimate, released June 28, 2024; Section 6 Table 6.1B/C/D."
1993,"Other services, except government",14,service_detail,missing,missing,missing,Table 6.1C,,,Service detail is not available before Table 6.1D; kept missing by design.,"BEA NIPA archive, 2024 Q1 Third estimate, released June 28, 2024; Section 6 Table 6.1B/C/D."
1993,Services,15,services_total,1.204361e6,21.10665250865175,21.222541874643387,Table 6.1C,17,Services,Legacy aggregate services mapped to total services.,"BEA NIPA archive, 2024 Q1 Third estimate, released June 28, 2024; Section 6 Table 6.1B/C/D."
1993,Government,16,sector,783818.0,13.736557523887269,13.811980234414126,Table 6.1C,18,Government,Direct legacy SIC mapping.,"BEA NIPA archive, 2024 Q1 Third estimate, released June 28, 2024; Section 6 Table 6.1B/C/D."
1993,Rest of the world,17,sector,31159.0,0.5460673216062956,missing,Table 6.1C,19,Rest of the world,Direct mapping.,"BEA NIPA archive, 2024 Q1 Third estimate, released June 28, 2024; Section 6 Table 6.1B/C/D."
1994,"Agriculture, forestry, fishing, and hunting",1,sector,89754.0,1.475552621204464,1.4811448351522136,Table 6.1C,4,"Agriculture, forestry, and fishing",Legacy SIC agriculture/forestry/fishing mapped to Table 6D agriculture/forestry/fishing/hunting.,"BEA NIPA archive, 2024 Q1 Third estimate, released June 28, 2024; Section 6 Table 6.1B/C/D."
1994,Mining,2,sector,57810.0,0.9503943783210784,0.953996288969288,Table 6.1C,5,Mining,Direct legacy SIC mapping.,"BEA NIPA archive, 2024 Q1 Third estimate, released June 28, 2024; Section 6 Table 6.1B/C/D."
1994,Utilities,3,sector,140215.0,2.3051296965281094,2.313865934229869,Table 6.1C,13,"Electric, gas, and sanitary services","Legacy electric, gas, and sanitary services mapped to Table 6D utilities.","BEA NIPA archive, 2024 Q1 Third estimate, released June 28, 2024; Section 6 Table 6.1B/C/D."
1994,Construction,4,sector,260257.0,4.278615978528091,4.29483155471856,Table 6.1C,6,Construction,Direct legacy SIC mapping.,"BEA NIPA archive, 2024 Q1 Third estimate, released June 28, 2024; Section 6 Table 6.1B/C/D."
1994,Manufacturing,5,sector,1.025783e6,16.863836647246686,16.927749096830706,Table 6.1C,7,Manufacturing,Direct legacy SIC mapping.,"BEA NIPA archive, 2024 Q1 Third estimate, released June 28, 2024; Section 6 Table 6.1B/C/D."
1994,Wholesale trade,6,sector,427750.0,7.032195041114709,7.058846438446859,Table 6.1C,14,Wholesale trade,Direct legacy SIC mapping.,"BEA NIPA archive, 2024 Q1 Third estimate, released June 28, 2024; Section 6 Table 6.1B/C/D."
1994,Retail trade,7,sector,577764.0,9.498419954961072,9.534418126622585,Table 6.1C,15,Retail trade,Direct legacy SIC mapping.,"BEA NIPA archive, 2024 Q1 Third estimate, released June 28, 2024; Section 6 Table 6.1B/C/D."
1994,Transportation and warehousing,8,sector,187739.0,3.086422594561857,3.0981198632555813,Table 6.1C,10 - 12 - 13,Transportation and public utilities less communications and electric/gas/sanitary services,Legacy transportation/public utilities adjusted by subtracting communications and electric/gas/sanitary services.,"BEA NIPA archive, 2024 Q1 Third estimate, released June 28, 2024; Section 6 Table 6.1B/C/D."
1994,Information,9,sector,144104.0,2.3690647205255266,2.37804326631431,Table 6.1C,12,Communications,Legacy communications mapped to Table 6D information.,"BEA NIPA archive, 2024 Q1 Third estimate, released June 28, 2024; Section 6 Table 6.1B/C/D."
1994,"Finance, insurance, real estate, rental, and leasing",10,sector,1.056195e6,17.363808863705785,17.42961616377646,Table 6.1C,16,"Finance, insurance, and real estate",Legacy finance/insurance/real estate mapped to Table 6D finance/insurance/real estate/rental/leasing.,"BEA NIPA archive, 2024 Q1 Third estimate, released June 28, 2024; Section 6 Table 6.1B/C/D."
1994,Professional and business services,11,service_detail,missing,missing,missing,Table 6.1C,,,Service detail is not available before Table 6.1D; kept missing by design.,"BEA NIPA archive, 2024 Q1 Third estimate, released June 28, 2024; Section 6 Table 6.1B/C/D."
1994,"Educational services, health care, and social assistance",12,service_detail,missing,missing,missing,Table 6.1C,,,Service detail is not available before Table 6.1D; kept missing by design.,"BEA NIPA archive, 2024 Q1 Third estimate, released June 28, 2024; Section 6 Table 6.1B/C/D."
1994,"Arts, entertainment, recreation, accommodation, and food services",13,service_detail,missing,missing,missing,Table 6.1C,,,Service detail is not available before Table 6.1D; kept missing by design.,"BEA NIPA archive, 2024 Q1 Third estimate, released June 28, 2024; Section 6 Table 6.1B/C/D."
1994,"Other services, except government",14,service_detail,missing,missing,missing,Table 6.1C,,,Service detail is not available before Table 6.1D; kept missing by design.,"BEA NIPA archive, 2024 Q1 Third estimate, released June 28, 2024; Section 6 Table 6.1B/C/D."
1994,Services,15,services_total,1.280579e6,21.052673976751915,21.13246174938595,Table 6.1C,17,Services,Legacy aggregate services mapped to total services.,"BEA NIPA archive, 2024 Q1 Third estimate, released June 28, 2024; Section 6 Table 6.1B/C/D."
1994,Government,16,sector,811822.0,13.346325289696845,13.396906682297617,Table 6.1C,18,Government,Direct legacy SIC mapping.,"BEA NIPA archive, 2024 Q1 Third estimate, released June 28, 2024; Section 6 Table 6.1B/C/D."
1994,Rest of the world,17,sector,22966.0,0.37756023685386414,missing,Table 6.1C,19,Rest of the world,Direct mapping.,"BEA NIPA archive, 2024 Q1 Third estimate, released June 28, 2024; Section 6 Table 6.1B/C/D."
1995,"Agriculture, forestry, fishing, and hunting",1,sector,80481.0,1.2541654355802063,1.259651718766214,Table 6.1C,4,"Agriculture, forestry, and fishing",Legacy SIC agriculture/forestry/fishing mapped to Table 6D agriculture/forestry/fishing/hunting.,"BEA NIPA archive, 2024 Q1 Third estimate, released June 28, 2024; Section 6 Table 6.1B/C/D."
1995,Mining,2,sector,57591.0,0.897462029553555,0.9013879317536441,Table 6.1C,5,Mining,Direct legacy SIC mapping.,"BEA NIPA archive, 2024 Q1 Third estimate, released June 28, 2024; Section 6 Table 6.1B/C/D."
1995,Utilities,3,sector,146021.0,2.2754996964358956,2.285453754624835,Table 6.1C,13,"Electric, gas, and sanitary services","Legacy electric, gas, and sanitary services mapped to Table 6D utilities.","BEA NIPA archive, 2024 Q1 Third estimate, released June 28, 2024; Section 6 Table 6.1B/C/D."
1995,Construction,4,sector,279324.0,4.3528100561375425,4.371851203298343,Table 6.1C,6,Construction,Direct legacy SIC mapping.,"BEA NIPA archive, 2024 Q1 Third estimate, released June 28, 2024; Section 6 Table 6.1B/C/D."
1995,Manufacturing,5,sector,1.083894e6,16.890724402439982,16.9646120209787,Table 6.1C,7,Manufacturing,Direct legacy SIC mapping.,"BEA NIPA archive, 2024 Q1 Third estimate, released June 28, 2024; Section 6 Table 6.1B/C/D."
1995,Wholesale trade,6,sector,444998.0,6.934569780473909,6.964904704806448,Table 6.1C,14,Wholesale trade,Direct legacy SIC mapping.,"BEA NIPA archive, 2024 Q1 Third estimate, released June 28, 2024; Section 6 Table 6.1B/C/D."
1995,Retail trade,7,sector,608357.0,9.480253996511818,9.521724887531935,Table 6.1C,15,Retail trade,Direct legacy SIC mapping.,"BEA NIPA archive, 2024 Q1 Third estimate, released June 28, 2024; Section 6 Table 6.1B/C/D."
1995,Transportation and warehousing,8,sector,195337.0,3.044009315116994,3.0573251797149132,Table 6.1C,10 - 12 - 13,Transportation and public utilities less communications and electric/gas/sanitary services,Legacy transportation/public utilities adjusted by subtracting communications and electric/gas/sanitary services.,"BEA NIPA archive, 2024 Q1 Third estimate, released June 28, 2024; Section 6 Table 6.1B/C/D."
1995,Information,9,sector,146631.0,2.285005553914107,2.2950011949952005,Table 6.1C,12,Communications,Legacy communications mapped to Table 6D information.,"BEA NIPA archive, 2024 Q1 Third estimate, released June 28, 2024; Section 6 Table 6.1B/C/D."
1995,"Finance, insurance, real estate, rental, and leasing",10,sector,1.135942e6,17.701807795925134,17.779243457694744,Table 6.1C,16,"Finance, insurance, and real estate",Legacy finance/insurance/real estate mapped to Table 6D finance/insurance/real estate/rental/leasing.,"BEA NIPA archive, 2024 Q1 Third estimate, released June 28, 2024; Section 6 Table 6.1B/C/D."
1995,Professional and business services,11,service_detail,missing,missing,missing,Table 6.1C,,,Service detail is not available before Table 6.1D; kept missing by design.,"BEA NIPA archive, 2024 Q1 Third estimate, released June 28, 2024; Section 6 Table 6.1B/C/D."
1995,"Educational services, health care, and social assistance",12,service_detail,missing,missing,missing,Table 6.1C,,,Service detail is not available before Table 6.1D; kept missing by design.,"BEA NIPA archive, 2024 Q1 Third estimate, released June 28, 2024; Section 6 Table 6.1B/C/D."
1995,"Arts, entertainment, recreation, accommodation, and food services",13,service_detail,missing,missing,missing,Table 6.1C,,,Service detail is not available before Table 6.1D; kept missing by design.,"BEA NIPA archive, 2024 Q1 Third estimate, released June 28, 2024; Section 6 Table 6.1B/C/D."
1995,"Other services, except government",14,service_detail,missing,missing,missing,Table 6.1C,,,Service detail is not available before Table 6.1D; kept missing by design.,"BEA NIPA archive, 2024 Q1 Third estimate, released June 28, 2024; Section 6 Table 6.1B/C/D."
1995,Services,15,services_total,1.37435e6,21.417008565868425,21.51069618526542,Table 6.1C,17,Services,Legacy aggregate services mapped to total services.,"BEA NIPA archive, 2024 Q1 Third estimate, released June 28, 2024; Section 6 Table 6.1B/C/D."
1995,Government,16,sector,836220.0,13.031128099065372,13.088132109028013,Table 6.1C,18,Government,Direct legacy SIC mapping.,"BEA NIPA archive, 2024 Q1 Third estimate, released June 28, 2024; Section 6 Table 6.1B/C/D."
1995,Rest of the world,17,sector,27949.0,0.4355396896041449,missing,Table 6.1C,19,Rest of the world,Direct mapping.,"BEA NIPA archive, 2024 Q1 Third estimate, released June 28, 2024; Section 6 Table 6.1B/C/D."
1996,"Agriculture, forestry, fishing, and hunting",1,sector,99020.0,1.451517951797056,1.458115120412301,Table 6.1C,4,"Agriculture, forestry, and fishing",Legacy SIC agriculture/forestry/fishing mapped to Table 6D agriculture/forestry/fishing/hunting.,"BEA NIPA archive, 2024 Q1 Third estimate, released June 28, 2024; Section 6 Table 6.1B/C/D."
1996,Mining,2,sector,69027.0,1.0118554802938335,1.0164543770622088,Table 6.1C,5,Mining,Direct legacy SIC mapping.,"BEA NIPA archive, 2024 Q1 Third estimate, released June 28, 2024; Section 6 Table 6.1B/C/D."
1996,Utilities,3,sector,149401.0,2.1900447739490203,2.1999985569048497,Table 6.1C,13,"Electric, gas, and sanitary services","Legacy electric, gas, and sanitary services mapped to Table 6D utilities.","BEA NIPA archive, 2024 Q1 Third estimate, released June 28, 2024; Section 6 Table 6.1B/C/D."
1996,Construction,4,sector,305976.0,4.485252038164573,4.505637569009031,Table 6.1C,6,Construction,Direct legacy SIC mapping.,"BEA NIPA archive, 2024 Q1 Third estimate, released June 28, 2024; Section 6 Table 6.1B/C/D."
1996,Manufacturing,5,sector,1.113989e6,16.329782181422445,16.404001261088457,Table 6.1C,7,Manufacturing,Direct legacy SIC mapping.,"BEA NIPA archive, 2024 Q1 Third estimate, released June 28, 2024; Section 6 Table 6.1B/C/D."
1996,Wholesale trade,6,sector,477217.0,6.995445792796765,7.027240188020572,Table 6.1C,14,Wholesale trade,Direct legacy SIC mapping.,"BEA NIPA archive, 2024 Q1 Third estimate, released June 28, 2024; Section 6 Table 6.1B/C/D."
1996,Retail trade,7,sector,648271.0,9.502898345076039,9.54608914587763,Table 6.1C,15,Retail trade,Direct legacy SIC mapping.,"BEA NIPA archive, 2024 Q1 Third estimate, released June 28, 2024; Section 6 Table 6.1B/C/D."
1996,Transportation and warehousing,8,sector,204229.0,2.993759440290456,3.007366117215551,Table 6.1C,10 - 12 - 13,Transportation and public utilities less communications and electric/gas/sanitary services,Legacy transportation/public utilities adjusted by subtracting communications and electric/gas/sanitary services.,"BEA NIPA archive, 2024 Q1 Third estimate, released June 28, 2024; Section 6 Table 6.1B/C/D."
1996,Information,9,sector,152971.0,2.242376818868385,2.2525684516722895,Table 6.1C,12,Communications,Legacy communications mapped to Table 6D information.,"BEA NIPA archive, 2024 Q1 Third estimate, released June 28, 2024; Section 6 Table 6.1B/C/D."
1996,"Finance, insurance, real estate, rental, and leasing",10,sector,1.227981e6,18.000772227486372,18.082585979388185,Table 6.1C,16,"Finance, insurance, and real estate",Legacy finance/insurance/real estate mapped to Table 6D finance/insurance/real estate/rental/leasing.,"BEA NIPA archive, 2024 Q1 Third estimate, released June 28, 2024; Section 6 Table 6.1B/C/D."
1996,Professional and business services,11,service_detail,missing,missing,missing,Table 6.1C,,,Service detail is not available before Table 6.1D; kept missing by design.,"BEA NIPA archive, 2024 Q1 Third estimate, released June 28, 2024; Section 6 Table 6.1B/C/D."
1996,"Educational services, health care, and social assistance",12,service_detail,missing,missing,missing,Table 6.1C,,,Service detail is not available before Table 6.1D; kept missing by design.,"BEA NIPA archive, 2024 Q1 Third estimate, released June 28, 2024; Section 6 Table 6.1B/C/D."
1996,"Arts, entertainment, recreation, accommodation, and food services",13,service_detail,missing,missing,missing,Table 6.1C,,,Service detail is not available before Table 6.1D; kept missing by design.,"BEA NIPA archive, 2024 Q1 Third estimate, released June 28, 2024; Section 6 Table 6.1B/C/D."
1996,"Other services, except government",14,service_detail,missing,missing,missing,Table 6.1C,,,Service detail is not available before Table 6.1D; kept missing by design.,"BEA NIPA archive, 2024 Q1 Third estimate, released June 28, 2024; Section 6 Table 6.1B/C/D."
1996,Services,15,services_total,1.482851e6,21.73686978731788,21.83566415288327,Table 6.1C,17,Services,Legacy aggregate services mapped to total services.,"BEA NIPA archive, 2024 Q1 Third estimate, released June 28, 2024; Section 6 Table 6.1B/C/D."
1996,Government,16,sector,860026.0,12.606980185944405,12.66427908046566,Table 6.1C,18,Government,Direct legacy SIC mapping.,"BEA NIPA archive, 2024 Q1 Third estimate, released June 28, 2024; Section 6 Table 6.1B/C/D."
1996,Rest of the world,17,sector,30865.0,0.4524449765927705,missing,Table 6.1C,19,Rest of the world,Direct mapping.,"BEA NIPA archive, 2024 Q1 Third estimate, released June 28, 2024; Section 6 Table 6.1B/C/D."
1997,"Agriculture, forestry, fishing, and hunting",1,sector,97723.0,1.3419582953807814,1.3462658319486958,Table 6.1C,4,"Agriculture, forestry, and fishing",Legacy SIC agriculture/forestry/fishing mapped to Table 6D agriculture/forestry/fishing/hunting.,"BEA NIPA archive, 2024 Q1 Third estimate, released June 28, 2024; Section 6 Table 6.1B/C/D."
1997,Mining,2,sector,78466.0,1.0775160361977056,1.0809747425855363,Table 6.1C,5,Mining,Direct legacy SIC mapping.,"BEA NIPA archive, 2024 Q1 Third estimate, released June 28, 2024; Section 6 Table 6.1B/C/D."
1997,Utilities,3,sector,147752.0,2.0289698644034795,2.035482631541026,Table 6.1C,13,"Electric, gas, and sanitary services","Legacy electric, gas, and sanitary services mapped to Table 6D utilities.","BEA NIPA archive, 2024 Q1 Third estimate, released June 28, 2024; Section 6 Table 6.1B/C/D."
1997,Construction,4,sector,331681.0,4.554731939975164,4.569352121880984,Table 6.1C,6,Construction,Direct legacy SIC mapping.,"BEA NIPA archive, 2024 Q1 Third estimate, released June 28, 2024; Section 6 Table 6.1B/C/D."
1997,Manufacturing,5,sector,1.180479e6,16.210652421362518,16.26268680896989,Table 6.1C,7,Manufacturing,Direct legacy SIC mapping.,"BEA NIPA archive, 2024 Q1 Third estimate, released June 28, 2024; Section 6 Table 6.1B/C/D."
1997,Wholesale trade,6,sector,515632.0,7.080796125413496,7.103524691826591,Table 6.1C,14,Wholesale trade,Direct legacy SIC mapping.,"BEA NIPA archive, 2024 Q1 Third estimate, released June 28, 2024; Section 6 Table 6.1B/C/D."
1997,Retail trade,7,sector,697347.0,9.576154962587125,9.606893352761654,Table 6.1C,15,Retail trade,Direct legacy SIC mapping.,"BEA NIPA archive, 2024 Q1 Third estimate, released June 28, 2024; Section 6 Table 6.1B/C/D."
1997,Transportation and warehousing,8,sector,223847.0,3.073926696336602,3.0837936584449896,Table 6.1C,10 - 12 - 13,Transportation and public utilities less communications and electric/gas/sanitary services,Legacy transportation/public utilities adjusted by subtracting communications and electric/gas/sanitary services.,"BEA NIPA archive, 2024 Q1 Third estimate, released June 28, 2024; Section 6 Table 6.1B/C/D."
1997,Information,9,sector,141349.0,1.94104216094244,1.9472726899513544,Table 6.1C,12,Communications,Legacy communications mapped to Table 6D information.,"BEA NIPA archive, 2024 Q1 Third estimate, released June 28, 2024; Section 6 Table 6.1B/C/D."
1997,"Finance, insurance, real estate, rental, and leasing",10,sector,1.342338e6,18.433343371620268,18.492512349460704,Table 6.1C,16,"Finance, insurance, and real estate",Legacy finance/insurance/real estate mapped to Table 6D finance/insurance/real estate/rental/leasing.,"BEA NIPA archive, 2024 Q1 Third estimate, released June 28, 2024; Section 6 Table 6.1B/C/D."
1997,Professional and business services,11,service_detail,missing,missing,missing,Table 6.1C,,,Service detail is not available before Table 6.1D; kept missing by design.,"BEA NIPA archive, 2024 Q1 Third estimate, released June 28, 2024; Section 6 Table 6.1B/C/D."
1997,"Educational services, health care, and social assistance",12,service_detail,missing,missing,missing,Table 6.1C,,,Service detail is not available before Table 6.1D; kept missing by design.,"BEA NIPA archive, 2024 Q1 Third estimate, released June 28, 2024; Section 6 Table 6.1B/C/D."
1997,"Arts, entertainment, recreation, accommodation, and food services",13,service_detail,missing,missing,missing,Table 6.1C,,,Service detail is not available before Table 6.1D; kept missing by design.,"BEA NIPA archive, 2024 Q1 Third estimate, released June 28, 2024; Section 6 Table 6.1B/C/D."
1997,"Other services, except government",14,service_detail,missing,missing,missing,Table 6.1C,,,Service detail is not available before Table 6.1D; kept missing by design.,"BEA NIPA archive, 2024 Q1 Third estimate, released June 28, 2024; Section 6 Table 6.1B/C/D."
1997,Services,15,services_total,1.608282e6,22.085357297786537,22.156248833315722,Table 6.1C,17,Services,Legacy aggregate services mapped to total services.,"BEA NIPA archive, 2024 Q1 Third estimate, released June 28, 2024; Section 6 Table 6.1B/C/D."
1997,Government,16,sector,893923.0,12.27558901468103,12.314992287312853,Table 6.1C,18,Government,Direct legacy SIC mapping.,"BEA NIPA archive, 2024 Q1 Third estimate, released June 28, 2024; Section 6 Table 6.1B/C/D."
1997,Rest of the world,17,sector,23300.0,0.3199618133128558,missing,Table 6.1C,19,Rest of the world,Direct mapping.,"BEA NIPA archive, 2024 Q1 Third estimate, released June 28, 2024; Section 6 Table 6.1B/C/D."
1998,"Agriculture, forestry, fishing, and hunting",1,sector,74550.0,0.9624841619390254,0.9646520685672879,Table 6.1D,4,"Agriculture, forestry, fishing, and hunting",Direct Table 6D NAICS mapping.,"BEA NIPA archive, 2024 Q1 Third estimate, released June 28, 2024; Section 6 Table 6.1B/C/D."
1998,Mining,2,sector,72602.0,0.9373343410475804,0.9394456000284672,Table 6.1D,5,Mining,Direct Table 6D NAICS mapping.,"BEA NIPA archive, 2024 Q1 Third estimate, released June 28, 2024; Section 6 Table 6.1B/C/D."
1998,Utilities,3,sector,128627.0,1.6606499033900874,1.6643903638310469,Table 6.1D,6,Utilities,Direct Table 6D NAICS mapping.,"BEA NIPA archive, 2024 Q1 Third estimate, released June 28, 2024; Section 6 Table 6.1B/C/D."
1998,Construction,4,sector,384580.0,4.965153038209395,4.97633658658092,Table 6.1D,7,Construction,Direct Table 6D NAICS mapping.,"BEA NIPA archive, 2024 Q1 Third estimate, released June 28, 2024; Section 6 Table 6.1B/C/D."
1998,Manufacturing,5,sector,1.136382e6,14.671357168512321,14.70440304470331,Table 6.1D,8,Manufacturing,Direct Table 6D NAICS mapping.,"BEA NIPA archive, 2024 Q1 Third estimate, released June 28, 2024; Section 6 Table 6.1B/C/D."
1998,Wholesale trade,6,sector,514643.0,6.6443425426262355,6.659308310176724,Table 6.1D,11,Wholesale trade,Direct Table 6D NAICS mapping.,"BEA NIPA archive, 2024 Q1 Third estimate, released June 28, 2024; Section 6 Table 6.1B/C/D."
1998,Retail trade,7,sector,611090.0,7.889529799051898,7.907300235825405,Table 6.1D,12,Retail trade,Direct Table 6D NAICS mapping.,"BEA NIPA archive, 2024 Q1 Third estimate, released June 28, 2024; Section 6 Table 6.1B/C/D."
1998,Transportation and warehousing,8,sector,249950.0,3.2270008890229294,3.234269410307091,Table 6.1D,13,Transportation and warehousing,Direct Table 6D NAICS mapping.,"BEA NIPA archive, 2024 Q1 Third estimate, released June 28, 2024; Section 6 Table 6.1B/C/D."
1998,Information,9,sector,280303.0,3.6188758959623692,3.627027079485131,Table 6.1D,14,Information,Direct Table 6D NAICS mapping.,"BEA NIPA archive, 2024 Q1 Third estimate, released June 28, 2024; Section 6 Table 6.1B/C/D."
1998,"Finance, insurance, real estate, rental, and leasing",10,sector,1.303636e6,16.830704264702124,16.868613870674512,Table 6.1D,15,"Finance, insurance, real estate, rental, and leasing",Direct Table 6D NAICS mapping.,"BEA NIPA archive, 2024 Q1 Third estimate, released June 28, 2024; Section 6 Table 6.1B/C/D."
1998,Professional and business services,11,service_detail,896311.0,11.571899955355194,11.597964590605155,Table 6.1D,16,Professional and business services\1\,Direct Table 6D NAICS mapping.,"BEA NIPA archive, 2024 Q1 Third estimate, released June 28, 2024; Section 6 Table 6.1B/C/D."
1998,"Educational services, health care, and social assistance",12,service_detail,605724.0,7.820251596329365,7.837865990353479,Table 6.1D,17,"Educational services, health care, and social assistance",Direct Table 6D NAICS mapping.,"BEA NIPA archive, 2024 Q1 Third estimate, released June 28, 2024; Section 6 Table 6.1B/C/D."
1998,"Arts, entertainment, recreation, accommodation, and food services",13,service_detail,290424.0,3.7495439335610934,3.7579894347630587,Table 6.1D,18,"Arts, entertainment, recreation, accommodation, and food services",Direct Table 6D NAICS mapping.,"BEA NIPA archive, 2024 Q1 Third estimate, released June 28, 2024; Section 6 Table 6.1B/C/D."
1998,"Other services, except government",14,service_detail,245671.0,3.171756492927194,3.1789005813144757,Table 6.1D,19,"Other services, except government",Direct Table 6D NAICS mapping.,"BEA NIPA archive, 2024 Q1 Third estimate, released June 28, 2024; Section 6 Table 6.1B/C/D."
1998,Services,15,services_total,2.03813e6,26.313451978172846,26.37272059703617,Table 6.1D,16 + 17 + 18 + 19,Sum of Table 6D service detail rows,Total services constructed as the sum of the four Table 6D service detail rows.,"BEA NIPA archive, 2024 Q1 Third estimate, released June 28, 2024; Section 6 Table 6.1B/C/D."
1998,Government,16,sector,933679.0,12.054342720792317,12.081494013787214,Table 6.1D,20,Government,Direct Table 6D NAICS mapping.,"BEA NIPA archive, 2024 Q1 Third estimate, released June 28, 2024; Section 6 Table 6.1B/C/D."
1998,Rest of the world,17,sector,17407.0,0.2247345648138513,missing,Table 6.1D,21,Rest of the world,Direct mapping.,"BEA NIPA archive, 2024 Q1 Third estimate, released June 28, 2024; Section 6 Table 6.1B/C/D."
1999,"Agriculture, forestry, fishing, and hunting",1,sector,70374.0,0.858989879460189,0.8622423987428174,Table 6.1D,4,"Agriculture, forestry, fishing, and hunting",Direct Table 6D NAICS mapping.,"BEA NIPA archive, 2024 Q1 Third estimate, released June 28, 2024; Section 6 Table 6.1B/C/D."
1999,Mining,2,sector,70617.0,0.8619559541569354,0.8652197043229252,Table 6.1D,5,Mining,Direct Table 6D NAICS mapping.,"BEA NIPA archive, 2024 Q1 Third estimate, released June 28, 2024; Section 6 Table 6.1B/C/D."
1999,Utilities,3,sector,134424.0,1.6407885803927083,1.6470013386848052,Table 6.1D,6,Utilities,Direct Table 6D NAICS mapping.,"BEA NIPA archive, 2024 Q1 Third estimate, released June 28, 2024; Section 6 Table 6.1B/C/D."
1999,Construction,4,sector,432483.0,5.27891721429194,5.298905552270582,Table 6.1D,7,Construction,Direct Table 6D NAICS mapping.,"BEA NIPA archive, 2024 Q1 Third estimate, released June 28, 2024; Section 6 Table 6.1B/C/D."
1999,Manufacturing,5,sector,1.175754e6,14.351334111104032,14.405674670921968,Table 6.1D,8,Manufacturing,Direct Table 6D NAICS mapping.,"BEA NIPA archive, 2024 Q1 Third estimate, released June 28, 2024; Section 6 Table 6.1B/C/D."
1999,Wholesale trade,6,sector,532615.0,6.5011352864508,6.525751487856391,Table 6.1D,11,Wholesale trade,Direct Table 6D NAICS mapping.,"BEA NIPA archive, 2024 Q1 Third estimate, released June 28, 2024; Section 6 Table 6.1B/C/D."
1999,Retail trade,7,sector,626189.0,7.643305960003643,7.672246929638305,Table 6.1D,12,Retail trade,Direct Table 6D NAICS mapping.,"BEA NIPA archive, 2024 Q1 Third estimate, released June 28, 2024; Section 6 Table 6.1B/C/D."
1999,Transportation and warehousing,8,sector,257730.0,3.145870088857739,3.1577817578649263,Table 6.1D,13,Transportation and warehousing,Direct Table 6D NAICS mapping.,"BEA NIPA archive, 2024 Q1 Third estimate, released June 28, 2024; Section 6 Table 6.1B/C/D."
1999,Information,9,sector,310301.0,3.7875553270579494,3.801896702934251,Table 6.1D,14,Information,Direct Table 6D NAICS mapping.,"BEA NIPA archive, 2024 Q1 Third estimate, released June 28, 2024; Section 6 Table 6.1B/C/D."
1999,"Finance, insurance, real estate, rental, and leasing",10,sector,1.350435e6,16.483502399591046,16.545916300711294,Table 6.1D,15,"Finance, insurance, real estate, rental, and leasing",Direct Table 6D NAICS mapping.,"BEA NIPA archive, 2024 Q1 Third estimate, released June 28, 2024; Section 6 Table 6.1B/C/D."
1999,Professional and business services,11,service_detail,990279.0,12.087413516951667,12.133181862401434,Table 6.1D,16,Professional and business services\1\,Direct Table 6D NAICS mapping.,"BEA NIPA archive, 2024 Q1 Third estimate, released June 28, 2024; Section 6 Table 6.1B/C/D."
1999,"Educational services, health care, and social assistance",12,service_detail,645307.0,7.876661581618442,7.906486139846126,Table 6.1D,17,"Educational services, health care, and social assistance",Direct Table 6D NAICS mapping.,"BEA NIPA archive, 2024 Q1 Third estimate, released June 28, 2024; Section 6 Table 6.1B/C/D."
1999,"Arts, entertainment, recreation, accommodation, and food services",13,service_detail,317556.0,3.8761103555554577,3.890787040315658,Table 6.1D,18,"Arts, entertainment, recreation, accommodation, and food services",Direct Table 6D NAICS mapping.,"BEA NIPA archive, 2024 Q1 Third estimate, released June 28, 2024; Section 6 Table 6.1B/C/D."
1999,"Other services, except government",14,service_detail,262266.0,3.201236816530337,3.213358128693605,Table 6.1D,19,"Other services, except government",Direct Table 6D NAICS mapping.,"BEA NIPA archive, 2024 Q1 Third estimate, released June 28, 2024; Section 6 Table 6.1B/C/D."
1999,Services,15,services_total,2.215408e6,27.041422270655904,27.143813171256824,Table 6.1D,16 + 17 + 18 + 19,Sum of Table 6D service detail rows,Total services constructed as the sum of the four Table 6D service detail rows.,"BEA NIPA archive, 2024 Q1 Third estimate, released June 28, 2024; Section 6 Table 6.1B/C/D."
1999,Government,16,sector,985553.0,12.029727636223999,12.075277557168555,Table 6.1D,20,Government,Direct Table 6D NAICS mapping.,"BEA NIPA archive, 2024 Q1 Third estimate, released June 28, 2024; Section 6 Table 6.1B/C/D."
1999,Rest of the world,17,sector,30904.0,0.3772163474413517,missing,Table 6.1D,21,Rest of the world,Direct mapping.,"BEA NIPA archive, 2024 Q1 Third estimate, released June 28, 2024; Section 6 Table 6.1B/C/D."
2000,"Agriculture, forestry, fishing, and hunting",1,sector,74147.0,0.8442614485744271,0.8479769185410593,Table 6.1D,4,"Agriculture, forestry, fishing, and hunting",Direct Table 6D NAICS mapping.,"BEA NIPA archive, 2024 Q1 Third estimate, released June 28, 2024; Section 6 Table 6.1B/C/D."
2000,Mining,2,sector,90675.0,1.032454540972476,1.036998220949068,Table 6.1D,5,Mining,Direct Table 6D NAICS mapping.,"BEA NIPA archive, 2024 Q1 Third estimate, released June 28, 2024; Section 6 Table 6.1B/C/D."
2000,Utilities,3,sector,135415.0,1.541878485423632,1.5486640649552583,Table 6.1D,6,Utilities,Direct Table 6D NAICS mapping.,"BEA NIPA archive, 2024 Q1 Third estimate, released June 28, 2024; Section 6 Table 6.1B/C/D."
2000,Construction,4,sector,475114.0,5.409799909342122,5.433607639900695,Table 6.1D,7,Construction,Direct Table 6D NAICS mapping.,"BEA NIPA archive, 2024 Q1 Third estimate, released June 28, 2024; Section 6 Table 6.1B/C/D."
2000,Manufacturing,5,sector,1.235582e6,14.068731697202688,14.130646107931529,Table 6.1D,8,Manufacturing,Direct Table 6D NAICS mapping.,"BEA NIPA archive, 2024 Q1 Third estimate, released June 28, 2024; Section 6 Table 6.1B/C/D."
2000,Wholesale trade,6,sector,570243.0,6.4929691183652345,6.521543716665668,Table 6.1D,11,Wholesale trade,Direct Table 6D NAICS mapping.,"BEA NIPA archive, 2024 Q1 Third estimate, released June 28, 2024; Section 6 Table 6.1B/C/D."
2000,Retail trade,7,sector,666733.0,7.591635108532691,7.625044773620458,Table 6.1D,12,Retail trade,Direct Table 6D NAICS mapping.,"BEA NIPA archive, 2024 Q1 Third estimate, released June 28, 2024; Section 6 Table 6.1B/C/D."
2000,Transportation and warehousing,8,sector,272264.0,3.1000849533314607,3.113727969434542,Table 6.1D,13,Transportation and warehousing,Direct Table 6D NAICS mapping.,"BEA NIPA archive, 2024 Q1 Third estimate, released June 28, 2024; Section 6 Table 6.1B/C/D."
2000,Information,9,sector,304045.0,3.4619535804794754,3.477189126975014,Table 6.1D,14,Information,Direct Table 6D NAICS mapping.,"BEA NIPA archive, 2024 Q1 Third estimate, released June 28, 2024; Section 6 Table 6.1B/C/D."
2000,"Finance, insurance, real estate, rental, and leasing",10,sector,1.464839e6,16.679125198164662,16.752527565225385,Table 6.1D,15,"Finance, insurance, real estate, rental, and leasing",Direct Table 6D NAICS mapping.,"BEA NIPA archive, 2024 Q1 Third estimate, released June 28, 2024; Section 6 Table 6.1B/C/D."
2000,Professional and business services,11,service_detail,1.10009e6,12.52597646516031,12.58110143792512,Table 6.1D,16,Professional and business services\1\,Direct Table 6D NAICS mapping.,"BEA NIPA archive, 2024 Q1 Third estimate, released June 28, 2024; Section 6 Table 6.1B/C/D."
2000,"Educational services, health care, and social assistance",12,service_detail,688190.0,7.83595137085027,7.870436235731339,Table 6.1D,17,"Educational services, health care, and social assistance",Direct Table 6D NAICS mapping.,"BEA NIPA archive, 2024 Q1 Third estimate, released June 28, 2024; Section 6 Table 6.1B/C/D."
2000,"Arts, entertainment, recreation, accommodation, and food services",13,service_detail,340243.0,3.874115581848339,3.8911649924496694,Table 6.1D,18,"Arts, entertainment, recreation, accommodation, and food services",Direct Table 6D NAICS mapping.,"BEA NIPA archive, 2024 Q1 Third estimate, released June 28, 2024; Section 6 Table 6.1B/C/D."
2000,"Other services, except government",14,service_detail,283366.0,3.2264958749071586,3.2406952068095243,Table 6.1D,19,"Other services, except government",Direct Table 6D NAICS mapping.,"BEA NIPA archive, 2024 Q1 Third estimate, released June 28, 2024; Section 6 Table 6.1B/C/D."
2000,Services,15,services_total,2.411889e6,27.462539292766078,27.583397872915654,Table 6.1D,16 + 17 + 18 + 19,Sum of Table 6D service detail rows,Total services constructed as the sum of the four Table 6D service detail rows.,"BEA NIPA archive, 2024 Q1 Third estimate, released June 28, 2024; Section 6 Table 6.1B/C/D."
2000,Government,16,sector,1.043233e6,11.87858448461361,11.93086038086969,Table 6.1D,20,Government,Direct Table 6D NAICS mapping.,"BEA NIPA archive, 2024 Q1 Third estimate, released June 28, 2024; Section 6 Table 6.1B/C/D."
2000,Rest of the world,17,sector,38480.0,0.4381455829790005,missing,Table 6.1D,21,Rest of the world,Direct mapping.,"BEA NIPA archive, 2024 Q1 Third estimate, released June 28, 2024; Section 6 Table 6.1B/C/D."
2001,"Agriculture, forestry, fishing, and hunting",1,sector,75125.0,0.8315528969476558,0.8362144934421305,Table 6.1D,4,"Agriculture, forestry, fishing, and hunting",Direct Table 6D NAICS mapping.,"BEA NIPA archive, 2024 Q1 Third estimate, released June 28, 2024; Section 6 Table 6.1B/C/D."
2001,Mining,2,sector,102345.0,1.132849001505595,1.1391996316983006,Table 6.1D,5,Mining,Direct Table 6D NAICS mapping.,"BEA NIPA archive, 2024 Q1 Third estimate, released June 28, 2024; Section 6 Table 6.1B/C/D."
2001,Utilities,3,sector,138363.0,1.5315294972428417,1.5401150876024425,Table 6.1D,6,Utilities,Direct Table 6D NAICS mapping.,"BEA NIPA archive, 2024 Q1 Third estimate, released June 28, 2024; Section 6 Table 6.1B/C/D."
2001,Construction,4,sector,508969.0,5.633739053664578,5.66532119151744,Table 6.1D,7,Construction,Direct Table 6D NAICS mapping.,"BEA NIPA archive, 2024 Q1 Third estimate, released June 28, 2024; Section 6 Table 6.1B/C/D."
2001,Manufacturing,5,sector,1.113646e6,12.326862661885777,12.39596573396146,Table 6.1D,8,Manufacturing,Direct Table 6D NAICS mapping.,"BEA NIPA archive, 2024 Q1 Third estimate, released June 28, 2024; Section 6 Table 6.1B/C/D."
2001,Wholesale trade,6,sector,560401.0,6.203035940131291,6.237809495367233,Table 6.1D,11,Wholesale trade,Direct Table 6D NAICS mapping.,"BEA NIPA archive, 2024 Q1 Third estimate, released June 28, 2024; Section 6 Table 6.1B/C/D."
2001,Retail trade,7,sector,698000.0,7.726108779626805,7.769420518104586,Table 6.1D,12,Retail trade,Direct Table 6D NAICS mapping.,"BEA NIPA archive, 2024 Q1 Third estimate, released June 28, 2024; Section 6 Table 6.1B/C/D."
2001,Transportation and warehousing,8,sector,269311.0,2.98098292485684,2.9976939959187168,Table 6.1D,13,Transportation and warehousing,Direct Table 6D NAICS mapping.,"BEA NIPA archive, 2024 Q1 Third estimate, released June 28, 2024; Section 6 Table 6.1B/C/D."
2001,Information,9,sector,310891.0,3.4412287745085344,3.4605199345187003,Table 6.1D,14,Information,Direct Table 6D NAICS mapping.,"BEA NIPA archive, 2024 Q1 Third estimate, released June 28, 2024; Section 6 Table 6.1B/C/D."
2001,"Finance, insurance, real estate, rental, and leasing",10,sector,1.590443e6,17.604492300567326,17.703181199249016,Table 6.1D,15,"Finance, insurance, real estate, rental, and leasing",Direct Table 6D NAICS mapping.,"BEA NIPA archive, 2024 Q1 Third estimate, released June 28, 2024; Section 6 Table 6.1B/C/D."
2001,Professional and business services,11,service_detail,1.129327e6,12.500434455257308,12.570510552219911,Table 6.1D,16,Professional and business services\1\,Direct Table 6D NAICS mapping.,"BEA NIPA archive, 2024 Q1 Third estimate, released June 28, 2024; Section 6 Table 6.1B/C/D."
2001,"Educational services, health care, and social assistance",12,service_detail,750637.0,8.30874371921594,8.355321646774316,Table 6.1D,17,"Educational services, health care, and social assistance",Direct Table 6D NAICS mapping.,"BEA NIPA archive, 2024 Q1 Third estimate, released June 28, 2024; Section 6 Table 6.1B/C/D."
2001,"Arts, entertainment, recreation, accommodation, and food services",13,service_detail,352795.0,3.9050609554562157,3.926952309003879,Table 6.1D,18,"Arts, entertainment, recreation, accommodation, and food services",Direct Table 6D NAICS mapping.,"BEA NIPA archive, 2024 Q1 Third estimate, released June 28, 2024; Section 6 Table 6.1B/C/D."
2001,"Other services, except government",14,service_detail,270632.0,2.9956049731346153,3.0123980138333533,Table 6.1D,19,"Other services, except government",Direct Table 6D NAICS mapping.,"BEA NIPA archive, 2024 Q1 Third estimate, released June 28, 2024; Section 6 Table 6.1B/C/D."
2001,Services,15,services_total,2.503391e6,27.70984410306408,27.86518252183146,Table 6.1D,16 + 17 + 18 + 19,Sum of Table 6D service detail rows,Total services constructed as the sum of the four Table 6D service detail rows.,"BEA NIPA archive, 2024 Q1 Third estimate, released June 28, 2024; Section 6 Table 6.1B/C/D."
2001,Government,16,sector,1.113053e6,12.320298790100221,12.389365065813559,Table 6.1D,20,Government,Direct Table 6D NAICS mapping.,"BEA NIPA archive, 2024 Q1 Third estimate, released June 28, 2024; Section 6 Table 6.1B/C/D."
2001,Rest of the world,17,sector,50364.0,0.557475275898459,missing,Table 6.1D,21,Rest of the world,Direct mapping.,"BEA NIPA archive, 2024 Q1 Third estimate, released June 28, 2024; Section 6 Table 6.1B/C/D."
2002,"Agriculture, forestry, fishing, and hunting",1,sector,70745.0,0.7678715051236659,0.7717072877005926,Table 6.1D,4,"Agriculture, forestry, fishing, and hunting",Direct Table 6D NAICS mapping.,"BEA NIPA archive, 2024 Q1 Third estimate, released June 28, 2024; Section 6 Table 6.1B/C/D."
2002,Mining,2,sector,86583.0,0.939778338089227,0.9444728544912067,Table 6.1D,5,Mining,Direct Table 6D NAICS mapping.,"BEA NIPA archive, 2024 Q1 Third estimate, released June 28, 2024; Section 6 Table 6.1B/C/D."
2002,Utilities,3,sector,132210.0,1.4350171982811488,1.4421856033203102,Table 6.1D,6,Utilities,Direct Table 6D NAICS mapping.,"BEA NIPA archive, 2024 Q1 Third estimate, released June 28, 2024; Section 6 Table 6.1B/C/D."
2002,Construction,4,sector,513439.0,5.57290519074408,5.600743771145729,Table 6.1D,7,Construction,Direct Table 6D NAICS mapping.,"BEA NIPA archive, 2024 Q1 Third estimate, released June 28, 2024; Section 6 Table 6.1B/C/D."
2002,Manufacturing,5,sector,1.07361e6,11.653042994074761,11.71125395643838,Table 6.1D,8,Manufacturing,Direct Table 6D NAICS mapping.,"BEA NIPA archive, 2024 Q1 Third estimate, released June 28, 2024; Section 6 Table 6.1B/C/D."
2002,Wholesale trade,6,sector,562030.0,6.100315527947614,6.130788704592043,Table 6.1D,11,Wholesale trade,Direct Table 6D NAICS mapping.,"BEA NIPA archive, 2024 Q1 Third estimate, released June 28, 2024; Section 6 Table 6.1B/C/D."
2002,Retail trade,7,sector,723699.0,7.855082908848567,7.894321752797105,Table 6.1D,12,Retail trade,Direct Table 6D NAICS mapping.,"BEA NIPA archive, 2024 Q1 Third estimate, released June 28, 2024; Section 6 Table 6.1B/C/D."
2002,Transportation and warehousing,8,sector,264432.0,2.8701646454570815,2.8845021061734837,Table 6.1D,13,Transportation and warehousing,Direct Table 6D NAICS mapping.,"BEA NIPA archive, 2024 Q1 Third estimate, released June 28, 2024; Section 6 Table 6.1B/C/D."
2002,Information,9,sector,322699.0,3.5025990081546663,3.5200956962851584,Table 6.1D,14,Information,Direct Table 6D NAICS mapping.,"BEA NIPA archive, 2024 Q1 Third estimate, released June 28, 2024; Section 6 Table 6.1B/C/D."
2002,"Finance, insurance, real estate, rental, and leasing",10,sector,1.588643e6,17.24324957967596,17.329385548866103,Table 6.1D,15,"Finance, insurance, real estate, rental, and leasing",Direct Table 6D NAICS mapping.,"BEA NIPA archive, 2024 Q1 Third estimate, released June 28, 2024; Section 6 Table 6.1B/C/D."
2002,Professional and business services,11,service_detail,1.171598e6,12.716612052581478,12.780135908621654,Table 6.1D,16,Professional and business services\1\,Direct Table 6D NAICS mapping.,"BEA NIPA archive, 2024 Q1 Third estimate, released June 28, 2024; Section 6 Table 6.1B/C/D."
2002,"Educational services, health care, and social assistance",12,service_detail,819961.0,8.89991783465554,8.944375988836887,Table 6.1D,17,"Educational services, health care, and social assistance",Direct Table 6D NAICS mapping.,"BEA NIPA archive, 2024 Q1 Third estimate, released June 28, 2024; Section 6 Table 6.1B/C/D."
2002,"Arts, entertainment, recreation, accommodation, and food services",13,service_detail,365218.0,3.964103404597569,3.9839054661026934,Table 6.1D,18,"Arts, entertainment, recreation, accommodation, and food services",Direct Table 6D NAICS mapping.,"BEA NIPA archive, 2024 Q1 Third estimate, released June 28, 2024; Section 6 Table 6.1B/C/D."
2002,"Other services, except government",14,service_detail,294229.0,3.1935835052799644,3.2095365545672156,Table 6.1D,19,"Other services, except government",Direct Table 6D NAICS mapping.,"BEA NIPA archive, 2024 Q1 Third estimate, released June 28, 2024; Section 6 Table 6.1B/C/D."
2002,Services,15,services_total,2.651006e6,28.77421679711455,28.91795391812845,Table 6.1D,16 + 17 + 18 + 19,Sum of Table 6D service detail rows,Total services constructed as the sum of the four Table 6D service detail rows.,"BEA NIPA archive, 2024 Q1 Third estimate, released June 28, 2024; Section 6 Table 6.1B/C/D."
2002,Government,16,sector,1.178239e6,12.788693961769779,12.85257789176703,Table 6.1D,20,Government,Direct Table 6D NAICS mapping.,"BEA NIPA archive, 2024 Q1 Third estimate, released June 28, 2024; Section 6 Table 6.1B/C/D."
2002,Rest of the world,17,sector,45794.0,0.4970514906443304,missing,Table 6.1D,21,Rest of the world,Direct mapping.,"BEA NIPA archive, 2024 Q1 Third estimate, released June 28, 2024; Section 6 Table 6.1B/C/D."
2003,"Agriculture, forestry, fishing, and hunting",1,sector,84628.0,0.8777400465214256,0.8830978506603773,Table 6.1D,4,"Agriculture, forestry, fishing, and hunting",Direct Table 6D NAICS mapping.,"BEA NIPA archive, 2024 Q1 Third estimate, released June 28, 2024; Section 6 Table 6.1B/C/D."
2003,Mining,2,sector,109127.0,1.1318374303628067,1.138746267772073,Table 6.1D,5,Mining,Direct Table 6D NAICS mapping.,"BEA NIPA archive, 2024 Q1 Third estimate, released June 28, 2024; Section 6 Table 6.1B/C/D."
2003,Utilities,3,sector,135543.0,1.4058174496106914,1.4143986856839286,Table 6.1D,6,Utilities,Direct Table 6D NAICS mapping.,"BEA NIPA archive, 2024 Q1 Third estimate, released June 28, 2024; Section 6 Table 6.1B/C/D."
2003,Construction,4,sector,530218.0,5.499285957206802,5.532854092988655,Table 6.1D,7,Construction,Direct Table 6D NAICS mapping.,"BEA NIPA archive, 2024 Q1 Third estimate, released June 28, 2024; Section 6 Table 6.1B/C/D."
2003,Manufacturing,5,sector,1.106838e6,11.479841631749322,11.549915616926203,Table 6.1D,8,Manufacturing,Direct Table 6D NAICS mapping.,"BEA NIPA archive, 2024 Q1 Third estimate, released June 28, 2024; Section 6 Table 6.1B/C/D."
2003,Wholesale trade,6,sector,578040.0,5.995283552621412,6.031879302308036,Table 6.1D,11,Wholesale trade,Direct Table 6D NAICS mapping.,"BEA NIPA archive, 2024 Q1 Third estimate, released June 28, 2024; Section 6 Table 6.1B/C/D."
2003,Retail trade,7,sector,757125.0,7.852707528507519,7.900641161096069,Table 6.1D,12,Retail trade,Direct Table 6D NAICS mapping.,"BEA NIPA archive, 2024 Q1 Third estimate, released June 28, 2024; Section 6 Table 6.1B/C/D."
2003,Transportation and warehousing,8,sector,278659.0,2.890180125060428,2.9078220443254015,Table 6.1D,13,Transportation and warehousing,Direct Table 6D NAICS mapping.,"BEA NIPA archive, 2024 Q1 Third estimate, released June 28, 2024; Section 6 Table 6.1B/C/D."
2003,Information,9,sector,344892.0,3.577131919989454,3.5989670547568045,Table 6.1D,14,Information,Direct Table 6D NAICS mapping.,"BEA NIPA archive, 2024 Q1 Third estimate, released June 28, 2024; Section 6 Table 6.1B/C/D."
2003,"Finance, insurance, real estate, rental, and leasing",10,sector,1.637038e6,16.978940897543858,17.082581878921427,Table 6.1D,15,"Finance, insurance, real estate, rental, and leasing",Direct Table 6D NAICS mapping.,"BEA NIPA archive, 2024 Q1 Third estimate, released June 28, 2024; Section 6 Table 6.1B/C/D."
2003,Professional and business services,11,service_detail,1.226872e6,12.724803686201192,12.802477031660896,Table 6.1D,16,Professional and business services\1\,Direct Table 6D NAICS mapping.,"BEA NIPA archive, 2024 Q1 Third estimate, released June 28, 2024; Section 6 Table 6.1B/C/D."
2003,"Educational services, health care, and social assistance",12,service_detail,869386.0,9.017050008095147,9.072090891835122,Table 6.1D,17,"Educational services, health care, and social assistance",Direct Table 6D NAICS mapping.,"BEA NIPA archive, 2024 Q1 Third estimate, released June 28, 2024; Section 6 Table 6.1B/C/D."
2003,"Arts, entertainment, recreation, accommodation, and food services",13,service_detail,381522.0,3.957048943954097,3.9812031263842753,Table 6.1D,18,"Arts, entertainment, recreation, accommodation, and food services",Direct Table 6D NAICS mapping.,"BEA NIPA archive, 2024 Q1 Third estimate, released June 28, 2024; Section 6 Table 6.1B/C/D."
2003,"Other services, except government",14,service_detail,297977.0,3.0905414974041077,3.1094064404951935,Table 6.1D,19,"Other services, except government",Direct Table 6D NAICS mapping.,"BEA NIPA archive, 2024 Q1 Third estimate, released June 28, 2024; Section 6 Table 6.1B/C/D."
2003,Services,15,services_total,2.775757e6,28.789444135654545,28.96517749037549,Table 6.1D,16 + 17 + 18 + 19,Sum of Table 6D service detail rows,Total services constructed as the sum of the four Table 6D service detail rows.,"BEA NIPA archive, 2024 Q1 Third estimate, released June 28, 2024; Section 6 Table 6.1B/C/D."
2003,Government,16,sector,1.245212e6,12.915021491811663,12.993855943854394,Table 6.1D,20,Government,Direct Table 6D NAICS mapping.,"BEA NIPA archive, 2024 Q1 Third estimate, released June 28, 2024; Section 6 Table 6.1B/C/D."
2003,Rest of the world,17,sector,58497.0,0.6067159746344453,missing,Table 6.1D,21,Rest of the world,Direct mapping.,"BEA NIPA archive, 2024 Q1 Third estimate, released June 28, 2024; Section 6 Table 6.1B/C/D."
2004,"Agriculture, forestry, fishing, and hunting",1,sector,107408.0,1.038096361994547,1.0458507113543372,Table 6.1D,4,"Agriculture, forestry, fishing, and hunting",Direct Table 6D NAICS mapping.,"BEA NIPA archive, 2024 Q1 Third estimate, released June 28, 2024; Section 6 Table 6.1B/C/D."
2004,Mining,2,sector,129943.0,1.25589672619039,1.265277995917591,Table 6.1D,5,Mining,Direct Table 6D NAICS mapping.,"BEA NIPA archive, 2024 Q1 Third estimate, released June 28, 2024; Section 6 Table 6.1B/C/D."
2004,Utilities,3,sector,148912.0,1.4392317653930058,1.4499825071614503,Table 6.1D,6,Utilities,Direct Table 6D NAICS mapping.,"BEA NIPA archive, 2024 Q1 Third estimate, released June 28, 2024; Section 6 Table 6.1B/C/D."
2004,Construction,4,sector,582498.0,5.629832551291333,5.671886150589143,Table 6.1D,7,Construction,Direct Table 6D NAICS mapping.,"BEA NIPA archive, 2024 Q1 Third estimate, released June 28, 2024; Section 6 Table 6.1B/C/D."
2004,Manufacturing,5,sector,1.201577e6,11.613219800725473,11.69996797442472,Table 6.1D,8,Manufacturing,Direct Table 6D NAICS mapping.,"BEA NIPA archive, 2024 Q1 Third estimate, released June 28, 2024; Section 6 Table 6.1B/C/D."
2004,Wholesale trade,6,sector,623679.0,6.027846165577955,6.072872838212811,Table 6.1D,11,Wholesale trade,Direct Table 6D NAICS mapping.,"BEA NIPA archive, 2024 Q1 Third estimate, released June 28, 2024; Section 6 Table 6.1B/C/D."
2004,Retail trade,7,sector,788068.0,7.616662853831358,7.673557634399577,Table 6.1D,12,Retail trade,Direct Table 6D NAICS mapping.,"BEA NIPA archive, 2024 Q1 Third estimate, released June 28, 2024; Section 6 Table 6.1B/C/D."
2004,Transportation and warehousing,8,sector,304489.0,2.9428806342856917,2.9648632992846973,Table 6.1D,13,Transportation and warehousing,Direct Table 6D NAICS mapping.,"BEA NIPA archive, 2024 Q1 Third estimate, released June 28, 2024; Section 6 Table 6.1B/C/D."
2004,Information,9,sector,386965.0,3.7400096707807595,3.767946712714426,Table 6.1D,14,Information,Direct Table 6D NAICS mapping.,"BEA NIPA archive, 2024 Q1 Third estimate, released June 28, 2024; Section 6 Table 6.1B/C/D."
2004,"Finance, insurance, real estate, rental, and leasing",10,sector,1.730697e6,16.72715495507668,16.852103089051255,Table 6.1D,15,"Finance, insurance, real estate, rental, and leasing",Direct Table 6D NAICS mapping.,"BEA NIPA archive, 2024 Q1 Third estimate, released June 28, 2024; Section 6 Table 6.1B/C/D."
2004,Professional and business services,11,service_detail,1.30128e6,12.576847478179129,12.67079373669719,Table 6.1D,16,Professional and business services\1\,Direct Table 6D NAICS mapping.,"BEA NIPA archive, 2024 Q1 Third estimate, released June 28, 2024; Section 6 Table 6.1B/C/D."
2004,"Educational services, health care, and social assistance",12,service_detail,932744.0,9.014953756444973,9.082293459625818,Table 6.1D,17,"Educational services, health care, and social assistance",Direct Table 6D NAICS mapping.,"BEA NIPA archive, 2024 Q1 Third estimate, released June 28, 2024; Section 6 Table 6.1B/C/D."
2004,"Arts, entertainment, recreation, accommodation, and food services",13,service_detail,411184.0,3.974085864277947,4.003771403410563,Table 6.1D,18,"Arts, entertainment, recreation, accommodation, and food services",Direct Table 6D NAICS mapping.,"BEA NIPA archive, 2024 Q1 Third estimate, released June 28, 2024; Section 6 Table 6.1B/C/D."
2004,"Other services, except government",14,service_detail,313644.0,3.0313635423936547,3.0540071550724313,Table 6.1D,19,"Other services, except government",Direct Table 6D NAICS mapping.,"BEA NIPA archive, 2024 Q1 Third estimate, released June 28, 2024; Section 6 Table 6.1B/C/D."
2004,Services,15,services_total,2.958852e6,28.5972506412957,28.810865754806002,Table 6.1D,16 + 17 + 18 + 19,Sum of Table 6D service detail rows,Total services constructed as the sum of the four Table 6D service detail rows.,"BEA NIPA archive, 2024 Q1 Third estimate, released June 28, 2024; Section 6 Table 6.1B/C/D."
2004,Government,16,sector,1.306827e6,12.630459132059508,12.724805857729912,Table 6.1D,20,Government,Direct Table 6D NAICS mapping.,"BEA NIPA archive, 2024 Q1 Third estimate, released June 28, 2024; Section 6 Table 6.1B/C/D."
2004,Rest of the world,17,sector,76714.0,0.7414394115340539,missing,Table 6.1D,21,Rest of the world,Direct mapping.,"BEA NIPA archive, 2024 Q1 Third estimate, released June 28, 2024; Section 6 Table 6.1B/C/D."
2005,"Agriculture, forestry, fishing, and hunting",1,sector,97102.0,0.8595740725577113,0.8653036854850747,Table 6.1D,4,"Agriculture, forestry, fishing, and hunting",Direct Table 6D NAICS mapping.,"BEA NIPA archive, 2024 Q1 Third estimate, released June 28, 2024; Section 6 Table 6.1B/C/D."
2005,Mining,2,sector,176265.0,1.560347097890723,1.5707478128362617,Table 6.1D,5,Mining,Direct Table 6D NAICS mapping.,"BEA NIPA archive, 2024 Q1 Third estimate, released June 28, 2024; Section 6 Table 6.1B/C/D."
2005,Utilities,3,sector,162412.0,1.4377164659043378,1.4472997689749125,Table 6.1D,6,Utilities,Direct Table 6D NAICS mapping.,"BEA NIPA archive, 2024 Q1 Third estimate, released June 28, 2024; Section 6 Table 6.1B/C/D."
2005,Construction,4,sector,651404.0,5.766410466935628,5.804847293976639,Table 6.1D,7,Construction,Direct Table 6D NAICS mapping.,"BEA NIPA archive, 2024 Q1 Third estimate, released June 28, 2024; Section 6 Table 6.1B/C/D."
2005,Manufacturing,5,sector,1.336732e6,11.833125673603165,11.912001051531739,Table 6.1D,8,Manufacturing,Direct Table 6D NAICS mapping.,"BEA NIPA archive, 2024 Q1 Third estimate, released June 28, 2024; Section 6 Table 6.1B/C/D."
2005,Wholesale trade,6,sector,684982.0,6.063652317858811,6.10407045262649,Table 6.1D,11,Wholesale trade,Direct Table 6D NAICS mapping.,"BEA NIPA archive, 2024 Q1 Third estimate, released June 28, 2024; Section 6 Table 6.1B/C/D."
2005,Retail trade,7,sector,857703.0,7.592626936159571,7.643236668159307,Table 6.1D,12,Retail trade,Direct Table 6D NAICS mapping.,"BEA NIPA archive, 2024 Q1 Third estimate, released June 28, 2024; Section 6 Table 6.1B/C/D."
2005,Transportation and warehousing,8,sector,335491.0,2.969860200371353,2.989656224867389,Table 6.1D,13,Transportation and warehousing,Direct Table 6D NAICS mapping.,"BEA NIPA archive, 2024 Q1 Third estimate, released June 28, 2024; Section 6 Table 6.1B/C/D."
2005,Information,9,sector,439954.0,3.8945959044927534,3.920555886015742,Table 6.1D,14,Information,Direct Table 6D NAICS mapping.,"BEA NIPA archive, 2024 Q1 Third estimate, released June 28, 2024; Section 6 Table 6.1B/C/D."
2005,"Finance, insurance, real estate, rental, and leasing",10,sector,1.911197e6,16.918450585467657,17.03122291804513,Table 6.1D,15,"Finance, insurance, real estate, rental, and leasing",Direct Table 6D NAICS mapping.,"BEA NIPA archive, 2024 Q1 Third estimate, released June 28, 2024; Section 6 Table 6.1B/C/D."
2005,Professional and business services,11,service_detail,1.441537e6,12.760888857414116,12.845948372465017,Table 6.1D,16,Professional and business services\1\,Direct Table 6D NAICS mapping.,"BEA NIPA archive, 2024 Q1 Third estimate, released June 28, 2024; Section 6 Table 6.1B/C/D."
2005,"Educational services, health care, and social assistance",12,service_detail,987466.0,8.74132531906936,8.799591863104826,Table 6.1D,17,"Educational services, health care, and social assistance",Direct Table 6D NAICS mapping.,"BEA NIPA archive, 2024 Q1 Third estimate, released June 28, 2024; Section 6 Table 6.1B/C/D."
2005,"Arts, entertainment, recreation, accommodation, and food services",13,service_detail,439832.0,3.8935159263578845,3.9194687091333997,Table 6.1D,18,"Arts, entertainment, recreation, accommodation, and food services",Direct Table 6D NAICS mapping.,"BEA NIPA archive, 2024 Q1 Third estimate, released June 28, 2024; Section 6 Table 6.1B/C/D."
2005,"Other services, except government",14,service_detail,336710.0,2.9806511294402482,3.000519082404889,Table 6.1D,19,"Other services, except government",Direct Table 6D NAICS mapping.,"BEA NIPA archive, 2024 Q1 Third estimate, released June 28, 2024; Section 6 Table 6.1B/C/D."
2005,Services,15,services_total,3.205545e6,28.37638123228161,28.565528027108133,Table 6.1D,16 + 17 + 18 + 19,Sum of Table 6D service detail rows,Total services constructed as the sum of the four Table 6D service detail rows.,"BEA NIPA archive, 2024 Q1 Third estimate, released June 28, 2024; Section 6 Table 6.1B/C/D."
2005,Government,16,sector,1.36294e6,12.065126222444512,12.145548032945024,Table 6.1D,20,Government,Direct Table 6D NAICS mapping.,"BEA NIPA archive, 2024 Q1 Third estimate, released June 28, 2024; Section 6 Table 6.1B/C/D."
2005,Rest of the world,17,sector,74800.0,0.6621505285917572,missing,Table 6.1D,21,Rest of the world,Direct mapping.,"BEA NIPA archive, 2024 Q1 Third estimate, released June 28, 2024; Section 6 Table 6.1B/C/D."
2006,"Agriculture, forestry, fishing, and hunting",1,sector,97139.0,0.8051490282868492,0.8082615599275869,Table 6.1D,4,"Agriculture, forestry, fishing, and hunting",Direct Table 6D NAICS mapping.,"BEA NIPA archive, 2024 Q1 Third estimate, released June 28, 2024; Section 6 Table 6.1B/C/D."
2006,Mining,2,sector,210056.0,1.7410760280198725,1.7478066505950152,Table 6.1D,5,Mining,Direct Table 6D NAICS mapping.,"BEA NIPA archive, 2024 Q1 Third estimate, released June 28, 2024; Section 6 Table 6.1B/C/D."
2006,Utilities,3,sector,194015.0,1.6081181474286645,1.6143347836538442,Table 6.1D,6,Utilities,Direct Table 6D NAICS mapping.,"BEA NIPA archive, 2024 Q1 Third estimate, released June 28, 2024; Section 6 Table 6.1B/C/D."
2006,Construction,4,sector,704887.0,5.842546074203279,5.86513209105176,Table 6.1D,7,Construction,Direct Table 6D NAICS mapping.,"BEA NIPA archive, 2024 Q1 Third estimate, released June 28, 2024; Section 6 Table 6.1B/C/D."
2006,Manufacturing,5,sector,1.439268e6,11.929556940511606,11.975674022111182,Table 6.1D,8,Manufacturing,Direct Table 6D NAICS mapping.,"BEA NIPA archive, 2024 Q1 Third estimate, released June 28, 2024; Section 6 Table 6.1B/C/D."
2006,Wholesale trade,6,sector,735408.0,6.095523287190265,6.119087259115564,Table 6.1D,11,Wholesale trade,Direct Table 6D NAICS mapping.,"BEA NIPA archive, 2024 Q1 Third estimate, released June 28, 2024; Section 6 Table 6.1B/C/D."
2006,Retail trade,7,sector,904863.0,7.500072732710067,7.5290663883790865,Table 6.1D,12,Retail trade,Direct Table 6D NAICS mapping.,"BEA NIPA archive, 2024 Q1 Third estimate, released June 28, 2024; Section 6 Table 6.1B/C/D."
2006,Transportation and warehousing,8,sector,362742.0,3.006633471816966,3.018256465181366,Table 6.1D,13,Transportation and warehousing,Direct Table 6D NAICS mapping.,"BEA NIPA archive, 2024 Q1 Third estimate, released June 28, 2024; Section 6 Table 6.1B/C/D."
2006,Information,9,sector,455166.0,3.772701619423836,3.787286066214394,Table 6.1D,14,Information,Direct Table 6D NAICS mapping.,"BEA NIPA archive, 2024 Q1 Third estimate, released June 28, 2024; Section 6 Table 6.1B/C/D."
2006,"Finance, insurance, real estate, rental, and leasing",10,sector,2.036846e6,16.88265864040144,16.947923339670634,Table 6.1D,15,"Finance, insurance, real estate, rental, and leasing",Direct Table 6D NAICS mapping.,"BEA NIPA archive, 2024 Q1 Third estimate, released June 28, 2024; Section 6 Table 6.1B/C/D."
2006,Professional and business services,11,service_detail,1.574641e6,13.051613368993221,13.102068077558297,Table 6.1D,16,Professional and business services\1\,Direct Table 6D NAICS mapping.,"BEA NIPA archive, 2024 Q1 Third estimate, released June 28, 2024; Section 6 Table 6.1B/C/D."
2006,"Educational services, health care, and social assistance",12,service_detail,1.053547e6,8.732459087539764,8.766216881757373,Table 6.1D,17,"Educational services, health care, and social assistance",Direct Table 6D NAICS mapping.,"BEA NIPA archive, 2024 Q1 Third estimate, released June 28, 2024; Section 6 Table 6.1B/C/D."
2006,"Arts, entertainment, recreation, accommodation, and food services",13,service_detail,468304.0,3.881597613140393,3.896603028241269,Table 6.1D,18,"Arts, entertainment, recreation, accommodation, and food services",Direct Table 6D NAICS mapping.,"BEA NIPA archive, 2024 Q1 Third estimate, released June 28, 2024; Section 6 Table 6.1B/C/D."
2006,"Other services, except government",14,service_detail,360609.0,2.9889538284467867,3.0005084761416856,Table 6.1D,19,"Other services, except government",Direct Table 6D NAICS mapping.,"BEA NIPA archive, 2024 Q1 Third estimate, released June 28, 2024; Section 6 Table 6.1B/C/D."
2006,Services,15,services_total,3.457101e6,28.654623898120164,28.76539646369862,Table 6.1D,16 + 17 + 18 + 19,Sum of Table 6D service detail rows,Total services constructed as the sum of the four Table 6D service detail rows.,"BEA NIPA archive, 2024 Q1 Third estimate, released June 28, 2024; Section 6 Table 6.1B/C/D."
2006,Government,16,sector,1.420772e6,11.77625047835744,11.821774910400945,Table 6.1D,20,Government,Direct Table 6D NAICS mapping.,"BEA NIPA archive, 2024 Q1 Third estimate, released June 28, 2024; Section 6 Table 6.1B/C/D."
2006,Rest of the world,17,sector,46460.0,0.3850896535295506,missing,Table 6.1D,21,Rest of the world,Direct mapping.,"BEA NIPA archive, 2024 Q1 Third estimate, released June 28, 2024; Section 6 Table 6.1B/C/D."
2007,"Agriculture, forestry, fishing, and hunting",1,sector,110985.0,0.8933014824289204,0.900233143228687,Table 6.1D,4,"Agriculture, forestry, fishing, and hunting",Direct Table 6D NAICS mapping.,"BEA NIPA archive, 2024 Q1 Third estimate, released June 28, 2024; Section 6 Table 6.1B/C/D."
2007,Mining,2,sector,203647.0,1.6391239085660436,1.6518428519087482,Table 6.1D,5,Mining,Direct Table 6D NAICS mapping.,"BEA NIPA archive, 2024 Q1 Third estimate, released June 28, 2024; Section 6 Table 6.1B/C/D."
2007,Utilities,3,sector,193965.0,1.561194954627432,1.5733092005798286,Table 6.1D,6,Utilities,Direct Table 6D NAICS mapping.,"BEA NIPA archive, 2024 Q1 Third estimate, released June 28, 2024; Section 6 Table 6.1B/C/D."
2007,Construction,4,sector,677882.0,5.456169712230314,5.498507398280387,Table 6.1D,7,Construction,Direct Table 6D NAICS mapping.,"BEA NIPA archive, 2024 Q1 Third estimate, released June 28, 2024; Section 6 Table 6.1B/C/D."
2007,Manufacturing,5,sector,1.456744e6,11.725112174793308,11.816094337068346,Table 6.1D,8,Manufacturing,Direct Table 6D NAICS mapping.,"BEA NIPA archive, 2024 Q1 Third estimate, released June 28, 2024; Section 6 Table 6.1B/C/D."
2007,Wholesale trade,6,sector,756005.0,6.084969925878957,6.132186849093152,Table 6.1D,11,Wholesale trade,Direct Table 6D NAICS mapping.,"BEA NIPA archive, 2024 Q1 Third estimate, released June 28, 2024; Section 6 Table 6.1B/C/D."
2007,Retail trade,7,sector,894400.0,7.198890353511072,7.254750851950602,Table 6.1D,12,Retail trade,Direct Table 6D NAICS mapping.,"BEA NIPA archive, 2024 Q1 Third estimate, released June 28, 2024; Section 6 Table 6.1B/C/D."
2007,Transportation and warehousing,8,sector,372565.0,2.9987193476697818,3.0219882056764047,Table 6.1D,13,Transportation and warehousing,Direct Table 6D NAICS mapping.,"BEA NIPA archive, 2024 Q1 Third estimate, released June 28, 2024; Section 6 Table 6.1B/C/D."
2007,Information,9,sector,486791.0,3.9181071490116377,3.9485100871778687,Table 6.1D,14,Information,Direct Table 6D NAICS mapping.,"BEA NIPA archive, 2024 Q1 Third estimate, released June 28, 2024; Section 6 Table 6.1B/C/D."
2007,"Finance, insurance, real estate, rental, and leasing",10,sector,2.080517e6,16.74576672810353,16.875707153675886,Table 6.1D,15,"Finance, insurance, real estate, rental, and leasing",Direct Table 6D NAICS mapping.,"BEA NIPA archive, 2024 Q1 Third estimate, released June 28, 2024; Section 6 Table 6.1B/C/D."
2007,Professional and business services,11,service_detail,1.640756e6,13.20619693746133,13.308671722767288,Table 6.1D,16,Professional and business services\1\,Direct Table 6D NAICS mapping.,"BEA NIPA archive, 2024 Q1 Third estimate, released June 28, 2024; Section 6 Table 6.1B/C/D."
2007,"Educational services, health care, and social assistance",12,service_detail,1.112926e6,8.957773083152576,9.02728180529738,Table 6.1D,17,"Educational services, health care, and social assistance",Direct Table 6D NAICS mapping.,"BEA NIPA archive, 2024 Q1 Third estimate, released June 28, 2024; Section 6 Table 6.1B/C/D."
2007,"Arts, entertainment, recreation, accommodation, and food services",13,service_detail,491346.0,3.9547696552283673,3.985457079721065,Table 6.1D,18,"Arts, entertainment, recreation, accommodation, and food services",Direct Table 6D NAICS mapping.,"BEA NIPA archive, 2024 Q1 Third estimate, released June 28, 2024; Section 6 Table 6.1B/C/D."
2007,"Other services, except government",14,service_detail,361899.0,2.9128703265265026,2.9354730306016,Table 6.1D,19,"Other services, except government",Direct Table 6D NAICS mapping.,"BEA NIPA archive, 2024 Q1 Third estimate, released June 28, 2024; Section 6 Table 6.1B/C/D."
2007,Services,15,services_total,3.606927e6,29.031610002368776,29.256883638387333,Table 6.1D,16 + 17 + 18 + 19,Sum of Table 6D service detail rows,Total services constructed as the sum of the four Table 6D service detail rows.,"BEA NIPA archive, 2024 Q1 Third estimate, released June 28, 2024; Section 6 Table 6.1B/C/D."
2007,Government,16,sector,1.488043e6,11.97703309292227,12.069970060363518,Table 6.1D,20,Government,Direct Table 6D NAICS mapping.,"BEA NIPA archive, 2024 Q1 Third estimate, released June 28, 2024; Section 6 Table 6.1B/C/D."
2007,Rest of the world,17,sector,95664.0,0.7699850701903883,missing,Table 6.1D,21,Rest of the world,Direct mapping.,"BEA NIPA archive, 2024 Q1 Third estimate, released June 28, 2024; Section 6 Table 6.1B/C/D."
2008,"Agriculture, forestry, fishing, and hunting",1,sector,107151.0,0.870773749411126,0.8811724360650192,Table 6.1D,4,"Agriculture, forestry, fishing, and hunting",Direct Table 6D NAICS mapping.,"BEA NIPA archive, 2024 Q1 Third estimate, released June 28, 2024; Section 6 Table 6.1B/C/D."
2008,Mining,2,sector,259750.0,2.1108853991987004,2.13609336607114,Table 6.1D,5,Mining,Direct Table 6D NAICS mapping.,"BEA NIPA archive, 2024 Q1 Third estimate, released June 28, 2024; Section 6 Table 6.1B/C/D."
2008,Utilities,3,sector,179576.0,1.4593430469547868,1.4767703649878385,Table 6.1D,6,Utilities,Direct Table 6D NAICS mapping.,"BEA NIPA archive, 2024 Q1 Third estimate, released June 28, 2024; Section 6 Table 6.1B/C/D."
2008,Construction,4,sector,609066.0,4.949638215778078,5.0087462640981135,Table 6.1D,7,Construction,Direct Table 6D NAICS mapping.,"BEA NIPA archive, 2024 Q1 Third estimate, released June 28, 2024; Section 6 Table 6.1B/C/D."
2008,Manufacturing,5,sector,1.38585e6,11.262254207813356,11.39674683876685,Table 6.1D,8,Manufacturing,Direct Table 6D NAICS mapping.,"BEA NIPA archive, 2024 Q1 Third estimate, released June 28, 2024; Section 6 Table 6.1B/C/D."
2008,Wholesale trade,6,sector,749392.0,6.090012054191772,6.162738324491949,Table 6.1D,11,Wholesale trade,Direct Table 6D NAICS mapping.,"BEA NIPA archive, 2024 Q1 Third estimate, released June 28, 2024; Section 6 Table 6.1B/C/D."
2008,Retail trade,7,sector,826920.0,6.720051412147794,6.800301544837525,Table 6.1D,12,Retail trade,Direct Table 6D NAICS mapping.,"BEA NIPA archive, 2024 Q1 Third estimate, released June 28, 2024; Section 6 Table 6.1B/C/D."
2008,Transportation and warehousing,8,sector,367802.0,2.988981218849203,3.0246753117524445,Table 6.1D,13,Transportation and warehousing,Direct Table 6D NAICS mapping.,"BEA NIPA archive, 2024 Q1 Third estimate, released June 28, 2024; Section 6 Table 6.1B/C/D."
2008,Information,9,sector,470931.0,3.827069766814411,3.8727722232040347,Table 6.1D,14,Information,Direct Table 6D NAICS mapping.,"BEA NIPA archive, 2024 Q1 Third estimate, released June 28, 2024; Section 6 Table 6.1B/C/D."
2008,"Finance, insurance, real estate, rental, and leasing",10,sector,1.940453e6,15.769293187801024,15.957608394505646,Table 6.1D,15,"Finance, insurance, real estate, rental, and leasing",Direct Table 6D NAICS mapping.,"BEA NIPA archive, 2024 Q1 Third estimate, released June 28, 2024; Section 6 Table 6.1B/C/D."
2008,Professional and business services,11,service_detail,1.69545e6,13.778250818369344,13.942789210800056,Table 6.1D,16,Professional and business services\1\,Direct Table 6D NAICS mapping.,"BEA NIPA archive, 2024 Q1 Third estimate, released June 28, 2024; Section 6 Table 6.1B/C/D."
2008,"Educational services, health care, and social assistance",12,service_detail,1.184436e6,9.625442381849131,9.74038838165866,Table 6.1D,17,"Educational services, health care, and social assistance",Direct Table 6D NAICS mapping.,"BEA NIPA archive, 2024 Q1 Third estimate, released June 28, 2024; Section 6 Table 6.1B/C/D."
2008,"Arts, entertainment, recreation, accommodation, and food services",13,service_detail,482167.0,3.918380289799576,3.9651731666541803,Table 6.1D,18,"Arts, entertainment, recreation, accommodation, and food services",Direct Table 6D NAICS mapping.,"BEA NIPA archive, 2024 Q1 Third estimate, released June 28, 2024; Section 6 Table 6.1B/C/D."
2008,"Other services, except government",14,service_detail,345030.0,2.8039221916670938,2.8374063295304155,Table 6.1D,19,"Other services, except government",Direct Table 6D NAICS mapping.,"BEA NIPA archive, 2024 Q1 Third estimate, released June 28, 2024; Section 6 Table 6.1B/C/D."
2008,Services,15,services_total,3.707083e6,30.125995681685147,30.48575708864331,Table 6.1D,16 + 17 + 18 + 19,Sum of Table 6D service detail rows,Total services constructed as the sum of the four Table 6D service detail rows.,"BEA NIPA archive, 2024 Q1 Third estimate, released June 28, 2024; Section 6 Table 6.1B/C/D."
2008,Government,16,sector,1.556073e6,12.645589127188911,12.796601395273983,Table 6.1D,20,Government,Direct Table 6D NAICS mapping.,"BEA NIPA archive, 2024 Q1 Third estimate, released June 28, 2024; Section 6 Table 6.1B/C/D."
2008,Rest of the world,17,sector,145214.0,1.1800966789576135,missing,Table 6.1D,21,Rest of the world,Direct mapping.,"BEA NIPA archive, 2024 Q1 Third estimate, released June 28, 2024; Section 6 Table 6.1B/C/D."
2009,"Agriculture, forestry, fishing, and hunting",1,sector,97225.0,0.8079407802052888,0.8181556243497251,Table 6.1D,4,"Agriculture, forestry, fishing, and hunting",Direct Table 6D NAICS mapping.,"BEA NIPA archive, 2024 Q1 Third estimate, released June 28, 2024; Section 6 Table 6.1B/C/D."
2009,Mining,2,sector,149959.0,1.2461608789797367,1.2619161663343834,Table 6.1D,5,Mining,Direct Table 6D NAICS mapping.,"BEA NIPA archive, 2024 Q1 Third estimate, released June 28, 2024; Section 6 Table 6.1B/C/D."
2009,Utilities,3,sector,171253.0,1.4231142446129732,1.4411067640705937,Table 6.1D,6,Utilities,Direct Table 6D NAICS mapping.,"BEA NIPA archive, 2024 Q1 Third estimate, released June 28, 2024; Section 6 Table 6.1B/C/D."
2009,Construction,4,sector,534103.0,4.438401589405867,4.494516569113513,Table 6.1D,7,Construction,Direct Table 6D NAICS mapping.,"BEA NIPA archive, 2024 Q1 Third estimate, released June 28, 2024; Section 6 Table 6.1B/C/D."
2009,Manufacturing,5,sector,1.2119e6,10.070901841406938,10.198228862426658,Table 6.1D,8,Manufacturing,Direct Table 6D NAICS mapping.,"BEA NIPA archive, 2024 Q1 Third estimate, released June 28, 2024; Section 6 Table 6.1B/C/D."
2009,Wholesale trade,6,sector,694871.0,5.774385372918789,5.847391276395143,Table 6.1D,11,Wholesale trade,Direct Table 6D NAICS mapping.,"BEA NIPA archive, 2024 Q1 Third estimate, released June 28, 2024; Section 6 Table 6.1B/C/D."
2009,Retail trade,7,sector,823845.0,6.846160679539483,6.932717103033164,Table 6.1D,12,Retail trade,Direct Table 6D NAICS mapping.,"BEA NIPA archive, 2024 Q1 Third estimate, released June 28, 2024; Section 6 Table 6.1B/C/D."
2009,Transportation and warehousing,8,sector,349222.0,2.9020385203893175,2.938729168903674,Table 6.1D,13,Transportation and warehousing,Direct Table 6D NAICS mapping.,"BEA NIPA archive, 2024 Q1 Third estimate, released June 28, 2024; Section 6 Table 6.1B/C/D."
2009,Information,9,sector,448099.0,3.7237074380993542,3.7707864964308304,Table 6.1D,14,Information,Direct Table 6D NAICS mapping.,"BEA NIPA archive, 2024 Q1 Third estimate, released June 28, 2024; Section 6 Table 6.1B/C/D."
2009,"Finance, insurance, real estate, rental, and leasing",10,sector,2.134019e6,17.733720502267012,17.957929003025725,Table 6.1D,15,"Finance, insurance, real estate, rental, and leasing",Direct Table 6D NAICS mapping.,"BEA NIPA archive, 2024 Q1 Third estimate, released June 28, 2024; Section 6 Table 6.1B/C/D."
2009,Professional and business services,11,service_detail,1.599637e6,13.293000419904835,13.461064628109243,Table 6.1D,16,Professional and business services\1\,Direct Table 6D NAICS mapping.,"BEA NIPA archive, 2024 Q1 Third estimate, released June 28, 2024; Section 6 Table 6.1B/C/D."
2009,"Educational services, health care, and social assistance",12,service_detail,1.251303e6,10.39834118892485,10.529808045417168,Table 6.1D,17,"Educational services, health care, and social assistance",Direct Table 6D NAICS mapping.,"BEA NIPA archive, 2024 Q1 Third estimate, released June 28, 2024; Section 6 Table 6.1B/C/D."
2009,"Arts, entertainment, recreation, accommodation, and food services",13,service_detail,467353.0,3.883708382116558,3.932810342059317,Table 6.1D,18,"Arts, entertainment, recreation, accommodation, and food services",Direct Table 6D NAICS mapping.,"BEA NIPA archive, 2024 Q1 Third estimate, released June 28, 2024; Section 6 Table 6.1B/C/D."
2009,"Other services, except government",14,service_detail,346846.0,2.8822939352129966,2.9187349517429135,Table 6.1D,19,"Other services, except government",Direct Table 6D NAICS mapping.,"BEA NIPA archive, 2024 Q1 Third estimate, released June 28, 2024; Section 6 Table 6.1B/C/D."
2009,Services,15,services_total,3.665139e6,30.45734392615924,30.84241796732864,Table 6.1D,16 + 17 + 18 + 19,Sum of Table 6D service detail rows,Total services constructed as the sum of the four Table 6D service detail rows.,"BEA NIPA archive, 2024 Q1 Third estimate, released June 28, 2024; Section 6 Table 6.1B/C/D."
2009,Government,16,sector,1.603802e6,13.327611614037568,13.496113413662513,Table 6.1D,20,Government,Direct Table 6D NAICS mapping.,"BEA NIPA archive, 2024 Q1 Third estimate, released June 28, 2024; Section 6 Table 6.1B/C/D."
2009,Rest of the world,17,sector,150243.0,1.2485209219890276,missing,Table 6.1D,21,Rest of the world,Direct mapping.,"BEA NIPA archive, 2024 Q1 Third estimate, released June 28, 2024; Section 6 Table 6.1B/C/D."
2010,"Agriculture, forestry, fishing, and hunting",1,sector,113350.0,0.8907746084835377,0.9054059645445101,Table 6.1D,4,"Agriculture, forestry, fishing, and hunting",Direct Table 6D NAICS mapping.,"BEA NIPA archive, 2024 Q1 Third estimate, released June 28, 2024; Section 6 Table 6.1B/C/D."
2010,Mining,2,sector,184142.0,1.4471020551863751,1.4708713288324233,Table 6.1D,5,Mining,Direct Table 6D NAICS mapping.,"BEA NIPA archive, 2024 Q1 Third estimate, released June 28, 2024; Section 6 Table 6.1B/C/D."
2010,Utilities,3,sector,183680.0,1.4434713726180521,1.4671810107413816,Table 6.1D,6,Utilities,Direct Table 6D NAICS mapping.,"BEA NIPA archive, 2024 Q1 Third estimate, released June 28, 2024; Section 6 Table 6.1B/C/D."
2010,Construction,4,sector,534287.0,4.198758652340926,4.267725069065661,Table 6.1D,7,Construction,Direct Table 6D NAICS mapping.,"BEA NIPA archive, 2024 Q1 Third estimate, released June 28, 2024; Section 6 Table 6.1B/C/D."
2010,Manufacturing,5,sector,1.349113e6,10.602166778782983,10.77631192805062,Table 6.1D,8,Manufacturing,Direct Table 6D NAICS mapping.,"BEA NIPA archive, 2024 Q1 Third estimate, released June 28, 2024; Section 6 Table 6.1B/C/D."
2010,Wholesale trade,6,sector,728194.0,5.722600134539579,5.81659630300419,Table 6.1D,11,Wholesale trade,Direct Table 6D NAICS mapping.,"BEA NIPA archive, 2024 Q1 Third estimate, released June 28, 2024; Section 6 Table 6.1B/C/D."
2010,Retail trade,7,sector,863712.0,6.787584637340392,6.89907363430673,Table 6.1D,12,Retail trade,Direct Table 6D NAICS mapping.,"BEA NIPA archive, 2024 Q1 Third estimate, released June 28, 2024; Section 6 Table 6.1B/C/D."
2010,Transportation and warehousing,8,sector,384400.0,3.020853634769051,3.070472454970531,Table 6.1D,13,Transportation and warehousing,Direct Table 6D NAICS mapping.,"BEA NIPA archive, 2024 Q1 Third estimate, released June 28, 2024; Section 6 Table 6.1B/C/D."
2010,Information,9,sector,459083.0,3.607758972972633,3.66701796577845,Table 6.1D,14,Information,Direct Table 6D NAICS mapping.,"BEA NIPA archive, 2024 Q1 Third estimate, released June 28, 2024; Section 6 Table 6.1B/C/D."
2010,"Finance, insurance, real estate, rental, and leasing",10,sector,2.164467e6,17.009724256731694,17.289116293425337,Table 6.1D,15,"Finance, insurance, real estate, rental, and leasing",Direct Table 6D NAICS mapping.,"BEA NIPA archive, 2024 Q1 Third estimate, released June 28, 2024; Section 6 Table 6.1B/C/D."
2010,Professional and business services,11,service_detail,1.72983e6,13.594077115069062,13.817365678412262,Table 6.1D,16,Professional and business services\1\,Direct Table 6D NAICS mapping.,"BEA NIPA archive, 2024 Q1 Third estimate, released June 28, 2024; Section 6 Table 6.1B/C/D."
2010,"Educational services, health care, and social assistance",12,service_detail,1.303594e6,10.24445024235985,10.412719743665074,Table 6.1D,17,"Educational services, health care, and social assistance",Direct Table 6D NAICS mapping.,"BEA NIPA archive, 2024 Q1 Third estimate, released June 28, 2024; Section 6 Table 6.1B/C/D."
2010,"Arts, entertainment, recreation, accommodation, and food services",13,service_detail,495258.0,3.892044561520423,3.9559730673876046,Table 6.1D,18,"Arts, entertainment, recreation, accommodation, and food services",Direct Table 6D NAICS mapping.,"BEA NIPA archive, 2024 Q1 Third estimate, released June 28, 2024; Section 6 Table 6.1B/C/D."
2010,"Other services, except government",14,service_detail,373784.0,2.937426521900403,2.985675015891532,Table 6.1D,19,"Other services, except government",Direct Table 6D NAICS mapping.,"BEA NIPA archive, 2024 Q1 Third estimate, released June 28, 2024; Section 6 Table 6.1B/C/D."
2010,Services,15,services_total,3.902466e6,30.667998440849736,31.17173350535647,Table 6.1D,16 + 17 + 18 + 19,Sum of Table 6D service detail rows,Total services constructed as the sum of the four Table 6D service detail rows.,"BEA NIPA archive, 2024 Q1 Third estimate, released June 28, 2024; Section 6 Table 6.1B/C/D."
2010,Government,16,sector,1.652352e6,12.985206933189154,13.19849454192369,Table 6.1D,20,Government,Direct Table 6D NAICS mapping.,"BEA NIPA archive, 2024 Q1 Third estimate, released June 28, 2024; Section 6 Table 6.1B/C/D."
2010,Rest of the world,17,sector,205634.0,1.6159995221958872,missing,Table 6.1D,21,Rest of the world,Direct mapping.,"BEA NIPA archive, 2024 Q1 Third estimate, released June 28, 2024; Section 6 Table 6.1B/C/D."
2011,"Agriculture, forestry, fishing, and hunting",1,sector,138465.0,1.0529073290988409,1.0723082634762815,Table 6.1D,4,"Agriculture, forestry, fishing, and hunting",Direct Table 6D NAICS mapping.,"BEA NIPA archive, 2024 Q1 Third estimate, released June 28, 2024; Section 6 Table 6.1B/C/D."
2011,Mining,2,sector,226085.0,1.719182129052912,1.7508598833498363,Table 6.1D,5,Mining,Direct Table 6D NAICS mapping.,"BEA NIPA archive, 2024 Q1 Third estimate, released June 28, 2024; Section 6 Table 6.1B/C/D."
2011,Utilities,3,sector,163591.0,1.2439689659813562,1.2668904136810628,Table 6.1D,6,Utilities,Direct Table 6D NAICS mapping.,"BEA NIPA archive, 2024 Q1 Third estimate, released June 28, 2024; Section 6 Table 6.1B/C/D."
2011,Construction,4,sector,546022.0,4.152028062320495,4.228533583503745,Table 6.1D,7,Construction,Direct Table 6D NAICS mapping.,"BEA NIPA archive, 2024 Q1 Third estimate, released June 28, 2024; Section 6 Table 6.1B/C/D."
2011,Manufacturing,5,sector,1.404553e6,10.680418501482427,10.877216541294922,Table 6.1D,8,Manufacturing,Direct Table 6D NAICS mapping.,"BEA NIPA archive, 2024 Q1 Third estimate, released June 28, 2024; Section 6 Table 6.1B/C/D."
2011,Wholesale trade,6,sector,767195.0,5.833858652713576,5.941353686474457,Table 6.1D,11,Wholesale trade,Direct Table 6D NAICS mapping.,"BEA NIPA archive, 2024 Q1 Third estimate, released June 28, 2024; Section 6 Table 6.1B/C/D."
2011,Retail trade,7,sector,890758.0,6.773449078492221,6.898257062489478,Table 6.1D,12,Retail trade,Direct Table 6D NAICS mapping.,"BEA NIPA archive, 2024 Q1 Third estimate, released June 28, 2024; Section 6 Table 6.1B/C/D."
2011,Transportation and warehousing,8,sector,391471.0,2.9768005274231926,3.0316512346898015,Table 6.1D,13,Transportation and warehousing,Direct Table 6D NAICS mapping.,"BEA NIPA archive, 2024 Q1 Third estimate, released June 28, 2024; Section 6 Table 6.1B/C/D."
2011,Information,9,sector,457091.0,3.4757842340311145,3.539829245373466,Table 6.1D,14,Information,Direct Table 6D NAICS mapping.,"BEA NIPA archive, 2024 Q1 Third estimate, released June 28, 2024; Section 6 Table 6.1B/C/D."
2011,"Finance, insurance, real estate, rental, and leasing",10,sector,2.19539e6,16.69405424641826,17.001659903608807,Table 6.1D,15,"Finance, insurance, real estate, rental, and leasing",Direct Table 6D NAICS mapping.,"BEA NIPA archive, 2024 Q1 Third estimate, released June 28, 2024; Section 6 Table 6.1B/C/D."
2011,Professional and business services,11,service_detail,1.816606e6,13.813727450871548,14.06826003163683,Table 6.1D,16,Professional and business services\1\,Direct Table 6D NAICS mapping.,"BEA NIPA archive, 2024 Q1 Third estimate, released June 28, 2024; Section 6 Table 6.1B/C/D."
2011,"Educational services, health care, and social assistance",12,service_detail,1.346995e6,10.242739376445263,10.431472714124391,Table 6.1D,17,"Educational services, health care, and social assistance",Direct Table 6D NAICS mapping.,"BEA NIPA archive, 2024 Q1 Third estimate, released June 28, 2024; Section 6 Table 6.1B/C/D."
2011,"Arts, entertainment, recreation, accommodation, and food services",13,service_detail,520876.0,3.9608143426258464,4.0337965481997005,Table 6.1D,18,"Arts, entertainment, recreation, accommodation, and food services",Direct Table 6D NAICS mapping.,"BEA NIPA archive, 2024 Q1 Third estimate, released June 28, 2024; Section 6 Table 6.1B/C/D."
2011,"Other services, except government",14,service_detail,386238.0,2.9370080596286288,2.991125548467497,Table 6.1D,19,"Other services, except government",Direct Table 6D NAICS mapping.,"BEA NIPA archive, 2024 Q1 Third estimate, released June 28, 2024; Section 6 Table 6.1B/C/D."
2011,Services,15,services_total,4.070715e6,30.954289229571287,31.52465484242842,Table 6.1D,16 + 17 + 18 + 19,Sum of Table 6D service detail rows,Total services constructed as the sum of the four Table 6D service detail rows.,"BEA NIPA archive, 2024 Q1 Third estimate, released June 28, 2024; Section 6 Table 6.1B/C/D."
2011,Government,16,sector,1.661463e6,12.633998264735114,12.866793083884685,Table 6.1D,20,Government,Direct Table 6D NAICS mapping.,"BEA NIPA archive, 2024 Q1 Third estimate, released June 28, 2024; Section 6 Table 6.1B/C/D."
2011,Rest of the world,17,sector,237932.0,1.809268382819813,missing,Table 6.1D,21,Rest of the world,Direct mapping.,"BEA NIPA archive, 2024 Q1 Third estimate, released June 28, 2024; Section 6 Table 6.1B/C/D."
2012,"Agriculture, forestry, fishing, and hunting",1,sector,150481.0,1.0696559019158782,1.087645833414646,Table 6.1D,4,"Agriculture, forestry, fishing, and hunting",Direct Table 6D NAICS mapping.,"BEA NIPA archive, 2024 Q1 Third estimate, released June 28, 2024; Section 6 Table 6.1B/C/D."
2012,Mining,2,sector,244813.0,1.740190923211116,1.7694582001431391,Table 6.1D,5,Mining,Direct Table 6D NAICS mapping.,"BEA NIPA archive, 2024 Q1 Third estimate, released June 28, 2024; Section 6 Table 6.1B/C/D."
2012,Utilities,3,sector,166034.0,1.1802104452967548,1.20005973049865,Table 6.1D,6,Utilities,Direct Table 6D NAICS mapping.,"BEA NIPA archive, 2024 Q1 Third estimate, released June 28, 2024; Section 6 Table 6.1B/C/D."
2012,Construction,4,sector,591545.0,4.204847126872019,4.275566048386619,Table 6.1D,7,Construction,Direct Table 6D NAICS mapping.,"BEA NIPA archive, 2024 Q1 Third estimate, released June 28, 2024; Section 6 Table 6.1B/C/D."
2012,Manufacturing,5,sector,1.552844e6,11.037996486962873,11.223638243651575,Table 6.1D,8,Manufacturing,Direct Table 6D NAICS mapping.,"BEA NIPA archive, 2024 Q1 Third estimate, released June 28, 2024; Section 6 Table 6.1B/C/D."
2012,Wholesale trade,6,sector,843900.0,5.998648438186946,6.099536279122413,Table 6.1D,11,Wholesale trade,Direct Table 6D NAICS mapping.,"BEA NIPA archive, 2024 Q1 Third estimate, released June 28, 2024; Section 6 Table 6.1B/C/D."
2012,Retail trade,7,sector,960674.0,6.828706706608372,6.943554823331727,Table 6.1D,12,Retail trade,Direct Table 6D NAICS mapping.,"BEA NIPA archive, 2024 Q1 Third estimate, released June 28, 2024; Section 6 Table 6.1B/C/D."
2012,Transportation and warehousing,8,sector,434145.0,3.086009273843668,3.13791110072236,Table 6.1D,13,Transportation and warehousing,Direct Table 6D NAICS mapping.,"BEA NIPA archive, 2024 Q1 Third estimate, released June 28, 2024; Section 6 Table 6.1B/C/D."
2012,Information,9,sector,509490.0,3.621580036463878,3.6824893220169193,Table 6.1D,14,Information,Direct Table 6D NAICS mapping.,"BEA NIPA archive, 2024 Q1 Third estimate, released June 28, 2024; Section 6 Table 6.1B/C/D."
2012,"Finance, insurance, real estate, rental, and leasing",10,sector,2.405472e6,17.098685692501988,17.386258718347136,Table 6.1D,15,"Finance, insurance, real estate, rental, and leasing",Direct Table 6D NAICS mapping.,"BEA NIPA archive, 2024 Q1 Third estimate, released June 28, 2024; Section 6 Table 6.1B/C/D."
2012,Professional and business services,11,service_detail,1.937513e6,13.772318202887668,14.003946954344476,Table 6.1D,16,Professional and business services\1\,Direct Table 6D NAICS mapping.,"BEA NIPA archive, 2024 Q1 Third estimate, released June 28, 2024; Section 6 Table 6.1B/C/D."
2012,"Educational services, health care, and social assistance",12,service_detail,1.403515e6,9.976529283945906,10.144318830184256,Table 6.1D,17,"Educational services, health care, and social assistance",Direct Table 6D NAICS mapping.,"BEA NIPA archive, 2024 Q1 Third estimate, released June 28, 2024; Section 6 Table 6.1B/C/D."
2012,"Arts, entertainment, recreation, accommodation, and food services",13,service_detail,562059.0,3.9952533979368603,4.062447282269539,Table 6.1D,18,"Arts, entertainment, recreation, accommodation, and food services",Direct Table 6D NAICS mapping.,"BEA NIPA archive, 2024 Q1 Third estimate, released June 28, 2024; Section 6 Table 6.1B/C/D."
2012,"Other services, except government",14,service_detail,405350.0,2.881327342598742,2.929786741014658,Table 6.1D,19,"Other services, except government",Direct Table 6D NAICS mapping.,"BEA NIPA archive, 2024 Q1 Third estimate, released June 28, 2024; Section 6 Table 6.1B/C/D."
2012,Services,15,services_total,4.308437e6,30.625428227369177,31.14049980781293,Table 6.1D,16 + 17 + 18 + 19,Sum of Table 6D service detail rows,Total services constructed as the sum of the four Table 6D service detail rows.,"BEA NIPA archive, 2024 Q1 Third estimate, released June 28, 2024; Section 6 Table 6.1B/C/D."
2012,Government,16,sector,1.667642e6,11.854008862134084,12.053374664756793,Table 6.1D,20,Government,Direct Table 6D NAICS mapping.,"BEA NIPA archive, 2024 Q1 Third estimate, released June 28, 2024; Section 6 Table 6.1B/C/D."
2012,Rest of the world,17,sector,232690.0,1.6540176621421026,missing,Table 6.1D,21,Rest of the world,Direct mapping.,"BEA NIPA archive, 2024 Q1 Third estimate, released June 28, 2024; Section 6 Table 6.1B/C/D."
2013,"Agriculture, forestry, fishing, and hunting",1,sector,175080.0,1.2122304833177062,1.231868063750087,Table 6.1D,4,"Agriculture, forestry, fishing, and hunting",Direct Table 6D NAICS mapping.,"BEA NIPA archive, 2024 Q1 Third estimate, released June 28, 2024; Section 6 Table 6.1B/C/D."
2013,Mining,2,sector,258989.0,1.793205167032039,1.8222542721188673,Table 6.1D,5,Mining,Direct Table 6D NAICS mapping.,"BEA NIPA archive, 2024 Q1 Third estimate, released June 28, 2024; Section 6 Table 6.1B/C/D."
2013,Utilities,3,sector,175430.0,1.2146538364657595,1.23433067411285,Table 6.1D,6,Utilities,Direct Table 6D NAICS mapping.,"BEA NIPA archive, 2024 Q1 Third estimate, released June 28, 2024; Section 6 Table 6.1B/C/D."
2013,Construction,4,sector,624570.0,4.324439073370686,4.394493012202375,Table 6.1D,7,Construction,Direct Table 6D NAICS mapping.,"BEA NIPA archive, 2024 Q1 Third estimate, released June 28, 2024; Section 6 Table 6.1B/C/D."
2013,Manufacturing,5,sector,1.595459e6,11.046744543543433,11.225696762181004,Table 6.1D,8,Manufacturing,Direct Table 6D NAICS mapping.,"BEA NIPA archive, 2024 Q1 Third estimate, released June 28, 2024; Section 6 Table 6.1B/C/D."
2013,Wholesale trade,6,sector,871170.0,6.0318644628277704,6.129577913509043,Table 6.1D,11,Wholesale trade,Direct Table 6D NAICS mapping.,"BEA NIPA archive, 2024 Q1 Third estimate, released June 28, 2024; Section 6 Table 6.1B/C/D."
2013,Retail trade,7,sector,986712.0,6.831861804063174,6.942534846464335,Table 6.1D,12,Retail trade,Direct Table 6D NAICS mapping.,"BEA NIPA archive, 2024 Q1 Third estimate, released June 28, 2024; Section 6 Table 6.1B/C/D."
2013,Transportation and warehousing,8,sector,442192.0,3.061678214982997,3.1112760043738774,Table 6.1D,13,Transportation and warehousing,Direct Table 6D NAICS mapping.,"BEA NIPA archive, 2024 Q1 Third estimate, released June 28, 2024; Section 6 Table 6.1B/C/D."
2013,Information,9,sector,555672.0,3.8473985442432967,3.9097246442776923,Table 6.1D,14,Information,Direct Table 6D NAICS mapping.,"BEA NIPA archive, 2024 Q1 Third estimate, released June 28, 2024; Section 6 Table 6.1B/C/D."
2013,"Finance, insurance, real estate, rental, and leasing",10,sector,2.418126e6,16.742780727113956,17.014006131618363,Table 6.1D,15,"Finance, insurance, real estate, rental, and leasing",Direct Table 6D NAICS mapping.,"BEA NIPA archive, 2024 Q1 Third estimate, released June 28, 2024; Section 6 Table 6.1B/C/D."
2013,Professional and business services,11,service_detail,1.962467e6,13.58785880686,13.807975916514975,Table 6.1D,16,Professional and business services\1\,Direct Table 6D NAICS mapping.,"BEA NIPA archive, 2024 Q1 Third estimate, released June 28, 2024; Section 6 Table 6.1B/C/D."
2013,"Educational services, health care, and social assistance",12,service_detail,1.436616e6,9.946936874696995,10.108072711174291,Table 6.1D,17,"Educational services, health care, and social assistance",Direct Table 6D NAICS mapping.,"BEA NIPA archive, 2024 Q1 Third estimate, released June 28, 2024; Section 6 Table 6.1B/C/D."
2013,"Arts, entertainment, recreation, accommodation, and food services",13,service_detail,588150.0,4.072271868650382,4.138240813882875,Table 6.1D,18,"Arts, entertainment, recreation, accommodation, and food services",Direct Table 6D NAICS mapping.,"BEA NIPA archive, 2024 Q1 Third estimate, released June 28, 2024; Section 6 Table 6.1B/C/D."
2013,"Other services, except government",14,service_detail,411787.0,2.8511580650785255,2.897345524145859,Table 6.1D,19,"Other services, except government",Direct Table 6D NAICS mapping.,"BEA NIPA archive, 2024 Q1 Third estimate, released June 28, 2024; Section 6 Table 6.1B/C/D."
2013,Services,15,services_total,4.39902e6,30.4582256152859,30.951634965718,Table 6.1D,16 + 17 + 18 + 19,Sum of Table 6D service detail rows,Total services constructed as the sum of the four Table 6D service detail rows.,"BEA NIPA archive, 2024 Q1 Third estimate, released June 28, 2024; Section 6 Table 6.1B/C/D."
2013,Government,16,sector,1.710141e6,11.840787359900762,12.032602709673506,Table 6.1D,20,Government,Direct Table 6D NAICS mapping.,"BEA NIPA archive, 2024 Q1 Third estimate, released June 28, 2024; Section 6 Table 6.1B/C/D."
2013,Rest of the world,17,sector,230237.0,1.5941301678525173,missing,Table 6.1D,21,Rest of the world,Direct mapping.,"BEA NIPA archive, 2024 Q1 Third estimate, released June 28, 2024; Section 6 Table 6.1B/C/D."
2014,"Agriculture, forestry, fishing, and hunting",1,sector,162664.0,1.0752696701556215,1.0922484764562652,Table 6.1D,4,"Agriculture, forestry, fishing, and hunting",Direct Table 6D NAICS mapping.,"BEA NIPA archive, 2024 Q1 Third estimate, released June 28, 2024; Section 6 Table 6.1B/C/D."
2014,Mining,2,sector,280481.0,1.8540839543778516,1.8833604542180797,Table 6.1D,5,Mining,Direct Table 6D NAICS mapping.,"BEA NIPA archive, 2024 Q1 Third estimate, released June 28, 2024; Section 6 Table 6.1B/C/D."
2014,Utilities,3,sector,187541.0,1.239715912621449,1.25929137069717,Table 6.1D,6,Utilities,Direct Table 6D NAICS mapping.,"BEA NIPA archive, 2024 Q1 Third estimate, released June 28, 2024; Section 6 Table 6.1B/C/D."
2014,Construction,4,sector,678322.0,4.483961252639191,4.554764244373474,Table 6.1D,7,Construction,Direct Table 6D NAICS mapping.,"BEA NIPA archive, 2024 Q1 Third estimate, released June 28, 2024; Section 6 Table 6.1B/C/D."
2014,Manufacturing,5,sector,1.649727e6,10.905310376830908,11.077508252094901,Table 6.1D,8,Manufacturing,Direct Table 6D NAICS mapping.,"BEA NIPA archive, 2024 Q1 Third estimate, released June 28, 2024; Section 6 Table 6.1B/C/D."
2014,Wholesale trade,6,sector,909057.0,6.0092056050672475,6.104092628128554,Table 6.1D,11,Wholesale trade,Direct Table 6D NAICS mapping.,"BEA NIPA archive, 2024 Q1 Third estimate, released June 28, 2024; Section 6 Table 6.1B/C/D."
2014,Retail trade,7,sector,1.022973e6,6.762232825260085,6.869010356968322,Table 6.1D,12,Retail trade,Direct Table 6D NAICS mapping.,"BEA NIPA archive, 2024 Q1 Third estimate, released June 28, 2024; Section 6 Table 6.1B/C/D."
2014,Transportation and warehousing,8,sector,470845.0,3.112460949223083,3.161607570802699,Table 6.1D,13,Transportation and warehousing,Direct Table 6D NAICS mapping.,"BEA NIPA archive, 2024 Q1 Third estimate, released June 28, 2024; Section 6 Table 6.1B/C/D."
2014,Information,9,sector,565716.0,3.7395936207258984,3.798642841113784,Table 6.1D,14,Information,Direct Table 6D NAICS mapping.,"BEA NIPA archive, 2024 Q1 Third estimate, released June 28, 2024; Section 6 Table 6.1B/C/D."
2014,"Finance, insurance, real estate, rental, and leasing",10,sector,2.568818e6,16.980844461895828,17.24897670531544,Table 6.1D,15,"Finance, insurance, real estate, rental, and leasing",Direct Table 6D NAICS mapping.,"BEA NIPA archive, 2024 Q1 Third estimate, released June 28, 2024; Section 6 Table 6.1B/C/D."
2014,Professional and business services,11,service_detail,2.091667e6,13.826698502221745,14.045025906186046,Table 6.1D,16,Professional and business services\1\,Direct Table 6D NAICS mapping.,"BEA NIPA archive, 2024 Q1 Third estimate, released June 28, 2024; Section 6 Table 6.1B/C/D."
2014,"Educational services, health care, and social assistance",12,service_detail,1.48117e6,9.7910857801628,9.945689740032991,Table 6.1D,17,"Educational services, health care, and social assistance",Direct Table 6D NAICS mapping.,"BEA NIPA archive, 2024 Q1 Third estimate, released June 28, 2024; Section 6 Table 6.1B/C/D."
2014,"Arts, entertainment, recreation, accommodation, and food services",13,service_detail,630009.0,4.1645943148150355,4.23035441402975,Table 6.1D,18,"Arts, entertainment, recreation, accommodation, and food services",Direct Table 6D NAICS mapping.,"BEA NIPA archive, 2024 Q1 Third estimate, released June 28, 2024; Section 6 Table 6.1B/C/D."
2014,"Other services, except government",14,service_detail,436290.0,2.884039519452344,2.929579303306841,Table 6.1D,19,"Other services, except government",Direct Table 6D NAICS mapping.,"BEA NIPA archive, 2024 Q1 Third estimate, released June 28, 2024; Section 6 Table 6.1B/C/D."
2014,Services,15,services_total,4.639136e6,30.666418116651926,31.15064936355563,Table 6.1D,16 + 17 + 18 + 19,Sum of Table 6D service detail rows,Total services constructed as the sum of the four Table 6D service detail rows.,"BEA NIPA archive, 2024 Q1 Third estimate, released June 28, 2024; Section 6 Table 6.1B/C/D."
2014,Government,16,sector,1.757301e6,11.616414613154378,11.799841021523333,Table 6.1D,20,Government,Direct Table 6D NAICS mapping.,"BEA NIPA archive, 2024 Q1 Third estimate, released June 28, 2024; Section 6 Table 6.1B/C/D."
2014,Rest of the world,17,sector,235158.0,1.5544820310238012,missing,Table 6.1D,21,Rest of the world,Direct mapping.,"BEA NIPA archive, 2024 Q1 Third estimate, released June 28, 2024; Section 6 Table 6.1B/C/D."
2015,"Agriculture, forestry, fishing, and hunting",1,sector,147080.0,0.9423522966249269,0.9558342575079097,Table 6.1D,4,"Agriculture, forestry, fishing, and hunting",Direct Table 6D NAICS mapping.,"BEA NIPA archive, 2024 Q1 Third estimate, released June 28, 2024; Section 6 Table 6.1B/C/D."
2015,Mining,2,sector,152478.0,0.9769376766710335,0.9909144405513398,Table 6.1D,5,Mining,Direct Table 6D NAICS mapping.,"BEA NIPA archive, 2024 Q1 Third estimate, released June 28, 2024; Section 6 Table 6.1B/C/D."
2015,Utilities,3,sector,177589.0,1.137825686737314,1.1541042286957588,Table 6.1D,6,Utilities,Direct Table 6D NAICS mapping.,"BEA NIPA archive, 2024 Q1 Third estimate, released June 28, 2024; Section 6 Table 6.1B/C/D."
2015,Construction,4,sector,736242.0,4.7171562385894035,4.784643224205456,Table 6.1D,7,Construction,Direct Table 6D NAICS mapping.,"BEA NIPA archive, 2024 Q1 Third estimate, released June 28, 2024; Section 6 Table 6.1B/C/D."
2015,Manufacturing,5,sector,1.691115e6,10.835097253922106,10.990111846515425,Table 6.1D,8,Manufacturing,Direct Table 6D NAICS mapping.,"BEA NIPA archive, 2024 Q1 Third estimate, released June 28, 2024; Section 6 Table 6.1B/C/D."
2015,Wholesale trade,6,sector,939456.0,6.019163170914246,6.105277591931948,Table 6.1D,11,Wholesale trade,Direct Table 6D NAICS mapping.,"BEA NIPA archive, 2024 Q1 Third estimate, released June 28, 2024; Section 6 Table 6.1B/C/D."
2015,Retail trade,7,sector,1.066747e6,6.834725899971111,6.932508340316768,Table 6.1D,12,Retail trade,Direct Table 6D NAICS mapping.,"BEA NIPA archive, 2024 Q1 Third estimate, released June 28, 2024; Section 6 Table 6.1B/C/D."
2015,Transportation and warehousing,8,sector,502602.0,3.220207703211052,3.266278280473147,Table 6.1D,13,Transportation and warehousing,Direct Table 6D NAICS mapping.,"BEA NIPA archive, 2024 Q1 Third estimate, released June 28, 2024; Section 6 Table 6.1B/C/D."
2015,Information,9,sector,599861.0,3.8433532159758315,3.8983389552825147,Table 6.1D,14,Information,Direct Table 6D NAICS mapping.,"BEA NIPA archive, 2024 Q1 Third estimate, released June 28, 2024; Section 6 Table 6.1B/C/D."
2015,"Finance, insurance, real estate, rental, and leasing",10,sector,2.65445e6,17.007254920968435,17.250572782444053,Table 6.1D,15,"Finance, insurance, real estate, rental, and leasing",Direct Table 6D NAICS mapping.,"BEA NIPA archive, 2024 Q1 Third estimate, released June 28, 2024; Section 6 Table 6.1B/C/D."
2015,Professional and business services,11,service_detail,2.218121e6,14.211663166589473,14.414985307980027,Table 6.1D,16,Professional and business services\1\,Direct Table 6D NAICS mapping.,"BEA NIPA archive, 2024 Q1 Third estimate, released June 28, 2024; Section 6 Table 6.1B/C/D."
2015,"Educational services, health care, and social assistance",12,service_detail,1.554696e6,9.961050762534589,10.103560625581434,Table 6.1D,17,"Educational services, health care, and social assistance",Direct Table 6D NAICS mapping.,"BEA NIPA archive, 2024 Q1 Third estimate, released June 28, 2024; Section 6 Table 6.1B/C/D."
2015,"Arts, entertainment, recreation, accommodation, and food services",13,service_detail,676487.0,4.334301591561783,4.396311186828619,Table 6.1D,18,"Arts, entertainment, recreation, accommodation, and food services",Direct Table 6D NAICS mapping.,"BEA NIPA archive, 2024 Q1 Third estimate, released June 28, 2024; Section 6 Table 6.1B/C/D."
2015,"Other services, except government",14,service_detail,451736.0,2.8943055280674326,2.9357135174707176,Table 6.1D,19,"Other services, except government",Direct Table 6D NAICS mapping.,"BEA NIPA archive, 2024 Q1 Third estimate, released June 28, 2024; Section 6 Table 6.1B/C/D."
2015,Services,15,services_total,4.90104e6,31.401321048753278,31.8505706378608,Table 6.1D,16 + 17 + 18 + 19,Sum of Table 6D service detail rows,Total services constructed as the sum of the four Table 6D service detail rows.,"BEA NIPA archive, 2024 Q1 Third estimate, released June 28, 2024; Section 6 Table 6.1B/C/D."
2015,Government,16,sector,1.818944e6,11.654106988252183,11.820838915477749,Table 6.1D,20,Government,Direct Table 6D NAICS mapping.,"BEA NIPA archive, 2024 Q1 Third estimate, released June 28, 2024; Section 6 Table 6.1B/C/D."
2015,Rest of the world,17,sector,220146.0,1.4104914923360836,missing,Table 6.1D,21,Rest of the world,Direct mapping.,"BEA NIPA archive, 2024 Q1 Third estimate, released June 28, 2024; Section 6 Table 6.1B/C/D."
2016,"Agriculture, forestry, fishing, and hunting",1,sector,123703.0,0.7802480056221908,0.7918029325185834,Table 6.1D,4,"Agriculture, forestry, fishing, and hunting",Direct Table 6D NAICS mapping.,"BEA NIPA archive, 2024 Q1 Third estimate, released June 28, 2024; Section 6 Table 6.1B/C/D."
2016,Mining,2,sector,95410.0,0.6017918903859504,0.6107040071105635,Table 6.1D,5,Mining,Direct Table 6D NAICS mapping.,"BEA NIPA archive, 2024 Q1 Third estimate, released June 28, 2024; Section 6 Table 6.1B/C/D."
2016,Utilities,3,sector,165891.0,1.0463458598471407,1.0618415097325071,Table 6.1D,6,Utilities,Direct Table 6D NAICS mapping.,"BEA NIPA archive, 2024 Q1 Third estimate, released June 28, 2024; Section 6 Table 6.1B/C/D."
2016,Construction,4,sector,780375.0,4.922160637877958,4.995054392085798,Table 6.1D,7,Construction,Direct Table 6D NAICS mapping.,"BEA NIPA archive, 2024 Q1 Third estimate, released June 28, 2024; Section 6 Table 6.1B/C/D."
2016,Manufacturing,5,sector,1.582642e6,9.982403531958928,10.130235941950284,Table 6.1D,8,Manufacturing,Direct Table 6D NAICS mapping.,"BEA NIPA archive, 2024 Q1 Third estimate, released June 28, 2024; Section 6 Table 6.1B/C/D."
2016,Wholesale trade,6,sector,922870.0,5.820937866895315,5.907141882843788,Table 6.1D,11,Wholesale trade,Direct Table 6D NAICS mapping.,"BEA NIPA archive, 2024 Q1 Third estimate, released June 28, 2024; Section 6 Table 6.1B/C/D."
2016,Retail trade,7,sector,1.093814e6,6.899155170219243,7.001326829825322,Table 6.1D,12,Retail trade,Direct Table 6D NAICS mapping.,"BEA NIPA archive, 2024 Q1 Third estimate, released June 28, 2024; Section 6 Table 6.1B/C/D."
2016,Transportation and warehousing,8,sector,514527.0,3.2453430037167164,3.293404262305596,Table 6.1D,13,Transportation and warehousing,Direct Table 6D NAICS mapping.,"BEA NIPA archive, 2024 Q1 Third estimate, released June 28, 2024; Section 6 Table 6.1B/C/D."
2016,Information,9,sector,635483.0,4.008264499299181,4.067624091296953,Table 6.1D,14,Information,Direct Table 6D NAICS mapping.,"BEA NIPA archive, 2024 Q1 Third estimate, released June 28, 2024; Section 6 Table 6.1B/C/D."
2016,"Finance, insurance, real estate, rental, and leasing",10,sector,2.764991e6,17.43998701174027,17.698261013778893,Table 6.1D,15,"Finance, insurance, real estate, rental, and leasing",Direct Table 6D NAICS mapping.,"BEA NIPA archive, 2024 Q1 Third estimate, released June 28, 2024; Section 6 Table 6.1B/C/D."
2016,Professional and business services,11,service_detail,2.281147e6,14.38817488081165,14.601253681042246,Table 6.1D,16,Professional and business services\1\,Direct Table 6D NAICS mapping.,"BEA NIPA archive, 2024 Q1 Third estimate, released June 28, 2024; Section 6 Table 6.1B/C/D."
2016,"Educational services, health care, and social assistance",12,service_detail,1.630134e6,10.281955994575105,10.434224566892059,Table 6.1D,17,"Educational services, health care, and social assistance",Direct Table 6D NAICS mapping.,"BEA NIPA archive, 2024 Q1 Third estimate, released June 28, 2024; Section 6 Table 6.1B/C/D."
2016,"Arts, entertainment, recreation, accommodation, and food services",13,service_detail,712304.0,4.492807574567383,4.559342910396005,Table 6.1D,18,"Arts, entertainment, recreation, accommodation, and food services",Direct Table 6D NAICS mapping.,"BEA NIPA archive, 2024 Q1 Third estimate, released June 28, 2024; Section 6 Table 6.1B/C/D."
2016,"Other services, except government",14,service_detail,460332.0,2.9035118382260277,2.9465108164890466,Table 6.1D,19,"Other services, except government",Direct Table 6D NAICS mapping.,"BEA NIPA archive, 2024 Q1 Third estimate, released June 28, 2024; Section 6 Table 6.1B/C/D."
2016,Services,15,services_total,5.083917e6,32.066450288180164,32.54133197481936,Table 6.1D,16 + 17 + 18 + 19,Sum of Table 6D service detail rows,Total services constructed as the sum of the four Table 6D service detail rows.,"BEA NIPA archive, 2024 Q1 Third estimate, released June 28, 2024; Section 6 Table 6.1B/C/D."
2016,Government,16,sector,1.859331e6,11.727600014078183,11.901277562570918,Table 6.1D,20,Government,Direct Table 6D NAICS mapping.,"BEA NIPA archive, 2024 Q1 Third estimate, released June 28, 2024; Section 6 Table 6.1B/C/D."
2016,Rest of the world,17,sector,231365.0,1.459318527608693,missing,Table 6.1D,21,Rest of the world,Direct mapping.,"BEA NIPA archive, 2024 Q1 Third estimate, released June 28, 2024; Section 6 Table 6.1B/C/D."
2017,"Agriculture, forestry, fishing, and hunting",1,sector,133467.0,0.8123600310611291,0.8271079363245811,Table 6.1D,4,"Agriculture, forestry, fishing, and hunting",Direct Table 6D NAICS mapping.,"BEA NIPA archive, 2024 Q1 Third estimate, released June 28, 2024; Section 6 Table 6.1B/C/D."
2017,Mining,2,sector,150561.0,0.9164043444191796,0.933041111293168,Table 6.1D,5,Mining,Direct Table 6D NAICS mapping.,"BEA NIPA archive, 2024 Q1 Third estimate, released June 28, 2024; Section 6 Table 6.1B/C/D."
2017,Utilities,3,sector,173950.0,1.0587637948188195,1.0779850114534746,Table 6.1D,6,Utilities,Direct Table 6D NAICS mapping.,"BEA NIPA archive, 2024 Q1 Third estimate, released June 28, 2024; Section 6 Table 6.1B/C/D."
2017,Construction,4,sector,833059.0,5.0704955915376315,5.162547373707502,Table 6.1D,7,Construction,Direct Table 6D NAICS mapping.,"BEA NIPA archive, 2024 Q1 Third estimate, released June 28, 2024; Section 6 Table 6.1B/C/D."
2017,Manufacturing,5,sector,1.61026e6,9.80100596864014,9.978937306944937,Table 6.1D,8,Manufacturing,Direct Table 6D NAICS mapping.,"BEA NIPA archive, 2024 Q1 Third estimate, released June 28, 2024; Section 6 Table 6.1B/C/D."
2017,Wholesale trade,6,sector,945825.0,5.756856948746824,5.861369206427034,Table 6.1D,11,Wholesale trade,Direct Table 6D NAICS mapping.,"BEA NIPA archive, 2024 Q1 Third estimate, released June 28, 2024; Section 6 Table 6.1B/C/D."
2017,Retail trade,7,sector,1.102263e6,6.709032232068851,6.830830656394029,Table 6.1D,12,Retail trade,Direct Table 6D NAICS mapping.,"BEA NIPA archive, 2024 Q1 Third estimate, released June 28, 2024; Section 6 Table 6.1B/C/D."
2017,Transportation and warehousing,8,sector,534814.0,3.2551980463479864,3.314294198996715,Table 6.1D,13,Transportation and warehousing,Direct Table 6D NAICS mapping.,"BEA NIPA archive, 2024 Q1 Third estimate, released June 28, 2024; Section 6 Table 6.1B/C/D."
2017,Information,9,sector,637823.0,3.8821724627923198,3.952650956943314,Table 6.1D,14,Information,Direct Table 6D NAICS mapping.,"BEA NIPA archive, 2024 Q1 Third estimate, released June 28, 2024; Section 6 Table 6.1B/C/D."
2017,"Finance, insurance, real estate, rental, and leasing",10,sector,2.816895e6,17.14530865079712,17.456571364404915,Table 6.1D,15,"Finance, insurance, real estate, rental, and leasing",Direct Table 6D NAICS mapping.,"BEA NIPA archive, 2024 Q1 Third estimate, released June 28, 2024; Section 6 Table 6.1B/C/D."
2017,Professional and business services,11,service_detail,2.395056e6,14.577744060727696,14.84239419138668,Table 6.1D,16,Professional and business services\1\,Direct Table 6D NAICS mapping.,"BEA NIPA archive, 2024 Q1 Third estimate, released June 28, 2024; Section 6 Table 6.1B/C/D."
2017,"Educational services, health care, and social assistance",12,service_detail,1.682761e6,10.242290440546777,10.428233031666917,Table 6.1D,17,"Educational services, health care, and social assistance",Direct Table 6D NAICS mapping.,"BEA NIPA archive, 2024 Q1 Third estimate, released June 28, 2024; Section 6 Table 6.1B/C/D."
2017,"Arts, entertainment, recreation, accommodation, and food services",13,service_detail,740948.0,4.5098529246531465,4.5917265781341134,Table 6.1D,18,"Arts, entertainment, recreation, accommodation, and food services",Direct Table 6D NAICS mapping.,"BEA NIPA archive, 2024 Q1 Third estimate, released June 28, 2024; Section 6 Table 6.1B/C/D."
2017,"Other services, except government",14,service_detail,472947.0,2.8786384620188348,2.930898403057697,Table 6.1D,19,"Other services, except government",Direct Table 6D NAICS mapping.,"BEA NIPA archive, 2024 Q1 Third estimate, released June 28, 2024; Section 6 Table 6.1B/C/D."
2017,Services,15,services_total,5.291712e6,32.20852588794645,32.793252204245405,Table 6.1D,16 + 17 + 18 + 19,Sum of Table 6D service detail rows,Total services constructed as the sum of the four Table 6D service detail rows.,"BEA NIPA archive, 2024 Q1 Third estimate, released June 28, 2024; Section 6 Table 6.1B/C/D."
2017,Government,16,sector,1.905959e6,11.600807034257445,11.81141267286492,Table 6.1D,20,Government,Direct Table 6D NAICS mapping.,"BEA NIPA archive, 2024 Q1 Third estimate, released June 28, 2024; Section 6 Table 6.1B/C/D."
2017,Rest of the world,17,sector,292950.0,1.7830690065661006,missing,Table 6.1D,21,Rest of the world,Direct mapping.,"BEA NIPA archive, 2024 Q1 Third estimate, released June 28, 2024; Section 6 Table 6.1B/C/D."
2018,"Agriculture, forestry, fishing, and hunting",1,sector,119663.0,0.6982027069817762,0.7102331068352317,Table 6.1D,4,"Agriculture, forestry, fishing, and hunting",Direct Table 6D NAICS mapping.,"BEA NIPA archive, 2024 Q1 Third estimate, released June 28, 2024; Section 6 Table 6.1B/C/D."
2018,Mining,2,sector,179188.0,1.0455157121136067,1.063530497711001,Table 6.1D,5,Mining,Direct Table 6D NAICS mapping.,"BEA NIPA archive, 2024 Q1 Third estimate, released June 28, 2024; Section 6 Table 6.1B/C/D."
2018,Utilities,3,sector,197223.0,1.1507452803211256,1.1705732267230882,Table 6.1D,6,Utilities,Direct Table 6D NAICS mapping.,"BEA NIPA archive, 2024 Q1 Third estimate, released June 28, 2024; Section 6 Table 6.1B/C/D."
2018,Construction,4,sector,872722.0,5.0921075256557975,5.179847216461706,Table 6.1D,7,Construction,Direct Table 6D NAICS mapping.,"BEA NIPA archive, 2024 Q1 Third estimate, released June 28, 2024; Section 6 Table 6.1B/C/D."
2018,Manufacturing,5,sector,1.735551e6,10.126491950769482,10.30097673300012,Table 6.1D,8,Manufacturing,Direct Table 6D NAICS mapping.,"BEA NIPA archive, 2024 Q1 Third estimate, released June 28, 2024; Section 6 Table 6.1B/C/D."
2018,Wholesale trade,6,sector,959965.0,5.601147903761069,5.69765862800601,Table 6.1D,11,Wholesale trade,Direct Table 6D NAICS mapping.,"BEA NIPA archive, 2024 Q1 Third estimate, released June 28, 2024; Section 6 Table 6.1B/C/D."
2018,Retail trade,7,sector,1.130713e6,6.5974183951554375,6.71109538394479,Table 6.1D,12,Retail trade,Direct Table 6D NAICS mapping.,"BEA NIPA archive, 2024 Q1 Third estimate, released June 28, 2024; Section 6 Table 6.1B/C/D."
2018,Transportation and warehousing,8,sector,550407.0,3.2114827251674996,3.266818261566728,Table 6.1D,13,Transportation and warehousing,Direct Table 6D NAICS mapping.,"BEA NIPA archive, 2024 Q1 Third estimate, released June 28, 2024; Section 6 Table 6.1B/C/D."
2018,Information,9,sector,635600.0,3.708561882600444,3.772462354315647,Table 6.1D,14,Information,Direct Table 6D NAICS mapping.,"BEA NIPA archive, 2024 Q1 Third estimate, released June 28, 2024; Section 6 Table 6.1B/C/D."
2018,"Finance, insurance, real estate, rental, and leasing",10,sector,2.918529e6,17.02886312565134,17.32227939345263,Table 6.1D,15,"Finance, insurance, real estate, rental, and leasing",Direct Table 6D NAICS mapping.,"BEA NIPA archive, 2024 Q1 Third estimate, released June 28, 2024; Section 6 Table 6.1B/C/D."
2018,Professional and business services,11,service_detail,2.538796e6,14.813219120985647,15.068458677292554,Table 6.1D,16,Professional and business services\1\,Direct Table 6D NAICS mapping.,"BEA NIPA archive, 2024 Q1 Third estimate, released June 28, 2024; Section 6 Table 6.1B/C/D."
2018,"Educational services, health care, and social assistance",12,service_detail,1.750129e6,10.211550816604205,10.387501207828963,Table 6.1D,17,"Educational services, health care, and social assistance",Direct Table 6D NAICS mapping.,"BEA NIPA archive, 2024 Q1 Third estimate, released June 28, 2024; Section 6 Table 6.1B/C/D."
2018,"Arts, entertainment, recreation, accommodation, and food services",13,service_detail,777506.0,4.536546751247862,4.614713837719543,Table 6.1D,18,"Arts, entertainment, recreation, accommodation, and food services",Direct Table 6D NAICS mapping.,"BEA NIPA archive, 2024 Q1 Third estimate, released June 28, 2024; Section 6 Table 6.1B/C/D."
2018,"Other services, except government",14,service_detail,498970.0,2.9113611116443416,2.9615253947968507,Table 6.1D,19,"Other services, except government",Direct Table 6D NAICS mapping.,"BEA NIPA archive, 2024 Q1 Third estimate, released June 28, 2024; Section 6 Table 6.1B/C/D."
2018,Services,15,services_total,5.565401e6,32.47267780048205,33.03219911763791,Table 6.1D,16 + 17 + 18 + 19,Sum of Table 6D service detail rows,Total services constructed as the sum of the four Table 6D service detail rows.,"BEA NIPA archive, 2024 Q1 Third estimate, released June 28, 2024; Section 6 Table 6.1B/C/D."
2018,Government,16,sector,1.983448e6,11.572906936626945,11.772314209790217,Table 6.1D,20,Government,Direct Table 6D NAICS mapping.,"BEA NIPA archive, 2024 Q1 Third estimate, released June 28, 2024; Section 6 Table 6.1B/C/D."
2018,Rest of the world,17,sector,290307.0,1.6938663852298412,missing,Table 6.1D,21,Rest of the world,Direct mapping.,"BEA NIPA archive, 2024 Q1 Third estimate, released June 28, 2024; Section 6 Table 6.1B/C/D."
2019,"Agriculture, forestry, fishing, and hunting",1,sector,112641.0,0.6313185944766839,0.6414531792310421,Table 6.1D,4,"Agriculture, forestry, fishing, and hunting",Direct Table 6D NAICS mapping.,"BEA NIPA archive, 2024 Q1 Third estimate, released June 28, 2024; Section 6 Table 6.1B/C/D."
2019,Mining,2,sector,164882.0,0.9241135332117488,0.938948367805441,Table 6.1D,5,Mining,Direct Table 6D NAICS mapping.,"BEA NIPA archive, 2024 Q1 Third estimate, released June 28, 2024; Section 6 Table 6.1B/C/D."
2019,Utilities,3,sector,193645.0,1.085321412517977,1.1027441241838685,Table 6.1D,6,Utilities,Direct Table 6D NAICS mapping.,"BEA NIPA archive, 2024 Q1 Third estimate, released June 28, 2024; Section 6 Table 6.1B/C/D."
2019,Construction,4,sector,933891.0,5.234175420268151,5.318199865104687,Table 6.1D,7,Construction,Direct Table 6D NAICS mapping.,"BEA NIPA archive, 2024 Q1 Third estimate, released June 28, 2024; Section 6 Table 6.1B/C/D."
2019,Manufacturing,5,sector,1.739885e6,9.751526999503424,9.908068684993934,Table 6.1D,8,Manufacturing,Direct Table 6D NAICS mapping.,"BEA NIPA archive, 2024 Q1 Third estimate, released June 28, 2024; Section 6 Table 6.1B/C/D."
2019,Wholesale trade,6,sector,1.024715e6,5.743216355848893,5.835412456882816,Table 6.1D,11,Wholesale trade,Direct Table 6D NAICS mapping.,"BEA NIPA archive, 2024 Q1 Third estimate, released June 28, 2024; Section 6 Table 6.1B/C/D."
2019,Retail trade,7,sector,1.175797e6,6.589985080298484,6.695774396359421,Table 6.1D,12,Retail trade,Direct Table 6D NAICS mapping.,"BEA NIPA archive, 2024 Q1 Third estimate, released June 28, 2024; Section 6 Table 6.1B/C/D."
2019,Transportation and warehousing,8,sector,573981.0,3.216989179573348,3.268631646276336,Table 6.1D,13,Transportation and warehousing,Direct Table 6D NAICS mapping.,"BEA NIPA archive, 2024 Q1 Third estimate, released June 28, 2024; Section 6 Table 6.1B/C/D."
2019,Information,9,sector,690778.0,3.871600891819273,3.9337518687055404,Table 6.1D,14,Information,Direct Table 6D NAICS mapping.,"BEA NIPA archive, 2024 Q1 Third estimate, released June 28, 2024; Section 6 Table 6.1B/C/D."
2019,"Finance, insurance, real estate, rental, and leasing",10,sector,3.047905e6,17.082581836972835,17.35680926344927,Table 6.1D,15,"Finance, insurance, real estate, rental, and leasing",Direct Table 6D NAICS mapping.,"BEA NIPA archive, 2024 Q1 Third estimate, released June 28, 2024; Section 6 Table 6.1B/C/D."
2019,Professional and business services,11,service_detail,2.700484e6,15.135392648207786,15.378361762258514,Table 6.1D,16,Professional and business services\1\,Direct Table 6D NAICS mapping.,"BEA NIPA archive, 2024 Q1 Third estimate, released June 28, 2024; Section 6 Table 6.1B/C/D."
2019,"Educational services, health care, and social assistance",12,service_detail,1.835738e6,10.288753952712057,10.45391976576233,Table 6.1D,17,"Educational services, health care, and social assistance",Direct Table 6D NAICS mapping.,"BEA NIPA archive, 2024 Q1 Third estimate, released June 28, 2024; Section 6 Table 6.1B/C/D."
2019,"Arts, entertainment, recreation, accommodation, and food services",13,service_detail,816673.0,4.5772041308853515,4.650682187144581,Table 6.1D,18,"Arts, entertainment, recreation, accommodation, and food services",Direct Table 6D NAICS mapping.,"BEA NIPA archive, 2024 Q1 Third estimate, released June 28, 2024; Section 6 Table 6.1B/C/D."
2019,"Other services, except government",14,service_detail,514993.0,2.8863793549891326,2.9327145278515996,Table 6.1D,19,"Other services, except government",Direct Table 6D NAICS mapping.,"BEA NIPA archive, 2024 Q1 Third estimate, released June 28, 2024; Section 6 Table 6.1B/C/D."
2019,Services,15,services_total,5.867888e6,32.88773008679433,33.41567824301703,Table 6.1D,16 + 17 + 18 + 19,Sum of Table 6D service detail rows,Total services constructed as the sum of the four Table 6D service detail rows.,"BEA NIPA archive, 2024 Q1 Third estimate, released June 28, 2024; Section 6 Table 6.1B/C/D."
2019,Government,16,sector,2.034275e6,11.401493539466589,11.5845222093219,Table 6.1D,20,Government,Direct Table 6D NAICS mapping.,"BEA NIPA archive, 2024 Q1 Third estimate, released June 28, 2024; Section 6 Table 6.1B/C/D."
2019,Rest of the world,17,sector,281895.0,1.5799358598556903,missing,Table 6.1D,21,Rest of the world,Direct mapping.,"BEA NIPA archive, 2024 Q1 Third estimate, released June 28, 2024; Section 6 Table 6.1B/C/D."
2020,"Agriculture, forestry, fishing, and hunting",1,sector,110533.0,0.6290563085441717,0.636843187224626,Table 6.1D,4,"Agriculture, forestry, fishing, and hunting",Direct Table 6D NAICS mapping.,"BEA NIPA archive, 2024 Q1 Third estimate, released June 28, 2024; Section 6 Table 6.1B/C/D."
2020,Mining,2,sector,86771.0,0.49382397065750794,0.49993685323539594,Table 6.1D,5,Mining,Direct Table 6D NAICS mapping.,"BEA NIPA archive, 2024 Q1 Third estimate, released June 28, 2024; Section 6 Table 6.1B/C/D."
2020,Utilities,3,sector,213158.0,1.2131072586165086,1.228123909623613,Table 6.1D,6,Utilities,Direct Table 6D NAICS mapping.,"BEA NIPA archive, 2024 Q1 Third estimate, released June 28, 2024; Section 6 Table 6.1B/C/D."
2020,Construction,4,sector,928761.0,5.285688130963544,5.351117905149872,Table 6.1D,7,Construction,Direct Table 6D NAICS mapping.,"BEA NIPA archive, 2024 Q1 Third estimate, released June 28, 2024; Section 6 Table 6.1B/C/D."
2020,Manufacturing,5,sector,1.649126e6,9.385370105617469,9.501548478508667,Table 6.1D,8,Manufacturing,Direct Table 6D NAICS mapping.,"BEA NIPA archive, 2024 Q1 Third estimate, released June 28, 2024; Section 6 Table 6.1B/C/D."
2020,Wholesale trade,6,sector,1.017532e6,5.7908943369452395,5.862577890612289,Table 6.1D,11,Wholesale trade,Direct Table 6D NAICS mapping.,"BEA NIPA archive, 2024 Q1 Third estimate, released June 28, 2024; Section 6 Table 6.1B/C/D."
2020,Retail trade,7,sector,1.253797e6,7.1355062513797405,7.223834308420782,Table 6.1D,12,Retail trade,Direct Table 6D NAICS mapping.,"BEA NIPA archive, 2024 Q1 Third estimate, released June 28, 2024; Section 6 Table 6.1B/C/D."
2020,Transportation and warehousing,8,sector,523889.0,2.981513940876458,3.0184211096407596,Table 6.1D,13,Transportation and warehousing,Direct Table 6D NAICS mapping.,"BEA NIPA archive, 2024 Q1 Third estimate, released June 28, 2024; Section 6 Table 6.1B/C/D."
2020,Information,9,sector,674618.0,3.839330414966137,3.8868562083640423,Table 6.1D,14,Information,Direct Table 6D NAICS mapping.,"BEA NIPA archive, 2024 Q1 Third estimate, released June 28, 2024; Section 6 Table 6.1B/C/D."
2020,"Finance, insurance, real estate, rental, and leasing",10,sector,3.167657e6,18.02750870015385,18.250665230423465,Table 6.1D,15,"Finance, insurance, real estate, rental, and leasing",Direct Table 6D NAICS mapping.,"BEA NIPA archive, 2024 Q1 Third estimate, released June 28, 2024; Section 6 Table 6.1B/C/D."
2020,Professional and business services,11,service_detail,2.690351e6,15.311104093330687,15.500635155048354,Table 6.1D,16,Professional and business services\1\,Direct Table 6D NAICS mapping.,"BEA NIPA archive, 2024 Q1 Third estimate, released June 28, 2024; Section 6 Table 6.1B/C/D."
2020,"Educational services, health care, and social assistance",12,service_detail,1.853041e6,10.545874363683248,10.676418232545105,Table 6.1D,17,"Educational services, health care, and social assistance",Direct Table 6D NAICS mapping.,"BEA NIPA archive, 2024 Q1 Third estimate, released June 28, 2024; Section 6 Table 6.1B/C/D."
2020,"Arts, entertainment, recreation, accommodation, and food services",13,service_detail,609868.0,3.470830546345588,3.5137948025142554,Table 6.1D,18,"Arts, entertainment, recreation, accommodation, and food services",Direct Table 6D NAICS mapping.,"BEA NIPA archive, 2024 Q1 Third estimate, released June 28, 2024; Section 6 Table 6.1B/C/D."
2020,"Other services, except government",14,service_detail,484411.0,2.7568399978123344,2.7909660026116025,Table 6.1D,19,"Other services, except government",Direct Table 6D NAICS mapping.,"BEA NIPA archive, 2024 Q1 Third estimate, released June 28, 2024; Section 6 Table 6.1B/C/D."
2020,Services,15,services_total,5.637671e6,32.08464900117186,32.48181419271932,Table 6.1D,16 + 17 + 18 + 19,Sum of Table 6D service detail rows,Total services constructed as the sum of the four Table 6D service detail rows.,"BEA NIPA archive, 2024 Q1 Third estimate, released June 28, 2024; Section 6 Table 6.1B/C/D."
2020,Government,16,sector,2.092878e6,11.910814950406747,12.058254964511057,Table 6.1D,20,Government,Direct Table 6D NAICS mapping.,"BEA NIPA archive, 2024 Q1 Third estimate, released June 28, 2024; Section 6 Table 6.1B/C/D."
2020,Rest of the world,17,sector,214848.0,1.2227252474654464,missing,Table 6.1D,21,Rest of the world,Direct mapping.,"BEA NIPA archive, 2024 Q1 Third estimate, released June 28, 2024; Section 6 Table 6.1B/C/D."
2021,"Agriculture, forestry, fishing, and hunting",1,sector,161472.0,0.8237854582520884,0.8315714951307552,Table 6.1D,4,"Agriculture, forestry, fishing, and hunting",Direct Table 6D NAICS mapping.,"BEA NIPA archive, 2024 Q1 Third estimate, released June 28, 2024; Section 6 Table 6.1B/C/D."
2021,Mining,2,sector,217213.0,1.1081606144923632,1.1186344330400115,Table 6.1D,5,Mining,Direct Table 6D NAICS mapping.,"BEA NIPA archive, 2024 Q1 Third estimate, released June 28, 2024; Section 6 Table 6.1B/C/D."
2021,Utilities,3,sector,224433.0,1.144995056430161,1.1558170169854884,Table 6.1D,6,Utilities,Direct Table 6D NAICS mapping.,"BEA NIPA archive, 2024 Q1 Third estimate, released June 28, 2024; Section 6 Table 6.1B/C/D."
2021,Construction,4,sector,988182.0,5.041431094595132,5.089080355735359,Table 6.1D,7,Construction,Direct Table 6D NAICS mapping.,"BEA NIPA archive, 2024 Q1 Third estimate, released June 28, 2024; Section 6 Table 6.1B/C/D."
2021,Manufacturing,5,sector,1.890978e6,9.647246446904836,9.738427731862894,Table 6.1D,8,Manufacturing,Direct Table 6D NAICS mapping.,"BEA NIPA archive, 2024 Q1 Third estimate, released June 28, 2024; Section 6 Table 6.1B/C/D."
2021,Wholesale trade,6,sector,1.138618e6,5.808913934948947,5.863817086818707,Table 6.1D,11,Wholesale trade,Direct Table 6D NAICS mapping.,"BEA NIPA archive, 2024 Q1 Third estimate, released June 28, 2024; Section 6 Table 6.1B/C/D."
2021,Retail trade,7,sector,1.431657e6,7.303917817360348,7.372951050364222,Table 6.1D,12,Retail trade,Direct Table 6D NAICS mapping.,"BEA NIPA archive, 2024 Q1 Third estimate, released June 28, 2024; Section 6 Table 6.1B/C/D."
2021,Transportation and warehousing,8,sector,658327.0,3.358602168640523,3.3903461137221607,Table 6.1D,13,Transportation and warehousing,Direct Table 6D NAICS mapping.,"BEA NIPA archive, 2024 Q1 Third estimate, released June 28, 2024; Section 6 Table 6.1B/C/D."
2021,Information,9,sector,789127.0,4.025907571059353,4.06395857633551,Table 6.1D,14,Information,Direct Table 6D NAICS mapping.,"BEA NIPA archive, 2024 Q1 Third estimate, released June 28, 2024; Section 6 Table 6.1B/C/D."
2021,"Finance, insurance, real estate, rental, and leasing",10,sector,3.400795e6,17.349914954273256,17.513898278235217,Table 6.1D,15,"Finance, insurance, real estate, rental, and leasing",Direct Table 6D NAICS mapping.,"BEA NIPA archive, 2024 Q1 Third estimate, released June 28, 2024; Section 6 Table 6.1B/C/D."
2021,Professional and business services,11,service_detail,3.039613e6,15.507264343750032,15.65383179144917,Table 6.1D,16,Professional and business services\1\,Direct Table 6D NAICS mapping.,"BEA NIPA archive, 2024 Q1 Third estimate, released June 28, 2024; Section 6 Table 6.1B/C/D."
2021,"Educational services, health care, and social assistance",12,service_detail,1.99947e6,10.200742606837737,10.297155279980995,Table 6.1D,17,"Educational services, health care, and social assistance",Direct Table 6D NAICS mapping.,"BEA NIPA archive, 2024 Q1 Third estimate, released June 28, 2024; Section 6 Table 6.1B/C/D."
2021,"Arts, entertainment, recreation, accommodation, and food services",13,service_detail,799109.0,4.0768329726414985,4.115365301119963,Table 6.1D,18,"Arts, entertainment, recreation, accommodation, and food services",Direct Table 6D NAICS mapping.,"BEA NIPA archive, 2024 Q1 Third estimate, released June 28, 2024; Section 6 Table 6.1B/C/D."
2021,"Other services, except government",14,service_detail,528491.0,2.696214827444414,2.721698195558041,Table 6.1D,19,"Other services, except government",Direct Table 6D NAICS mapping.,"BEA NIPA archive, 2024 Q1 Third estimate, released June 28, 2024; Section 6 Table 6.1B/C/D."
2021,Services,15,services_total,6.366683e6,32.481054750673685,32.78805056810817,Table 6.1D,16 + 17 + 18 + 19,Sum of Table 6D service detail rows,Total services constructed as the sum of the four Table 6D service detail rows.,"BEA NIPA archive, 2024 Q1 Third estimate, released June 28, 2024; Section 6 Table 6.1B/C/D."
2021,Government,16,sector,2.150207e6,10.969761065892838,11.073442143719133,Table 6.1D,20,Government,Direct Table 6D NAICS mapping.,"BEA NIPA archive, 2024 Q1 Third estimate, released June 28, 2024; Section 6 Table 6.1B/C/D."
2021,Rest of the world,17,sector,183527.0,0.9363039647532143,missing,Table 6.1D,21,Rest of the world,Direct mapping.,"BEA NIPA archive, 2024 Q1 Third estimate, released June 28, 2024; Section 6 Table 6.1B/C/D."
2022,"Agriculture, forestry, fishing, and hunting",1,sector,200784.0,0.9312690474886268,0.9391917498714355,Table 6.1D,4,"Agriculture, forestry, fishing, and hunting",Direct Table 6D NAICS mapping.,"BEA NIPA archive, 2024 Q1 Third estimate, released June 28, 2024; Section 6 Table 6.1B/C/D."
2022,Mining,2,sector,351554.0,1.6305649788868473,1.6444368895644208,Table 6.1D,5,Mining,Direct Table 6D NAICS mapping.,"BEA NIPA archive, 2024 Q1 Third estimate, released June 28, 2024; Section 6 Table 6.1B/C/D."
2022,Utilities,3,sector,238856.0,1.10785321343804,1.1172781925217727,Table 6.1D,6,Utilities,Direct Table 6D NAICS mapping.,"BEA NIPA archive, 2024 Q1 Third estimate, released June 28, 2024; Section 6 Table 6.1B/C/D."
2022,Construction,4,sector,1.09613e6,5.084030306317778,5.127282317249266,Table 6.1D,7,Construction,Direct Table 6D NAICS mapping.,"BEA NIPA archive, 2024 Q1 Third estimate, released June 28, 2024; Section 6 Table 6.1B/C/D."
2022,Manufacturing,5,sector,2.238982e6,10.384764894036282,10.47311251150812,Table 6.1D,8,Manufacturing,Direct Table 6D NAICS mapping.,"BEA NIPA archive, 2024 Q1 Third estimate, released June 28, 2024; Section 6 Table 6.1B/C/D."
2022,Wholesale trade,6,sector,1.279365e6,5.933904220158414,5.984386470407349,Table 6.1D,11,Wholesale trade,Direct Table 6D NAICS mapping.,"BEA NIPA archive, 2024 Q1 Third estimate, released June 28, 2024; Section 6 Table 6.1B/C/D."
2022,Retail trade,7,sector,1.522734e6,7.062689466085678,7.122774773132972,Table 6.1D,12,Retail trade,Direct Table 6D NAICS mapping.,"BEA NIPA archive, 2024 Q1 Third estimate, released June 28, 2024; Section 6 Table 6.1B/C/D."
2022,Transportation and warehousing,8,sector,778209.0,3.6094606850001836,3.640167904194059,Table 6.1D,13,Transportation and warehousing,Direct Table 6D NAICS mapping.,"BEA NIPA archive, 2024 Q1 Third estimate, released June 28, 2024; Section 6 Table 6.1B/C/D."
2022,Information,9,sector,812205.0,3.767139695969301,3.799188357659621,Table 6.1D,14,Information,Direct Table 6D NAICS mapping.,"BEA NIPA archive, 2024 Q1 Third estimate, released June 28, 2024; Section 6 Table 6.1B/C/D."
2022,"Finance, insurance, real estate, rental, and leasing",10,sector,3.559818e6,16.51101839834284,16.65148466333888,Table 6.1D,15,"Finance, insurance, real estate, rental, and leasing",Direct Table 6D NAICS mapping.,"BEA NIPA archive, 2024 Q1 Third estimate, released June 28, 2024; Section 6 Table 6.1B/C/D."
2022,Professional and business services,11,service_detail,3.370253e6,15.631784908686384,15.764771159950271,Table 6.1D,16,Professional and business services\1\,Direct Table 6D NAICS mapping.,"BEA NIPA archive, 2024 Q1 Third estimate, released June 28, 2024; Section 6 Table 6.1B/C/D."
2022,"Educational services, health care, and social assistance",12,service_detail,2.149935e6,9.971750336742275,10.056584263486357,Table 6.1D,17,"Educational services, health care, and social assistance",Direct Table 6D NAICS mapping.,"BEA NIPA archive, 2024 Q1 Third estimate, released June 28, 2024; Section 6 Table 6.1B/C/D."
2022,"Arts, entertainment, recreation, accommodation, and food services",13,service_detail,975508.0,4.524565732217385,4.563058139760062,Table 6.1D,18,"Arts, entertainment, recreation, accommodation, and food services",Direct Table 6D NAICS mapping.,"BEA NIPA archive, 2024 Q1 Third estimate, released June 28, 2024; Section 6 Table 6.1B/C/D."
2022,"Other services, except government",14,service_detail,589756.0,2.73538483330695,2.7586559169912857,Table 6.1D,19,"Other services, except government",Direct Table 6D NAICS mapping.,"BEA NIPA archive, 2024 Q1 Third estimate, released June 28, 2024; Section 6 Table 6.1B/C/D."
2022,Services,15,services_total,7.085452e6,32.863485810952994,33.143069480187975,Table 6.1D,16 + 17 + 18 + 19,Sum of Table 6D service detail rows,Total services constructed as the sum of the four Table 6D service detail rows.,"BEA NIPA archive, 2024 Q1 Third estimate, released June 28, 2024; Section 6 Table 6.1B/C/D."
2022,Government,16,sector,2.214291e6,10.270243995700051,10.357617335119187,Table 6.1D,20,Government,Direct Table 6D NAICS mapping.,"BEA NIPA archive, 2024 Q1 Third estimate, released June 28, 2024; Section 6 Table 6.1B/C/D."
2022,Rest of the world,17,sector,181875.0,0.843566011295691,missing,Table 6.1D,21,Rest of the world,Direct mapping.,"BEA NIPA archive, 2024 Q1 Third estimate, released June 28, 2024; Section 6 Table 6.1B/C/D."
2023,"Agriculture, forestry, fishing, and hunting",1,sector,193083.0,0.8590328067308544,0.865354919303591,Table 6.1D,4,"Agriculture, forestry, fishing, and hunting",Direct Table 6D NAICS mapping.,"BEA NIPA archive, 2024 Q1 Third estimate, released June 28, 2024; Section 6 Table 6.1B/C/D."
2023,Mining,2,sector,285794.0,1.2715071858570552,1.2808649327359245,Table 6.1D,5,Mining,Direct Table 6D NAICS mapping.,"BEA NIPA archive, 2024 Q1 Third estimate, released June 28, 2024; Section 6 Table 6.1B/C/D."
2023,Utilities,3,sector,248005.0,1.1033826449417377,1.111503067395302,Table 6.1D,6,Utilities,Direct Table 6D NAICS mapping.,"BEA NIPA archive, 2024 Q1 Third estimate, released June 28, 2024; Section 6 Table 6.1B/C/D."
2023,Construction,4,sector,1.157421e6,5.149405230907083,5.187302642155351,Table 6.1D,7,Construction,Direct Table 6D NAICS mapping.,"BEA NIPA archive, 2024 Q1 Third estimate, released June 28, 2024; Section 6 Table 6.1B/C/D."
2023,Manufacturing,5,sector,2.320974e6,10.32609193750531,10.402087539947757,Table 6.1D,8,Manufacturing,Direct Table 6D NAICS mapping.,"BEA NIPA archive, 2024 Q1 Third estimate, released June 28, 2024; Section 6 Table 6.1B/C/D."
2023,Wholesale trade,6,sector,1.320814e6,5.876346222036154,5.919593606817034,Table 6.1D,11,Wholesale trade,Direct Table 6D NAICS mapping.,"BEA NIPA archive, 2024 Q1 Third estimate, released June 28, 2024; Section 6 Table 6.1B/C/D."
2023,Retail trade,7,sector,1.636138e6,7.279233378075784,7.332805409899053,Table 6.1D,12,Retail trade,Direct Table 6D NAICS mapping.,"BEA NIPA archive, 2024 Q1 Third estimate, released June 28, 2024; Section 6 Table 6.1B/C/D."
2023,Transportation and warehousing,8,sector,833864.0,3.709889179015331,3.737192370276874,Table 6.1D,13,Transportation and warehousing,Direct Table 6D NAICS mapping.,"BEA NIPA archive, 2024 Q1 Third estimate, released June 28, 2024; Section 6 Table 6.1B/C/D."
2023,Information,9,sector,826578.0,3.677473518238147,3.704538144156263,Table 6.1D,14,Information,Direct Table 6D NAICS mapping.,"BEA NIPA archive, 2024 Q1 Third estimate, released June 28, 2024; Section 6 Table 6.1B/C/D."
2023,"Finance, insurance, real estate, rental, and leasing",10,sector,3.49969e6,15.570239344675107,15.684829620099048,Table 6.1D,15,"Finance, insurance, real estate, rental, and leasing",Direct Table 6D NAICS mapping.,"BEA NIPA archive, 2024 Q1 Third estimate, released June 28, 2024; Section 6 Table 6.1B/C/D."
2023,Professional and business services,11,service_detail,3.605151e6,16.039438905644445,16.157482288354025,Table 6.1D,16,Professional and business services\1\,Direct Table 6D NAICS mapping.,"BEA NIPA archive, 2024 Q1 Third estimate, released June 28, 2024; Section 6 Table 6.1B/C/D."
2023,"Educational services, health care, and social assistance",12,service_detail,2.333491e6,10.381780494456727,10.458185940764624,Table 6.1D,17,"Educational services, health care, and social assistance",Direct Table 6D NAICS mapping.,"BEA NIPA archive, 2024 Q1 Third estimate, released June 28, 2024; Section 6 Table 6.1B/C/D."
2023,"Arts, entertainment, recreation, accommodation, and food services",13,service_detail,1.075149e6,4.783374316350333,4.818577897248005,Table 6.1D,18,"Arts, entertainment, recreation, accommodation, and food services",Direct Table 6D NAICS mapping.,"BEA NIPA archive, 2024 Q1 Third estimate, released June 28, 2024; Section 6 Table 6.1B/C/D."
2023,"Other services, except government",14,service_detail,632741.0,2.815086139969275,2.83580396510865,Table 6.1D,19,"Other services, except government",Direct Table 6D NAICS mapping.,"BEA NIPA archive, 2024 Q1 Third estimate, released June 28, 2024; Section 6 Table 6.1B/C/D."
2023,Services,15,services_total,7.646532e6,34.01967985642078,34.270050091475305,Table 6.1D,16 + 17 + 18 + 19,Sum of Table 6D service detail rows,Total services constructed as the sum of the four Table 6D service detail rows.,"BEA NIPA archive, 2024 Q1 Third estimate, released June 28, 2024; Section 6 Table 6.1B/C/D."
2023,Government,16,sector,2.343686e6,10.427138394761885,10.503877655738496,Table 6.1D,20,Government,Direct Table 6D NAICS mapping.,"BEA NIPA archive, 2024 Q1 Third estimate, released June 28, 2024; Section 6 Table 6.1B/C/D."
2023,Rest of the world,17,sector,164211.0,0.7305803008347722,missing,Table 6.1D,21,Rest of the world,Direct mapping.,"BEA NIPA archive, 2024 Q1 Third estimate, released June 28, 2024; Section 6 Table 6.1B/C/D."
