Dataset,Table,Line,Label,Unit,Year,Value
NIPA,T11000,01,Gross domestic income,Millions of dollars,1929,103822.0
NIPA,T11000,01,Gross domestic income,Millions of dollars,1930,92606.0
NIPA,T11000,01,Gross domestic income,Millions of dollars,1931,76653.0
NIPA,T11000,01,Gross domestic income,Millions of dollars,1932,59248.0
NIPA,T11000,01,Gross domestic income,Millions of dollars,1933,56636.0
NIPA,T11000,01,Gross domestic income,Millions of dollars,1934,66428.0
NIPA,T11000,01,Gross domestic income,Millions of dollars,1935,74471.0
NIPA,T11000,01,Gross domestic income,Millions of dollars,1936,83648.0
NIPA,T11000,01,Gross domestic income,Millions of dollars,1937,93048.0
NIPA,T11000,01,Gross domestic income,Millions of dollars,1938,86671.0
NIPA,T11000,01,Gross domestic income,Millions of dollars,1939,92148.0
NIPA,T11000,01,Gross domestic income,Millions of dollars,1940,101834.0
NIPA,T11000,01,Gross domestic income,Millions of dollars,1941,128991.00000000001
NIPA,T11000,01,Gross domestic income,Millions of dollars,1942,166859.0
NIPA,T11000,01,Gross domestic income,Millions of dollars,1943,204909.0
NIPA,T11000,01,Gross domestic income,Millions of dollars,1944,221915.0
NIPA,T11000,01,Gross domestic income,Millions of dollars,1945,224176.0
NIPA,T11000,01,Gross domestic income,Millions of dollars,1946,226303.0
NIPA,T11000,01,Gross domestic income,Millions of dollars,1947,246753.0
NIPA,T11000,01,Gross domestic income,Millions of dollars,1948,274719.0
NIPA,T11000,01,Gross domestic income,Millions of dollars,1949,270731.0
NIPA,T11000,01,Gross domestic income,Millions of dollars,1950,298565.0
NIPA,T11000,01,Gross domestic income,Millions of dollars,1951,343468.0
NIPA,T11000,01,Gross domestic income,Millions of dollars,1952,364737.0
NIPA,T11000,01,Gross domestic income,Millions of dollars,1953,385426.0
NIPA,T11000,01,Gross domestic income,Millions of dollars,1954,387641.0
NIPA,T11000,01,Gross domestic income,Millions of dollars,1955,423348.0
NIPA,T11000,01,Gross domestic income,Millions of dollars,1956,451386.0
NIPA,T11000,01,Gross domestic income,Millions of dollars,1957,474395.0
NIPA,T11000,01,Gross domestic income,Millions of dollars,1958,480584.0
NIPA,T11000,01,Gross domestic income,Millions of dollars,1959,521453.99999999994
NIPA,T11000,01,Gross domestic income,Millions of dollars,1960,543690.0
NIPA,T11000,01,Gross domestic income,Millions of dollars,1961,563124.0
NIPA,T11000,01,Gross domestic income,Millions of dollars,1962,603951.0
NIPA,T11000,01,Gross domestic income,Millions of dollars,1963,638918.0
NIPA,T11000,01,Gross domestic income,Millions of dollars,1964,684510.0
NIPA,T11000,01,Gross domestic income,Millions of dollars,1965,741547.0
NIPA,T11000,01,Gross domestic income,Millions of dollars,1966,808333.0
NIPA,T11000,01,Gross domestic income,Millions of dollars,1967,856600.0
NIPA,T11000,01,Gross domestic income,Millions of dollars,1968,937518.0
NIPA,T11000,01,Gross domestic income,Millions of dollars,1969,1.016032e6
NIPA,T11000,01,Gross domestic income,Millions of dollars,1970,1.067965e6
NIPA,T11000,01,Gross domestic income,Millions of dollars,1971,1.155333e6
NIPA,T11000,01,Gross domestic income,Millions of dollars,1972,1.271943e6
NIPA,T11000,01,Gross domestic income,Millions of dollars,1973,1.419232e6
NIPA,T11000,01,Gross domestic income,Millions of dollars,1974,1.537793e6
NIPA,T11000,01,Gross domestic income,Millions of dollars,1975,1.671561e6
NIPA,T11000,01,Gross domestic income,Millions of dollars,1976,1.852757e6
NIPA,T11000,01,Gross domestic income,Millions of dollars,1977,2.0623780000000002e6
NIPA,T11000,01,Gross domestic income,Millions of dollars,1978,2.328274e6
NIPA,T11000,01,Gross domestic income,Millions of dollars,1979,2.582331e6
NIPA,T11000,01,Gross domestic income,Millions of dollars,1980,2.813037e6
NIPA,T11000,01,Gross domestic income,Millions of dollars,1981,3.169341e6
NIPA,T11000,01,Gross domestic income,Millions of dollars,1982,3.335141e6
NIPA,T11000,01,Gross domestic income,Millions of dollars,1983,3.577187e6
NIPA,T11000,01,Gross domestic income,Millions of dollars,1984,3.99619e6
NIPA,T11000,01,Gross domestic income,Millions of dollars,1985,4.284907e6
NIPA,T11000,01,Gross domestic income,Millions of dollars,1986,4.499783e6
NIPA,T11000,01,Gross domestic income,Millions of dollars,1987,4.81161e6
NIPA,T11000,01,Gross domestic income,Millions of dollars,1988,5.233615e6
NIPA,T11000,01,Gross domestic income,Millions of dollars,1989,5.573751e6
NIPA,T11000,01,Gross domestic income,Millions of dollars,1990,5.867789e6
NIPA,T11000,01,Gross domestic income,Millions of dollars,1991,6.065418e6
NIPA,T11000,01,Gross domestic income,Millions of dollars,1992,6.404817e6
NIPA,T11000,01,Gross domestic income,Millions of dollars,1993,6.703129e6
NIPA,T11000,01,Gross domestic income,Millions of dollars,1994,7.14799e6
NIPA,T11000,01,Gross domestic income,Millions of dollars,1995,7.547593e6
NIPA,T11000,01,Gross domestic income,Millions of dollars,1996,8.016095e6
NIPA,T11000,01,Gross domestic income,Millions of dollars,1997,8.567298e6
NIPA,T11000,01,Gross domestic income,Millions of dollars,1998,9.119217e6
NIPA,T11000,01,Gross domestic income,Millions of dollars,1999,9.660488e6
NIPA,T11000,01,Gross domestic income,Millions of dollars,2000,1.0346717e7
NIPA,T11000,01,Gross domestic income,Millions of dollars,2001,1.0698659e7
NIPA,T11000,01,Gross domestic income,Millions of dollars,2002,1.1010778e7
NIPA,T11000,01,Gross domestic income,Millions of dollars,2003,1.1480643e7
NIPA,T11000,01,Gross domestic income,Millions of dollars,2004,1.2245295e7
NIPA,T11000,01,Gross domestic income,Millions of dollars,2005,1.3096193e7
NIPA,T11000,01,Gross domestic income,Millions of dollars,2006,1.4025375e7
NIPA,T11000,01,Gross domestic income,Millions of dollars,2007,1.4461933e7
NIPA,T11000,01,Gross domestic income,Millions of dollars,2008,1.4578667e7
NIPA,T11000,01,Gross domestic income,Millions of dollars,2009,1.4286347e7
NIPA,T11000,01,Gross domestic income,Millions of dollars,2010,1.4979526e7
NIPA,T11000,01,Gross domestic income,Millions of dollars,2011,1.5624026e7
NIPA,T11000,01,Gross domestic income,Millions of dollars,2012,1.6407611e7
NIPA,T11000,01,Gross domestic income,Millions of dollars,2013,1.6910471e7
NIPA,T11000,01,Gross domestic income,Millions of dollars,2014,1.7749078e7
NIPA,T11000,01,Gross domestic income,Millions of dollars,2015,1.8387992e7
NIPA,T11000,01,Gross domestic income,Millions of dollars,2016,1.8752004e7
NIPA,T11000,01,Gross domestic income,Millions of dollars,2017,1.95442e7
NIPA,T11000,01,Gross domestic income,Millions of dollars,2018,2.0593076e7
NIPA,T11000,01,Gross domestic income,Millions of dollars,2019,2.1482943e7
NIPA,T11000,01,Gross domestic income,Millions of dollars,2020,2.1254695e7
NIPA,T11000,01,Gross domestic income,Millions of dollars,2021,2.3687817e7
NIPA,T11000,01,Gross domestic income,Millions of dollars,2022,2.6055012e7
NIPA,T11000,01,Gross domestic income,Millions of dollars,2023,2.7485663e7
NIPA,T11000,01,Gross domestic income,Millions of dollars,2024,2.9001715e7
NIPA,T11000,01,Gross domestic income,Millions of dollars,2025,3.0532476e7
NIPA,T11000,02,"Compensation of employees, paid",Millions of dollars,1929,51407.0
NIPA,T11000,02,"Compensation of employees, paid",Millions of dollars,1930,47166.0
NIPA,T11000,02,"Compensation of employees, paid",Millions of dollars,1931,40070.0
NIPA,T11000,02,"Compensation of employees, paid",Millions of dollars,1932,31338.0
NIPA,T11000,02,"Compensation of employees, paid",Millions of dollars,1933,29786.0
NIPA,T11000,02,"Compensation of employees, paid",Millions of dollars,1934,34552.0
NIPA,T11000,02,"Compensation of employees, paid",Millions of dollars,1935,37666.0
NIPA,T11000,02,"Compensation of employees, paid",Millions of dollars,1936,43288.0
NIPA,T11000,02,"Compensation of employees, paid",Millions of dollars,1937,48309.0
NIPA,T11000,02,"Compensation of employees, paid",Millions of dollars,1938,45411.0
NIPA,T11000,02,"Compensation of employees, paid",Millions of dollars,1939,48551.0
NIPA,T11000,02,"Compensation of employees, paid",Millions of dollars,1940,52746.0
NIPA,T11000,02,"Compensation of employees, paid",Millions of dollars,1941,66181.0
NIPA,T11000,02,"Compensation of employees, paid",Millions of dollars,1942,88026.0
NIPA,T11000,02,"Compensation of employees, paid",Millions of dollars,1943,112714.0
NIPA,T11000,02,"Compensation of employees, paid",Millions of dollars,1944,124372.0
NIPA,T11000,02,"Compensation of employees, paid",Millions of dollars,1945,126368.0
NIPA,T11000,02,"Compensation of employees, paid",Millions of dollars,1946,122525.0
NIPA,T11000,02,"Compensation of employees, paid",Millions of dollars,1947,132292.0
NIPA,T11000,02,"Compensation of employees, paid",Millions of dollars,1948,144227.0
NIPA,T11000,02,"Compensation of employees, paid",Millions of dollars,1949,144276.0
NIPA,T11000,02,"Compensation of employees, paid",Millions of dollars,1950,158191.0
NIPA,T11000,02,"Compensation of employees, paid",Millions of dollars,1951,185691.0
NIPA,T11000,02,"Compensation of employees, paid",Millions of dollars,1952,201086.0
NIPA,T11000,02,"Compensation of employees, paid",Millions of dollars,1953,215252.0
NIPA,T11000,02,"Compensation of employees, paid",Millions of dollars,1954,214196.0
NIPA,T11000,02,"Compensation of employees, paid",Millions of dollars,1955,230641.0
NIPA,T11000,02,"Compensation of employees, paid",Millions of dollars,1956,249357.0
NIPA,T11000,02,"Compensation of employees, paid",Millions of dollars,1957,262654.0
NIPA,T11000,02,"Compensation of employees, paid",Millions of dollars,1958,264742.0
NIPA,T11000,02,"Compensation of employees, paid",Millions of dollars,1959,285910.0
NIPA,T11000,02,"Compensation of employees, paid",Millions of dollars,1960,301438.0
NIPA,T11000,02,"Compensation of employees, paid",Millions of dollars,1961,310566.0
NIPA,T11000,02,"Compensation of employees, paid",Millions of dollars,1962,332297.0
NIPA,T11000,02,"Compensation of employees, paid",Millions of dollars,1963,350471.0
NIPA,T11000,02,"Compensation of employees, paid",Millions of dollars,1964,376029.0
NIPA,T11000,02,"Compensation of employees, paid",Millions of dollars,1965,405410.0
NIPA,T11000,02,"Compensation of employees, paid",Millions of dollars,1966,449225.0
NIPA,T11000,02,"Compensation of employees, paid",Millions of dollars,1967,481760.0
NIPA,T11000,02,"Compensation of employees, paid",Millions of dollars,1968,530739.0
NIPA,T11000,02,"Compensation of employees, paid",Millions of dollars,1969,584436.0
NIPA,T11000,02,"Compensation of employees, paid",Millions of dollars,1970,623324.0
NIPA,T11000,02,"Compensation of employees, paid",Millions of dollars,1971,664974.0
NIPA,T11000,02,"Compensation of employees, paid",Millions of dollars,1972,731334.0
NIPA,T11000,02,"Compensation of employees, paid",Millions of dollars,1973,812696.0
NIPA,T11000,02,"Compensation of employees, paid",Millions of dollars,1974,887737.0
NIPA,T11000,02,"Compensation of employees, paid",Millions of dollars,1975,947273.0
NIPA,T11000,02,"Compensation of employees, paid",Millions of dollars,1976,1.048384e6
NIPA,T11000,02,"Compensation of employees, paid",Millions of dollars,1977,1.165887e6
NIPA,T11000,02,"Compensation of employees, paid",Millions of dollars,1978,1.316864e6
NIPA,T11000,02,"Compensation of employees, paid",Millions of dollars,1979,1.477302e6
NIPA,T11000,02,"Compensation of employees, paid",Millions of dollars,1980,1.622345e6
NIPA,T11000,02,"Compensation of employees, paid",Millions of dollars,1981,1.792681e6
NIPA,T11000,02,"Compensation of employees, paid",Millions of dollars,1982,1.893175e6
NIPA,T11000,02,"Compensation of employees, paid",Millions of dollars,1983,2.012662e6
NIPA,T11000,02,"Compensation of employees, paid",Millions of dollars,1984,2.216083e6
NIPA,T11000,02,"Compensation of employees, paid",Millions of dollars,1985,2.387539e6
NIPA,T11000,02,"Compensation of employees, paid",Millions of dollars,1986,2.543845e6
NIPA,T11000,02,"Compensation of employees, paid",Millions of dollars,1987,2.723761e6
NIPA,T11000,02,"Compensation of employees, paid",Millions of dollars,1988,2.948854e6
NIPA,T11000,02,"Compensation of employees, paid",Millions of dollars,1989,3.140886e6
NIPA,T11000,02,"Compensation of employees, paid",Millions of dollars,1990,3.34268e6
NIPA,T11000,02,"Compensation of employees, paid",Millions of dollars,1991,3.453267e6
NIPA,T11000,02,"Compensation of employees, paid",Millions of dollars,1992,3.671211e6
NIPA,T11000,02,"Compensation of employees, paid",Millions of dollars,1993,3.82061e6
NIPA,T11000,02,"Compensation of employees, paid",Millions of dollars,1994,4.010207e6
NIPA,T11000,02,"Compensation of employees, paid",Millions of dollars,1995,4.202178e6
NIPA,T11000,02,"Compensation of employees, paid",Millions of dollars,1996,4.421067e6
NIPA,T11000,02,"Compensation of employees, paid",Millions of dollars,1997,4.71322e6
NIPA,T11000,02,"Compensation of employees, paid",Millions of dollars,1998,5.075701e6
NIPA,T11000,02,"Compensation of employees, paid",Millions of dollars,1999,5.409932e6
NIPA,T11000,02,"Compensation of employees, paid",Millions of dollars,2000,5.854629e6
NIPA,T11000,02,"Compensation of employees, paid",Millions of dollars,2001,6.046343e6
NIPA,T11000,02,"Compensation of employees, paid",Millions of dollars,2002,6.143368e6
NIPA,T11000,02,"Compensation of employees, paid",Millions of dollars,2003,6.362296e6
NIPA,T11000,02,"Compensation of employees, paid",Millions of dollars,2004,6.729301e6
NIPA,T11000,02,"Compensation of employees, paid",Millions of dollars,2005,7.077721e6
NIPA,T11000,02,"Compensation of employees, paid",Millions of dollars,2006,7.491255e6
NIPA,T11000,02,"Compensation of employees, paid",Millions of dollars,2007,7.889369e6
NIPA,T11000,02,"Compensation of employees, paid",Millions of dollars,2008,8.068679e6
NIPA,T11000,02,"Compensation of employees, paid",Millions of dollars,2009,7.767191e6
NIPA,T11000,02,"Compensation of employees, paid",Millions of dollars,2010,7.932969e6
NIPA,T11000,02,"Compensation of employees, paid",Millions of dollars,2011,8.234013000000001e6
NIPA,T11000,02,"Compensation of employees, paid",Millions of dollars,2012,8.575371e6
NIPA,T11000,02,"Compensation of employees, paid",Millions of dollars,2013,8.843638e6
NIPA,T11000,02,"Compensation of employees, paid",Millions of dollars,2014,9.259655e6
NIPA,T11000,02,"Compensation of employees, paid",Millions of dollars,2015,9.709535e6
NIPA,T11000,02,"Compensation of employees, paid",Millions of dollars,2016,9.977096e6
NIPA,T11000,02,"Compensation of employees, paid",Millions of dollars,2017,1.0434978e7
NIPA,T11000,02,"Compensation of employees, paid",Millions of dollars,2018,1.0967687e7
NIPA,T11000,02,"Compensation of employees, paid",Millions of dollars,2019,1.1458472e7
NIPA,T11000,02,"Compensation of employees, paid",Millions of dollars,2020,1.1605744e7
NIPA,T11000,02,"Compensation of employees, paid",Millions of dollars,2021,1.2569557e7
NIPA,T11000,02,"Compensation of employees, paid",Millions of dollars,2022,1.3462215e7
NIPA,T11000,02,"Compensation of employees, paid",Millions of dollars,2023,1.4228378e7
NIPA,T11000,02,"Compensation of employees, paid",Millions of dollars,2024,1.5049121e7
NIPA,T11000,02,"Compensation of employees, paid",Millions of dollars,2025,1.5749645e7
NIPA,T11000,03,Wages and salaries,Millions of dollars,1929,50459.0
NIPA,T11000,03,Wages and salaries,Millions of dollars,1930,46213.0
NIPA,T11000,03,Wages and salaries,Millions of dollars,1931,39156.0
NIPA,T11000,03,Wages and salaries,Millions of dollars,1932,30513.0
NIPA,T11000,03,Wages and salaries,Millions of dollars,1933,29026.0
NIPA,T11000,03,Wages and salaries,Millions of dollars,1934,33733.0
NIPA,T11000,03,Wages and salaries,Millions of dollars,1935,36721.0
NIPA,T11000,03,Wages and salaries,Millions of dollars,1936,41953.0
NIPA,T11000,03,Wages and salaries,Millions of dollars,1937,46138.0
NIPA,T11000,03,Wages and salaries,Millions of dollars,1938,43012.0
NIPA,T11000,03,Wages and salaries,Millions of dollars,1939,45983.0
NIPA,T11000,03,Wages and salaries,Millions of dollars,1940,49857.0
NIPA,T11000,03,Wages and salaries,Millions of dollars,1941,62079.0
NIPA,T11000,03,Wages and salaries,Millions of dollars,1942,82088.0
NIPA,T11000,03,Wages and salaries,Millions of dollars,1943,105802.0
NIPA,T11000,03,Wages and salaries,Millions of dollars,1944,116800.0
NIPA,T11000,03,Wages and salaries,Millions of dollars,1945,117557.0
NIPA,T11000,03,Wages and salaries,Millions of dollars,1946,112045.0
NIPA,T11000,03,Wages and salaries,Millions of dollars,1947,123028.0
NIPA,T11000,03,Wages and salaries,Millions of dollars,1948,135464.0
NIPA,T11000,03,Wages and salaries,Millions of dollars,1949,134675.0
NIPA,T11000,03,Wages and salaries,Millions of dollars,1950,147175.0
NIPA,T11000,03,Wages and salaries,Millions of dollars,1951,171593.0
NIPA,T11000,03,Wages and salaries,Millions of dollars,1952,185634.0
NIPA,T11000,03,Wages and salaries,Millions of dollars,1953,198996.0
NIPA,T11000,03,Wages and salaries,Millions of dollars,1954,197320.0
NIPA,T11000,03,Wages and salaries,Millions of dollars,1955,212221.0
NIPA,T11000,03,Wages and salaries,Millions of dollars,1956,229108.0
NIPA,T11000,03,Wages and salaries,Millions of dollars,1957,240029.0
NIPA,T11000,03,Wages and salaries,Millions of dollars,1958,241389.0
NIPA,T11000,03,Wages and salaries,Millions of dollars,1959,259923.0
NIPA,T11000,03,Wages and salaries,Millions of dollars,1960,273010.0
NIPA,T11000,03,Wages and salaries,Millions of dollars,1961,280663.0
NIPA,T11000,03,Wages and salaries,Millions of dollars,1962,299453.0
NIPA,T11000,03,Wages and salaries,Millions of dollars,1963,314914.0
NIPA,T11000,03,Wages and salaries,Millions of dollars,1964,337842.0
NIPA,T11000,03,Wages and salaries,Millions of dollars,1965,363752.0
NIPA,T11000,03,Wages and salaries,Millions of dollars,1966,400297.0
NIPA,T11000,03,Wages and salaries,Millions of dollars,1967,428979.0
NIPA,T11000,03,Wages and salaries,Millions of dollars,1968,471960.0
NIPA,T11000,03,Wages and salaries,Millions of dollars,1969,518311.00000000006
NIPA,T11000,03,Wages and salaries,Millions of dollars,1970,551537.0
NIPA,T11000,03,Wages and salaries,Millions of dollars,1971,584528.0
NIPA,T11000,03,Wages and salaries,Millions of dollars,1972,638786.0
NIPA,T11000,03,Wages and salaries,Millions of dollars,1973,708775.0
NIPA,T11000,03,Wages and salaries,Millions of dollars,1974,772304.0
NIPA,T11000,03,Wages and salaries,Millions of dollars,1975,814881.0
NIPA,T11000,03,Wages and salaries,Millions of dollars,1976,899782.0
NIPA,T11000,03,Wages and salaries,Millions of dollars,1977,994220.0
NIPA,T11000,03,Wages and salaries,Millions of dollars,1978,1.120669e6
NIPA,T11000,03,Wages and salaries,Millions of dollars,1979,1.253385e6
NIPA,T11000,03,Wages and salaries,Millions of dollars,1980,1.37352e6
NIPA,T11000,03,Wages and salaries,Millions of dollars,1981,1.511529e6
NIPA,T11000,03,Wages and salaries,Millions of dollars,1982,1.587709e6
NIPA,T11000,03,Wages and salaries,Millions of dollars,1983,1.677686e6
NIPA,T11000,03,Wages and salaries,Millions of dollars,1984,1.845126e6
NIPA,T11000,03,Wages and salaries,Millions of dollars,1985,1.982765e6
NIPA,T11000,03,Wages and salaries,Millions of dollars,1986,2.104117e6
NIPA,T11000,03,Wages and salaries,Millions of dollars,1987,2.257623e6
NIPA,T11000,03,Wages and salaries,Millions of dollars,1988,2.440649e6
NIPA,T11000,03,Wages and salaries,Millions of dollars,1989,2.584336e6
NIPA,T11000,03,Wages and salaries,Millions of dollars,1990,2.743506e6
NIPA,T11000,03,Wages and salaries,Millions of dollars,1991,2.817229e6
NIPA,T11000,03,Wages and salaries,Millions of dollars,1992,2.968506e6
NIPA,T11000,03,Wages and salaries,Millions of dollars,1993,3.08266e6
NIPA,T11000,03,Wages and salaries,Millions of dollars,1994,3.240604e6
NIPA,T11000,03,Wages and salaries,Millions of dollars,1995,3.422112e6
NIPA,T11000,03,Wages and salaries,Millions of dollars,1996,3.620594e6
NIPA,T11000,03,Wages and salaries,Millions of dollars,1997,3.881246e6
NIPA,T11000,03,Wages and salaries,Millions of dollars,1998,4.186179e6
NIPA,T11000,03,Wages and salaries,Millions of dollars,1999,4.465176e6
NIPA,T11000,03,Wages and salaries,Millions of dollars,2000,4.83243e6
NIPA,T11000,03,Wages and salaries,Millions of dollars,2001,4.961629e6
NIPA,T11000,03,Wages and salaries,Millions of dollars,2002,5.004096e6
NIPA,T11000,03,Wages and salaries,Millions of dollars,2003,5.146959e6
NIPA,T11000,03,Wages and salaries,Millions of dollars,2004,5.430827e6
NIPA,T11000,03,Wages and salaries,Millions of dollars,2005,5.702993e6
NIPA,T11000,03,Wages and salaries,Millions of dollars,2006,6.068318e6
NIPA,T11000,03,Wages and salaries,Millions of dollars,2007,6.407285e6
NIPA,T11000,03,Wages and salaries,Millions of dollars,2008,6.545949e6
NIPA,T11000,03,Wages and salaries,Millions of dollars,2009,6.257281e6
NIPA,T11000,03,Wages and salaries,Millions of dollars,2010,6.38011e6
NIPA,T11000,03,Wages and salaries,Millions of dollars,2011,6.63402e6
NIPA,T11000,03,Wages and salaries,Millions of dollars,2012,6.936133e6
NIPA,T11000,03,Wages and salaries,Millions of dollars,2013,7.122593e6
NIPA,T11000,03,Wages and salaries,Millions of dollars,2014,7.485778e6
NIPA,T11000,03,Wages and salaries,Millions of dollars,2015,7.869599e6
NIPA,T11000,03,Wages and salaries,Millions of dollars,2016,8.102227e6
NIPA,T11000,03,Wages and salaries,Millions of dollars,2017,8.485016e6
NIPA,T11000,03,Wages and salaries,Millions of dollars,2018,8.910107e6
NIPA,T11000,03,Wages and salaries,Millions of dollars,2019,9.337004e6
NIPA,T11000,03,Wages and salaries,Millions of dollars,2020,9.472949e6
NIPA,T11000,03,Wages and salaries,Millions of dollars,2021,1.0326157e7
NIPA,T11000,03,Wages and salaries,Millions of dollars,2022,1.1141606e7
NIPA,T11000,03,Wages and salaries,Millions of dollars,2023,1.1753395e7
NIPA,T11000,03,Wages and salaries,Millions of dollars,2024,1.2409992e7
NIPA,T11000,03,Wages and salaries,Millions of dollars,2025,1.2981391e7
NIPA,T11000,04,Wages and salaries: To persons,Millions of dollars,1929,
NIPA,T11000,04,Wages and salaries: To persons,Millions of dollars,1930,
NIPA,T11000,04,Wages and salaries: To persons,Millions of dollars,1931,
NIPA,T11000,04,Wages and salaries: To persons,Millions of dollars,1932,
NIPA,T11000,04,Wages and salaries: To persons,Millions of dollars,1933,
NIPA,T11000,04,Wages and salaries: To persons,Millions of dollars,1934,
NIPA,T11000,04,Wages and salaries: To persons,Millions of dollars,1935,
NIPA,T11000,04,Wages and salaries: To persons,Millions of dollars,1936,
NIPA,T11000,04,Wages and salaries: To persons,Millions of dollars,1937,
NIPA,T11000,04,Wages and salaries: To persons,Millions of dollars,1938,
NIPA,T11000,04,Wages and salaries: To persons,Millions of dollars,1939,
NIPA,T11000,04,Wages and salaries: To persons,Millions of dollars,1940,
NIPA,T11000,04,Wages and salaries: To persons,Millions of dollars,1941,
NIPA,T11000,04,Wages and salaries: To persons,Millions of dollars,1942,
NIPA,T11000,04,Wages and salaries: To persons,Millions of dollars,1943,
NIPA,T11000,04,Wages and salaries: To persons,Millions of dollars,1944,
NIPA,T11000,04,Wages and salaries: To persons,Millions of dollars,1945,
NIPA,T11000,04,Wages and salaries: To persons,Millions of dollars,1946,
NIPA,T11000,04,Wages and salaries: To persons,Millions of dollars,1947,
NIPA,T11000,04,Wages and salaries: To persons,Millions of dollars,1948,135440.0
NIPA,T11000,04,Wages and salaries: To persons,Millions of dollars,1949,134620.0
NIPA,T11000,04,Wages and salaries: To persons,Millions of dollars,1950,147135.0
NIPA,T11000,04,Wages and salaries: To persons,Millions of dollars,1951,171484.0
NIPA,T11000,04,Wages and salaries: To persons,Millions of dollars,1952,185506.0
NIPA,T11000,04,Wages and salaries: To persons,Millions of dollars,1953,198861.0
NIPA,T11000,04,Wages and salaries: To persons,Millions of dollars,1954,197130.0
NIPA,T11000,04,Wages and salaries: To persons,Millions of dollars,1955,212016.0
NIPA,T11000,04,Wages and salaries: To persons,Millions of dollars,1956,228888.0
NIPA,T11000,04,Wages and salaries: To persons,Millions of dollars,1957,239810.0
NIPA,T11000,04,Wages and salaries: To persons,Millions of dollars,1958,241171.0
NIPA,T11000,04,Wages and salaries: To persons,Millions of dollars,1959,259689.00000000003
NIPA,T11000,04,Wages and salaries: To persons,Millions of dollars,1960,272696.0
NIPA,T11000,04,Wages and salaries: To persons,Millions of dollars,1961,280352.0
NIPA,T11000,04,Wages and salaries: To persons,Millions of dollars,1962,299185.0
NIPA,T11000,04,Wages and salaries: To persons,Millions of dollars,1963,314673.0
NIPA,T11000,04,Wages and salaries: To persons,Millions of dollars,1964,337601.0
NIPA,T11000,04,Wages and salaries: To persons,Millions of dollars,1965,363561.0
NIPA,T11000,04,Wages and salaries: To persons,Millions of dollars,1966,400116.0
NIPA,T11000,04,Wages and salaries: To persons,Millions of dollars,1967,428796.0
NIPA,T11000,04,Wages and salaries: To persons,Millions of dollars,1968,471749.0
NIPA,T11000,04,Wages and salaries: To persons,Millions of dollars,1969,518096.0
NIPA,T11000,04,Wages and salaries: To persons,Millions of dollars,1970,551309.0
NIPA,T11000,04,Wages and salaries: To persons,Millions of dollars,1971,584281.0
NIPA,T11000,04,Wages and salaries: To persons,Millions of dollars,1972,638503.0
NIPA,T11000,04,Wages and salaries: To persons,Millions of dollars,1973,708467.0
NIPA,T11000,04,Wages and salaries: To persons,Millions of dollars,1974,771952.0
NIPA,T11000,04,Wages and salaries: To persons,Millions of dollars,1975,814481.0
NIPA,T11000,04,Wages and salaries: To persons,Millions of dollars,1976,899360.0
NIPA,T11000,04,Wages and salaries: To persons,Millions of dollars,1977,993756.0
NIPA,T11000,04,Wages and salaries: To persons,Millions of dollars,1978,1.120166e6
NIPA,T11000,04,Wages and salaries: To persons,Millions of dollars,1979,1.252884e6
NIPA,T11000,04,Wages and salaries: To persons,Millions of dollars,1980,1.372957e6
NIPA,T11000,04,Wages and salaries: To persons,Millions of dollars,1981,1.510862e6
NIPA,T11000,04,Wages and salaries: To persons,Millions of dollars,1982,1.586977e6
NIPA,T11000,04,Wages and salaries: To persons,Millions of dollars,1983,1.676939e6
NIPA,T11000,04,Wages and salaries: To persons,Millions of dollars,1984,1.844296e6
NIPA,T11000,04,Wages and salaries: To persons,Millions of dollars,1985,1.981904e6
NIPA,T11000,04,Wages and salaries: To persons,Millions of dollars,1986,2.101427e6
NIPA,T11000,04,Wages and salaries: To persons,Millions of dollars,1987,2.255273e6
NIPA,T11000,04,Wages and salaries: To persons,Millions of dollars,1988,2.438787e6
NIPA,T11000,04,Wages and salaries: To persons,Millions of dollars,1989,2.582034e6
NIPA,T11000,04,Wages and salaries: To persons,Millions of dollars,1990,2.740027e6
NIPA,T11000,04,Wages and salaries: To persons,Millions of dollars,1991,2.813188e6
NIPA,T11000,04,Wages and salaries: To persons,Millions of dollars,1992,2.963745e6
NIPA,T11000,04,Wages and salaries: To persons,Millions of dollars,1993,3.07752e6
NIPA,T11000,04,Wages and salaries: To persons,Millions of dollars,1994,3.234646e6
NIPA,T11000,04,Wages and salaries: To persons,Millions of dollars,1995,3.415843e6
NIPA,T11000,04,Wages and salaries: To persons,Millions of dollars,1996,3.614288e6
NIPA,T11000,04,Wages and salaries: To persons,Millions of dollars,1997,3.874574e6
NIPA,T11000,04,Wages and salaries: To persons,Millions of dollars,1998,4.179179e6
NIPA,T11000,04,Wages and salaries: To persons,Millions of dollars,1999,4.45368e6
NIPA,T11000,04,Wages and salaries: To persons,Millions of dollars,2000,4.820551e6
NIPA,T11000,04,Wages and salaries: To persons,Millions of dollars,2001,4.949123e6
NIPA,T11000,04,Wages and salaries: To persons,Millions of dollars,2002,4.991274e6
NIPA,T11000,04,Wages and salaries: To persons,Millions of dollars,2003,5.133597e6
NIPA,T11000,04,Wages and salaries: To persons,Millions of dollars,2004,5.416279e6
NIPA,T11000,04,Wages and salaries: To persons,Millions of dollars,2005,5.686583e6
NIPA,T11000,04,Wages and salaries: To persons,Millions of dollars,2006,6.05167e6
NIPA,T11000,04,Wages and salaries: To persons,Millions of dollars,2007,6.391173e6
NIPA,T11000,04,Wages and salaries: To persons,Millions of dollars,2008,6.528731e6
NIPA,T11000,04,Wages and salaries: To persons,Millions of dollars,2009,6.24337e6
NIPA,T11000,04,Wages and salaries: To persons,Millions of dollars,2010,6.36658e6
NIPA,T11000,04,Wages and salaries: To persons,Millions of dollars,2011,6.620077e6
NIPA,T11000,04,Wages and salaries: To persons,Millions of dollars,2012,6.921822e6
NIPA,T11000,04,Wages and salaries: To persons,Millions of dollars,2013,7.107381e6
NIPA,T11000,04,Wages and salaries: To persons,Millions of dollars,2014,7.469829e6
NIPA,T11000,04,Wages and salaries: To persons,Millions of dollars,2015,7.852904e6
NIPA,T11000,04,Wages and salaries: To persons,Millions of dollars,2016,8.084909e6
NIPA,T11000,04,Wages and salaries: To persons,Millions of dollars,2017,8.468063e6
NIPA,T11000,04,Wages and salaries: To persons,Millions of dollars,2018,8.892882e6
NIPA,T11000,04,Wages and salaries: To persons,Millions of dollars,2019,9.318094e6
NIPA,T11000,04,Wages and salaries: To persons,Millions of dollars,2020,9.458516e6
NIPA,T11000,04,Wages and salaries: To persons,Millions of dollars,2021,1.0307882e7
NIPA,T11000,04,Wages and salaries: To persons,Millions of dollars,2022,1.1115106e7
NIPA,T11000,04,Wages and salaries: To persons,Millions of dollars,2023,1.1724009e7
NIPA,T11000,04,Wages and salaries: To persons,Millions of dollars,2024,1.2379217e7
NIPA,T11000,04,Wages and salaries: To persons,Millions of dollars,2025,1.2949612e7
NIPA,T11000,05,Wages and salaries: To the rest of the world,Millions of dollars,1929,
NIPA,T11000,05,Wages and salaries: To the rest of the world,Millions of dollars,1930,
NIPA,T11000,05,Wages and salaries: To the rest of the world,Millions of dollars,1931,
NIPA,T11000,05,Wages and salaries: To the rest of the world,Millions of dollars,1932,
NIPA,T11000,05,Wages and salaries: To the rest of the world,Millions of dollars,1933,
NIPA,T11000,05,Wages and salaries: To the rest of the world,Millions of dollars,1934,
NIPA,T11000,05,Wages and salaries: To the rest of the world,Millions of dollars,1935,
NIPA,T11000,05,Wages and salaries: To the rest of the world,Millions of dollars,1936,
NIPA,T11000,05,Wages and salaries: To the rest of the world,Millions of dollars,1937,
NIPA,T11000,05,Wages and salaries: To the rest of the world,Millions of dollars,1938,
NIPA,T11000,05,Wages and salaries: To the rest of the world,Millions of dollars,1939,
NIPA,T11000,05,Wages and salaries: To the rest of the world,Millions of dollars,1940,
NIPA,T11000,05,Wages and salaries: To the rest of the world,Millions of dollars,1941,
NIPA,T11000,05,Wages and salaries: To the rest of the world,Millions of dollars,1942,
NIPA,T11000,05,Wages and salaries: To the rest of the world,Millions of dollars,1943,
NIPA,T11000,05,Wages and salaries: To the rest of the world,Millions of dollars,1944,
NIPA,T11000,05,Wages and salaries: To the rest of the world,Millions of dollars,1945,
NIPA,T11000,05,Wages and salaries: To the rest of the world,Millions of dollars,1946,
NIPA,T11000,05,Wages and salaries: To the rest of the world,Millions of dollars,1947,
NIPA,T11000,05,Wages and salaries: To the rest of the world,Millions of dollars,1948,24.0
NIPA,T11000,05,Wages and salaries: To the rest of the world,Millions of dollars,1949,55.0
NIPA,T11000,05,Wages and salaries: To the rest of the world,Millions of dollars,1950,40.0
NIPA,T11000,05,Wages and salaries: To the rest of the world,Millions of dollars,1951,109.0
NIPA,T11000,05,Wages and salaries: To the rest of the world,Millions of dollars,1952,128.0
NIPA,T11000,05,Wages and salaries: To the rest of the world,Millions of dollars,1953,135.0
NIPA,T11000,05,Wages and salaries: To the rest of the world,Millions of dollars,1954,190.0
NIPA,T11000,05,Wages and salaries: To the rest of the world,Millions of dollars,1955,205.0
NIPA,T11000,05,Wages and salaries: To the rest of the world,Millions of dollars,1956,220.0
NIPA,T11000,05,Wages and salaries: To the rest of the world,Millions of dollars,1957,219.0
NIPA,T11000,05,Wages and salaries: To the rest of the world,Millions of dollars,1958,218.0
NIPA,T11000,05,Wages and salaries: To the rest of the world,Millions of dollars,1959,234.0
NIPA,T11000,05,Wages and salaries: To the rest of the world,Millions of dollars,1960,314.0
NIPA,T11000,05,Wages and salaries: To the rest of the world,Millions of dollars,1961,311.0
NIPA,T11000,05,Wages and salaries: To the rest of the world,Millions of dollars,1962,268.0
NIPA,T11000,05,Wages and salaries: To the rest of the world,Millions of dollars,1963,241.0
NIPA,T11000,05,Wages and salaries: To the rest of the world,Millions of dollars,1964,241.0
NIPA,T11000,05,Wages and salaries: To the rest of the world,Millions of dollars,1965,191.0
NIPA,T11000,05,Wages and salaries: To the rest of the world,Millions of dollars,1966,181.0
NIPA,T11000,05,Wages and salaries: To the rest of the world,Millions of dollars,1967,183.0
NIPA,T11000,05,Wages and salaries: To the rest of the world,Millions of dollars,1968,211.0
NIPA,T11000,05,Wages and salaries: To the rest of the world,Millions of dollars,1969,215.0
NIPA,T11000,05,Wages and salaries: To the rest of the world,Millions of dollars,1970,228.0
NIPA,T11000,05,Wages and salaries: To the rest of the world,Millions of dollars,1971,247.0
NIPA,T11000,05,Wages and salaries: To the rest of the world,Millions of dollars,1972,283.0
NIPA,T11000,05,Wages and salaries: To the rest of the world,Millions of dollars,1973,308.0
NIPA,T11000,05,Wages and salaries: To the rest of the world,Millions of dollars,1974,352.0
NIPA,T11000,05,Wages and salaries: To the rest of the world,Millions of dollars,1975,400.0
NIPA,T11000,05,Wages and salaries: To the rest of the world,Millions of dollars,1976,422.0
NIPA,T11000,05,Wages and salaries: To the rest of the world,Millions of dollars,1977,464.0
NIPA,T11000,05,Wages and salaries: To the rest of the world,Millions of dollars,1978,503.0
NIPA,T11000,05,Wages and salaries: To the rest of the world,Millions of dollars,1979,501.0
NIPA,T11000,05,Wages and salaries: To the rest of the world,Millions of dollars,1980,563.0
NIPA,T11000,05,Wages and salaries: To the rest of the world,Millions of dollars,1981,667.0
NIPA,T11000,05,Wages and salaries: To the rest of the world,Millions of dollars,1982,732.0
NIPA,T11000,05,Wages and salaries: To the rest of the world,Millions of dollars,1983,747.0
NIPA,T11000,05,Wages and salaries: To the rest of the world,Millions of dollars,1984,830.0
NIPA,T11000,05,Wages and salaries: To the rest of the world,Millions of dollars,1985,861.0
NIPA,T11000,05,Wages and salaries: To the rest of the world,Millions of dollars,1986,2690.0
NIPA,T11000,05,Wages and salaries: To the rest of the world,Millions of dollars,1987,2350.0
NIPA,T11000,05,Wages and salaries: To the rest of the world,Millions of dollars,1988,1862.0
NIPA,T11000,05,Wages and salaries: To the rest of the world,Millions of dollars,1989,2302.0
NIPA,T11000,05,Wages and salaries: To the rest of the world,Millions of dollars,1990,3479.0
NIPA,T11000,05,Wages and salaries: To the rest of the world,Millions of dollars,1991,4041.0000000000005
NIPA,T11000,05,Wages and salaries: To the rest of the world,Millions of dollars,1992,4761.0
NIPA,T11000,05,Wages and salaries: To the rest of the world,Millions of dollars,1993,5140.0
NIPA,T11000,05,Wages and salaries: To the rest of the world,Millions of dollars,1994,5958.0
NIPA,T11000,05,Wages and salaries: To the rest of the world,Millions of dollars,1995,6269.0
NIPA,T11000,05,Wages and salaries: To the rest of the world,Millions of dollars,1996,6306.0
NIPA,T11000,05,Wages and salaries: To the rest of the world,Millions of dollars,1997,6672.0
NIPA,T11000,05,Wages and salaries: To the rest of the world,Millions of dollars,1998,7000.0
NIPA,T11000,05,Wages and salaries: To the rest of the world,Millions of dollars,1999,11496.0
NIPA,T11000,05,Wages and salaries: To the rest of the world,Millions of dollars,2000,11879.0
NIPA,T11000,05,Wages and salaries: To the rest of the world,Millions of dollars,2001,12507.0
NIPA,T11000,05,Wages and salaries: To the rest of the world,Millions of dollars,2002,12823.0
NIPA,T11000,05,Wages and salaries: To the rest of the world,Millions of dollars,2003,13361.0
NIPA,T11000,05,Wages and salaries: To the rest of the world,Millions of dollars,2004,14547.0
NIPA,T11000,05,Wages and salaries: To the rest of the world,Millions of dollars,2005,16410.0
NIPA,T11000,05,Wages and salaries: To the rest of the world,Millions of dollars,2006,16648.0
NIPA,T11000,05,Wages and salaries: To the rest of the world,Millions of dollars,2007,16113.0
NIPA,T11000,05,Wages and salaries: To the rest of the world,Millions of dollars,2008,17218.0
NIPA,T11000,05,Wages and salaries: To the rest of the world,Millions of dollars,2009,13912.0
NIPA,T11000,05,Wages and salaries: To the rest of the world,Millions of dollars,2010,13530.0
NIPA,T11000,05,Wages and salaries: To the rest of the world,Millions of dollars,2011,13943.0
NIPA,T11000,05,Wages and salaries: To the rest of the world,Millions of dollars,2012,14311.0
NIPA,T11000,05,Wages and salaries: To the rest of the world,Millions of dollars,2013,15212.0
NIPA,T11000,05,Wages and salaries: To the rest of the world,Millions of dollars,2014,15949.0
NIPA,T11000,05,Wages and salaries: To the rest of the world,Millions of dollars,2015,16695.0
NIPA,T11000,05,Wages and salaries: To the rest of the world,Millions of dollars,2016,17317.0
NIPA,T11000,05,Wages and salaries: To the rest of the world,Millions of dollars,2017,16954.0
NIPA,T11000,05,Wages and salaries: To the rest of the world,Millions of dollars,2018,17225.0
NIPA,T11000,05,Wages and salaries: To the rest of the world,Millions of dollars,2019,18910.0
NIPA,T11000,05,Wages and salaries: To the rest of the world,Millions of dollars,2020,14432.0
NIPA,T11000,05,Wages and salaries: To the rest of the world,Millions of dollars,2021,18276.0
NIPA,T11000,05,Wages and salaries: To the rest of the world,Millions of dollars,2022,26500.0
NIPA,T11000,05,Wages and salaries: To the rest of the world,Millions of dollars,2023,29386.0
NIPA,T11000,05,Wages and salaries: To the rest of the world,Millions of dollars,2024,30775.0
NIPA,T11000,05,Wages and salaries: To the rest of the world,Millions of dollars,2025,31780.0
NIPA,T11000,06,Supplements to wages and salaries,Millions of dollars,1929,948.0
NIPA,T11000,06,Supplements to wages and salaries,Millions of dollars,1930,953.0
NIPA,T11000,06,Supplements to wages and salaries,Millions of dollars,1931,914.0
NIPA,T11000,06,Supplements to wages and salaries,Millions of dollars,1932,825.0
NIPA,T11000,06,Supplements to wages and salaries,Millions of dollars,1933,760.0
NIPA,T11000,06,Supplements to wages and salaries,Millions of dollars,1934,819.0
NIPA,T11000,06,Supplements to wages and salaries,Millions of dollars,1935,945.0
NIPA,T11000,06,Supplements to wages and salaries,Millions of dollars,1936,1335.0
NIPA,T11000,06,Supplements to wages and salaries,Millions of dollars,1937,2171.0
NIPA,T11000,06,Supplements to wages and salaries,Millions of dollars,1938,2399.0
NIPA,T11000,06,Supplements to wages and salaries,Millions of dollars,1939,2568.0
NIPA,T11000,06,Supplements to wages and salaries,Millions of dollars,1940,2889.0
NIPA,T11000,06,Supplements to wages and salaries,Millions of dollars,1941,4102.0
NIPA,T11000,06,Supplements to wages and salaries,Millions of dollars,1942,5938.0
NIPA,T11000,06,Supplements to wages and salaries,Millions of dollars,1943,6912.0
NIPA,T11000,06,Supplements to wages and salaries,Millions of dollars,1944,7572.0
NIPA,T11000,06,Supplements to wages and salaries,Millions of dollars,1945,8811.0
NIPA,T11000,06,Supplements to wages and salaries,Millions of dollars,1946,10480.0
NIPA,T11000,06,Supplements to wages and salaries,Millions of dollars,1947,9264.0
NIPA,T11000,06,Supplements to wages and salaries,Millions of dollars,1948,8763.0
NIPA,T11000,06,Supplements to wages and salaries,Millions of dollars,1949,9601.0
NIPA,T11000,06,Supplements to wages and salaries,Millions of dollars,1950,11016.0
NIPA,T11000,06,Supplements to wages and salaries,Millions of dollars,1951,14098.0
NIPA,T11000,06,Supplements to wages and salaries,Millions of dollars,1952,15452.0
NIPA,T11000,06,Supplements to wages and salaries,Millions of dollars,1953,16256.0
NIPA,T11000,06,Supplements to wages and salaries,Millions of dollars,1954,16876.0
NIPA,T11000,06,Supplements to wages and salaries,Millions of dollars,1955,18420.0
NIPA,T11000,06,Supplements to wages and salaries,Millions of dollars,1956,20249.0
NIPA,T11000,06,Supplements to wages and salaries,Millions of dollars,1957,22625.0
NIPA,T11000,06,Supplements to wages and salaries,Millions of dollars,1958,23353.0
NIPA,T11000,06,Supplements to wages and salaries,Millions of dollars,1959,25987.0
NIPA,T11000,06,Supplements to wages and salaries,Millions of dollars,1960,28428.0
NIPA,T11000,06,Supplements to wages and salaries,Millions of dollars,1961,29903.0
NIPA,T11000,06,Supplements to wages and salaries,Millions of dollars,1962,32844.0
NIPA,T11000,06,Supplements to wages and salaries,Millions of dollars,1963,35557.0
NIPA,T11000,06,Supplements to wages and salaries,Millions of dollars,1964,38187.0
NIPA,T11000,06,Supplements to wages and salaries,Millions of dollars,1965,41658.0
NIPA,T11000,06,Supplements to wages and salaries,Millions of dollars,1966,48928.0
NIPA,T11000,06,Supplements to wages and salaries,Millions of dollars,1967,52781.0
NIPA,T11000,06,Supplements to wages and salaries,Millions of dollars,1968,58779.0
NIPA,T11000,06,Supplements to wages and salaries,Millions of dollars,1969,66125.0
NIPA,T11000,06,Supplements to wages and salaries,Millions of dollars,1970,71787.0
NIPA,T11000,06,Supplements to wages and salaries,Millions of dollars,1971,80446.0
NIPA,T11000,06,Supplements to wages and salaries,Millions of dollars,1972,92548.0
NIPA,T11000,06,Supplements to wages and salaries,Millions of dollars,1973,103921.0
NIPA,T11000,06,Supplements to wages and salaries,Millions of dollars,1974,115433.0
NIPA,T11000,06,Supplements to wages and salaries,Millions of dollars,1975,132392.0
NIPA,T11000,06,Supplements to wages and salaries,Millions of dollars,1976,148602.0
NIPA,T11000,06,Supplements to wages and salaries,Millions of dollars,1977,171667.0
NIPA,T11000,06,Supplements to wages and salaries,Millions of dollars,1978,196195.0
NIPA,T11000,06,Supplements to wages and salaries,Millions of dollars,1979,223917.0
NIPA,T11000,06,Supplements to wages and salaries,Millions of dollars,1980,248826.0
NIPA,T11000,06,Supplements to wages and salaries,Millions of dollars,1981,281152.0
NIPA,T11000,06,Supplements to wages and salaries,Millions of dollars,1982,305465.0
NIPA,T11000,06,Supplements to wages and salaries,Millions of dollars,1983,334976.0
NIPA,T11000,06,Supplements to wages and salaries,Millions of dollars,1984,370957.0
NIPA,T11000,06,Supplements to wages and salaries,Millions of dollars,1985,404774.0
NIPA,T11000,06,Supplements to wages and salaries,Millions of dollars,1986,439729.0
NIPA,T11000,06,Supplements to wages and salaries,Millions of dollars,1987,466139.0
NIPA,T11000,06,Supplements to wages and salaries,Millions of dollars,1988,508205.0
NIPA,T11000,06,Supplements to wages and salaries,Millions of dollars,1989,556550.0
NIPA,T11000,06,Supplements to wages and salaries,Millions of dollars,1990,599175.0
NIPA,T11000,06,Supplements to wages and salaries,Millions of dollars,1991,636038.0
NIPA,T11000,06,Supplements to wages and salaries,Millions of dollars,1992,702705.0
NIPA,T11000,06,Supplements to wages and salaries,Millions of dollars,1993,737949.0
NIPA,T11000,06,Supplements to wages and salaries,Millions of dollars,1994,769603.0
NIPA,T11000,06,Supplements to wages and salaries,Millions of dollars,1995,780066.0
NIPA,T11000,06,Supplements to wages and salaries,Millions of dollars,1996,800473.0
NIPA,T11000,06,Supplements to wages and salaries,Millions of dollars,1997,831974.0
NIPA,T11000,06,Supplements to wages and salaries,Millions of dollars,1998,889522.0
NIPA,T11000,06,Supplements to wages and salaries,Millions of dollars,1999,944757.0
NIPA,T11000,06,Supplements to wages and salaries,Millions of dollars,2000,1.0222e6
NIPA,T11000,06,Supplements to wages and salaries,Millions of dollars,2001,1.084714e6
NIPA,T11000,06,Supplements to wages and salaries,Millions of dollars,2002,1.139272e6
NIPA,T11000,06,Supplements to wages and salaries,Millions of dollars,2003,1.215337e6
NIPA,T11000,06,Supplements to wages and salaries,Millions of dollars,2004,1.298474e6
NIPA,T11000,06,Supplements to wages and salaries,Millions of dollars,2005,1.374728e6
NIPA,T11000,06,Supplements to wages and salaries,Millions of dollars,2006,1.422938e6
NIPA,T11000,06,Supplements to wages and salaries,Millions of dollars,2007,1.482083e6
NIPA,T11000,06,Supplements to wages and salaries,Millions of dollars,2008,1.52273e6
NIPA,T11000,06,Supplements to wages and salaries,Millions of dollars,2009,1.50991e6
NIPA,T11000,06,Supplements to wages and salaries,Millions of dollars,2010,1.552859e6
NIPA,T11000,06,Supplements to wages and salaries,Millions of dollars,2011,1.599993e6
NIPA,T11000,06,Supplements to wages and salaries,Millions of dollars,2012,1.639238e6
NIPA,T11000,06,Supplements to wages and salaries,Millions of dollars,2013,1.721044e6
NIPA,T11000,06,Supplements to wages and salaries,Millions of dollars,2014,1.773876e6
NIPA,T11000,06,Supplements to wages and salaries,Millions of dollars,2015,1.839937e6
NIPA,T11000,06,Supplements to wages and salaries,Millions of dollars,2016,1.87487e6
NIPA,T11000,06,Supplements to wages and salaries,Millions of dollars,2017,1.949962e6
NIPA,T11000,06,Supplements to wages and salaries,Millions of dollars,2018,2.05758e6
NIPA,T11000,06,Supplements to wages and salaries,Millions of dollars,2019,2.121468e6
NIPA,T11000,06,Supplements to wages and salaries,Millions of dollars,2020,2.132796e6
NIPA,T11000,06,Supplements to wages and salaries,Millions of dollars,2021,2.2434e6
NIPA,T11000,06,Supplements to wages and salaries,Millions of dollars,2022,2.320608e6
NIPA,T11000,06,Supplements to wages and salaries,Millions of dollars,2023,2.474983e6
NIPA,T11000,06,Supplements to wages and salaries,Millions of dollars,2024,2.63913e6
NIPA,T11000,06,Supplements to wages and salaries,Millions of dollars,2025,2.768254e6
NIPA,T11000,07,Taxes on production and imports,Millions of dollars,1929,6824.0
NIPA,T11000,07,Taxes on production and imports,Millions of dollars,1930,6971.0
NIPA,T11000,07,Taxes on production and imports,Millions of dollars,1931,6669.0
NIPA,T11000,07,Taxes on production and imports,Millions of dollars,1932,6570.0
NIPA,T11000,07,Taxes on production and imports,Millions of dollars,1933,6864.0
NIPA,T11000,07,Taxes on production and imports,Millions of dollars,1934,7625.0
NIPA,T11000,07,Taxes on production and imports,Millions of dollars,1935,7990.0
NIPA,T11000,07,Taxes on production and imports,Millions of dollars,1936,8461.0
NIPA,T11000,07,Taxes on production and imports,Millions of dollars,1937,8941.0
NIPA,T11000,07,Taxes on production and imports,Millions of dollars,1938,8932.0
NIPA,T11000,07,Taxes on production and imports,Millions of dollars,1939,9146.0
NIPA,T11000,07,Taxes on production and imports,Millions of dollars,1940,9795.0
NIPA,T11000,07,Taxes on production and imports,Millions of dollars,1941,11054.0
NIPA,T11000,07,Taxes on production and imports,Millions of dollars,1942,11512.0
NIPA,T11000,07,Taxes on production and imports,Millions of dollars,1943,12431.0
NIPA,T11000,07,Taxes on production and imports,Millions of dollars,1944,13711.0
NIPA,T11000,07,Taxes on production and imports,Millions of dollars,1945,15095.0
NIPA,T11000,07,Taxes on production and imports,Millions of dollars,1946,16832.0
NIPA,T11000,07,Taxes on production and imports,Millions of dollars,1947,18106.0
NIPA,T11000,07,Taxes on production and imports,Millions of dollars,1948,19726.0
NIPA,T11000,07,Taxes on production and imports,Millions of dollars,1949,20904.0
NIPA,T11000,07,Taxes on production and imports,Millions of dollars,1950,22950.0
NIPA,T11000,07,Taxes on production and imports,Millions of dollars,1951,24745.0
NIPA,T11000,07,Taxes on production and imports,Millions of dollars,1952,27121.0
NIPA,T11000,07,Taxes on production and imports,Millions of dollars,1953,29101.0
NIPA,T11000,07,Taxes on production and imports,Millions of dollars,1954,28889.0
NIPA,T11000,07,Taxes on production and imports,Millions of dollars,1955,31467.0
NIPA,T11000,07,Taxes on production and imports,Millions of dollars,1956,34237.0
NIPA,T11000,07,Taxes on production and imports,Millions of dollars,1957,36616.0
NIPA,T11000,07,Taxes on production and imports,Millions of dollars,1958,37720.0
NIPA,T11000,07,Taxes on production and imports,Millions of dollars,1959,41052.0
NIPA,T11000,07,Taxes on production and imports,Millions of dollars,1960,44547.0
NIPA,T11000,07,Taxes on production and imports,Millions of dollars,1961,46968.0
NIPA,T11000,07,Taxes on production and imports,Millions of dollars,1962,50382.0
NIPA,T11000,07,Taxes on production and imports,Millions of dollars,1963,53386.0
NIPA,T11000,07,Taxes on production and imports,Millions of dollars,1964,57269.0
NIPA,T11000,07,Taxes on production and imports,Millions of dollars,1965,60709.0
NIPA,T11000,07,Taxes on production and imports,Millions of dollars,1966,63211.0
NIPA,T11000,07,Taxes on production and imports,Millions of dollars,1967,67937.0
NIPA,T11000,07,Taxes on production and imports,Millions of dollars,1968,76407.0
NIPA,T11000,07,Taxes on production and imports,Millions of dollars,1969,83856.0
NIPA,T11000,07,Taxes on production and imports,Millions of dollars,1970,91413.0
NIPA,T11000,07,Taxes on production and imports,Millions of dollars,1971,100493.0
NIPA,T11000,07,Taxes on production and imports,Millions of dollars,1972,107928.0
NIPA,T11000,07,Taxes on production and imports,Millions of dollars,1973,117220.0
NIPA,T11000,07,Taxes on production and imports,Millions of dollars,1974,124902.0
NIPA,T11000,07,Taxes on production and imports,Millions of dollars,1975,135292.0
NIPA,T11000,07,Taxes on production and imports,Millions of dollars,1976,146388.0
NIPA,T11000,07,Taxes on production and imports,Millions of dollars,1977,159664.0
NIPA,T11000,07,Taxes on production and imports,Millions of dollars,1978,170898.0
NIPA,T11000,07,Taxes on production and imports,Millions of dollars,1979,180101.0
NIPA,T11000,07,Taxes on production and imports,Millions of dollars,1980,200330.0
NIPA,T11000,07,Taxes on production and imports,Millions of dollars,1981,235644.0
NIPA,T11000,07,Taxes on production and imports,Millions of dollars,1982,240933.0
NIPA,T11000,07,Taxes on production and imports,Millions of dollars,1983,263281.0
NIPA,T11000,07,Taxes on production and imports,Millions of dollars,1984,289773.0
NIPA,T11000,07,Taxes on production and imports,Millions of dollars,1985,308133.0
NIPA,T11000,07,Taxes on production and imports,Millions of dollars,1986,323373.0
NIPA,T11000,07,Taxes on production and imports,Millions of dollars,1987,347545.0
NIPA,T11000,07,Taxes on production and imports,Millions of dollars,1988,374464.0
NIPA,T11000,07,Taxes on production and imports,Millions of dollars,1989,398867.0
NIPA,T11000,07,Taxes on production and imports,Millions of dollars,1990,424990.0
NIPA,T11000,07,Taxes on production and imports,Millions of dollars,1991,457091.0
NIPA,T11000,07,Taxes on production and imports,Millions of dollars,1992,483375.0
NIPA,T11000,07,Taxes on production and imports,Millions of dollars,1993,503126.0
NIPA,T11000,07,Taxes on production and imports,Millions of dollars,1994,545248.0
NIPA,T11000,07,Taxes on production and imports,Millions of dollars,1995,557903.0
NIPA,T11000,07,Taxes on production and imports,Millions of dollars,1996,580753.0
NIPA,T11000,07,Taxes on production and imports,Millions of dollars,1997,611614.0
NIPA,T11000,07,Taxes on production and imports,Millions of dollars,1998,639473.0
NIPA,T11000,07,Taxes on production and imports,Millions of dollars,1999,673585.0
NIPA,T11000,07,Taxes on production and imports,Millions of dollars,2000,708556.0
NIPA,T11000,07,Taxes on production and imports,Millions of dollars,2001,727690.0
NIPA,T11000,07,Taxes on production and imports,Millions of dollars,2002,760030.0
NIPA,T11000,07,Taxes on production and imports,Millions of dollars,2003,805616.0
NIPA,T11000,07,Taxes on production and imports,Millions of dollars,2004,868098.0
NIPA,T11000,07,Taxes on production and imports,Millions of dollars,2005,942438.0
NIPA,T11000,07,Taxes on production and imports,Millions of dollars,2006,997039.0
NIPA,T11000,07,Taxes on production and imports,Millions of dollars,2007,1.036829e6
NIPA,T11000,07,Taxes on production and imports,Millions of dollars,2008,1.04974e6
NIPA,T11000,07,Taxes on production and imports,Millions of dollars,2009,1.026817e6
NIPA,T11000,07,Taxes on production and imports,Millions of dollars,2010,1.063073e6
NIPA,T11000,07,Taxes on production and imports,Millions of dollars,2011,1.103723e6
NIPA,T11000,07,Taxes on production and imports,Millions of dollars,2012,1.136114e6
NIPA,T11000,07,Taxes on production and imports,Millions of dollars,2013,1.185823e6
NIPA,T11000,07,Taxes on production and imports,Millions of dollars,2014,1.237712e6
NIPA,T11000,07,Taxes on production and imports,Millions of dollars,2015,1.273454e6
NIPA,T11000,07,Taxes on production and imports,Millions of dollars,2016,1.309126e6
NIPA,T11000,07,Taxes on production and imports,Millions of dollars,2017,1.363971e6
NIPA,T11000,07,Taxes on production and imports,Millions of dollars,2018,1.457094e6
NIPA,T11000,07,Taxes on production and imports,Millions of dollars,2019,1.533632e6
NIPA,T11000,07,Taxes on production and imports,Millions of dollars,2020,1.521265e6
NIPA,T11000,07,Taxes on production and imports,Millions of dollars,2021,1.700086e6
NIPA,T11000,07,Taxes on production and imports,Millions of dollars,2022,1.834472e6
NIPA,T11000,07,Taxes on production and imports,Millions of dollars,2023,1.861013e6
NIPA,T11000,07,Taxes on production and imports,Millions of dollars,2024,1.954685e6
NIPA,T11000,07,Taxes on production and imports,Millions of dollars,2025,2.213775e6
NIPA,T11000,08,Subsidies,Millions of dollars,1929,46.0
NIPA,T11000,08,Subsidies,Millions of dollars,1930,73.0
NIPA,T11000,08,Subsidies,Millions of dollars,1931,145.0
NIPA,T11000,08,Subsidies,Millions of dollars,1932,117.0
NIPA,T11000,08,Subsidies,Millions of dollars,1933,166.0
NIPA,T11000,08,Subsidies,Millions of dollars,1934,467.0
NIPA,T11000,08,Subsidies,Millions of dollars,1935,598.0
NIPA,T11000,08,Subsidies,Millions of dollars,1936,289.0
NIPA,T11000,08,Subsidies,Millions of dollars,1937,347.0
NIPA,T11000,08,Subsidies,Millions of dollars,1938,479.0
NIPA,T11000,08,Subsidies,Millions of dollars,1939,796.0
NIPA,T11000,08,Subsidies,Millions of dollars,1940,748.0
NIPA,T11000,08,Subsidies,Millions of dollars,1941,456.0
NIPA,T11000,08,Subsidies,Millions of dollars,1942,520.0
NIPA,T11000,08,Subsidies,Millions of dollars,1943,583.0
NIPA,T11000,08,Subsidies,Millions of dollars,1944,1041.0
NIPA,T11000,08,Subsidies,Millions of dollars,1945,1144.0
NIPA,T11000,08,Subsidies,Millions of dollars,1946,1359.0
NIPA,T11000,08,Subsidies,Millions of dollars,1947,398.0
NIPA,T11000,08,Subsidies,Millions of dollars,1948,540.0
NIPA,T11000,08,Subsidies,Millions of dollars,1949,498.0
NIPA,T11000,08,Subsidies,Millions of dollars,1950,843.0
NIPA,T11000,08,Subsidies,Millions of dollars,1951,1048.0
NIPA,T11000,08,Subsidies,Millions of dollars,1952,774.0
NIPA,T11000,08,Subsidies,Millions of dollars,1953,514.0
NIPA,T11000,08,Subsidies,Millions of dollars,1954,327.0
NIPA,T11000,08,Subsidies,Millions of dollars,1955,201.0
NIPA,T11000,08,Subsidies,Millions of dollars,1956,742.0
NIPA,T11000,08,Subsidies,Millions of dollars,1957,1132.0
NIPA,T11000,08,Subsidies,Millions of dollars,1958,1368.0
NIPA,T11000,08,Subsidies,Millions of dollars,1959,1058.0
NIPA,T11000,08,Subsidies,Millions of dollars,1960,1146.0
NIPA,T11000,08,Subsidies,Millions of dollars,1961,2013.9999999999998
NIPA,T11000,08,Subsidies,Millions of dollars,1962,2273.0
NIPA,T11000,08,Subsidies,Millions of dollars,1963,2234.0
NIPA,T11000,08,Subsidies,Millions of dollars,1964,2729.0
NIPA,T11000,08,Subsidies,Millions of dollars,1965,3007.0
NIPA,T11000,08,Subsidies,Millions of dollars,1966,3949.0
NIPA,T11000,08,Subsidies,Millions of dollars,1967,3811.0
NIPA,T11000,08,Subsidies,Millions of dollars,1968,4174.0
NIPA,T11000,08,Subsidies,Millions of dollars,1969,4534.0
NIPA,T11000,08,Subsidies,Millions of dollars,1970,4777.0
NIPA,T11000,08,Subsidies,Millions of dollars,1971,4675.0
NIPA,T11000,08,Subsidies,Millions of dollars,1972,6636.0
NIPA,T11000,08,Subsidies,Millions of dollars,1973,5230.0
NIPA,T11000,08,Subsidies,Millions of dollars,1974,3307.0
NIPA,T11000,08,Subsidies,Millions of dollars,1975,4494.0
NIPA,T11000,08,Subsidies,Millions of dollars,1976,5125.0
NIPA,T11000,08,Subsidies,Millions of dollars,1977,7100.0
NIPA,T11000,08,Subsidies,Millions of dollars,1978,8936.0
NIPA,T11000,08,Subsidies,Millions of dollars,1979,8531.0
NIPA,T11000,08,Subsidies,Millions of dollars,1980,9800.0
NIPA,T11000,08,Subsidies,Millions of dollars,1981,11473.0
NIPA,T11000,08,Subsidies,Millions of dollars,1982,15017.0
NIPA,T11000,08,Subsidies,Millions of dollars,1983,21304.0
NIPA,T11000,08,Subsidies,Millions of dollars,1984,21065.0
NIPA,T11000,08,Subsidies,Millions of dollars,1985,21360.0
NIPA,T11000,08,Subsidies,Millions of dollars,1986,24895.0
NIPA,T11000,08,Subsidies,Millions of dollars,1987,30282.0
NIPA,T11000,08,Subsidies,Millions of dollars,1988,29501.0
NIPA,T11000,08,Subsidies,Millions of dollars,1989,27428.0
NIPA,T11000,08,Subsidies,Millions of dollars,1990,26994.0
NIPA,T11000,08,Subsidies,Millions of dollars,1991,27488.0
NIPA,T11000,08,Subsidies,Millions of dollars,1992,30088.0
NIPA,T11000,08,Subsidies,Millions of dollars,1993,36681.0
NIPA,T11000,08,Subsidies,Millions of dollars,1994,32523.000000000004
NIPA,T11000,08,Subsidies,Millions of dollars,1995,34812.0
NIPA,T11000,08,Subsidies,Millions of dollars,1996,35234.0
NIPA,T11000,08,Subsidies,Millions of dollars,1997,33810.0
NIPA,T11000,08,Subsidies,Millions of dollars,1998,36368.0
NIPA,T11000,08,Subsidies,Millions of dollars,1999,45209.0
NIPA,T11000,08,Subsidies,Millions of dollars,2000,45840.0
NIPA,T11000,08,Subsidies,Millions of dollars,2001,58710.0
NIPA,T11000,08,Subsidies,Millions of dollars,2002,41396.0
NIPA,T11000,08,Subsidies,Millions of dollars,2003,49057.0
NIPA,T11000,08,Subsidies,Millions of dollars,2004,46386.0
NIPA,T11000,08,Subsidies,Millions of dollars,2005,60911.0
NIPA,T11000,08,Subsidies,Millions of dollars,2006,51467.0
NIPA,T11000,08,Subsidies,Millions of dollars,2007,54584.0
NIPA,T11000,08,Subsidies,Millions of dollars,2008,52557.0
NIPA,T11000,08,Subsidies,Millions of dollars,2009,58347.0
NIPA,T11000,08,Subsidies,Millions of dollars,2010,55808.0
NIPA,T11000,08,Subsidies,Millions of dollars,2011,60008.0
NIPA,T11000,08,Subsidies,Millions of dollars,2012,58037.0
NIPA,T11000,08,Subsidies,Millions of dollars,2013,59720.0
NIPA,T11000,08,Subsidies,Millions of dollars,2014,58090.0
NIPA,T11000,08,Subsidies,Millions of dollars,2015,57192.0
NIPA,T11000,08,Subsidies,Millions of dollars,2016,61748.0
NIPA,T11000,08,Subsidies,Millions of dollars,2017,59875.0
NIPA,T11000,08,Subsidies,Millions of dollars,2018,63320.0
NIPA,T11000,08,Subsidies,Millions of dollars,2019,72956.0
NIPA,T11000,08,Subsidies,Millions of dollars,2020,698507.0
NIPA,T11000,08,Subsidies,Millions of dollars,2021,626071.0
NIPA,T11000,08,Subsidies,Millions of dollars,2022,127995.0
NIPA,T11000,08,Subsidies,Millions of dollars,2023,102252.0
NIPA,T11000,08,Subsidies,Millions of dollars,2024,94239.0
NIPA,T11000,08,Subsidies,Millions of dollars,2025,112108.0
NIPA,T11000,09,Net operating surplus,Millions of dollars,1929,
NIPA,T11000,09,Net operating surplus,Millions of dollars,1930,
NIPA,T11000,09,Net operating surplus,Millions of dollars,1931,
NIPA,T11000,09,Net operating surplus,Millions of dollars,1932,
NIPA,T11000,09,Net operating surplus,Millions of dollars,1933,
NIPA,T11000,09,Net operating surplus,Millions of dollars,1934,
NIPA,T11000,09,Net operating surplus,Millions of dollars,1935,
NIPA,T11000,09,Net operating surplus,Millions of dollars,1936,
NIPA,T11000,09,Net operating surplus,Millions of dollars,1937,
NIPA,T11000,09,Net operating surplus,Millions of dollars,1938,
NIPA,T11000,09,Net operating surplus,Millions of dollars,1939,
NIPA,T11000,09,Net operating surplus,Millions of dollars,1940,
NIPA,T11000,09,Net operating surplus,Millions of dollars,1941,
NIPA,T11000,09,Net operating surplus,Millions of dollars,1942,
NIPA,T11000,09,Net operating surplus,Millions of dollars,1943,
NIPA,T11000,09,Net operating surplus,Millions of dollars,1944,
NIPA,T11000,09,Net operating surplus,Millions of dollars,1945,
NIPA,T11000,09,Net operating surplus,Millions of dollars,1946,
NIPA,T11000,09,Net operating surplus,Millions of dollars,1947,
NIPA,T11000,09,Net operating surplus,Millions of dollars,1948,
NIPA,T11000,09,Net operating surplus,Millions of dollars,1949,
NIPA,T11000,09,Net operating surplus,Millions of dollars,1950,
NIPA,T11000,09,Net operating surplus,Millions of dollars,1951,
NIPA,T11000,09,Net operating surplus,Millions of dollars,1952,
NIPA,T11000,09,Net operating surplus,Millions of dollars,1953,
NIPA,T11000,09,Net operating surplus,Millions of dollars,1954,
NIPA,T11000,09,Net operating surplus,Millions of dollars,1955,
NIPA,T11000,09,Net operating surplus,Millions of dollars,1956,
NIPA,T11000,09,Net operating surplus,Millions of dollars,1957,
NIPA,T11000,09,Net operating surplus,Millions of dollars,1958,
NIPA,T11000,09,Net operating surplus,Millions of dollars,1959,130107.0
NIPA,T11000,09,Net operating surplus,Millions of dollars,1960,130949.99999999999
NIPA,T11000,09,Net operating surplus,Millions of dollars,1961,136999.0
NIPA,T11000,09,Net operating surplus,Millions of dollars,1962,149448.0
NIPA,T11000,09,Net operating surplus,Millions of dollars,1963,159276.0
NIPA,T11000,09,Net operating surplus,Millions of dollars,1964,171552.0
NIPA,T11000,09,Net operating surplus,Millions of dollars,1965,190427.0
NIPA,T11000,09,Net operating surplus,Millions of dollars,1966,204536.0
NIPA,T11000,09,Net operating surplus,Millions of dollars,1967,207157.0
NIPA,T11000,09,Net operating surplus,Millions of dollars,1968,221189.0
NIPA,T11000,09,Net operating surplus,Millions of dollars,1969,227377.0
NIPA,T11000,09,Net operating surplus,Millions of dollars,1970,221168.0
NIPA,T11000,09,Net operating surplus,Millions of dollars,1971,245616.0
NIPA,T11000,09,Net operating surplus,Millions of dollars,1972,278308.0
NIPA,T11000,09,Net operating surplus,Millions of dollars,1973,315863.0
NIPA,T11000,09,Net operating surplus,Millions of dollars,1974,321568.0
NIPA,T11000,09,Net operating surplus,Millions of dollars,1975,354978.0
NIPA,T11000,09,Net operating surplus,Millions of dollars,1976,402881.0
NIPA,T11000,09,Net operating surplus,Millions of dollars,1977,454097.0
NIPA,T11000,09,Net operating surplus,Millions of dollars,1978,522253.00000000006
NIPA,T11000,09,Net operating surplus,Millions of dollars,1979,559577.0
NIPA,T11000,09,Net operating surplus,Millions of dollars,1980,571731.0
NIPA,T11000,09,Net operating surplus,Millions of dollars,1981,665260.0
NIPA,T11000,09,Net operating surplus,Millions of dollars,1982,679086.0
NIPA,T11000,09,Net operating surplus,Millions of dollars,1983,759925.0
NIPA,T11000,09,Net operating surplus,Millions of dollars,1984,913003.0
NIPA,T11000,09,Net operating surplus,Millions of dollars,1985,970456.0
NIPA,T11000,09,Net operating surplus,Millions of dollars,1986,972164.0
NIPA,T11000,09,Net operating surplus,Millions of dollars,1987,1.040201e6
NIPA,T11000,09,Net operating surplus,Millions of dollars,1988,1.155301e6
NIPA,T11000,09,Net operating surplus,Millions of dollars,1989,1.223169e6
NIPA,T11000,09,Net operating surplus,Millions of dollars,1990,1.238581e6
NIPA,T11000,09,Net operating surplus,Millions of dollars,1991,1.250156e6
NIPA,T11000,09,Net operating surplus,Millions of dollars,1992,1.320074e6
NIPA,T11000,09,Net operating surplus,Millions of dollars,1993,1.412576e6
NIPA,T11000,09,Net operating surplus,Millions of dollars,1994,1.56945e6
NIPA,T11000,09,Net operating surplus,Millions of dollars,1995,1.699943e6
NIPA,T11000,09,Net operating surplus,Millions of dollars,1996,1.874202e6
NIPA,T11000,09,Net operating surplus,Millions of dollars,1997,2.036948e6
NIPA,T11000,09,Net operating surplus,Millions of dollars,1998,2.130673e6
NIPA,T11000,09,Net operating surplus,Millions of dollars,1999,2.223244e6
NIPA,T11000,09,Net operating surplus,Millions of dollars,2000,2.318144e6
NIPA,T11000,09,Net operating surplus,Millions of dollars,2001,2.383827e6
NIPA,T11000,09,Net operating surplus,Millions of dollars,2002,2.490794e6
NIPA,T11000,09,Net operating surplus,Millions of dollars,2003,2.642691e6
NIPA,T11000,09,Net operating surplus,Millions of dollars,2004,2.872444e6
NIPA,T11000,09,Net operating surplus,Millions of dollars,2005,3.165894e6
NIPA,T11000,09,Net operating surplus,Millions of dollars,2006,3.464382e6
NIPA,T11000,09,Net operating surplus,Millions of dollars,2007,3.337568e6
NIPA,T11000,09,Net operating surplus,Millions of dollars,2008,3.153837e6
NIPA,T11000,09,Net operating surplus,Millions of dollars,2009,3.179409e6
NIPA,T11000,09,Net operating surplus,Millions of dollars,2010,3.648901e6
NIPA,T11000,09,Net operating surplus,Millions of dollars,2011,3.87193e6
NIPA,T11000,09,Net operating surplus,Millions of dollars,2012,4.1786139999999995e6
NIPA,T11000,09,Net operating surplus,Millions of dollars,2013,4.259127e6
NIPA,T11000,09,Net operating surplus,Millions of dollars,2014,4.490116e6
NIPA,T11000,09,Net operating surplus,Millions of dollars,2015,4.539256e6
NIPA,T11000,09,Net operating surplus,Millions of dollars,2016,4.519421e6
NIPA,T11000,09,Net operating surplus,Millions of dollars,2017,4.656172e6
NIPA,T11000,09,Net operating surplus,Millions of dollars,2018,4.919011e6
NIPA,T11000,09,Net operating surplus,Millions of dollars,2019,5.08628e6
NIPA,T11000,09,Net operating surplus,Millions of dollars,2020,5.203344e6
NIPA,T11000,09,Net operating surplus,Millions of dollars,2021,6.173457e6
NIPA,T11000,09,Net operating surplus,Millions of dollars,2022,6.578945e6
NIPA,T11000,09,Net operating surplus,Millions of dollars,2023,6.927802e6
NIPA,T11000,09,Net operating surplus,Millions of dollars,2024,7.295448e6
NIPA,T11000,09,Net operating surplus,Millions of dollars,2025,7.61612e6
NIPA,T11000,10,Private enterprises net operating surplus,Millions of dollars,1929,35229.0
NIPA,T11000,10,Private enterprises net operating surplus,Millions of dollars,1930,28327.0
NIPA,T11000,10,Private enterprises net operating surplus,Millions of dollars,1931,20545.0
NIPA,T11000,10,Private enterprises net operating surplus,Millions of dollars,1932,13120.0
NIPA,T11000,10,Private enterprises net operating surplus,Millions of dollars,1933,12140.0
NIPA,T11000,10,Private enterprises net operating surplus,Millions of dollars,1934,16289.000000000002
NIPA,T11000,10,Private enterprises net operating surplus,Millions of dollars,1935,20933.0
NIPA,T11000,10,Private enterprises net operating surplus,Millions of dollars,1936,23387.0
NIPA,T11000,10,Private enterprises net operating surplus,Millions of dollars,1937,26380.0
NIPA,T11000,10,Private enterprises net operating surplus,Millions of dollars,1938,22766.0
NIPA,T11000,10,Private enterprises net operating surplus,Millions of dollars,1939,25141.0
NIPA,T11000,10,Private enterprises net operating surplus,Millions of dollars,1940,29465.0
NIPA,T11000,10,Private enterprises net operating surplus,Millions of dollars,1941,40149.0
NIPA,T11000,10,Private enterprises net operating surplus,Millions of dollars,1942,52932.0
NIPA,T11000,10,Private enterprises net operating surplus,Millions of dollars,1943,62317.0
NIPA,T11000,10,Private enterprises net operating surplus,Millions of dollars,1944,63530.0
NIPA,T11000,10,Private enterprises net operating surplus,Millions of dollars,1945,60749.0
NIPA,T11000,10,Private enterprises net operating surplus,Millions of dollars,1946,62614.0
NIPA,T11000,10,Private enterprises net operating surplus,Millions of dollars,1947,67634.0
NIPA,T11000,10,Private enterprises net operating surplus,Millions of dollars,1948,79979.0
NIPA,T11000,10,Private enterprises net operating surplus,Millions of dollars,1949,73765.0
NIPA,T11000,10,Private enterprises net operating surplus,Millions of dollars,1950,84874.0
NIPA,T11000,10,Private enterprises net operating surplus,Millions of dollars,1951,96355.0
NIPA,T11000,10,Private enterprises net operating surplus,Millions of dollars,1952,96699.0
NIPA,T11000,10,Private enterprises net operating surplus,Millions of dollars,1953,98097.0
NIPA,T11000,10,Private enterprises net operating surplus,Millions of dollars,1954,98903.0
NIPA,T11000,10,Private enterprises net operating surplus,Millions of dollars,1955,112552.0
NIPA,T11000,10,Private enterprises net operating surplus,Millions of dollars,1956,114408.0
NIPA,T11000,10,Private enterprises net operating surplus,Millions of dollars,1957,117340.0
NIPA,T11000,10,Private enterprises net operating surplus,Millions of dollars,1958,117036.0
NIPA,T11000,10,Private enterprises net operating surplus,Millions of dollars,1959,129562.99999999999
NIPA,T11000,10,Private enterprises net operating surplus,Millions of dollars,1960,130483.0
NIPA,T11000,10,Private enterprises net operating surplus,Millions of dollars,1961,136661.0
NIPA,T11000,10,Private enterprises net operating surplus,Millions of dollars,1962,149050.0
NIPA,T11000,10,Private enterprises net operating surplus,Millions of dollars,1963,158462.0
NIPA,T11000,10,Private enterprises net operating surplus,Millions of dollars,1964,170686.0
NIPA,T11000,10,Private enterprises net operating surplus,Millions of dollars,1965,189640.0
NIPA,T11000,10,Private enterprises net operating surplus,Millions of dollars,1966,204148.0
NIPA,T11000,10,Private enterprises net operating surplus,Millions of dollars,1967,206879.0
NIPA,T11000,10,Private enterprises net operating surplus,Millions of dollars,1968,220736.0
NIPA,T11000,10,Private enterprises net operating surplus,Millions of dollars,1969,227214.0
NIPA,T11000,10,Private enterprises net operating surplus,Millions of dollars,1970,222202.0
NIPA,T11000,10,Private enterprises net operating surplus,Millions of dollars,1971,247131.0
NIPA,T11000,10,Private enterprises net operating surplus,Millions of dollars,1972,279244.0
NIPA,T11000,10,Private enterprises net operating surplus,Millions of dollars,1973,317821.0
NIPA,T11000,10,Private enterprises net operating surplus,Millions of dollars,1974,324014.0
NIPA,T11000,10,Private enterprises net operating surplus,Millions of dollars,1975,359047.0
NIPA,T11000,10,Private enterprises net operating surplus,Millions of dollars,1976,405267.0
NIPA,T11000,10,Private enterprises net operating surplus,Millions of dollars,1977,457055.0
NIPA,T11000,10,Private enterprises net operating surplus,Millions of dollars,1978,524631.0
NIPA,T11000,10,Private enterprises net operating surplus,Millions of dollars,1979,562276.0
NIPA,T11000,10,Private enterprises net operating surplus,Millions of dollars,1980,576212.0
NIPA,T11000,10,Private enterprises net operating surplus,Millions of dollars,1981,669977.0
NIPA,T11000,10,Private enterprises net operating surplus,Millions of dollars,1982,682503.0
NIPA,T11000,10,Private enterprises net operating surplus,Millions of dollars,1983,761809.0
NIPA,T11000,10,Private enterprises net operating surplus,Millions of dollars,1984,913870.0
NIPA,T11000,10,Private enterprises net operating surplus,Millions of dollars,1985,968585.0
NIPA,T11000,10,Private enterprises net operating surplus,Millions of dollars,1986,969623.0
NIPA,T11000,10,Private enterprises net operating surplus,Millions of dollars,1987,1.037453e6
NIPA,T11000,10,Private enterprises net operating surplus,Millions of dollars,1988,1.149745e6
NIPA,T11000,10,Private enterprises net operating surplus,Millions of dollars,1989,1.215911e6
NIPA,T11000,10,Private enterprises net operating surplus,Millions of dollars,1990,1.234853e6
NIPA,T11000,10,Private enterprises net operating surplus,Millions of dollars,1991,1.241938e6
NIPA,T11000,10,Private enterprises net operating surplus,Millions of dollars,1992,1.30963e6
NIPA,T11000,10,Private enterprises net operating surplus,Millions of dollars,1993,1.401145e6
NIPA,T11000,10,Private enterprises net operating surplus,Millions of dollars,1994,1.556794e6
NIPA,T11000,10,Private enterprises net operating surplus,Millions of dollars,1995,1.683436e6
NIPA,T11000,10,Private enterprises net operating surplus,Millions of dollars,1996,1.856448e6
NIPA,T11000,10,Private enterprises net operating surplus,Millions of dollars,1997,2.018869e6
NIPA,T11000,10,Private enterprises net operating surplus,Millions of dollars,1998,2.113799e6
NIPA,T11000,10,Private enterprises net operating surplus,Millions of dollars,1999,2.206415e6
NIPA,T11000,10,Private enterprises net operating surplus,Millions of dollars,2000,2.30669e6
NIPA,T11000,10,Private enterprises net operating surplus,Millions of dollars,2001,2.378169e6
NIPA,T11000,10,Private enterprises net operating surplus,Millions of dollars,2002,2.483221e6
NIPA,T11000,10,Private enterprises net operating surplus,Millions of dollars,2003,2.637571e6
NIPA,T11000,10,Private enterprises net operating surplus,Millions of dollars,2004,2.872089e6
NIPA,T11000,10,Private enterprises net operating surplus,Millions of dollars,2005,3.169343e6
NIPA,T11000,10,Private enterprises net operating surplus,Millions of dollars,2006,3.470287e6
NIPA,T11000,10,Private enterprises net operating surplus,Millions of dollars,2007,3.350439e6
NIPA,T11000,10,Private enterprises net operating surplus,Millions of dollars,2008,3.170564e6
NIPA,T11000,10,Private enterprises net operating surplus,Millions of dollars,2009,3.193964e6
NIPA,T11000,10,Private enterprises net operating surplus,Millions of dollars,2010,3.667447e6
NIPA,T11000,10,Private enterprises net operating surplus,Millions of dollars,2011,3.889771e6
NIPA,T11000,10,Private enterprises net operating surplus,Millions of dollars,2012,4.19226e6
NIPA,T11000,10,Private enterprises net operating surplus,Millions of dollars,2013,4.27277e6
NIPA,T11000,10,Private enterprises net operating surplus,Millions of dollars,2014,4.498591e6
NIPA,T11000,10,Private enterprises net operating surplus,Millions of dollars,2015,4.542103e6
NIPA,T11000,10,Private enterprises net operating surplus,Millions of dollars,2016,4.521575e6
NIPA,T11000,10,Private enterprises net operating surplus,Millions of dollars,2017,4.660424e6
NIPA,T11000,10,Private enterprises net operating surplus,Millions of dollars,2018,4.923603e6
NIPA,T11000,10,Private enterprises net operating surplus,Millions of dollars,2019,5.09842e6
NIPA,T11000,10,Private enterprises net operating surplus,Millions of dollars,2020,5.206406e6
NIPA,T11000,10,Private enterprises net operating surplus,Millions of dollars,2021,6.184389e6
NIPA,T11000,10,Private enterprises net operating surplus,Millions of dollars,2022,6.594957e6
NIPA,T11000,10,Private enterprises net operating surplus,Millions of dollars,2023,6.97472e6
NIPA,T11000,10,Private enterprises net operating surplus,Millions of dollars,2024,7.342908e6
NIPA,T11000,10,Private enterprises net operating surplus,Millions of dollars,2025,7.668666e6
NIPA,T11000,11,Net interest and miscellaneous payments,Millions of dollars,1929,4038.0000000000005
NIPA,T11000,11,Net interest and miscellaneous payments,Millions of dollars,1930,4256.0
NIPA,T11000,11,Net interest and miscellaneous payments,Millions of dollars,1931,4298.0
NIPA,T11000,11,Net interest and miscellaneous payments,Millions of dollars,1932,4086.0000000000005
NIPA,T11000,11,Net interest and miscellaneous payments,Millions of dollars,1933,3673.0
NIPA,T11000,11,Net interest and miscellaneous payments,Millions of dollars,1934,3807.0
NIPA,T11000,11,Net interest and miscellaneous payments,Millions of dollars,1935,3880.0
NIPA,T11000,11,Net interest and miscellaneous payments,Millions of dollars,1936,3651.0
NIPA,T11000,11,Net interest and miscellaneous payments,Millions of dollars,1937,3589.0
NIPA,T11000,11,Net interest and miscellaneous payments,Millions of dollars,1938,3571.0
NIPA,T11000,11,Net interest and miscellaneous payments,Millions of dollars,1939,3602.0
NIPA,T11000,11,Net interest and miscellaneous payments,Millions of dollars,1940,3327.0
NIPA,T11000,11,Net interest and miscellaneous payments,Millions of dollars,1941,3256.0
NIPA,T11000,11,Net interest and miscellaneous payments,Millions of dollars,1942,3181.0
NIPA,T11000,11,Net interest and miscellaneous payments,Millions of dollars,1943,2898.0
NIPA,T11000,11,Net interest and miscellaneous payments,Millions of dollars,1944,2486.0
NIPA,T11000,11,Net interest and miscellaneous payments,Millions of dollars,1945,2347.0
NIPA,T11000,11,Net interest and miscellaneous payments,Millions of dollars,1946,1800.0
NIPA,T11000,11,Net interest and miscellaneous payments,Millions of dollars,1947,2272.0
NIPA,T11000,11,Net interest and miscellaneous payments,Millions of dollars,1948,2378.0
NIPA,T11000,11,Net interest and miscellaneous payments,Millions of dollars,1949,2657.0
NIPA,T11000,11,Net interest and miscellaneous payments,Millions of dollars,1950,2968.0
NIPA,T11000,11,Net interest and miscellaneous payments,Millions of dollars,1951,3429.0
NIPA,T11000,11,Net interest and miscellaneous payments,Millions of dollars,1952,3868.0
NIPA,T11000,11,Net interest and miscellaneous payments,Millions of dollars,1953,4403.0
NIPA,T11000,11,Net interest and miscellaneous payments,Millions of dollars,1954,5172.0
NIPA,T11000,11,Net interest and miscellaneous payments,Millions of dollars,1955,5745.0
NIPA,T11000,11,Net interest and miscellaneous payments,Millions of dollars,1956,6445.0
NIPA,T11000,11,Net interest and miscellaneous payments,Millions of dollars,1957,7630.0
NIPA,T11000,11,Net interest and miscellaneous payments,Millions of dollars,1958,9043.0
NIPA,T11000,11,Net interest and miscellaneous payments,Millions of dollars,1959,9205.0
NIPA,T11000,11,Net interest and miscellaneous payments,Millions of dollars,1960,10146.0
NIPA,T11000,11,Net interest and miscellaneous payments,Millions of dollars,1961,11734.0
NIPA,T11000,11,Net interest and miscellaneous payments,Millions of dollars,1962,13380.0
NIPA,T11000,11,Net interest and miscellaneous payments,Millions of dollars,1963,14382.0
NIPA,T11000,11,Net interest and miscellaneous payments,Millions of dollars,1964,16480.0
NIPA,T11000,11,Net interest and miscellaneous payments,Millions of dollars,1965,18574.0
NIPA,T11000,11,Net interest and miscellaneous payments,Millions of dollars,1966,21320.0
NIPA,T11000,11,Net interest and miscellaneous payments,Millions of dollars,1967,24340.0
NIPA,T11000,11,Net interest and miscellaneous payments,Millions of dollars,1968,26515.0
NIPA,T11000,11,Net interest and miscellaneous payments,Millions of dollars,1969,33241.0
NIPA,T11000,11,Net interest and miscellaneous payments,Millions of dollars,1970,40236.0
NIPA,T11000,11,Net interest and miscellaneous payments,Millions of dollars,1971,44449.0
NIPA,T11000,11,Net interest and miscellaneous payments,Millions of dollars,1972,48975.0
NIPA,T11000,11,Net interest and miscellaneous payments,Millions of dollars,1973,57951.0
NIPA,T11000,11,Net interest and miscellaneous payments,Millions of dollars,1974,73598.0
NIPA,T11000,11,Net interest and miscellaneous payments,Millions of dollars,1975,85253.0
NIPA,T11000,11,Net interest and miscellaneous payments,Millions of dollars,1976,87058.0
NIPA,T11000,11,Net interest and miscellaneous payments,Millions of dollars,1977,101945.0
NIPA,T11000,11,Net interest and miscellaneous payments,Millions of dollars,1978,116037.0
NIPA,T11000,11,Net interest and miscellaneous payments,Millions of dollars,1979,139387.0
NIPA,T11000,11,Net interest and miscellaneous payments,Millions of dollars,1980,184013.0
NIPA,T11000,11,Net interest and miscellaneous payments,Millions of dollars,1981,233387.0
NIPA,T11000,11,Net interest and miscellaneous payments,Millions of dollars,1982,272993.0
NIPA,T11000,11,Net interest and miscellaneous payments,Millions of dollars,1983,286596.0
NIPA,T11000,11,Net interest and miscellaneous payments,Millions of dollars,1984,331112.0
NIPA,T11000,11,Net interest and miscellaneous payments,Millions of dollars,1985,352289.0
NIPA,T11000,11,Net interest and miscellaneous payments,Millions of dollars,1986,374824.0
NIPA,T11000,11,Net interest and miscellaneous payments,Millions of dollars,1987,378296.0
NIPA,T11000,11,Net interest and miscellaneous payments,Millions of dollars,1988,409716.0
NIPA,T11000,11,Net interest and miscellaneous payments,Millions of dollars,1989,463404.0
NIPA,T11000,11,Net interest and miscellaneous payments,Millions of dollars,1990,471110.0
NIPA,T11000,11,Net interest and miscellaneous payments,Millions of dollars,1991,438039.0
NIPA,T11000,11,Net interest and miscellaneous payments,Millions of dollars,1992,400982.0
NIPA,T11000,11,Net interest and miscellaneous payments,Millions of dollars,1993,389907.0
NIPA,T11000,11,Net interest and miscellaneous payments,Millions of dollars,1994,389644.0
NIPA,T11000,11,Net interest and miscellaneous payments,Millions of dollars,1995,408671.0
NIPA,T11000,11,Net interest and miscellaneous payments,Millions of dollars,1996,415889.0
NIPA,T11000,11,Net interest and miscellaneous payments,Millions of dollars,1997,455479.0
NIPA,T11000,11,Net interest and miscellaneous payments,Millions of dollars,1998,511833.0
NIPA,T11000,11,Net interest and miscellaneous payments,Millions of dollars,1999,518842.99999999994
NIPA,T11000,11,Net interest and miscellaneous payments,Millions of dollars,2000,603736.0
NIPA,T11000,11,Net interest and miscellaneous payments,Millions of dollars,2001,627100.0
NIPA,T11000,11,Net interest and miscellaneous payments,Millions of dollars,2002,550295.0
NIPA,T11000,11,Net interest and miscellaneous payments,Millions of dollars,2003,518770.99999999994
NIPA,T11000,11,Net interest and miscellaneous payments,Millions of dollars,2004,459037.0
NIPA,T11000,11,Net interest and miscellaneous payments,Millions of dollars,2005,574129.0
NIPA,T11000,11,Net interest and miscellaneous payments,Millions of dollars,2006,702095.0
NIPA,T11000,11,Net interest and miscellaneous payments,Millions of dollars,2007,813507.0
NIPA,T11000,11,Net interest and miscellaneous payments,Millions of dollars,2008,851777.0
NIPA,T11000,11,Net interest and miscellaneous payments,Millions of dollars,2009,706240.0
NIPA,T11000,11,Net interest and miscellaneous payments,Millions of dollars,2010,610260.0
NIPA,T11000,11,Net interest and miscellaneous payments,Millions of dollars,2011,574894.0
NIPA,T11000,11,Net interest and miscellaneous payments,Millions of dollars,2012,609967.0
NIPA,T11000,11,Net interest and miscellaneous payments,Millions of dollars,2013,552747.0
NIPA,T11000,11,Net interest and miscellaneous payments,Millions of dollars,2014,586693.0
NIPA,T11000,11,Net interest and miscellaneous payments,Millions of dollars,2015,661192.0
NIPA,T11000,11,Net interest and miscellaneous payments,Millions of dollars,2016,666724.0
NIPA,T11000,11,Net interest and miscellaneous payments,Millions of dollars,2017,720494.0
NIPA,T11000,11,Net interest and miscellaneous payments,Millions of dollars,2018,756397.0
NIPA,T11000,11,Net interest and miscellaneous payments,Millions of dollars,2019,754522.0
NIPA,T11000,11,Net interest and miscellaneous payments,Millions of dollars,2020,751128.0
NIPA,T11000,11,Net interest and miscellaneous payments,Millions of dollars,2021,698044.0
NIPA,T11000,11,Net interest and miscellaneous payments,Millions of dollars,2022,688984.0
NIPA,T11000,11,Net interest and miscellaneous payments,Millions of dollars,2023,647380.0
NIPA,T11000,11,Net interest and miscellaneous payments,Millions of dollars,2024,611088.0
NIPA,T11000,11,Net interest and miscellaneous payments,Millions of dollars,2025,611474.0
NIPA,T11000,12,Business current transfer payments,Millions of dollars,1929,511.0
NIPA,T11000,12,Business current transfer payments,Millions of dollars,1930,467.0
NIPA,T11000,12,Business current transfer payments,Millions of dollars,1931,538.0
NIPA,T11000,12,Business current transfer payments,Millions of dollars,1932,579.0
NIPA,T11000,12,Business current transfer payments,Millions of dollars,1933,515.0
NIPA,T11000,12,Business current transfer payments,Millions of dollars,1934,502.0
NIPA,T11000,12,Business current transfer payments,Millions of dollars,1935,506.0
NIPA,T11000,12,Business current transfer payments,Millions of dollars,1936,533.0
NIPA,T11000,12,Business current transfer payments,Millions of dollars,1937,524.0
NIPA,T11000,12,Business current transfer payments,Millions of dollars,1938,410.0
NIPA,T11000,12,Business current transfer payments,Millions of dollars,1939,435.0
NIPA,T11000,12,Business current transfer payments,Millions of dollars,1940,451.0
NIPA,T11000,12,Business current transfer payments,Millions of dollars,1941,527.0
NIPA,T11000,12,Business current transfer payments,Millions of dollars,1942,545.0
NIPA,T11000,12,Business current transfer payments,Millions of dollars,1943,642.0
NIPA,T11000,12,Business current transfer payments,Millions of dollars,1944,812.0
NIPA,T11000,12,Business current transfer payments,Millions of dollars,1945,891.0
NIPA,T11000,12,Business current transfer payments,Millions of dollars,1946,692.0
NIPA,T11000,12,Business current transfer payments,Millions of dollars,1947,715.0
NIPA,T11000,12,Business current transfer payments,Millions of dollars,1948,707.0
NIPA,T11000,12,Business current transfer payments,Millions of dollars,1949,688.0
NIPA,T11000,12,Business current transfer payments,Millions of dollars,1950,824.0
NIPA,T11000,12,Business current transfer payments,Millions of dollars,1951,1159.0
NIPA,T11000,12,Business current transfer payments,Millions of dollars,1952,1199.0
NIPA,T11000,12,Business current transfer payments,Millions of dollars,1953,1153.0
NIPA,T11000,12,Business current transfer payments,Millions of dollars,1954,916.0
NIPA,T11000,12,Business current transfer payments,Millions of dollars,1955,1298.0
NIPA,T11000,12,Business current transfer payments,Millions of dollars,1956,1651.0
NIPA,T11000,12,Business current transfer payments,Millions of dollars,1957,1823.0
NIPA,T11000,12,Business current transfer payments,Millions of dollars,1958,1704.0
NIPA,T11000,12,Business current transfer payments,Millions of dollars,1959,1656.0
NIPA,T11000,12,Business current transfer payments,Millions of dollars,1960,1744.0
NIPA,T11000,12,Business current transfer payments,Millions of dollars,1961,1899.0
NIPA,T11000,12,Business current transfer payments,Millions of dollars,1962,2119.0
NIPA,T11000,12,Business current transfer payments,Millions of dollars,1963,2527.0
NIPA,T11000,12,Business current transfer payments,Millions of dollars,1964,3005.0
NIPA,T11000,12,Business current transfer payments,Millions of dollars,1965,3485.0
NIPA,T11000,12,Business current transfer payments,Millions of dollars,1966,3390.0
NIPA,T11000,12,Business current transfer payments,Millions of dollars,1967,3628.0
NIPA,T11000,12,Business current transfer payments,Millions of dollars,1968,4182.0
NIPA,T11000,12,Business current transfer payments,Millions of dollars,1969,4799.0
NIPA,T11000,12,Business current transfer payments,Millions of dollars,1970,4356.0
NIPA,T11000,12,Business current transfer payments,Millions of dollars,1971,4158.0
NIPA,T11000,12,Business current transfer payments,Millions of dollars,1972,4779.0
NIPA,T11000,12,Business current transfer payments,Millions of dollars,1973,5741.0
NIPA,T11000,12,Business current transfer payments,Millions of dollars,1974,6787.0
NIPA,T11000,12,Business current transfer payments,Millions of dollars,1975,9036.0
NIPA,T11000,12,Business current transfer payments,Millions of dollars,1976,9136.0
NIPA,T11000,12,Business current transfer payments,Millions of dollars,1977,8080.999999999999
NIPA,T11000,12,Business current transfer payments,Millions of dollars,1978,10375.0
NIPA,T11000,12,Business current transfer payments,Millions of dollars,1979,12753.0
NIPA,T11000,12,Business current transfer payments,Millions of dollars,1980,13998.0
NIPA,T11000,12,Business current transfer payments,Millions of dollars,1981,16914.0
NIPA,T11000,12,Business current transfer payments,Millions of dollars,1982,19318.0
NIPA,T11000,12,Business current transfer payments,Millions of dollars,1983,21681.0
NIPA,T11000,12,Business current transfer payments,Millions of dollars,1984,29159.0
NIPA,T11000,12,Business current transfer payments,Millions of dollars,1985,34060.0
NIPA,T11000,12,Business current transfer payments,Millions of dollars,1986,35961.0
NIPA,T11000,12,Business current transfer payments,Millions of dollars,1987,33292.0
NIPA,T11000,12,Business current transfer payments,Millions of dollars,1988,32755.000000000004
NIPA,T11000,12,Business current transfer payments,Millions of dollars,1989,38266.0
NIPA,T11000,12,Business current transfer payments,Millions of dollars,1990,39178.0
NIPA,T11000,12,Business current transfer payments,Millions of dollars,1991,38890.0
NIPA,T11000,12,Business current transfer payments,Millions of dollars,1992,39720.0
NIPA,T11000,12,Business current transfer payments,Millions of dollars,1993,39388.0
NIPA,T11000,12,Business current transfer payments,Millions of dollars,1994,40714.0
NIPA,T11000,12,Business current transfer payments,Millions of dollars,1995,44967.0
NIPA,T11000,12,Business current transfer payments,Millions of dollars,1996,52645.0
NIPA,T11000,12,Business current transfer payments,Millions of dollars,1997,50061.0
NIPA,T11000,12,Business current transfer payments,Millions of dollars,1998,64078.0
NIPA,T11000,12,Business current transfer payments,Millions of dollars,1999,67684.0
NIPA,T11000,12,Business current transfer payments,Millions of dollars,2000,85173.0
NIPA,T11000,12,Business current transfer payments,Millions of dollars,2001,99226.0
NIPA,T11000,12,Business current transfer payments,Millions of dollars,2002,80755.0
NIPA,T11000,12,Business current transfer payments,Millions of dollars,2003,76048.0
NIPA,T11000,12,Business current transfer payments,Millions of dollars,2004,81963.0
NIPA,T11000,12,Business current transfer payments,Millions of dollars,2005,90641.0
NIPA,T11000,12,Business current transfer payments,Millions of dollars,2006,79818.0
NIPA,T11000,12,Business current transfer payments,Millions of dollars,2007,97247.0
NIPA,T11000,12,Business current transfer payments,Millions of dollars,2008,112781.0
NIPA,T11000,12,Business current transfer payments,Millions of dollars,2009,125118.0
NIPA,T11000,12,Business current transfer payments,Millions of dollars,2010,126327.0
NIPA,T11000,12,Business current transfer payments,Millions of dollars,2011,130122.00000000001
NIPA,T11000,12,Business current transfer payments,Millions of dollars,2012,95532.0
NIPA,T11000,12,Business current transfer payments,Millions of dollars,2013,107299.0
NIPA,T11000,12,Business current transfer payments,Millions of dollars,2014,135474.0
NIPA,T11000,12,Business current transfer payments,Millions of dollars,2015,153909.0
NIPA,T11000,12,Business current transfer payments,Millions of dollars,2016,162512.0
NIPA,T11000,12,Business current transfer payments,Millions of dollars,2017,142925.0
NIPA,T11000,12,Business current transfer payments,Millions of dollars,2018,155811.0
NIPA,T11000,12,Business current transfer payments,Millions of dollars,2019,161396.0
NIPA,T11000,12,Business current transfer payments,Millions of dollars,2020,146079.0
NIPA,T11000,12,Business current transfer payments,Millions of dollars,2021,193174.0
NIPA,T11000,12,Business current transfer payments,Millions of dollars,2022,252829.0
NIPA,T11000,12,Business current transfer payments,Millions of dollars,2023,238648.0
NIPA,T11000,12,Business current transfer payments,Millions of dollars,2024,286430.0
NIPA,T11000,12,Business current transfer payments,Millions of dollars,2025,282443.0
NIPA,T11000,13,Proprietors' income,Millions of dollars,1929,14015.0
NIPA,T11000,13,Proprietors' income,Millions of dollars,1930,10872.0
NIPA,T11000,13,Proprietors' income,Millions of dollars,1931,8315.0
NIPA,T11000,13,Proprietors' income,Millions of dollars,1932,5012.0
NIPA,T11000,13,Proprietors' income,Millions of dollars,1933,5268.0
NIPA,T11000,13,Proprietors' income,Millions of dollars,1934,7007.0
NIPA,T11000,13,Proprietors' income,Millions of dollars,1935,10124.0
NIPA,T11000,13,Proprietors' income,Millions of dollars,1936,10393.0
NIPA,T11000,13,Proprietors' income,Millions of dollars,1937,12521.0
NIPA,T11000,13,Proprietors' income,Millions of dollars,1938,10598.0
NIPA,T11000,13,Proprietors' income,Millions of dollars,1939,11120.0
NIPA,T11000,13,Proprietors' income,Millions of dollars,1940,12234.0
NIPA,T11000,13,Proprietors' income,Millions of dollars,1941,16650.0
NIPA,T11000,13,Proprietors' income,Millions of dollars,1942,23341.0
NIPA,T11000,13,Proprietors' income,Millions of dollars,1943,28225.0
NIPA,T11000,13,Proprietors' income,Millions of dollars,1944,29346.0
NIPA,T11000,13,Proprietors' income,Millions of dollars,1945,30824.0
NIPA,T11000,13,Proprietors' income,Millions of dollars,1946,35671.0
NIPA,T11000,13,Proprietors' income,Millions of dollars,1947,34579.0
NIPA,T11000,13,Proprietors' income,Millions of dollars,1948,39279.0
NIPA,T11000,13,Proprietors' income,Millions of dollars,1949,34690.0
NIPA,T11000,13,Proprietors' income,Millions of dollars,1950,37514.0
NIPA,T11000,13,Proprietors' income,Millions of dollars,1951,42594.0
NIPA,T11000,13,Proprietors' income,Millions of dollars,1952,43040.0
NIPA,T11000,13,Proprietors' income,Millions of dollars,1953,42017.0
NIPA,T11000,13,Proprietors' income,Millions of dollars,1954,42255.0
NIPA,T11000,13,Proprietors' income,Millions of dollars,1955,44272.0
NIPA,T11000,13,Proprietors' income,Millions of dollars,1956,45819.0
NIPA,T11000,13,Proprietors' income,Millions of dollars,1957,47785.0
NIPA,T11000,13,Proprietors' income,Millions of dollars,1958,50158.0
NIPA,T11000,13,Proprietors' income,Millions of dollars,1959,50346.0
NIPA,T11000,13,Proprietors' income,Millions of dollars,1960,50587.0
NIPA,T11000,13,Proprietors' income,Millions of dollars,1961,53199.0
NIPA,T11000,13,Proprietors' income,Millions of dollars,1962,55234.0
NIPA,T11000,13,Proprietors' income,Millions of dollars,1963,56398.0
NIPA,T11000,13,Proprietors' income,Millions of dollars,1964,59132.0
NIPA,T11000,13,Proprietors' income,Millions of dollars,1965,63662.0
NIPA,T11000,13,Proprietors' income,Millions of dollars,1966,67933.0
NIPA,T11000,13,Proprietors' income,Millions of dollars,1967,69475.0
NIPA,T11000,13,Proprietors' income,Millions of dollars,1968,73832.0
NIPA,T11000,13,Proprietors' income,Millions of dollars,1969,77005.0
NIPA,T11000,13,Proprietors' income,Millions of dollars,1970,77803.0
NIPA,T11000,13,Proprietors' income,Millions of dollars,1971,83904.0
NIPA,T11000,13,Proprietors' income,Millions of dollars,1972,95094.0
NIPA,T11000,13,Proprietors' income,Millions of dollars,1973,112521.0
NIPA,T11000,13,Proprietors' income,Millions of dollars,1974,112213.0
NIPA,T11000,13,Proprietors' income,Millions of dollars,1975,118238.0
NIPA,T11000,13,Proprietors' income,Millions of dollars,1976,130973.99999999999
NIPA,T11000,13,Proprietors' income,Millions of dollars,1977,144492.0
NIPA,T11000,13,Proprietors' income,Millions of dollars,1978,165974.0
NIPA,T11000,13,Proprietors' income,Millions of dollars,1979,179438.0
NIPA,T11000,13,Proprietors' income,Millions of dollars,1980,171569.0
NIPA,T11000,13,Proprietors' income,Millions of dollars,1981,179680.0
NIPA,T11000,13,Proprietors' income,Millions of dollars,1982,171191.0
NIPA,T11000,13,Proprietors' income,Millions of dollars,1983,186250.0
NIPA,T11000,13,Proprietors' income,Millions of dollars,1984,228247.0
NIPA,T11000,13,Proprietors' income,Millions of dollars,1985,241051.0
NIPA,T11000,13,Proprietors' income,Millions of dollars,1986,256478.99999999997
NIPA,T11000,13,Proprietors' income,Millions of dollars,1987,286468.0
NIPA,T11000,13,Proprietors' income,Millions of dollars,1988,325524.0
NIPA,T11000,13,Proprietors' income,Millions of dollars,1989,341130.0
NIPA,T11000,13,Proprietors' income,Millions of dollars,1990,353154.0
NIPA,T11000,13,Proprietors' income,Millions of dollars,1991,354162.0
NIPA,T11000,13,Proprietors' income,Millions of dollars,1992,400155.0
NIPA,T11000,13,Proprietors' income,Millions of dollars,1993,427984.0
NIPA,T11000,13,Proprietors' income,Millions of dollars,1994,456644.0
NIPA,T11000,13,Proprietors' income,Millions of dollars,1995,481186.0
NIPA,T11000,13,Proprietors' income,Millions of dollars,1996,543784.0
NIPA,T11000,13,Proprietors' income,Millions of dollars,1997,583958.0
NIPA,T11000,13,Proprietors' income,Millions of dollars,1998,640276.0
NIPA,T11000,13,Proprietors' income,Millions of dollars,1999,696352.0
NIPA,T11000,13,Proprietors' income,Millions of dollars,2000,753559.0
NIPA,T11000,13,Proprietors' income,Millions of dollars,2001,831057.0
NIPA,T11000,13,Proprietors' income,Millions of dollars,2002,870133.0
NIPA,T11000,13,Proprietors' income,Millions of dollars,2003,897509.0
NIPA,T11000,13,Proprietors' income,Millions of dollars,2004,962895.0
NIPA,T11000,13,Proprietors' income,Millions of dollars,2005,979140.0
NIPA,T11000,13,Proprietors' income,Millions of dollars,2006,1.050869e6
NIPA,T11000,13,Proprietors' income,Millions of dollars,2007,995398.0
NIPA,T11000,13,Proprietors' income,Millions of dollars,2008,960304.0
NIPA,T11000,13,Proprietors' income,Millions of dollars,2009,938126.0
NIPA,T11000,13,Proprietors' income,Millions of dollars,2010,1.108503e6
NIPA,T11000,13,Proprietors' income,Millions of dollars,2011,1.228337e6
NIPA,T11000,13,Proprietors' income,Millions of dollars,2012,1.299922e6
NIPA,T11000,13,Proprietors' income,Millions of dollars,2013,1.351739e6
NIPA,T11000,13,Proprietors' income,Millions of dollars,2014,1.369965e6
NIPA,T11000,13,Proprietors' income,Millions of dollars,2015,1.347722e6
NIPA,T11000,13,Proprietors' income,Millions of dollars,2016,1.349214e6
NIPA,T11000,13,Proprietors' income,Millions of dollars,2017,1.428634e6
NIPA,T11000,13,Proprietors' income,Millions of dollars,2018,1.495331e6
NIPA,T11000,13,Proprietors' income,Millions of dollars,2019,1.555775e6
NIPA,T11000,13,Proprietors' income,Millions of dollars,2020,1.599507e6
NIPA,T11000,13,Proprietors' income,Millions of dollars,2021,1.818662e6
NIPA,T11000,13,Proprietors' income,Millions of dollars,2022,1.868919e6
NIPA,T11000,13,Proprietors' income,Millions of dollars,2023,1.941958e6
NIPA,T11000,13,Proprietors' income,Millions of dollars,2024,2.02308e6
NIPA,T11000,13,Proprietors' income,Millions of dollars,2025,2.109356e6
NIPA,T11000,14,Rental income of persons,Millions of dollars,1929,6065.0
NIPA,T11000,14,Rental income of persons,Millions of dollars,1930,5371.0
NIPA,T11000,14,Rental income of persons,Millions of dollars,1931,4440.0
NIPA,T11000,14,Rental income of persons,Millions of dollars,1932,3599.0
NIPA,T11000,14,Rental income of persons,Millions of dollars,1933,2858.0
NIPA,T11000,14,Rental income of persons,Millions of dollars,1934,2516.0
NIPA,T11000,14,Rental income of persons,Millions of dollars,1935,2564.0
NIPA,T11000,14,Rental income of persons,Millions of dollars,1936,2684.0
NIPA,T11000,14,Rental income of persons,Millions of dollars,1937,2966.0
NIPA,T11000,14,Rental income of persons,Millions of dollars,1938,3480.0
NIPA,T11000,14,Rental income of persons,Millions of dollars,1939,3716.0
NIPA,T11000,14,Rental income of persons,Millions of dollars,1940,3847.0
NIPA,T11000,14,Rental income of persons,Millions of dollars,1941,4415.0
NIPA,T11000,14,Rental income of persons,Millions of dollars,1942,5454.0
NIPA,T11000,14,Rental income of persons,Millions of dollars,1943,6024.0
NIPA,T11000,14,Rental income of persons,Millions of dollars,1944,6337.0
NIPA,T11000,14,Rental income of persons,Millions of dollars,1945,6578.0
NIPA,T11000,14,Rental income of persons,Millions of dollars,1946,6899.0
NIPA,T11000,14,Rental income of persons,Millions of dollars,1947,6889.0
NIPA,T11000,14,Rental income of persons,Millions of dollars,1948,7484.0
NIPA,T11000,14,Rental income of persons,Millions of dollars,1949,7798.0
NIPA,T11000,14,Rental income of persons,Millions of dollars,1950,8779.0
NIPA,T11000,14,Rental income of persons,Millions of dollars,1951,9720.0
NIPA,T11000,14,Rental income of persons,Millions of dollars,1952,10816.0
NIPA,T11000,14,Rental income of persons,Millions of dollars,1953,12028.0
NIPA,T11000,14,Rental income of persons,Millions of dollars,1954,13061.0
NIPA,T11000,14,Rental income of persons,Millions of dollars,1955,13423.0
NIPA,T11000,14,Rental income of persons,Millions of dollars,1956,13668.0
NIPA,T11000,14,Rental income of persons,Millions of dollars,1957,14054.0
NIPA,T11000,14,Rental income of persons,Millions of dollars,1958,14798.0
NIPA,T11000,14,Rental income of persons,Millions of dollars,1959,15559.0
NIPA,T11000,14,Rental income of persons,Millions of dollars,1960,16463.0
NIPA,T11000,14,Rental income of persons,Millions of dollars,1961,17200.0
NIPA,T11000,14,Rental income of persons,Millions of dollars,1962,18046.0
NIPA,T11000,14,Rental income of persons,Millions of dollars,1963,18728.0
NIPA,T11000,14,Rental income of persons,Millions of dollars,1964,18831.0
NIPA,T11000,14,Rental income of persons,Millions of dollars,1965,19336.0
NIPA,T11000,14,Rental income of persons,Millions of dollars,1966,19910.0
NIPA,T11000,14,Rental income of persons,Millions of dollars,1967,20345.0
NIPA,T11000,14,Rental income of persons,Millions of dollars,1968,20096.0
NIPA,T11000,14,Rental income of persons,Millions of dollars,1969,20348.0
NIPA,T11000,14,Rental income of persons,Millions of dollars,1970,20664.0
NIPA,T11000,14,Rental income of persons,Millions of dollars,1971,21828.0
NIPA,T11000,14,Rental income of persons,Millions of dollars,1972,22719.0
NIPA,T11000,14,Rental income of persons,Millions of dollars,1973,23117.0
NIPA,T11000,14,Rental income of persons,Millions of dollars,1974,23181.0
NIPA,T11000,14,Rental income of persons,Millions of dollars,1975,22292.0
NIPA,T11000,14,Rental income of persons,Millions of dollars,1976,20308.0
NIPA,T11000,14,Rental income of persons,Millions of dollars,1977,15867.0
NIPA,T11000,14,Rental income of persons,Millions of dollars,1978,16545.0
NIPA,T11000,14,Rental income of persons,Millions of dollars,1979,16093.0
NIPA,T11000,14,Rental income of persons,Millions of dollars,1980,18978.0
NIPA,T11000,14,Rental income of persons,Millions of dollars,1981,23780.0
NIPA,T11000,14,Rental income of persons,Millions of dollars,1982,23833.0
NIPA,T11000,14,Rental income of persons,Millions of dollars,1983,24435.0
NIPA,T11000,14,Rental income of persons,Millions of dollars,1984,24652.0
NIPA,T11000,14,Rental income of persons,Millions of dollars,1985,26204.0
NIPA,T11000,14,Rental income of persons,Millions of dollars,1986,18268.0
NIPA,T11000,14,Rental income of persons,Millions of dollars,1987,16594.0
NIPA,T11000,14,Rental income of persons,Millions of dollars,1988,22492.0
NIPA,T11000,14,Rental income of persons,Millions of dollars,1989,21524.0
NIPA,T11000,14,Rental income of persons,Millions of dollars,1990,28168.0
NIPA,T11000,14,Rental income of persons,Millions of dollars,1991,38577.0
NIPA,T11000,14,Rental income of persons,Millions of dollars,1992,60573.0
NIPA,T11000,14,Rental income of persons,Millions of dollars,1993,90079.0
NIPA,T11000,14,Rental income of persons,Millions of dollars,1994,113667.0
NIPA,T11000,14,Rental income of persons,Millions of dollars,1995,124882.0
NIPA,T11000,14,Rental income of persons,Millions of dollars,1996,142528.0
NIPA,T11000,14,Rental income of persons,Millions of dollars,1997,147059.0
NIPA,T11000,14,Rental income of persons,Millions of dollars,1998,165206.0
NIPA,T11000,14,Rental income of persons,Millions of dollars,1999,178497.0
NIPA,T11000,14,Rental income of persons,Millions of dollars,2000,183476.0
NIPA,T11000,14,Rental income of persons,Millions of dollars,2001,202403.0
NIPA,T11000,14,Rental income of persons,Millions of dollars,2002,208448.0
NIPA,T11000,14,Rental income of persons,Millions of dollars,2003,227098.0
NIPA,T11000,14,Rental income of persons,Millions of dollars,2004,242781.0
NIPA,T11000,14,Rental income of persons,Millions of dollars,2005,221105.0
NIPA,T11000,14,Rental income of persons,Millions of dollars,2006,181120.0
NIPA,T11000,14,Rental income of persons,Millions of dollars,2007,186259.0
NIPA,T11000,14,Rental income of persons,Millions of dollars,2008,290275.0
NIPA,T11000,14,Rental income of persons,Millions of dollars,2009,347592.0
NIPA,T11000,14,Rental income of persons,Millions of dollars,2010,433671.0
NIPA,T11000,14,Rental income of persons,Millions of dollars,2011,506541.0
NIPA,T11000,14,Rental income of persons,Millions of dollars,2012,534468.0
NIPA,T11000,14,Rental income of persons,Millions of dollars,2013,578687.0
NIPA,T11000,14,Rental income of persons,Millions of dollars,2014,598502.0
NIPA,T11000,14,Rental income of persons,Millions of dollars,2015,601351.0
NIPA,T11000,14,Rental income of persons,Millions of dollars,2016,618723.0
NIPA,T11000,14,Rental income of persons,Millions of dollars,2017,642028.0
NIPA,T11000,14,Rental income of persons,Millions of dollars,2018,671488.0
NIPA,T11000,14,Rental income of persons,Millions of dollars,2019,688432.0
NIPA,T11000,14,Rental income of persons,Millions of dollars,2020,743428.0
NIPA,T11000,14,Rental income of persons,Millions of dollars,2021,776719.0
NIPA,T11000,14,Rental income of persons,Millions of dollars,2022,871106.0
NIPA,T11000,14,Rental income of persons,Millions of dollars,2023,1.002484e6
NIPA,T11000,14,Rental income of persons,Millions of dollars,2024,1.078149e6
NIPA,T11000,14,Rental income of persons,Millions of dollars,2025,1.11451e6
NIPA,T11000,15,Corporate profits,Millions of dollars,1929,10601.0
NIPA,T11000,15,Corporate profits,Millions of dollars,1930,7361.0
NIPA,T11000,15,Corporate profits,Millions of dollars,1931,2955.0
NIPA,T11000,15,Corporate profits,Millions of dollars,1932,-156.0
NIPA,T11000,15,Corporate profits,Millions of dollars,1933,-173.0
NIPA,T11000,15,Corporate profits,Millions of dollars,1934,2457.0
NIPA,T11000,15,Corporate profits,Millions of dollars,1935,3859.0
NIPA,T11000,15,Corporate profits,Millions of dollars,1936,6126.0
NIPA,T11000,15,Corporate profits,Millions of dollars,1937,6780.0
NIPA,T11000,15,Corporate profits,Millions of dollars,1938,4707.0
NIPA,T11000,15,Corporate profits,Millions of dollars,1939,6268.0
NIPA,T11000,15,Corporate profits,Millions of dollars,1940,9606.0
NIPA,T11000,15,Corporate profits,Millions of dollars,1941,15302.0
NIPA,T11000,15,Corporate profits,Millions of dollars,1942,20411.0
NIPA,T11000,15,Corporate profits,Millions of dollars,1943,24528.0
NIPA,T11000,15,Corporate profits,Millions of dollars,1944,24549.0
NIPA,T11000,15,Corporate profits,Millions of dollars,1945,20110.0
NIPA,T11000,15,Corporate profits,Millions of dollars,1946,17552.0
NIPA,T11000,15,Corporate profits,Millions of dollars,1947,23178.0
NIPA,T11000,15,Corporate profits,Millions of dollars,1948,30132.0
NIPA,T11000,15,Corporate profits,Millions of dollars,1949,27933.0
NIPA,T11000,15,Corporate profits,Millions of dollars,1950,34790.0
NIPA,T11000,15,Corporate profits,Millions of dollars,1951,39454.0
NIPA,T11000,15,Corporate profits,Millions of dollars,1952,37777.0
NIPA,T11000,15,Corporate profits,Millions of dollars,1953,38496.0
NIPA,T11000,15,Corporate profits,Millions of dollars,1954,37498.0
NIPA,T11000,15,Corporate profits,Millions of dollars,1955,47814.0
NIPA,T11000,15,Corporate profits,Millions of dollars,1956,46825.0
NIPA,T11000,15,Corporate profits,Millions of dollars,1957,46048.0
NIPA,T11000,15,Corporate profits,Millions of dollars,1958,41334.0
NIPA,T11000,15,Corporate profits,Millions of dollars,1959,52796.0
NIPA,T11000,15,Corporate profits,Millions of dollars,1960,51543.0
NIPA,T11000,15,Corporate profits,Millions of dollars,1961,52629.0
NIPA,T11000,15,Corporate profits,Millions of dollars,1962,60271.0
NIPA,T11000,15,Corporate profits,Millions of dollars,1963,66427.0
NIPA,T11000,15,Corporate profits,Millions of dollars,1964,73239.0
NIPA,T11000,15,Corporate profits,Millions of dollars,1965,84583.0
NIPA,T11000,15,Corporate profits,Millions of dollars,1966,91594.0
NIPA,T11000,15,Corporate profits,Millions of dollars,1967,89091.0
NIPA,T11000,15,Corporate profits,Millions of dollars,1968,96111.0
NIPA,T11000,15,Corporate profits,Millions of dollars,1969,91821.0
NIPA,T11000,15,Corporate profits,Millions of dollars,1970,79144.0
NIPA,T11000,15,Corporate profits,Millions of dollars,1971,92792.0
NIPA,T11000,15,Corporate profits,Millions of dollars,1972,107678.0
NIPA,T11000,15,Corporate profits,Millions of dollars,1973,118492.0
NIPA,T11000,15,Corporate profits,Millions of dollars,1974,108236.0
NIPA,T11000,15,Corporate profits,Millions of dollars,1975,124228.0
NIPA,T11000,15,Corporate profits,Millions of dollars,1976,157790.0
NIPA,T11000,15,Corporate profits,Millions of dollars,1977,186670.0
NIPA,T11000,15,Corporate profits,Millions of dollars,1978,215700.0
NIPA,T11000,15,Corporate profits,Millions of dollars,1979,214605.0
NIPA,T11000,15,Corporate profits,Millions of dollars,1980,187655.0
NIPA,T11000,15,Corporate profits,Millions of dollars,1981,216215.0
NIPA,T11000,15,Corporate profits,Millions of dollars,1982,195169.0
NIPA,T11000,15,Corporate profits,Millions of dollars,1983,242847.0
NIPA,T11000,15,Corporate profits,Millions of dollars,1984,300699.0
NIPA,T11000,15,Corporate profits,Millions of dollars,1985,314980.0
NIPA,T11000,15,Corporate profits,Millions of dollars,1986,284091.0
NIPA,T11000,15,Corporate profits,Millions of dollars,1987,322803.0
NIPA,T11000,15,Corporate profits,Millions of dollars,1988,359258.0
NIPA,T11000,15,Corporate profits,Millions of dollars,1989,351587.0
NIPA,T11000,15,Corporate profits,Millions of dollars,1990,343243.0
NIPA,T11000,15,Corporate profits,Millions of dollars,1991,372271.0
NIPA,T11000,15,Corporate profits,Millions of dollars,1992,408200.0
NIPA,T11000,15,Corporate profits,Millions of dollars,1993,453787.0
NIPA,T11000,15,Corporate profits,Millions of dollars,1994,556125.0
NIPA,T11000,15,Corporate profits,Millions of dollars,1995,623730.0
NIPA,T11000,15,Corporate profits,Millions of dollars,1996,701602.0
NIPA,T11000,15,Corporate profits,Millions of dollars,1997,782312.0
NIPA,T11000,15,Corporate profits,Millions of dollars,1998,732405.0
NIPA,T11000,15,Corporate profits,Millions of dollars,1999,745039.0
NIPA,T11000,15,Corporate profits,Millions of dollars,2000,680747.0
NIPA,T11000,15,Corporate profits,Millions of dollars,2001,618384.0
NIPA,T11000,15,Corporate profits,Millions of dollars,2002,773589.0
NIPA,T11000,15,Corporate profits,Millions of dollars,2003,918145.0
NIPA,T11000,15,Corporate profits,Millions of dollars,2004,1.125412e6
NIPA,T11000,15,Corporate profits,Millions of dollars,2005,1.304329e6
NIPA,T11000,15,Corporate profits,Millions of dollars,2006,1.456385e6
NIPA,T11000,15,Corporate profits,Millions of dollars,2007,1.258028e6
NIPA,T11000,15,Corporate profits,Millions of dollars,2008,955428.0
NIPA,T11000,15,Corporate profits,Millions of dollars,2009,1.076888e6
NIPA,T11000,15,Corporate profits,Millions of dollars,2010,1.388685e6
NIPA,T11000,15,Corporate profits,Millions of dollars,2011,1.449878e6
NIPA,T11000,15,Corporate profits,Millions of dollars,2012,1.65237e6
NIPA,T11000,15,Corporate profits,Millions of dollars,2013,1.682298e6
NIPA,T11000,15,Corporate profits,Millions of dollars,2014,1.807956e6
NIPA,T11000,15,Corporate profits,Millions of dollars,2015,1.777928e6
NIPA,T11000,15,Corporate profits,Millions of dollars,2016,1.724401e6
NIPA,T11000,15,Corporate profits,Millions of dollars,2017,1.726343e6
NIPA,T11000,15,Corporate profits,Millions of dollars,2018,1.844577e6
NIPA,T11000,15,Corporate profits,Millions of dollars,2019,1.938296e6
NIPA,T11000,15,Corporate profits,Millions of dollars,2020,1.966263e6
NIPA,T11000,15,Corporate profits,Millions of dollars,2021,2.69779e6
NIPA,T11000,15,Corporate profits,Millions of dollars,2022,2.913118e6
NIPA,T11000,15,Corporate profits,Millions of dollars,2023,3.14425e6
NIPA,T11000,15,Corporate profits,Millions of dollars,2024,3.344161e6
NIPA,T11000,15,Corporate profits,Millions of dollars,2025,3.550884e6
NIPA,T11000,16,Taxes on corporate income,Millions of dollars,1929,1365.0
NIPA,T11000,16,Taxes on corporate income,Millions of dollars,1930,842.0
NIPA,T11000,16,Taxes on corporate income,Millions of dollars,1931,498.0
NIPA,T11000,16,Taxes on corporate income,Millions of dollars,1932,383.0
NIPA,T11000,16,Taxes on corporate income,Millions of dollars,1933,521.0
NIPA,T11000,16,Taxes on corporate income,Millions of dollars,1934,744.0
NIPA,T11000,16,Taxes on corporate income,Millions of dollars,1935,951.0
NIPA,T11000,16,Taxes on corporate income,Millions of dollars,1936,1409.0
NIPA,T11000,16,Taxes on corporate income,Millions of dollars,1937,1502.0
NIPA,T11000,16,Taxes on corporate income,Millions of dollars,1938,1029.0
NIPA,T11000,16,Taxes on corporate income,Millions of dollars,1939,1441.0
NIPA,T11000,16,Taxes on corporate income,Millions of dollars,1940,2834.0
NIPA,T11000,16,Taxes on corporate income,Millions of dollars,1941,7610.0
NIPA,T11000,16,Taxes on corporate income,Millions of dollars,1942,11415.0
NIPA,T11000,16,Taxes on corporate income,Millions of dollars,1943,14074.0
NIPA,T11000,16,Taxes on corporate income,Millions of dollars,1944,12949.0
NIPA,T11000,16,Taxes on corporate income,Millions of dollars,1945,10689.0
NIPA,T11000,16,Taxes on corporate income,Millions of dollars,1946,9104.0
NIPA,T11000,16,Taxes on corporate income,Millions of dollars,1947,11193.0
NIPA,T11000,16,Taxes on corporate income,Millions of dollars,1948,12254.0
NIPA,T11000,16,Taxes on corporate income,Millions of dollars,1949,10010.0
NIPA,T11000,16,Taxes on corporate income,Millions of dollars,1950,17728.0
NIPA,T11000,16,Taxes on corporate income,Millions of dollars,1951,22304.0
NIPA,T11000,16,Taxes on corporate income,Millions of dollars,1952,19107.0
NIPA,T11000,16,Taxes on corporate income,Millions of dollars,1953,19944.0
NIPA,T11000,16,Taxes on corporate income,Millions of dollars,1954,17348.0
NIPA,T11000,16,Taxes on corporate income,Millions of dollars,1955,21789.0
NIPA,T11000,16,Taxes on corporate income,Millions of dollars,1956,21591.0
NIPA,T11000,16,Taxes on corporate income,Millions of dollars,1957,20880.0
NIPA,T11000,16,Taxes on corporate income,Millions of dollars,1958,18440.0
NIPA,T11000,16,Taxes on corporate income,Millions of dollars,1959,22816.0
NIPA,T11000,16,Taxes on corporate income,Millions of dollars,1960,21885.0
NIPA,T11000,16,Taxes on corporate income,Millions of dollars,1961,22203.0
NIPA,T11000,16,Taxes on corporate income,Millions of dollars,1962,23296.0
NIPA,T11000,16,Taxes on corporate income,Millions of dollars,1963,25491.0
NIPA,T11000,16,Taxes on corporate income,Millions of dollars,1964,26573.0
NIPA,T11000,16,Taxes on corporate income,Millions of dollars,1965,29768.0
NIPA,T11000,16,Taxes on corporate income,Millions of dollars,1966,32232.0
NIPA,T11000,16,Taxes on corporate income,Millions of dollars,1967,30992.0
NIPA,T11000,16,Taxes on corporate income,Millions of dollars,1968,37164.0
NIPA,T11000,16,Taxes on corporate income,Millions of dollars,1969,36958.0
NIPA,T11000,16,Taxes on corporate income,Millions of dollars,1970,31263.0
NIPA,T11000,16,Taxes on corporate income,Millions of dollars,1971,34808.0
NIPA,T11000,16,Taxes on corporate income,Millions of dollars,1972,39110.0
NIPA,T11000,16,Taxes on corporate income,Millions of dollars,1973,45632.0
NIPA,T11000,16,Taxes on corporate income,Millions of dollars,1974,47235.0
NIPA,T11000,16,Taxes on corporate income,Millions of dollars,1975,46264.0
NIPA,T11000,16,Taxes on corporate income,Millions of dollars,1976,59418.0
NIPA,T11000,16,Taxes on corporate income,Millions of dollars,1977,68504.0
NIPA,T11000,16,Taxes on corporate income,Millions of dollars,1978,77852.0
NIPA,T11000,16,Taxes on corporate income,Millions of dollars,1979,80737.0
NIPA,T11000,16,Taxes on corporate income,Millions of dollars,1980,75484.0
NIPA,T11000,16,Taxes on corporate income,Millions of dollars,1981,70315.0
NIPA,T11000,16,Taxes on corporate income,Millions of dollars,1982,51294.0
NIPA,T11000,16,Taxes on corporate income,Millions of dollars,1983,66419.0
NIPA,T11000,16,Taxes on corporate income,Millions of dollars,1984,81477.0
NIPA,T11000,16,Taxes on corporate income,Millions of dollars,1985,81610.0
NIPA,T11000,16,Taxes on corporate income,Millions of dollars,1986,91871.0
NIPA,T11000,16,Taxes on corporate income,Millions of dollars,1987,112702.0
NIPA,T11000,16,Taxes on corporate income,Millions of dollars,1988,124266.0
NIPA,T11000,16,Taxes on corporate income,Millions of dollars,1989,124422.0
NIPA,T11000,16,Taxes on corporate income,Millions of dollars,1990,121816.0
NIPA,T11000,16,Taxes on corporate income,Millions of dollars,1991,117813.0
NIPA,T11000,16,Taxes on corporate income,Millions of dollars,1992,131914.0
NIPA,T11000,16,Taxes on corporate income,Millions of dollars,1993,155047.0
NIPA,T11000,16,Taxes on corporate income,Millions of dollars,1994,172671.0
NIPA,T11000,16,Taxes on corporate income,Millions of dollars,1995,194449.0
NIPA,T11000,16,Taxes on corporate income,Millions of dollars,1996,211386.0
NIPA,T11000,16,Taxes on corporate income,Millions of dollars,1997,224762.0
NIPA,T11000,16,Taxes on corporate income,Millions of dollars,1998,221805.0
NIPA,T11000,16,Taxes on corporate income,Millions of dollars,1999,227386.0
NIPA,T11000,16,Taxes on corporate income,Millions of dollars,2000,233448.0
NIPA,T11000,16,Taxes on corporate income,Millions of dollars,2001,170148.0
NIPA,T11000,16,Taxes on corporate income,Millions of dollars,2002,160674.0
NIPA,T11000,16,Taxes on corporate income,Millions of dollars,2003,213763.0
NIPA,T11000,16,Taxes on corporate income,Millions of dollars,2004,278512.0
NIPA,T11000,16,Taxes on corporate income,Millions of dollars,2005,379749.0
NIPA,T11000,16,Taxes on corporate income,Millions of dollars,2006,430147.0
NIPA,T11000,16,Taxes on corporate income,Millions of dollars,2007,391782.0
NIPA,T11000,16,Taxes on corporate income,Millions of dollars,2008,255918.0
NIPA,T11000,16,Taxes on corporate income,Millions of dollars,2009,203933.0
NIPA,T11000,16,Taxes on corporate income,Millions of dollars,2010,272267.0
NIPA,T11000,16,Taxes on corporate income,Millions of dollars,2011,280763.0
NIPA,T11000,16,Taxes on corporate income,Millions of dollars,2012,334589.0
NIPA,T11000,16,Taxes on corporate income,Millions of dollars,2013,362418.0
NIPA,T11000,16,Taxes on corporate income,Millions of dollars,2014,406890.0
NIPA,T11000,16,Taxes on corporate income,Millions of dollars,2015,396125.0
NIPA,T11000,16,Taxes on corporate income,Millions of dollars,2016,376034.0
NIPA,T11000,16,Taxes on corporate income,Millions of dollars,2017,297156.0
NIPA,T11000,16,Taxes on corporate income,Millions of dollars,2018,297423.0
NIPA,T11000,16,Taxes on corporate income,Millions of dollars,2019,297195.0
NIPA,T11000,16,Taxes on corporate income,Millions of dollars,2020,311059.0
NIPA,T11000,16,Taxes on corporate income,Millions of dollars,2021,468876.0
NIPA,T11000,16,Taxes on corporate income,Millions of dollars,2022,600568.0
NIPA,T11000,16,Taxes on corporate income,Millions of dollars,2023,613010.0
NIPA,T11000,16,Taxes on corporate income,Millions of dollars,2024,680341.0
NIPA,T11000,16,Taxes on corporate income,Millions of dollars,2025,695171.0
NIPA,T11000,17,Profits after tax,Millions of dollars,1929,9236.0
NIPA,T11000,17,Profits after tax,Millions of dollars,1930,6519.0
NIPA,T11000,17,Profits after tax,Millions of dollars,1931,2457.0
NIPA,T11000,17,Profits after tax,Millions of dollars,1932,-539.0
NIPA,T11000,17,Profits after tax,Millions of dollars,1933,-694.0
NIPA,T11000,17,Profits after tax,Millions of dollars,1934,1713.0
NIPA,T11000,17,Profits after tax,Millions of dollars,1935,2908.0
NIPA,T11000,17,Profits after tax,Millions of dollars,1936,4717.0
NIPA,T11000,17,Profits after tax,Millions of dollars,1937,5278.0
NIPA,T11000,17,Profits after tax,Millions of dollars,1938,3678.0
NIPA,T11000,17,Profits after tax,Millions of dollars,1939,4827.0
NIPA,T11000,17,Profits after tax,Millions of dollars,1940,6772.0
NIPA,T11000,17,Profits after tax,Millions of dollars,1941,7692.0
NIPA,T11000,17,Profits after tax,Millions of dollars,1942,8996.0
NIPA,T11000,17,Profits after tax,Millions of dollars,1943,10454.0
NIPA,T11000,17,Profits after tax,Millions of dollars,1944,11600.0
NIPA,T11000,17,Profits after tax,Millions of dollars,1945,9421.0
NIPA,T11000,17,Profits after tax,Millions of dollars,1946,8448.0
NIPA,T11000,17,Profits after tax,Millions of dollars,1947,11985.0
NIPA,T11000,17,Profits after tax,Millions of dollars,1948,17878.0
NIPA,T11000,17,Profits after tax,Millions of dollars,1949,17923.0
NIPA,T11000,17,Profits after tax,Millions of dollars,1950,17062.0
NIPA,T11000,17,Profits after tax,Millions of dollars,1951,17150.0
NIPA,T11000,17,Profits after tax,Millions of dollars,1952,18670.0
NIPA,T11000,17,Profits after tax,Millions of dollars,1953,18552.0
NIPA,T11000,17,Profits after tax,Millions of dollars,1954,20150.0
NIPA,T11000,17,Profits after tax,Millions of dollars,1955,26025.0
NIPA,T11000,17,Profits after tax,Millions of dollars,1956,25234.0
NIPA,T11000,17,Profits after tax,Millions of dollars,1957,25168.0
NIPA,T11000,17,Profits after tax,Millions of dollars,1958,22894.0
NIPA,T11000,17,Profits after tax,Millions of dollars,1959,29980.0
NIPA,T11000,17,Profits after tax,Millions of dollars,1960,29658.0
NIPA,T11000,17,Profits after tax,Millions of dollars,1961,30426.0
NIPA,T11000,17,Profits after tax,Millions of dollars,1962,36975.0
NIPA,T11000,17,Profits after tax,Millions of dollars,1963,40936.0
NIPA,T11000,17,Profits after tax,Millions of dollars,1964,46666.0
NIPA,T11000,17,Profits after tax,Millions of dollars,1965,54815.0
NIPA,T11000,17,Profits after tax,Millions of dollars,1966,59362.0
NIPA,T11000,17,Profits after tax,Millions of dollars,1967,58099.0
NIPA,T11000,17,Profits after tax,Millions of dollars,1968,58947.0
NIPA,T11000,17,Profits after tax,Millions of dollars,1969,54863.0
NIPA,T11000,17,Profits after tax,Millions of dollars,1970,47881.0
NIPA,T11000,17,Profits after tax,Millions of dollars,1971,57984.0
NIPA,T11000,17,Profits after tax,Millions of dollars,1972,68568.0
NIPA,T11000,17,Profits after tax,Millions of dollars,1973,72860.0
NIPA,T11000,17,Profits after tax,Millions of dollars,1974,61001.0
NIPA,T11000,17,Profits after tax,Millions of dollars,1975,77964.0
NIPA,T11000,17,Profits after tax,Millions of dollars,1976,98372.0
NIPA,T11000,17,Profits after tax,Millions of dollars,1977,118166.0
NIPA,T11000,17,Profits after tax,Millions of dollars,1978,137848.0
NIPA,T11000,17,Profits after tax,Millions of dollars,1979,133868.0
NIPA,T11000,17,Profits after tax,Millions of dollars,1980,112171.0
NIPA,T11000,17,Profits after tax,Millions of dollars,1981,145900.0
NIPA,T11000,17,Profits after tax,Millions of dollars,1982,143875.0
NIPA,T11000,17,Profits after tax,Millions of dollars,1983,176428.0
NIPA,T11000,17,Profits after tax,Millions of dollars,1984,219222.0
NIPA,T11000,17,Profits after tax,Millions of dollars,1985,233370.0
NIPA,T11000,17,Profits after tax,Millions of dollars,1986,192220.0
NIPA,T11000,17,Profits after tax,Millions of dollars,1987,210101.0
NIPA,T11000,17,Profits after tax,Millions of dollars,1988,234992.0
NIPA,T11000,17,Profits after tax,Millions of dollars,1989,227165.0
NIPA,T11000,17,Profits after tax,Millions of dollars,1990,221427.0
NIPA,T11000,17,Profits after tax,Millions of dollars,1991,254458.0
NIPA,T11000,17,Profits after tax,Millions of dollars,1992,276286.0
NIPA,T11000,17,Profits after tax,Millions of dollars,1993,298740.0
NIPA,T11000,17,Profits after tax,Millions of dollars,1994,383454.0
NIPA,T11000,17,Profits after tax,Millions of dollars,1995,429281.0
NIPA,T11000,17,Profits after tax,Millions of dollars,1996,490216.0
NIPA,T11000,17,Profits after tax,Millions of dollars,1997,557550.0
NIPA,T11000,17,Profits after tax,Millions of dollars,1998,510600.0
NIPA,T11000,17,Profits after tax,Millions of dollars,1999,517653.0
NIPA,T11000,17,Profits after tax,Millions of dollars,2000,447299.0
NIPA,T11000,17,Profits after tax,Millions of dollars,2001,448236.0
NIPA,T11000,17,Profits after tax,Millions of dollars,2002,612915.0
NIPA,T11000,17,Profits after tax,Millions of dollars,2003,704381.0
NIPA,T11000,17,Profits after tax,Millions of dollars,2004,846901.0
NIPA,T11000,17,Profits after tax,Millions of dollars,2005,924580.0
NIPA,T11000,17,Profits after tax,Millions of dollars,2006,1.026238e6
NIPA,T11000,17,Profits after tax,Millions of dollars,2007,866246.0
NIPA,T11000,17,Profits after tax,Millions of dollars,2008,699509.0
NIPA,T11000,17,Profits after tax,Millions of dollars,2009,872955.0
NIPA,T11000,17,Profits after tax,Millions of dollars,2010,1.116418e6
NIPA,T11000,17,Profits after tax,Millions of dollars,2011,1.169115e6
NIPA,T11000,17,Profits after tax,Millions of dollars,2012,1.317781e6
NIPA,T11000,17,Profits after tax,Millions of dollars,2013,1.31988e6
NIPA,T11000,17,Profits after tax,Millions of dollars,2014,1.401066e6
NIPA,T11000,17,Profits after tax,Millions of dollars,2015,1.381803e6
NIPA,T11000,17,Profits after tax,Millions of dollars,2016,1.348367e6
NIPA,T11000,17,Profits after tax,Millions of dollars,2017,1.429187e6
NIPA,T11000,17,Profits after tax,Millions of dollars,2018,1.547154e6
NIPA,T11000,17,Profits after tax,Millions of dollars,2019,1.641101e6
NIPA,T11000,17,Profits after tax,Millions of dollars,2020,1.655204e6
NIPA,T11000,17,Profits after tax,Millions of dollars,2021,2.228914e6
NIPA,T11000,17,Profits after tax,Millions of dollars,2022,2.31255e6
NIPA,T11000,17,Profits after tax,Millions of dollars,2023,2.53124e6
NIPA,T11000,17,Profits after tax,Millions of dollars,2024,2.66382e6
NIPA,T11000,17,Profits after tax,Millions of dollars,2025,2.855713e6
NIPA,T11000,18,Net dividends,Millions of dollars,1929,5573.0
NIPA,T11000,18,Net dividends,Millions of dollars,1930,5331.0
NIPA,T11000,18,Net dividends,Millions of dollars,1931,4070.0000000000005
NIPA,T11000,18,Net dividends,Millions of dollars,1932,2580.0
NIPA,T11000,18,Net dividends,Millions of dollars,1933,2040.0
NIPA,T11000,18,Net dividends,Millions of dollars,1934,2507.0
NIPA,T11000,18,Net dividends,Millions of dollars,1935,2685.0
NIPA,T11000,18,Net dividends,Millions of dollars,1936,4419.0
NIPA,T11000,18,Net dividends,Millions of dollars,1937,4538.0
NIPA,T11000,18,Net dividends,Millions of dollars,1938,2918.0
NIPA,T11000,18,Net dividends,Millions of dollars,1939,3582.0
NIPA,T11000,18,Net dividends,Millions of dollars,1940,3782.0
NIPA,T11000,18,Net dividends,Millions of dollars,1941,4200.0
NIPA,T11000,18,Net dividends,Millions of dollars,1942,4029.0
NIPA,T11000,18,Net dividends,Millions of dollars,1943,4208.0
NIPA,T11000,18,Net dividends,Millions of dollars,1944,4324.0
NIPA,T11000,18,Net dividends,Millions of dollars,1945,4372.0
NIPA,T11000,18,Net dividends,Millions of dollars,1946,5149.0
NIPA,T11000,18,Net dividends,Millions of dollars,1947,5707.0
NIPA,T11000,18,Net dividends,Millions of dollars,1948,6367.0
NIPA,T11000,18,Net dividends,Millions of dollars,1949,6599.0
NIPA,T11000,18,Net dividends,Millions of dollars,1950,8051.0
NIPA,T11000,18,Net dividends,Millions of dollars,1951,7663.0
NIPA,T11000,18,Net dividends,Millions of dollars,1952,7753.0
NIPA,T11000,18,Net dividends,Millions of dollars,1953,8093.999999999999
NIPA,T11000,18,Net dividends,Millions of dollars,1954,8135.999999999999
NIPA,T11000,18,Net dividends,Millions of dollars,1955,9151.0
NIPA,T11000,18,Net dividends,Millions of dollars,1956,9869.0
NIPA,T11000,18,Net dividends,Millions of dollars,1957,10399.0
NIPA,T11000,18,Net dividends,Millions of dollars,1958,10356.0
NIPA,T11000,18,Net dividends,Millions of dollars,1959,11619.0
NIPA,T11000,18,Net dividends,Millions of dollars,1960,12307.0
NIPA,T11000,18,Net dividends,Millions of dollars,1961,12193.0
NIPA,T11000,18,Net dividends,Millions of dollars,1962,13155.0
NIPA,T11000,18,Net dividends,Millions of dollars,1963,14442.0
NIPA,T11000,18,Net dividends,Millions of dollars,1964,16573.0
NIPA,T11000,18,Net dividends,Millions of dollars,1965,18171.0
NIPA,T11000,18,Net dividends,Millions of dollars,1966,19477.0
NIPA,T11000,18,Net dividends,Millions of dollars,1967,20237.0
NIPA,T11000,18,Net dividends,Millions of dollars,1968,22631.0
NIPA,T11000,18,Net dividends,Millions of dollars,1969,23422.0
NIPA,T11000,18,Net dividends,Millions of dollars,1970,23865.0
NIPA,T11000,18,Net dividends,Millions of dollars,1971,23694.0
NIPA,T11000,18,Net dividends,Millions of dollars,1972,25173.0
NIPA,T11000,18,Net dividends,Millions of dollars,1973,27448.0
NIPA,T11000,18,Net dividends,Millions of dollars,1974,29004.0
NIPA,T11000,18,Net dividends,Millions of dollars,1975,31786.0
NIPA,T11000,18,Net dividends,Millions of dollars,1976,35925.0
NIPA,T11000,18,Net dividends,Millions of dollars,1977,39627.0
NIPA,T11000,18,Net dividends,Millions of dollars,1978,46615.0
NIPA,T11000,18,Net dividends,Millions of dollars,1979,50978.0
NIPA,T11000,18,Net dividends,Millions of dollars,1980,59251.0
NIPA,T11000,18,Net dividends,Millions of dollars,1981,68438.0
NIPA,T11000,18,Net dividends,Millions of dollars,1982,72098.0
NIPA,T11000,18,Net dividends,Millions of dollars,1983,84246.0
NIPA,T11000,18,Net dividends,Millions of dollars,1984,89736.0
NIPA,T11000,18,Net dividends,Millions of dollars,1985,99909.0
NIPA,T11000,18,Net dividends,Millions of dollars,1986,103192.0
NIPA,T11000,18,Net dividends,Millions of dollars,1987,103163.0
NIPA,T11000,18,Net dividends,Millions of dollars,1988,113617.0
NIPA,T11000,18,Net dividends,Millions of dollars,1989,147709.0
NIPA,T11000,18,Net dividends,Millions of dollars,1990,168590.0
NIPA,T11000,18,Net dividends,Millions of dollars,1991,177803.0
NIPA,T11000,18,Net dividends,Millions of dollars,1992,178473.0
NIPA,T11000,18,Net dividends,Millions of dollars,1993,201111.0
NIPA,T11000,18,Net dividends,Millions of dollars,1994,220391.0
NIPA,T11000,18,Net dividends,Millions of dollars,1995,250774.0
NIPA,T11000,18,Net dividends,Millions of dollars,1996,283461.0
NIPA,T11000,18,Net dividends,Millions of dollars,1997,312727.0
NIPA,T11000,18,Net dividends,Millions of dollars,1998,344361.0
NIPA,T11000,18,Net dividends,Millions of dollars,1999,333669.0
NIPA,T11000,18,Net dividends,Millions of dollars,2000,383651.0
NIPA,T11000,18,Net dividends,Millions of dollars,2001,362060.0
NIPA,T11000,18,Net dividends,Millions of dollars,2002,379443.0
NIPA,T11000,18,Net dividends,Millions of dollars,2003,422953.0
NIPA,T11000,18,Net dividends,Millions of dollars,2004,517519.0
NIPA,T11000,18,Net dividends,Millions of dollars,2005,318392.0
NIPA,T11000,18,Net dividends,Millions of dollars,2006,637938.0
NIPA,T11000,18,Net dividends,Millions of dollars,2007,677861.0
NIPA,T11000,18,Net dividends,Millions of dollars,2008,660852.0
NIPA,T11000,18,Net dividends,Millions of dollars,2009,516582.0
NIPA,T11000,18,Net dividends,Millions of dollars,2010,514546.00000000006
NIPA,T11000,18,Net dividends,Millions of dollars,2011,633083.0
NIPA,T11000,18,Net dividends,Millions of dollars,2012,765393.0
NIPA,T11000,18,Net dividends,Millions of dollars,2013,858891.0
NIPA,T11000,18,Net dividends,Millions of dollars,2014,898271.0
NIPA,T11000,18,Net dividends,Millions of dollars,2015,965924.0
NIPA,T11000,18,Net dividends,Millions of dollars,2016,953732.0
NIPA,T11000,18,Net dividends,Millions of dollars,2017,1.043492e6
NIPA,T11000,18,Net dividends,Millions of dollars,2018,418955.0
NIPA,T11000,18,Net dividends,Millions of dollars,2019,937773.0
NIPA,T11000,18,Net dividends,Millions of dollars,2020,1.167415e6
NIPA,T11000,18,Net dividends,Millions of dollars,2021,1.54453e6
NIPA,T11000,18,Net dividends,Millions of dollars,2022,1.644556e6
NIPA,T11000,18,Net dividends,Millions of dollars,2023,1.741153e6
NIPA,T11000,18,Net dividends,Millions of dollars,2024,1.880004e6
NIPA,T11000,18,Net dividends,Millions of dollars,2025,1.706853e6
NIPA,T11000,19,Undistributed corporate profits,Millions of dollars,1929,3663.0
NIPA,T11000,19,Undistributed corporate profits,Millions of dollars,1930,1188.0
NIPA,T11000,19,Undistributed corporate profits,Millions of dollars,1931,-1613.0
NIPA,T11000,19,Undistributed corporate profits,Millions of dollars,1932,-3119.0
NIPA,T11000,19,Undistributed corporate profits,Millions of dollars,1933,-2734.0
NIPA,T11000,19,Undistributed corporate profits,Millions of dollars,1934,-794.0
NIPA,T11000,19,Undistributed corporate profits,Millions of dollars,1935,223.0
NIPA,T11000,19,Undistributed corporate profits,Millions of dollars,1936,298.0
NIPA,T11000,19,Undistributed corporate profits,Millions of dollars,1937,740.0
NIPA,T11000,19,Undistributed corporate profits,Millions of dollars,1938,760.0
NIPA,T11000,19,Undistributed corporate profits,Millions of dollars,1939,1245.0
NIPA,T11000,19,Undistributed corporate profits,Millions of dollars,1940,2990.0
NIPA,T11000,19,Undistributed corporate profits,Millions of dollars,1941,3492.0
NIPA,T11000,19,Undistributed corporate profits,Millions of dollars,1942,4967.0
NIPA,T11000,19,Undistributed corporate profits,Millions of dollars,1943,6246.0
NIPA,T11000,19,Undistributed corporate profits,Millions of dollars,1944,7276.0
NIPA,T11000,19,Undistributed corporate profits,Millions of dollars,1945,5049.0
NIPA,T11000,19,Undistributed corporate profits,Millions of dollars,1946,3299.0
NIPA,T11000,19,Undistributed corporate profits,Millions of dollars,1947,6278.0
NIPA,T11000,19,Undistributed corporate profits,Millions of dollars,1948,11511.0
NIPA,T11000,19,Undistributed corporate profits,Millions of dollars,1949,11324.0
NIPA,T11000,19,Undistributed corporate profits,Millions of dollars,1950,9011.0
NIPA,T11000,19,Undistributed corporate profits,Millions of dollars,1951,9487.0
NIPA,T11000,19,Undistributed corporate profits,Millions of dollars,1952,10917.0
NIPA,T11000,19,Undistributed corporate profits,Millions of dollars,1953,10458.0
NIPA,T11000,19,Undistributed corporate profits,Millions of dollars,1954,12014.0
NIPA,T11000,19,Undistributed corporate profits,Millions of dollars,1955,16874.0
NIPA,T11000,19,Undistributed corporate profits,Millions of dollars,1956,15365.0
NIPA,T11000,19,Undistributed corporate profits,Millions of dollars,1957,14769.0
NIPA,T11000,19,Undistributed corporate profits,Millions of dollars,1958,12538.0
NIPA,T11000,19,Undistributed corporate profits,Millions of dollars,1959,18361.0
NIPA,T11000,19,Undistributed corporate profits,Millions of dollars,1960,17351.0
NIPA,T11000,19,Undistributed corporate profits,Millions of dollars,1961,18233.0
NIPA,T11000,19,Undistributed corporate profits,Millions of dollars,1962,23820.0
NIPA,T11000,19,Undistributed corporate profits,Millions of dollars,1963,26494.0
NIPA,T11000,19,Undistributed corporate profits,Millions of dollars,1964,30093.0
NIPA,T11000,19,Undistributed corporate profits,Millions of dollars,1965,36644.0
NIPA,T11000,19,Undistributed corporate profits,Millions of dollars,1966,39885.0
NIPA,T11000,19,Undistributed corporate profits,Millions of dollars,1967,37862.0
NIPA,T11000,19,Undistributed corporate profits,Millions of dollars,1968,36316.0
NIPA,T11000,19,Undistributed corporate profits,Millions of dollars,1969,31441.0
NIPA,T11000,19,Undistributed corporate profits,Millions of dollars,1970,24016.0
NIPA,T11000,19,Undistributed corporate profits,Millions of dollars,1971,34290.0
NIPA,T11000,19,Undistributed corporate profits,Millions of dollars,1972,43395.0
NIPA,T11000,19,Undistributed corporate profits,Millions of dollars,1973,45412.0
NIPA,T11000,19,Undistributed corporate profits,Millions of dollars,1974,31997.0
NIPA,T11000,19,Undistributed corporate profits,Millions of dollars,1975,46178.0
NIPA,T11000,19,Undistributed corporate profits,Millions of dollars,1976,62447.0
NIPA,T11000,19,Undistributed corporate profits,Millions of dollars,1977,78539.0
NIPA,T11000,19,Undistributed corporate profits,Millions of dollars,1978,91233.0
NIPA,T11000,19,Undistributed corporate profits,Millions of dollars,1979,82890.0
NIPA,T11000,19,Undistributed corporate profits,Millions of dollars,1980,52920.0
NIPA,T11000,19,Undistributed corporate profits,Millions of dollars,1981,77462.0
NIPA,T11000,19,Undistributed corporate profits,Millions of dollars,1982,71777.0
NIPA,T11000,19,Undistributed corporate profits,Millions of dollars,1983,92182.0
NIPA,T11000,19,Undistributed corporate profits,Millions of dollars,1984,129485.99999999999
NIPA,T11000,19,Undistributed corporate profits,Millions of dollars,1985,133461.0
NIPA,T11000,19,Undistributed corporate profits,Millions of dollars,1986,89028.0
NIPA,T11000,19,Undistributed corporate profits,Millions of dollars,1987,106938.0
NIPA,T11000,19,Undistributed corporate profits,Millions of dollars,1988,121375.0
NIPA,T11000,19,Undistributed corporate profits,Millions of dollars,1989,79456.0
NIPA,T11000,19,Undistributed corporate profits,Millions of dollars,1990,52837.0
NIPA,T11000,19,Undistributed corporate profits,Millions of dollars,1991,76655.0
NIPA,T11000,19,Undistributed corporate profits,Millions of dollars,1992,97813.0
NIPA,T11000,19,Undistributed corporate profits,Millions of dollars,1993,97629.0
NIPA,T11000,19,Undistributed corporate profits,Millions of dollars,1994,163063.0
NIPA,T11000,19,Undistributed corporate profits,Millions of dollars,1995,178507.0
NIPA,T11000,19,Undistributed corporate profits,Millions of dollars,1996,206755.0
NIPA,T11000,19,Undistributed corporate profits,Millions of dollars,1997,244823.0
NIPA,T11000,19,Undistributed corporate profits,Millions of dollars,1998,166239.0
NIPA,T11000,19,Undistributed corporate profits,Millions of dollars,1999,183984.0
NIPA,T11000,19,Undistributed corporate profits,Millions of dollars,2000,63648.0
NIPA,T11000,19,Undistributed corporate profits,Millions of dollars,2001,86176.0
NIPA,T11000,19,Undistributed corporate profits,Millions of dollars,2002,233472.0
NIPA,T11000,19,Undistributed corporate profits,Millions of dollars,2003,281428.0
NIPA,T11000,19,Undistributed corporate profits,Millions of dollars,2004,329382.0
NIPA,T11000,19,Undistributed corporate profits,Millions of dollars,2005,606188.0
NIPA,T11000,19,Undistributed corporate profits,Millions of dollars,2006,388300.0
NIPA,T11000,19,Undistributed corporate profits,Millions of dollars,2007,188385.0
NIPA,T11000,19,Undistributed corporate profits,Millions of dollars,2008,38657.0
NIPA,T11000,19,Undistributed corporate profits,Millions of dollars,2009,356373.0
NIPA,T11000,19,Undistributed corporate profits,Millions of dollars,2010,601872.0
NIPA,T11000,19,Undistributed corporate profits,Millions of dollars,2011,536032.0
NIPA,T11000,19,Undistributed corporate profits,Millions of dollars,2012,552388.0
NIPA,T11000,19,Undistributed corporate profits,Millions of dollars,2013,460989.0
NIPA,T11000,19,Undistributed corporate profits,Millions of dollars,2014,502795.0
NIPA,T11000,19,Undistributed corporate profits,Millions of dollars,2015,415878.0
NIPA,T11000,19,Undistributed corporate profits,Millions of dollars,2016,394636.0
NIPA,T11000,19,Undistributed corporate profits,Millions of dollars,2017,385695.0
NIPA,T11000,19,Undistributed corporate profits,Millions of dollars,2018,1.128198e6
NIPA,T11000,19,Undistributed corporate profits,Millions of dollars,2019,703328.0
NIPA,T11000,19,Undistributed corporate profits,Millions of dollars,2020,487789.0
NIPA,T11000,19,Undistributed corporate profits,Millions of dollars,2021,684384.0
NIPA,T11000,19,Undistributed corporate profits,Millions of dollars,2022,667994.0
NIPA,T11000,19,Undistributed corporate profits,Millions of dollars,2023,790086.0
NIPA,T11000,19,Undistributed corporate profits,Millions of dollars,2024,783816.0
NIPA,T11000,19,Undistributed corporate profits,Millions of dollars,2025,1.14886e6
NIPA,T11000,20,Current surplus of government enterprises,Millions of dollars,1929,
NIPA,T11000,20,Current surplus of government enterprises,Millions of dollars,1930,
NIPA,T11000,20,Current surplus of government enterprises,Millions of dollars,1931,
NIPA,T11000,20,Current surplus of government enterprises,Millions of dollars,1932,
NIPA,T11000,20,Current surplus of government enterprises,Millions of dollars,1933,
NIPA,T11000,20,Current surplus of government enterprises,Millions of dollars,1934,
NIPA,T11000,20,Current surplus of government enterprises,Millions of dollars,1935,
NIPA,T11000,20,Current surplus of government enterprises,Millions of dollars,1936,
NIPA,T11000,20,Current surplus of government enterprises,Millions of dollars,1937,
NIPA,T11000,20,Current surplus of government enterprises,Millions of dollars,1938,
NIPA,T11000,20,Current surplus of government enterprises,Millions of dollars,1939,
NIPA,T11000,20,Current surplus of government enterprises,Millions of dollars,1940,
NIPA,T11000,20,Current surplus of government enterprises,Millions of dollars,1941,
NIPA,T11000,20,Current surplus of government enterprises,Millions of dollars,1942,
NIPA,T11000,20,Current surplus of government enterprises,Millions of dollars,1943,
NIPA,T11000,20,Current surplus of government enterprises,Millions of dollars,1944,
NIPA,T11000,20,Current surplus of government enterprises,Millions of dollars,1945,
NIPA,T11000,20,Current surplus of government enterprises,Millions of dollars,1946,
NIPA,T11000,20,Current surplus of government enterprises,Millions of dollars,1947,
NIPA,T11000,20,Current surplus of government enterprises,Millions of dollars,1948,
NIPA,T11000,20,Current surplus of government enterprises,Millions of dollars,1949,
NIPA,T11000,20,Current surplus of government enterprises,Millions of dollars,1950,
NIPA,T11000,20,Current surplus of government enterprises,Millions of dollars,1951,
NIPA,T11000,20,Current surplus of government enterprises,Millions of dollars,1952,
NIPA,T11000,20,Current surplus of government enterprises,Millions of dollars,1953,
NIPA,T11000,20,Current surplus of government enterprises,Millions of dollars,1954,
NIPA,T11000,20,Current surplus of government enterprises,Millions of dollars,1955,
NIPA,T11000,20,Current surplus of government enterprises,Millions of dollars,1956,
NIPA,T11000,20,Current surplus of government enterprises,Millions of dollars,1957,
NIPA,T11000,20,Current surplus of government enterprises,Millions of dollars,1958,
NIPA,T11000,20,Current surplus of government enterprises,Millions of dollars,1959,545.0
NIPA,T11000,20,Current surplus of government enterprises,Millions of dollars,1960,467.0
NIPA,T11000,20,Current surplus of government enterprises,Millions of dollars,1961,338.0
NIPA,T11000,20,Current surplus of government enterprises,Millions of dollars,1962,398.0
NIPA,T11000,20,Current surplus of government enterprises,Millions of dollars,1963,814.0
NIPA,T11000,20,Current surplus of government enterprises,Millions of dollars,1964,866.0
NIPA,T11000,20,Current surplus of government enterprises,Millions of dollars,1965,788.0
NIPA,T11000,20,Current surplus of government enterprises,Millions of dollars,1966,388.0
NIPA,T11000,20,Current surplus of government enterprises,Millions of dollars,1967,278.0
NIPA,T11000,20,Current surplus of government enterprises,Millions of dollars,1968,453.0
NIPA,T11000,20,Current surplus of government enterprises,Millions of dollars,1969,163.0
NIPA,T11000,20,Current surplus of government enterprises,Millions of dollars,1970,-1034.0
NIPA,T11000,20,Current surplus of government enterprises,Millions of dollars,1971,-1515.0
NIPA,T11000,20,Current surplus of government enterprises,Millions of dollars,1972,-936.0
NIPA,T11000,20,Current surplus of government enterprises,Millions of dollars,1973,-1958.0
NIPA,T11000,20,Current surplus of government enterprises,Millions of dollars,1974,-2446.0
NIPA,T11000,20,Current surplus of government enterprises,Millions of dollars,1975,-4067.9999999999995
NIPA,T11000,20,Current surplus of government enterprises,Millions of dollars,1976,-2385.0
NIPA,T11000,20,Current surplus of government enterprises,Millions of dollars,1977,-2958.0
NIPA,T11000,20,Current surplus of government enterprises,Millions of dollars,1978,-2377.0
NIPA,T11000,20,Current surplus of government enterprises,Millions of dollars,1979,-2699.0
NIPA,T11000,20,Current surplus of government enterprises,Millions of dollars,1980,-4481.0
NIPA,T11000,20,Current surplus of government enterprises,Millions of dollars,1981,-4717.0
NIPA,T11000,20,Current surplus of government enterprises,Millions of dollars,1982,-3417.0
NIPA,T11000,20,Current surplus of government enterprises,Millions of dollars,1983,-1884.0
NIPA,T11000,20,Current surplus of government enterprises,Millions of dollars,1984,-867.0
NIPA,T11000,20,Current surplus of government enterprises,Millions of dollars,1985,1871.0
NIPA,T11000,20,Current surplus of government enterprises,Millions of dollars,1986,2541.0
NIPA,T11000,20,Current surplus of government enterprises,Millions of dollars,1987,2748.0
NIPA,T11000,20,Current surplus of government enterprises,Millions of dollars,1988,5557.0
NIPA,T11000,20,Current surplus of government enterprises,Millions of dollars,1989,7258.0
NIPA,T11000,20,Current surplus of government enterprises,Millions of dollars,1990,3728.0
NIPA,T11000,20,Current surplus of government enterprises,Millions of dollars,1991,8218.0
NIPA,T11000,20,Current surplus of government enterprises,Millions of dollars,1992,10444.0
NIPA,T11000,20,Current surplus of government enterprises,Millions of dollars,1993,11431.0
NIPA,T11000,20,Current surplus of government enterprises,Millions of dollars,1994,12656.0
NIPA,T11000,20,Current surplus of government enterprises,Millions of dollars,1995,16507.0
NIPA,T11000,20,Current surplus of government enterprises,Millions of dollars,1996,17754.0
NIPA,T11000,20,Current surplus of government enterprises,Millions of dollars,1997,18079.0
NIPA,T11000,20,Current surplus of government enterprises,Millions of dollars,1998,16874.0
NIPA,T11000,20,Current surplus of government enterprises,Millions of dollars,1999,16829.0
NIPA,T11000,20,Current surplus of government enterprises,Millions of dollars,2000,11454.0
NIPA,T11000,20,Current surplus of government enterprises,Millions of dollars,2001,5658.0
NIPA,T11000,20,Current surplus of government enterprises,Millions of dollars,2002,7573.0
NIPA,T11000,20,Current surplus of government enterprises,Millions of dollars,2003,5121.0
NIPA,T11000,20,Current surplus of government enterprises,Millions of dollars,2004,355.0
NIPA,T11000,20,Current surplus of government enterprises,Millions of dollars,2005,-3449.0
NIPA,T11000,20,Current surplus of government enterprises,Millions of dollars,2006,-5905.0
NIPA,T11000,20,Current surplus of government enterprises,Millions of dollars,2007,-12871.0
NIPA,T11000,20,Current surplus of government enterprises,Millions of dollars,2008,-16728.0
NIPA,T11000,20,Current surplus of government enterprises,Millions of dollars,2009,-14556.0
NIPA,T11000,20,Current surplus of government enterprises,Millions of dollars,2010,-18546.0
NIPA,T11000,20,Current surplus of government enterprises,Millions of dollars,2011,-17842.0
NIPA,T11000,20,Current surplus of government enterprises,Millions of dollars,2012,-13646.0
NIPA,T11000,20,Current surplus of government enterprises,Millions of dollars,2013,-13643.0
NIPA,T11000,20,Current surplus of government enterprises,Millions of dollars,2014,-8475.0
NIPA,T11000,20,Current surplus of government enterprises,Millions of dollars,2015,-2847.0
NIPA,T11000,20,Current surplus of government enterprises,Millions of dollars,2016,-2154.0
NIPA,T11000,20,Current surplus of government enterprises,Millions of dollars,2017,-4253.0
NIPA,T11000,20,Current surplus of government enterprises,Millions of dollars,2018,-4592.0
NIPA,T11000,20,Current surplus of government enterprises,Millions of dollars,2019,-12141.0
NIPA,T11000,20,Current surplus of government enterprises,Millions of dollars,2020,-3062.0
NIPA,T11000,20,Current surplus of government enterprises,Millions of dollars,2021,-10931.0
NIPA,T11000,20,Current surplus of government enterprises,Millions of dollars,2022,-16012.0
NIPA,T11000,20,Current surplus of government enterprises,Millions of dollars,2023,-46918.0
NIPA,T11000,20,Current surplus of government enterprises,Millions of dollars,2024,-47460.0
NIPA,T11000,20,Current surplus of government enterprises,Millions of dollars,2025,-52546.0
NIPA,T11000,21,Consumption of fixed capital,Millions of dollars,1929,10409.0
NIPA,T11000,21,Consumption of fixed capital,Millions of dollars,1930,10217.0
NIPA,T11000,21,Consumption of fixed capital,Millions of dollars,1931,9514.0
NIPA,T11000,21,Consumption of fixed capital,Millions of dollars,1932,8338.0
NIPA,T11000,21,Consumption of fixed capital,Millions of dollars,1933,8012.0
NIPA,T11000,21,Consumption of fixed capital,Millions of dollars,1934,8430.0
NIPA,T11000,21,Consumption of fixed capital,Millions of dollars,1935,8480.0
NIPA,T11000,21,Consumption of fixed capital,Millions of dollars,1936,8801.0
NIPA,T11000,21,Consumption of fixed capital,Millions of dollars,1937,9767.0
NIPA,T11000,21,Consumption of fixed capital,Millions of dollars,1938,10042.0
NIPA,T11000,21,Consumption of fixed capital,Millions of dollars,1939,10103.0
NIPA,T11000,21,Consumption of fixed capital,Millions of dollars,1940,10577.0
NIPA,T11000,21,Consumption of fixed capital,Millions of dollars,1941,12062.0
NIPA,T11000,21,Consumption of fixed capital,Millions of dollars,1942,14911.0
NIPA,T11000,21,Consumption of fixed capital,Millions of dollars,1943,18031.0
NIPA,T11000,21,Consumption of fixed capital,Millions of dollars,1944,21341.0
NIPA,T11000,21,Consumption of fixed capital,Millions of dollars,1945,23107.0
NIPA,T11000,21,Consumption of fixed capital,Millions of dollars,1946,25690.0
NIPA,T11000,21,Consumption of fixed capital,Millions of dollars,1947,29121.0
NIPA,T11000,21,Consumption of fixed capital,Millions of dollars,1948,31326.0
NIPA,T11000,21,Consumption of fixed capital,Millions of dollars,1949,32284.0
NIPA,T11000,21,Consumption of fixed capital,Millions of dollars,1950,33394.0
NIPA,T11000,21,Consumption of fixed capital,Millions of dollars,1951,37726.0
NIPA,T11000,21,Consumption of fixed capital,Millions of dollars,1952,40606.0
NIPA,T11000,21,Consumption of fixed capital,Millions of dollars,1953,43488.0
NIPA,T11000,21,Consumption of fixed capital,Millions of dollars,1954,45981.0
NIPA,T11000,21,Consumption of fixed capital,Millions of dollars,1955,48893.0
NIPA,T11000,21,Consumption of fixed capital,Millions of dollars,1956,54127.0
NIPA,T11000,21,Consumption of fixed capital,Millions of dollars,1957,58919.0
NIPA,T11000,21,Consumption of fixed capital,Millions of dollars,1958,62454.0
NIPA,T11000,21,Consumption of fixed capital,Millions of dollars,1959,65444.99999999999
NIPA,T11000,21,Consumption of fixed capital,Millions of dollars,1960,67901.0
NIPA,T11000,21,Consumption of fixed capital,Millions of dollars,1961,70604.0
NIPA,T11000,21,Consumption of fixed capital,Millions of dollars,1962,74100.0
NIPA,T11000,21,Consumption of fixed capital,Millions of dollars,1963,78018.0
NIPA,T11000,21,Consumption of fixed capital,Millions of dollars,1964,82390.0
NIPA,T11000,21,Consumption of fixed capital,Millions of dollars,1965,88008.0
NIPA,T11000,21,Consumption of fixed capital,Millions of dollars,1966,95311.0
NIPA,T11000,21,Consumption of fixed capital,Millions of dollars,1967,103557.0
NIPA,T11000,21,Consumption of fixed capital,Millions of dollars,1968,113357.0
NIPA,T11000,21,Consumption of fixed capital,Millions of dollars,1969,124896.0
NIPA,T11000,21,Consumption of fixed capital,Millions of dollars,1970,136839.0
NIPA,T11000,21,Consumption of fixed capital,Millions of dollars,1971,148926.0
NIPA,T11000,21,Consumption of fixed capital,Millions of dollars,1972,161011.0
NIPA,T11000,21,Consumption of fixed capital,Millions of dollars,1973,178686.0
NIPA,T11000,21,Consumption of fixed capital,Millions of dollars,1974,206894.0
NIPA,T11000,21,Consumption of fixed capital,Millions of dollars,1975,238510.0
NIPA,T11000,21,Consumption of fixed capital,Millions of dollars,1976,260226.0
NIPA,T11000,21,Consumption of fixed capital,Millions of dollars,1977,289832.0
NIPA,T11000,21,Consumption of fixed capital,Millions of dollars,1978,327196.0
NIPA,T11000,21,Consumption of fixed capital,Millions of dollars,1979,373882.0
NIPA,T11000,21,Consumption of fixed capital,Millions of dollars,1980,428432.0
NIPA,T11000,21,Consumption of fixed capital,Millions of dollars,1981,487231.0
NIPA,T11000,21,Consumption of fixed capital,Millions of dollars,1982,536963.0
NIPA,T11000,21,Consumption of fixed capital,Millions of dollars,1983,562624.0
NIPA,T11000,21,Consumption of fixed capital,Millions of dollars,1984,598394.0
NIPA,T11000,21,Consumption of fixed capital,Millions of dollars,1985,640137.0
NIPA,T11000,21,Consumption of fixed capital,Millions of dollars,1986,685295.0
NIPA,T11000,21,Consumption of fixed capital,Millions of dollars,1987,730385.0
NIPA,T11000,21,Consumption of fixed capital,Millions of dollars,1988,784496.0
NIPA,T11000,21,Consumption of fixed capital,Millions of dollars,1989,838258.0
NIPA,T11000,21,Consumption of fixed capital,Millions of dollars,1990,888532.0
NIPA,T11000,21,Consumption of fixed capital,Millions of dollars,1991,932393.0
NIPA,T11000,21,Consumption of fixed capital,Millions of dollars,1992,960247.0
NIPA,T11000,21,Consumption of fixed capital,Millions of dollars,1993,1.003498e6
NIPA,T11000,21,Consumption of fixed capital,Millions of dollars,1994,1.05561e6
NIPA,T11000,21,Consumption of fixed capital,Millions of dollars,1995,1.122381e6
NIPA,T11000,21,Consumption of fixed capital,Millions of dollars,1996,1.175306e6
NIPA,T11000,21,Consumption of fixed capital,Millions of dollars,1997,1.239325e6
NIPA,T11000,21,Consumption of fixed capital,Millions of dollars,1998,1.309737e6
NIPA,T11000,21,Consumption of fixed capital,Millions of dollars,1999,1.398934e6
NIPA,T11000,21,Consumption of fixed capital,Millions of dollars,2000,1.511225e6
NIPA,T11000,21,Consumption of fixed capital,Millions of dollars,2001,1.599511e6
NIPA,T11000,21,Consumption of fixed capital,Millions of dollars,2002,1.657984e6
NIPA,T11000,21,Consumption of fixed capital,Millions of dollars,2003,1.719098e6
NIPA,T11000,21,Consumption of fixed capital,Millions of dollars,2004,1.821841e6
NIPA,T11000,21,Consumption of fixed capital,Millions of dollars,2005,1.971053e6
NIPA,T11000,21,Consumption of fixed capital,Millions of dollars,2006,2.12417e6
NIPA,T11000,21,Consumption of fixed capital,Millions of dollars,2007,2.252751e6
NIPA,T11000,21,Consumption of fixed capital,Millions of dollars,2008,2.358968e6
NIPA,T11000,21,Consumption of fixed capital,Millions of dollars,2009,2.371277e6
NIPA,T11000,21,Consumption of fixed capital,Millions of dollars,2010,2.390391e6
NIPA,T11000,21,Consumption of fixed capital,Millions of dollars,2011,2.474368e6
NIPA,T11000,21,Consumption of fixed capital,Millions of dollars,2012,2.575548e6
NIPA,T11000,21,Consumption of fixed capital,Millions of dollars,2013,2.681603e6
NIPA,T11000,21,Consumption of fixed capital,Millions of dollars,2014,2.819685e6
NIPA,T11000,21,Consumption of fixed capital,Millions of dollars,2015,2.922938e6
NIPA,T11000,21,Consumption of fixed capital,Millions of dollars,2016,3.008109e6
NIPA,T11000,21,Consumption of fixed capital,Millions of dollars,2017,3.148953e6
NIPA,T11000,21,Consumption of fixed capital,Millions of dollars,2018,3.312603e6
NIPA,T11000,21,Consumption of fixed capital,Millions of dollars,2019,3.477516e6
NIPA,T11000,21,Consumption of fixed capital,Millions of dollars,2020,3.62285e6
NIPA,T11000,21,Consumption of fixed capital,Millions of dollars,2021,3.870788e6
NIPA,T11000,21,Consumption of fixed capital,Millions of dollars,2022,4.307374e6
NIPA,T11000,21,Consumption of fixed capital,Millions of dollars,2023,4.570723e6
NIPA,T11000,21,Consumption of fixed capital,Millions of dollars,2024,4.796699e6
NIPA,T11000,21,Consumption of fixed capital,Millions of dollars,2025,5.065043e6
NIPA,T11000,22,Private consumption of fixed capital,Millions of dollars,1929,9411.0
NIPA,T11000,22,Private consumption of fixed capital,Millions of dollars,1930,9221.0
NIPA,T11000,22,Private consumption of fixed capital,Millions of dollars,1931,8550.0
NIPA,T11000,22,Private consumption of fixed capital,Millions of dollars,1932,7465.0
NIPA,T11000,22,Private consumption of fixed capital,Millions of dollars,1933,7042.0
NIPA,T11000,22,Private consumption of fixed capital,Millions of dollars,1934,7288.0
NIPA,T11000,22,Private consumption of fixed capital,Millions of dollars,1935,7324.0
NIPA,T11000,22,Private consumption of fixed capital,Millions of dollars,1936,7509.0
NIPA,T11000,22,Private consumption of fixed capital,Millions of dollars,1937,8371.0
NIPA,T11000,22,Private consumption of fixed capital,Millions of dollars,1938,8580.0
NIPA,T11000,22,Private consumption of fixed capital,Millions of dollars,1939,8590.0
NIPA,T11000,22,Private consumption of fixed capital,Millions of dollars,1940,8976.0
NIPA,T11000,22,Private consumption of fixed capital,Millions of dollars,1941,9950.0
NIPA,T11000,22,Private consumption of fixed capital,Millions of dollars,1942,11246.0
NIPA,T11000,22,Private consumption of fixed capital,Millions of dollars,1943,11539.0
NIPA,T11000,22,Private consumption of fixed capital,Millions of dollars,1944,12038.0
NIPA,T11000,22,Private consumption of fixed capital,Millions of dollars,1945,12507.0
NIPA,T11000,22,Private consumption of fixed capital,Millions of dollars,1946,14247.0
NIPA,T11000,22,Private consumption of fixed capital,Millions of dollars,1947,17735.0
NIPA,T11000,22,Private consumption of fixed capital,Millions of dollars,1948,20820.0
NIPA,T11000,22,Private consumption of fixed capital,Millions of dollars,1949,22590.0
NIPA,T11000,22,Private consumption of fixed capital,Millions of dollars,1950,24334.0
NIPA,T11000,22,Private consumption of fixed capital,Millions of dollars,1951,27746.0
NIPA,T11000,22,Private consumption of fixed capital,Millions of dollars,1952,29544.0
NIPA,T11000,22,Private consumption of fixed capital,Millions of dollars,1953,31344.0
NIPA,T11000,22,Private consumption of fixed capital,Millions of dollars,1954,32958.0
NIPA,T11000,22,Private consumption of fixed capital,Millions of dollars,1955,34995.0
NIPA,T11000,22,Private consumption of fixed capital,Millions of dollars,1956,38811.0
NIPA,T11000,22,Private consumption of fixed capital,Millions of dollars,1957,42259.0
NIPA,T11000,22,Private consumption of fixed capital,Millions of dollars,1958,44910.0
NIPA,T11000,22,Private consumption of fixed capital,Millions of dollars,1959,46819.0
NIPA,T11000,22,Private consumption of fixed capital,Millions of dollars,1960,48209.0
NIPA,T11000,22,Private consumption of fixed capital,Millions of dollars,1961,49781.0
NIPA,T11000,22,Private consumption of fixed capital,Millions of dollars,1962,51795.0
NIPA,T11000,22,Private consumption of fixed capital,Millions of dollars,1963,54158.0
NIPA,T11000,22,Private consumption of fixed capital,Millions of dollars,1964,57276.0
NIPA,T11000,22,Private consumption of fixed capital,Millions of dollars,1965,61568.0
NIPA,T11000,22,Private consumption of fixed capital,Millions of dollars,1966,67172.0
NIPA,T11000,22,Private consumption of fixed capital,Millions of dollars,1967,73327.0
NIPA,T11000,22,Private consumption of fixed capital,Millions of dollars,1968,80603.0
NIPA,T11000,22,Private consumption of fixed capital,Millions of dollars,1969,89433.0
NIPA,T11000,22,Private consumption of fixed capital,Millions of dollars,1970,98260.0
NIPA,T11000,22,Private consumption of fixed capital,Millions of dollars,1971,107635.0
NIPA,T11000,22,Private consumption of fixed capital,Millions of dollars,1972,117493.0
NIPA,T11000,22,Private consumption of fixed capital,Millions of dollars,1973,131492.0
NIPA,T11000,22,Private consumption of fixed capital,Millions of dollars,1974,153159.0
NIPA,T11000,22,Private consumption of fixed capital,Millions of dollars,1975,178790.0
NIPA,T11000,22,Private consumption of fixed capital,Millions of dollars,1976,196512.0
NIPA,T11000,22,Private consumption of fixed capital,Millions of dollars,1977,221127.0
NIPA,T11000,22,Private consumption of fixed capital,Millions of dollars,1978,252115.0
NIPA,T11000,22,Private consumption of fixed capital,Millions of dollars,1979,290733.0
NIPA,T11000,22,Private consumption of fixed capital,Millions of dollars,1980,334977.0
NIPA,T11000,22,Private consumption of fixed capital,Millions of dollars,1981,381932.0
NIPA,T11000,22,Private consumption of fixed capital,Millions of dollars,1982,420392.0
NIPA,T11000,22,Private consumption of fixed capital,Millions of dollars,1983,438788.0
NIPA,T11000,22,Private consumption of fixed capital,Millions of dollars,1984,463516.0
NIPA,T11000,22,Private consumption of fixed capital,Millions of dollars,1985,496410.0
NIPA,T11000,22,Private consumption of fixed capital,Millions of dollars,1986,531572.0
NIPA,T11000,22,Private consumption of fixed capital,Millions of dollars,1987,566309.0
NIPA,T11000,22,Private consumption of fixed capital,Millions of dollars,1988,607913.0
NIPA,T11000,22,Private consumption of fixed capital,Millions of dollars,1989,649619.0
NIPA,T11000,22,Private consumption of fixed capital,Millions of dollars,1990,688396.0
NIPA,T11000,22,Private consumption of fixed capital,Millions of dollars,1991,721456.0
NIPA,T11000,22,Private consumption of fixed capital,Millions of dollars,1992,742886.0
NIPA,T11000,22,Private consumption of fixed capital,Millions of dollars,1993,778210.0
NIPA,T11000,22,Private consumption of fixed capital,Millions of dollars,1994,822507.0
NIPA,T11000,22,Private consumption of fixed capital,Millions of dollars,1995,880728.0
NIPA,T11000,22,Private consumption of fixed capital,Millions of dollars,1996,929111.0
NIPA,T11000,22,Private consumption of fixed capital,Millions of dollars,1997,987753.0
NIPA,T11000,22,Private consumption of fixed capital,Millions of dollars,1998,1.052165e6
NIPA,T11000,22,Private consumption of fixed capital,Millions of dollars,1999,1.132208e6
NIPA,T11000,22,Private consumption of fixed capital,Millions of dollars,2000,1.231511e6
NIPA,T11000,22,Private consumption of fixed capital,Millions of dollars,2001,1.311709e6
NIPA,T11000,22,Private consumption of fixed capital,Millions of dollars,2002,1.361824e6
NIPA,T11000,22,Private consumption of fixed capital,Millions of dollars,2003,1.411966e6
NIPA,T11000,22,Private consumption of fixed capital,Millions of dollars,2004,1.497124e6
NIPA,T11000,22,Private consumption of fixed capital,Millions of dollars,2005,1.622632e6
NIPA,T11000,22,Private consumption of fixed capital,Millions of dollars,2006,1.751846e6
NIPA,T11000,22,Private consumption of fixed capital,Millions of dollars,2007,1.852444e6
NIPA,T11000,22,Private consumption of fixed capital,Millions of dollars,2008,1.931948e6
NIPA,T11000,22,Private consumption of fixed capital,Millions of dollars,2009,1.92851e6
NIPA,T11000,22,Private consumption of fixed capital,Millions of dollars,2010,1.933238e6
NIPA,T11000,22,Private consumption of fixed capital,Millions of dollars,2011,1.997214e6
NIPA,T11000,22,Private consumption of fixed capital,Millions of dollars,2012,2.081931e6
NIPA,T11000,22,Private consumption of fixed capital,Millions of dollars,2013,2.176593e6
NIPA,T11000,22,Private consumption of fixed capital,Millions of dollars,2014,2.30135e6
NIPA,T11000,22,Private consumption of fixed capital,Millions of dollars,2015,2.397865e6
NIPA,T11000,22,Private consumption of fixed capital,Millions of dollars,2016,2.475581e6
NIPA,T11000,22,Private consumption of fixed capital,Millions of dollars,2017,2.599066e6
NIPA,T11000,22,Private consumption of fixed capital,Millions of dollars,2018,2.737301e6
NIPA,T11000,22,Private consumption of fixed capital,Millions of dollars,2019,2.879704e6
NIPA,T11000,22,Private consumption of fixed capital,Millions of dollars,2020,3.005721e6
NIPA,T11000,22,Private consumption of fixed capital,Millions of dollars,2021,3.211856e6
NIPA,T11000,22,Private consumption of fixed capital,Millions of dollars,2022,3.578376e6
NIPA,T11000,22,Private consumption of fixed capital,Millions of dollars,2023,3.800377e6
NIPA,T11000,22,Private consumption of fixed capital,Millions of dollars,2024,3.992907e6
NIPA,T11000,22,Private consumption of fixed capital,Millions of dollars,2025,4.215766e6
NIPA,T11000,23,Government consumption of fixed capital,Millions of dollars,1929,998.0
NIPA,T11000,23,Government consumption of fixed capital,Millions of dollars,1930,996.0
NIPA,T11000,23,Government consumption of fixed capital,Millions of dollars,1931,964.0
NIPA,T11000,23,Government consumption of fixed capital,Millions of dollars,1932,873.0
NIPA,T11000,23,Government consumption of fixed capital,Millions of dollars,1933,970.0
NIPA,T11000,23,Government consumption of fixed capital,Millions of dollars,1934,1142.0
NIPA,T11000,23,Government consumption of fixed capital,Millions of dollars,1935,1156.0
NIPA,T11000,23,Government consumption of fixed capital,Millions of dollars,1936,1293.0
NIPA,T11000,23,Government consumption of fixed capital,Millions of dollars,1937,1396.0
NIPA,T11000,23,Government consumption of fixed capital,Millions of dollars,1938,1462.0
NIPA,T11000,23,Government consumption of fixed capital,Millions of dollars,1939,1513.0
NIPA,T11000,23,Government consumption of fixed capital,Millions of dollars,1940,1601.0
NIPA,T11000,23,Government consumption of fixed capital,Millions of dollars,1941,2112.0
NIPA,T11000,23,Government consumption of fixed capital,Millions of dollars,1942,3665.0
NIPA,T11000,23,Government consumption of fixed capital,Millions of dollars,1943,6492.0
NIPA,T11000,23,Government consumption of fixed capital,Millions of dollars,1944,9303.0
NIPA,T11000,23,Government consumption of fixed capital,Millions of dollars,1945,10600.0
NIPA,T11000,23,Government consumption of fixed capital,Millions of dollars,1946,11444.0
NIPA,T11000,23,Government consumption of fixed capital,Millions of dollars,1947,11386.0
NIPA,T11000,23,Government consumption of fixed capital,Millions of dollars,1948,10505.0
NIPA,T11000,23,Government consumption of fixed capital,Millions of dollars,1949,9694.0
NIPA,T11000,23,Government consumption of fixed capital,Millions of dollars,1950,9060.0
NIPA,T11000,23,Government consumption of fixed capital,Millions of dollars,1951,9979.0
NIPA,T11000,23,Government consumption of fixed capital,Millions of dollars,1952,11062.0
NIPA,T11000,23,Government consumption of fixed capital,Millions of dollars,1953,12144.0
NIPA,T11000,23,Government consumption of fixed capital,Millions of dollars,1954,13022.0
NIPA,T11000,23,Government consumption of fixed capital,Millions of dollars,1955,13897.0
NIPA,T11000,23,Government consumption of fixed capital,Millions of dollars,1956,15316.0
NIPA,T11000,23,Government consumption of fixed capital,Millions of dollars,1957,16660.0
NIPA,T11000,23,Government consumption of fixed capital,Millions of dollars,1958,17544.0
NIPA,T11000,23,Government consumption of fixed capital,Millions of dollars,1959,18625.0
NIPA,T11000,23,Government consumption of fixed capital,Millions of dollars,1960,19693.0
NIPA,T11000,23,Government consumption of fixed capital,Millions of dollars,1961,20823.0
NIPA,T11000,23,Government consumption of fixed capital,Millions of dollars,1962,22305.0
NIPA,T11000,23,Government consumption of fixed capital,Millions of dollars,1963,23860.0
NIPA,T11000,23,Government consumption of fixed capital,Millions of dollars,1964,25114.0
NIPA,T11000,23,Government consumption of fixed capital,Millions of dollars,1965,26440.0
NIPA,T11000,23,Government consumption of fixed capital,Millions of dollars,1966,28139.0
NIPA,T11000,23,Government consumption of fixed capital,Millions of dollars,1967,30230.0
NIPA,T11000,23,Government consumption of fixed capital,Millions of dollars,1968,32753.999999999996
NIPA,T11000,23,Government consumption of fixed capital,Millions of dollars,1969,35463.0
NIPA,T11000,23,Government consumption of fixed capital,Millions of dollars,1970,38579.0
NIPA,T11000,23,Government consumption of fixed capital,Millions of dollars,1971,41291.0
NIPA,T11000,23,Government consumption of fixed capital,Millions of dollars,1972,43517.0
NIPA,T11000,23,Government consumption of fixed capital,Millions of dollars,1973,47194.0
NIPA,T11000,23,Government consumption of fixed capital,Millions of dollars,1974,53735.0
NIPA,T11000,23,Government consumption of fixed capital,Millions of dollars,1975,59720.0
NIPA,T11000,23,Government consumption of fixed capital,Millions of dollars,1976,63714.0
NIPA,T11000,23,Government consumption of fixed capital,Millions of dollars,1977,68705.0
NIPA,T11000,23,Government consumption of fixed capital,Millions of dollars,1978,75081.0
NIPA,T11000,23,Government consumption of fixed capital,Millions of dollars,1979,83149.0
NIPA,T11000,23,Government consumption of fixed capital,Millions of dollars,1980,93454.0
NIPA,T11000,23,Government consumption of fixed capital,Millions of dollars,1981,105299.0
NIPA,T11000,23,Government consumption of fixed capital,Millions of dollars,1982,116571.0
NIPA,T11000,23,Government consumption of fixed capital,Millions of dollars,1983,123836.0
NIPA,T11000,23,Government consumption of fixed capital,Millions of dollars,1984,134879.0
NIPA,T11000,23,Government consumption of fixed capital,Millions of dollars,1985,143727.0
NIPA,T11000,23,Government consumption of fixed capital,Millions of dollars,1986,153723.0
NIPA,T11000,23,Government consumption of fixed capital,Millions of dollars,1987,164076.0
NIPA,T11000,23,Government consumption of fixed capital,Millions of dollars,1988,176583.0
NIPA,T11000,23,Government consumption of fixed capital,Millions of dollars,1989,188639.0
NIPA,T11000,23,Government consumption of fixed capital,Millions of dollars,1990,200135.0
NIPA,T11000,23,Government consumption of fixed capital,Millions of dollars,1991,210937.0
NIPA,T11000,23,Government consumption of fixed capital,Millions of dollars,1992,217361.0
NIPA,T11000,23,Government consumption of fixed capital,Millions of dollars,1993,225288.0
NIPA,T11000,23,Government consumption of fixed capital,Millions of dollars,1994,233102.0
NIPA,T11000,23,Government consumption of fixed capital,Millions of dollars,1995,241653.0
NIPA,T11000,23,Government consumption of fixed capital,Millions of dollars,1996,246195.0
NIPA,T11000,23,Government consumption of fixed capital,Millions of dollars,1997,251572.0
NIPA,T11000,23,Government consumption of fixed capital,Millions of dollars,1998,257571.00000000003
NIPA,T11000,23,Government consumption of fixed capital,Millions of dollars,1999,266725.0
NIPA,T11000,23,Government consumption of fixed capital,Millions of dollars,2000,279713.0
NIPA,T11000,23,Government consumption of fixed capital,Millions of dollars,2001,287802.0
NIPA,T11000,23,Government consumption of fixed capital,Millions of dollars,2002,296160.0
NIPA,T11000,23,Government consumption of fixed capital,Millions of dollars,2003,307133.0
NIPA,T11000,23,Government consumption of fixed capital,Millions of dollars,2004,324717.0
NIPA,T11000,23,Government consumption of fixed capital,Millions of dollars,2005,348421.0
NIPA,T11000,23,Government consumption of fixed capital,Millions of dollars,2006,372324.0
NIPA,T11000,23,Government consumption of fixed capital,Millions of dollars,2007,400307.0
NIPA,T11000,23,Government consumption of fixed capital,Millions of dollars,2008,427020.0
NIPA,T11000,23,Government consumption of fixed capital,Millions of dollars,2009,442767.0
NIPA,T11000,23,Government consumption of fixed capital,Millions of dollars,2010,457152.0
NIPA,T11000,23,Government consumption of fixed capital,Millions of dollars,2011,477154.0
NIPA,T11000,23,Government consumption of fixed capital,Millions of dollars,2012,493618.0
NIPA,T11000,23,Government consumption of fixed capital,Millions of dollars,2013,505010.0
NIPA,T11000,23,Government consumption of fixed capital,Millions of dollars,2014,518335.00000000006
NIPA,T11000,23,Government consumption of fixed capital,Millions of dollars,2015,525074.0
NIPA,T11000,23,Government consumption of fixed capital,Millions of dollars,2016,532528.0
NIPA,T11000,23,Government consumption of fixed capital,Millions of dollars,2017,549888.0
NIPA,T11000,23,Government consumption of fixed capital,Millions of dollars,2018,575302.0
NIPA,T11000,23,Government consumption of fixed capital,Millions of dollars,2019,597812.0
NIPA,T11000,23,Government consumption of fixed capital,Millions of dollars,2020,617129.0
NIPA,T11000,23,Government consumption of fixed capital,Millions of dollars,2021,658932.0
NIPA,T11000,23,Government consumption of fixed capital,Millions of dollars,2022,728998.0
NIPA,T11000,23,Government consumption of fixed capital,Millions of dollars,2023,770345.0
NIPA,T11000,23,Government consumption of fixed capital,Millions of dollars,2024,803792.0
NIPA,T11000,23,Government consumption of fixed capital,Millions of dollars,2025,849278.0
NIPA,T11000,24,Statistical discrepancy,Millions of dollars,1929,735.0
NIPA,T11000,24,Statistical discrepancy,Millions of dollars,1930,-446.0
NIPA,T11000,24,Statistical discrepancy,Millions of dollars,1931,737.0
NIPA,T11000,24,Statistical discrepancy,Millions of dollars,1932,273.0
NIPA,T11000,24,Statistical discrepancy,Millions of dollars,1933,518.0
NIPA,T11000,24,Statistical discrepancy,Millions of dollars,1934,373.0
NIPA,T11000,24,Statistical discrepancy,Millions of dollars,1935,-231.0
NIPA,T11000,24,Statistical discrepancy,Millions of dollars,1936,1182.0
NIPA,T11000,24,Statistical discrepancy,Millions of dollars,1937,-45.0
NIPA,T11000,24,Statistical discrepancy,Millions of dollars,1938,681.0
NIPA,T11000,24,Statistical discrepancy,Millions of dollars,1939,1289.0
NIPA,T11000,24,Statistical discrepancy,Millions of dollars,1940,1065.0
NIPA,T11000,24,Statistical discrepancy,Millions of dollars,1941,318.0
NIPA,T11000,24,Statistical discrepancy,Millions of dollars,1942,-907.0
NIPA,T11000,24,Statistical discrepancy,Millions of dollars,1943,-1825.0
NIPA,T11000,24,Statistical discrepancy,Millions of dollars,1944,2533.0
NIPA,T11000,24,Statistical discrepancy,Millions of dollars,1945,3832.0
NIPA,T11000,24,Statistical discrepancy,Millions of dollars,1946,1231.0
NIPA,T11000,24,Statistical discrepancy,Millions of dollars,1947,2864.0
NIPA,T11000,24,Statistical discrepancy,Millions of dollars,1948,-250.0
NIPA,T11000,24,Statistical discrepancy,Millions of dollars,1949,1743.0
NIPA,T11000,24,Statistical discrepancy,Millions of dollars,1950,1262.0
NIPA,T11000,24,Statistical discrepancy,Millions of dollars,1951,3447.0
NIPA,T11000,24,Statistical discrepancy,Millions of dollars,1952,2604.0
NIPA,T11000,24,Statistical discrepancy,Millions of dollars,1953,3792.0
NIPA,T11000,24,Statistical discrepancy,Millions of dollars,1954,2909.0
NIPA,T11000,24,Statistical discrepancy,Millions of dollars,1955,2130.0
NIPA,T11000,24,Statistical discrepancy,Millions of dollars,1956,-2033.0
NIPA,T11000,24,Statistical discrepancy,Millions of dollars,1957,-357.0
NIPA,T11000,24,Statistical discrepancy,Millions of dollars,1958,645.0
NIPA,T11000,24,Statistical discrepancy,Millions of dollars,1959,200.0
NIPA,T11000,24,Statistical discrepancy,Millions of dollars,1960,-1309.0
NIPA,T11000,24,Statistical discrepancy,Millions of dollars,1961,-915.0
NIPA,T11000,24,Statistical discrepancy,Millions of dollars,1962,-29.0
NIPA,T11000,24,Statistical discrepancy,Millions of dollars,1963,-1467.0
NIPA,T11000,24,Statistical discrepancy,Millions of dollars,1964,-50.0
NIPA,T11000,24,Statistical discrepancy,Millions of dollars,1965,743.0
NIPA,T11000,24,Statistical discrepancy,Millions of dollars,1966,5081.0
NIPA,T11000,24,Statistical discrepancy,Millions of dollars,1967,3358.0
NIPA,T11000,24,Statistical discrepancy,Millions of dollars,1968,3133.0
NIPA,T11000,24,Statistical discrepancy,Millions of dollars,1969,1583.0
NIPA,T11000,24,Statistical discrepancy,Millions of dollars,1970,5338.0
NIPA,T11000,24,Statistical discrepancy,Millions of dollars,1971,9517.0
NIPA,T11000,24,Statistical discrepancy,Millions of dollars,1972,7167.0
NIPA,T11000,24,Statistical discrepancy,Millions of dollars,1973,6144.0
NIPA,T11000,24,Statistical discrepancy,Millions of dollars,1974,7450.0
NIPA,T11000,24,Statistical discrepancy,Millions of dollars,1975,13343.0
NIPA,T11000,24,Statistical discrepancy,Millions of dollars,1976,20655.0
NIPA,T11000,24,Statistical discrepancy,Millions of dollars,1977,19448.0
NIPA,T11000,24,Statistical discrepancy,Millions of dollars,1978,23325.0
NIPA,T11000,24,Statistical discrepancy,Millions of dollars,1979,45003.0
NIPA,T11000,24,Statistical discrepancy,Millions of dollars,1980,44270.0
NIPA,T11000,24,Statistical discrepancy,Millions of dollars,1981,37700.0
NIPA,T11000,24,Statistical discrepancy,Millions of dollars,1982,8648.0
NIPA,T11000,24,Statistical discrepancy,Millions of dollars,1983,56850.0
NIPA,T11000,24,Statistical discrepancy,Millions of dollars,1984,41423.0
NIPA,T11000,24,Statistical discrepancy,Millions of dollars,1985,54072.0
NIPA,T11000,24,Statistical discrepancy,Millions of dollars,1986,79848.0
NIPA,T11000,24,Statistical discrepancy,Millions of dollars,1987,43605.0
NIPA,T11000,24,Statistical discrepancy,Millions of dollars,1988,2823.0
NIPA,T11000,24,Statistical discrepancy,Millions of dollars,1989,67828.0
NIPA,T11000,24,Statistical discrepancy,Millions of dollars,1990,95355.0
NIPA,T11000,24,Statistical discrepancy,Millions of dollars,1991,92712.0
NIPA,T11000,24,Statistical discrepancy,Millions of dollars,1992,115510.0
NIPA,T11000,24,Statistical discrepancy,Millions of dollars,1993,155430.0
NIPA,T11000,24,Statistical discrepancy,Millions of dollars,1994,139247.0
NIPA,T11000,24,Statistical discrepancy,Millions of dollars,1995,92156.0
NIPA,T11000,24,Statistical discrepancy,Millions of dollars,1996,57027.0
NIPA,T11000,24,Statistical discrepancy,Millions of dollars,1997,10255.0
NIPA,T11000,24,Statistical discrepancy,Millions of dollars,1998,-56401.0
NIPA,T11000,24,Statistical discrepancy,Millions of dollars,1999,-29316.0
NIPA,T11000,24,Statistical discrepancy,Millions of dollars,2000,-95765.0
NIPA,T11000,24,Statistical discrepancy,Millions of dollars,2001,-116730.0
NIPA,T11000,24,Statistical discrepancy,Millions of dollars,2002,-81670.0
NIPA,T11000,24,Statistical discrepancy,Millions of dollars,2003,-24194.0
NIPA,T11000,24,Statistical discrepancy,Millions of dollars,2004,-28099.0
NIPA,T11000,24,Statistical discrepancy,Millions of dollars,2005,-56997.0
NIPA,T11000,24,Statistical discrepancy,Millions of dollars,2006,-209792.0
NIPA,T11000,24,Statistical discrepancy,Millions of dollars,2007,12294.0
NIPA,T11000,24,Statistical discrepancy,Millions of dollars,2008,191195.0
NIPA,T11000,24,Statistical discrepancy,Millions of dollars,2009,191720.0
NIPA,T11000,24,Statistical discrepancy,Millions of dollars,2010,69445.0
NIPA,T11000,24,Statistical discrepancy,Millions of dollars,2011,-24295.0
NIPA,T11000,24,Statistical discrepancy,Millions of dollars,2012,-153641.0
NIPA,T11000,24,Statistical discrepancy,Millions of dollars,2013,-29787.0
NIPA,T11000,24,Statistical discrepancy,Millions of dollars,2014,-140940.0
NIPA,T11000,24,Statistical discrepancy,Millions of dollars,2015,-92973.0
NIPA,T11000,24,Statistical discrepancy,Millions of dollars,2016,52909.0
NIPA,T11000,24,Statistical discrepancy,Millions of dollars,2017,67902.0
NIPA,T11000,24,Statistical discrepancy,Millions of dollars,2018,63440.0
NIPA,T11000,24,Statistical discrepancy,Millions of dollars,2019,57039.0
NIPA,T11000,24,Statistical discrepancy,Millions of dollars,2020,120586.0
NIPA,T11000,24,Statistical discrepancy,Millions of dollars,2021,37828.0
NIPA,T11000,24,Statistical discrepancy,Millions of dollars,2022,-397.0
NIPA,T11000,24,Statistical discrepancy,Millions of dollars,2023,325854.0
NIPA,T11000,24,Statistical discrepancy,Millions of dollars,2024,296298.0
NIPA,T11000,24,Statistical discrepancy,Millions of dollars,2025,229623.0
