Dataset,Table,Line,Label,Unit,Year,Value
NIPA,T10105,01,Gross domestic product,Millions of dollars,1929,104556.0
NIPA,T10105,01,Gross domestic product,Millions of dollars,1930,92160.0
NIPA,T10105,01,Gross domestic product,Millions of dollars,1931,77391.0
NIPA,T10105,01,Gross domestic product,Millions of dollars,1932,59522.0
NIPA,T10105,01,Gross domestic product,Millions of dollars,1933,57154.0
NIPA,T10105,01,Gross domestic product,Millions of dollars,1934,66800.0
NIPA,T10105,01,Gross domestic product,Millions of dollars,1935,74241.0
NIPA,T10105,01,Gross domestic product,Millions of dollars,1936,84830.0
NIPA,T10105,01,Gross domestic product,Millions of dollars,1937,93003.0
NIPA,T10105,01,Gross domestic product,Millions of dollars,1938,87352.0
NIPA,T10105,01,Gross domestic product,Millions of dollars,1939,93437.0
NIPA,T10105,01,Gross domestic product,Millions of dollars,1940,102899.0
NIPA,T10105,01,Gross domestic product,Millions of dollars,1941,129309.0
NIPA,T10105,01,Gross domestic product,Millions of dollars,1942,165952.0
NIPA,T10105,01,Gross domestic product,Millions of dollars,1943,203084.0
NIPA,T10105,01,Gross domestic product,Millions of dollars,1944,224447.0
NIPA,T10105,01,Gross domestic product,Millions of dollars,1945,228007.0
NIPA,T10105,01,Gross domestic product,Millions of dollars,1946,227535.0
NIPA,T10105,01,Gross domestic product,Millions of dollars,1947,249616.0
NIPA,T10105,01,Gross domestic product,Millions of dollars,1948,274468.0
NIPA,T10105,01,Gross domestic product,Millions of dollars,1949,272475.0
NIPA,T10105,01,Gross domestic product,Millions of dollars,1950,299827.0
NIPA,T10105,01,Gross domestic product,Millions of dollars,1951,346914.0
NIPA,T10105,01,Gross domestic product,Millions of dollars,1952,367341.0
NIPA,T10105,01,Gross domestic product,Millions of dollars,1953,389218.0
NIPA,T10105,01,Gross domestic product,Millions of dollars,1954,390549.0
NIPA,T10105,01,Gross domestic product,Millions of dollars,1955,425478.0
NIPA,T10105,01,Gross domestic product,Millions of dollars,1956,449353.0
NIPA,T10105,01,Gross domestic product,Millions of dollars,1957,474039.0
NIPA,T10105,01,Gross domestic product,Millions of dollars,1958,481229.0
NIPA,T10105,01,Gross domestic product,Millions of dollars,1959,521654.0
NIPA,T10105,01,Gross domestic product,Millions of dollars,1960,542382.0
NIPA,T10105,01,Gross domestic product,Millions of dollars,1961,562209.0
NIPA,T10105,01,Gross domestic product,Millions of dollars,1962,603922.0
NIPA,T10105,01,Gross domestic product,Millions of dollars,1963,637450.0
NIPA,T10105,01,Gross domestic product,Millions of dollars,1964,684460.0
NIPA,T10105,01,Gross domestic product,Millions of dollars,1965,742289.0
NIPA,T10105,01,Gross domestic product,Millions of dollars,1966,813414.0
NIPA,T10105,01,Gross domestic product,Millions of dollars,1967,859959.0
NIPA,T10105,01,Gross domestic product,Millions of dollars,1968,940651.0
NIPA,T10105,01,Gross domestic product,Millions of dollars,1969,1.017615e6
NIPA,T10105,01,Gross domestic product,Millions of dollars,1970,1.073303e6
NIPA,T10105,01,Gross domestic product,Millions of dollars,1971,1.16485e6
NIPA,T10105,01,Gross domestic product,Millions of dollars,1972,1.27911e6
NIPA,T10105,01,Gross domestic product,Millions of dollars,1973,1.425376e6
NIPA,T10105,01,Gross domestic product,Millions of dollars,1974,1.545243e6
NIPA,T10105,01,Gross domestic product,Millions of dollars,1975,1.684904e6
NIPA,T10105,01,Gross domestic product,Millions of dollars,1976,1.873412e6
NIPA,T10105,01,Gross domestic product,Millions of dollars,1977,2.081826e6
NIPA,T10105,01,Gross domestic product,Millions of dollars,1978,2.351599e6
NIPA,T10105,01,Gross domestic product,Millions of dollars,1979,2.627333e6
NIPA,T10105,01,Gross domestic product,Millions of dollars,1980,2.857307e6
NIPA,T10105,01,Gross domestic product,Millions of dollars,1981,3.207041e6
NIPA,T10105,01,Gross domestic product,Millions of dollars,1982,3.343789e6
NIPA,T10105,01,Gross domestic product,Millions of dollars,1983,3.634038e6
NIPA,T10105,01,Gross domestic product,Millions of dollars,1984,4.037613e6
NIPA,T10105,01,Gross domestic product,Millions of dollars,1985,4.338979e6
NIPA,T10105,01,Gross domestic product,Millions of dollars,1986,4.579631e6
NIPA,T10105,01,Gross domestic product,Millions of dollars,1987,4.855215e6
NIPA,T10105,01,Gross domestic product,Millions of dollars,1988,5.236438e6
NIPA,T10105,01,Gross domestic product,Millions of dollars,1989,5.64158e6
NIPA,T10105,01,Gross domestic product,Millions of dollars,1990,5.963144e6
NIPA,T10105,01,Gross domestic product,Millions of dollars,1991,6.158129e6
NIPA,T10105,01,Gross domestic product,Millions of dollars,1992,6.520327e6
NIPA,T10105,01,Gross domestic product,Millions of dollars,1993,6.858559e6
NIPA,T10105,01,Gross domestic product,Millions of dollars,1994,7.287236e6
NIPA,T10105,01,Gross domestic product,Millions of dollars,1995,7.639749e6
NIPA,T10105,01,Gross domestic product,Millions of dollars,1996,8.073122e6
NIPA,T10105,01,Gross domestic product,Millions of dollars,1997,8.577552e6
NIPA,T10105,01,Gross domestic product,Millions of dollars,1998,9.062817e6
NIPA,T10105,01,Gross domestic product,Millions of dollars,1999,9.631172e6
NIPA,T10105,01,Gross domestic product,Millions of dollars,2000,1.0250952e7
NIPA,T10105,01,Gross domestic product,Millions of dollars,2001,1.0581929e7
NIPA,T10105,01,Gross domestic product,Millions of dollars,2002,1.0929108e7
NIPA,T10105,01,Gross domestic product,Millions of dollars,2003,1.145645e7
NIPA,T10105,01,Gross domestic product,Millions of dollars,2004,1.2217196e7
NIPA,T10105,01,Gross domestic product,Millions of dollars,2005,1.3039197e7
NIPA,T10105,01,Gross domestic product,Millions of dollars,2006,1.3815583e7
NIPA,T10105,01,Gross domestic product,Millions of dollars,2007,1.4474228e7
NIPA,T10105,01,Gross domestic product,Millions of dollars,2008,1.4769862e7
NIPA,T10105,01,Gross domestic product,Millions of dollars,2009,1.4478067e7
NIPA,T10105,01,Gross domestic product,Millions of dollars,2010,1.5048971e7
NIPA,T10105,01,Gross domestic product,Millions of dollars,2011,1.5599732e7
NIPA,T10105,01,Gross domestic product,Millions of dollars,2012,1.625397e7
NIPA,T10105,01,Gross domestic product,Millions of dollars,2013,1.6880683e7
NIPA,T10105,01,Gross domestic product,Millions of dollars,2014,1.7608138e7
NIPA,T10105,01,Gross domestic product,Millions of dollars,2015,1.8295019e7
NIPA,T10105,01,Gross domestic product,Millions of dollars,2016,1.8804913e7
NIPA,T10105,01,Gross domestic product,Millions of dollars,2017,1.9612102e7
NIPA,T10105,01,Gross domestic product,Millions of dollars,2018,2.0656516e7
NIPA,T10105,01,Gross domestic product,Millions of dollars,2019,2.1539982e7
NIPA,T10105,01,Gross domestic product,Millions of dollars,2020,2.1375281e7
NIPA,T10105,01,Gross domestic product,Millions of dollars,2021,2.3725645e7
NIPA,T10105,01,Gross domestic product,Millions of dollars,2022,2.6054614e7
NIPA,T10105,01,Gross domestic product,Millions of dollars,2023,2.7811517e7
NIPA,T10105,01,Gross domestic product,Millions of dollars,2024,2.9298013e7
NIPA,T10105,01,Gross domestic product,Millions of dollars,2025,3.0762099e7
NIPA,T10105,02,Personal consumption expenditures,Millions of dollars,1929,77382.0
NIPA,T10105,02,Personal consumption expenditures,Millions of dollars,1930,70136.0
NIPA,T10105,02,Personal consumption expenditures,Millions of dollars,1931,60672.0
NIPA,T10105,02,Personal consumption expenditures,Millions of dollars,1932,48714.0
NIPA,T10105,02,Personal consumption expenditures,Millions of dollars,1933,45945.0
NIPA,T10105,02,Personal consumption expenditures,Millions of dollars,1934,51461.0
NIPA,T10105,02,Personal consumption expenditures,Millions of dollars,1935,55932.0
NIPA,T10105,02,Personal consumption expenditures,Millions of dollars,1936,62188.0
NIPA,T10105,02,Personal consumption expenditures,Millions of dollars,1937,66839.0
NIPA,T10105,02,Personal consumption expenditures,Millions of dollars,1938,64272.00000000001
NIPA,T10105,02,Personal consumption expenditures,Millions of dollars,1939,67209.0
NIPA,T10105,02,Personal consumption expenditures,Millions of dollars,1940,71288.0
NIPA,T10105,02,Personal consumption expenditures,Millions of dollars,1941,81072.0
NIPA,T10105,02,Personal consumption expenditures,Millions of dollars,1942,89002.0
NIPA,T10105,02,Personal consumption expenditures,Millions of dollars,1943,99903.0
NIPA,T10105,02,Personal consumption expenditures,Millions of dollars,1944,108648.0
NIPA,T10105,02,Personal consumption expenditures,Millions of dollars,1945,119977.0
NIPA,T10105,02,Personal consumption expenditures,Millions of dollars,1946,144198.0
NIPA,T10105,02,Personal consumption expenditures,Millions of dollars,1947,161852.0
NIPA,T10105,02,Personal consumption expenditures,Millions of dollars,1948,174878.0
NIPA,T10105,02,Personal consumption expenditures,Millions of dollars,1949,178333.0
NIPA,T10105,02,Personal consumption expenditures,Millions of dollars,1950,192044.0
NIPA,T10105,02,Personal consumption expenditures,Millions of dollars,1951,208339.0
NIPA,T10105,02,Personal consumption expenditures,Millions of dollars,1952,219320.0
NIPA,T10105,02,Personal consumption expenditures,Millions of dollars,1953,232740.0
NIPA,T10105,02,Personal consumption expenditures,Millions of dollars,1954,239608.0
NIPA,T10105,02,Personal consumption expenditures,Millions of dollars,1955,258288.0
NIPA,T10105,02,Personal consumption expenditures,Millions of dollars,1956,271128.0
NIPA,T10105,02,Personal consumption expenditures,Millions of dollars,1957,286296.0
NIPA,T10105,02,Personal consumption expenditures,Millions of dollars,1958,295606.0
NIPA,T10105,02,Personal consumption expenditures,Millions of dollars,1959,317130.0
NIPA,T10105,02,Personal consumption expenditures,Millions of dollars,1960,331180.0
NIPA,T10105,02,Personal consumption expenditures,Millions of dollars,1961,341475.0
NIPA,T10105,02,Personal consumption expenditures,Millions of dollars,1962,362557.0
NIPA,T10105,02,Personal consumption expenditures,Millions of dollars,1963,382035.0
NIPA,T10105,02,Personal consumption expenditures,Millions of dollars,1964,410632.0
NIPA,T10105,02,Personal consumption expenditures,Millions of dollars,1965,442973.0
NIPA,T10105,02,Personal consumption expenditures,Millions of dollars,1966,479919.0
NIPA,T10105,02,Personal consumption expenditures,Millions of dollars,1967,506685.0
NIPA,T10105,02,Personal consumption expenditures,Millions of dollars,1968,556852.0
NIPA,T10105,02,Personal consumption expenditures,Millions of dollars,1969,603639.0
NIPA,T10105,02,Personal consumption expenditures,Millions of dollars,1970,646724.0
NIPA,T10105,02,Personal consumption expenditures,Millions of dollars,1971,699937.0
NIPA,T10105,02,Personal consumption expenditures,Millions of dollars,1972,768153.0
NIPA,T10105,02,Personal consumption expenditures,Millions of dollars,1973,849575.0
NIPA,T10105,02,Personal consumption expenditures,Millions of dollars,1974,930161.0
NIPA,T10105,02,Personal consumption expenditures,Millions of dollars,1975,1.030547e6
NIPA,T10105,02,Personal consumption expenditures,Millions of dollars,1976,1.147666e6
NIPA,T10105,02,Personal consumption expenditures,Millions of dollars,1977,1.273975e6
NIPA,T10105,02,Personal consumption expenditures,Millions of dollars,1978,1.422252e6
NIPA,T10105,02,Personal consumption expenditures,Millions of dollars,1979,1.58542e6
NIPA,T10105,02,Personal consumption expenditures,Millions of dollars,1980,1.750667e6
NIPA,T10105,02,Personal consumption expenditures,Millions of dollars,1981,1.933951e6
NIPA,T10105,02,Personal consumption expenditures,Millions of dollars,1982,2.0712559999999998e6
NIPA,T10105,02,Personal consumption expenditures,Millions of dollars,1983,2.281605e6
NIPA,T10105,02,Personal consumption expenditures,Millions of dollars,1984,2.49234e6
NIPA,T10105,02,Personal consumption expenditures,Millions of dollars,1985,2.71283e6
NIPA,T10105,02,Personal consumption expenditures,Millions of dollars,1986,2.886278e6
NIPA,T10105,02,Personal consumption expenditures,Millions of dollars,1987,3.076279e6
NIPA,T10105,02,Personal consumption expenditures,Millions of dollars,1988,3.330012e6
NIPA,T10105,02,Personal consumption expenditures,Millions of dollars,1989,3.576758e6
NIPA,T10105,02,Personal consumption expenditures,Millions of dollars,1990,3.808994e6
NIPA,T10105,02,Personal consumption expenditures,Millions of dollars,1991,3.943449e6
NIPA,T10105,02,Personal consumption expenditures,Millions of dollars,1992,4.197559e6
NIPA,T10105,02,Personal consumption expenditures,Millions of dollars,1993,4.451984e6
NIPA,T10105,02,Personal consumption expenditures,Millions of dollars,1994,4.720965e6
NIPA,T10105,02,Personal consumption expenditures,Millions of dollars,1995,4.96259e6
NIPA,T10105,02,Personal consumption expenditures,Millions of dollars,1996,5.244596e6
NIPA,T10105,02,Personal consumption expenditures,Millions of dollars,1997,5.53679e6
NIPA,T10105,02,Personal consumption expenditures,Millions of dollars,1998,5.877248e6
NIPA,T10105,02,Personal consumption expenditures,Millions of dollars,1999,6.283758e6
NIPA,T10105,02,Personal consumption expenditures,Millions of dollars,2000,6.767179e6
NIPA,T10105,02,Personal consumption expenditures,Millions of dollars,2001,7.073801e6
NIPA,T10105,02,Personal consumption expenditures,Millions of dollars,2002,7.348941e6
NIPA,T10105,02,Personal consumption expenditures,Millions of dollars,2003,7.740749e6
NIPA,T10105,02,Personal consumption expenditures,Millions of dollars,2004,8.231959999999999e6
NIPA,T10105,02,Personal consumption expenditures,Millions of dollars,2005,8.769066e6
NIPA,T10105,02,Personal consumption expenditures,Millions of dollars,2006,9.277236e6
NIPA,T10105,02,Personal consumption expenditures,Millions of dollars,2007,9.746594e6
NIPA,T10105,02,Personal consumption expenditures,Millions of dollars,2008,1.0050083e7
NIPA,T10105,02,Personal consumption expenditures,Millions of dollars,2009,9.891218e6
NIPA,T10105,02,Personal consumption expenditures,Millions of dollars,2010,1.0260256e7
NIPA,T10105,02,Personal consumption expenditures,Millions of dollars,2011,1.0698857e7
NIPA,T10105,02,Personal consumption expenditures,Millions of dollars,2012,1.1047363e7
NIPA,T10105,02,Personal consumption expenditures,Millions of dollars,2013,1.1388233e7
NIPA,T10105,02,Personal consumption expenditures,Millions of dollars,2014,1.187445e7
NIPA,T10105,02,Personal consumption expenditures,Millions of dollars,2015,1.2297438e7
NIPA,T10105,02,Personal consumption expenditures,Millions of dollars,2016,1.2726849e7
NIPA,T10105,02,Personal consumption expenditures,Millions of dollars,2017,1.3290626e7
NIPA,T10105,02,Personal consumption expenditures,Millions of dollars,2018,1.3934442e7
NIPA,T10105,02,Personal consumption expenditures,Millions of dollars,2019,1.4437543e7
NIPA,T10105,02,Personal consumption expenditures,Millions of dollars,2020,1.4231353e7
NIPA,T10105,02,Personal consumption expenditures,Millions of dollars,2021,1.6119682e7
NIPA,T10105,02,Personal consumption expenditures,Millions of dollars,2022,1.7690013e7
NIPA,T10105,02,Personal consumption expenditures,Millions of dollars,2023,1.883315e7
NIPA,T10105,02,Personal consumption expenditures,Millions of dollars,2024,1.9896009e7
NIPA,T10105,02,Personal consumption expenditures,Millions of dollars,2025,2.0954857e7
NIPA,T10105,03,Goods,Millions of dollars,1929,43770.0
NIPA,T10105,03,Goods,Millions of dollars,1930,38164.0
NIPA,T10105,03,Goods,Millions of dollars,1931,31709.0
NIPA,T10105,03,Goods,Millions of dollars,1932,24127.0
NIPA,T10105,03,Goods,Millions of dollars,1933,23756.0
NIPA,T10105,03,Goods,Millions of dollars,1934,28483.0
NIPA,T10105,03,Goods,Millions of dollars,1935,31628.0
NIPA,T10105,03,Goods,Millions of dollars,1936,35969.0
NIPA,T10105,03,Goods,Millions of dollars,1937,38373.0
NIPA,T10105,03,Goods,Millions of dollars,1938,36006.0
NIPA,T10105,03,Goods,Millions of dollars,1939,37921.0
NIPA,T10105,03,Goods,Millions of dollars,1940,40632.0
NIPA,T10105,03,Goods,Millions of dollars,1941,47448.0
NIPA,T10105,03,Goods,Millions of dollars,1942,51026.0
NIPA,T10105,03,Goods,Millions of dollars,1943,56332.0
NIPA,T10105,03,Goods,Millions of dollars,1944,60531.0
NIPA,T10105,03,Goods,Millions of dollars,1945,67624.0
NIPA,T10105,03,Goods,Millions of dollars,1946,86245.0
NIPA,T10105,03,Goods,Millions of dollars,1947,99429.0
NIPA,T10105,03,Goods,Millions of dollars,1948,107420.0
NIPA,T10105,03,Goods,Millions of dollars,1949,108081.0
NIPA,T10105,03,Goods,Millions of dollars,1950,116830.0
NIPA,T10105,03,Goods,Millions of dollars,1951,124748.0
NIPA,T10105,03,Goods,Millions of dollars,1952,128785.0
NIPA,T10105,03,Goods,Millions of dollars,1953,134835.0
NIPA,T10105,03,Goods,Millions of dollars,1954,135766.0
NIPA,T10105,03,Goods,Millions of dollars,1955,147398.0
NIPA,T10105,03,Goods,Millions of dollars,1956,152154.0
NIPA,T10105,03,Goods,Millions of dollars,1957,159602.0
NIPA,T10105,03,Goods,Millions of dollars,1958,161568.0
NIPA,T10105,03,Goods,Millions of dollars,1959,172607.0
NIPA,T10105,03,Goods,Millions of dollars,1960,177015.0
NIPA,T10105,03,Goods,Millions of dollars,1961,178808.0
NIPA,T10105,03,Goods,Millions of dollars,1962,188969.0
NIPA,T10105,03,Goods,Millions of dollars,1963,198154.0
NIPA,T10105,03,Goods,Millions of dollars,1964,212252.0
NIPA,T10105,03,Goods,Millions of dollars,1965,229675.0
NIPA,T10105,03,Goods,Millions of dollars,1966,249619.0
NIPA,T10105,03,Goods,Millions of dollars,1967,258991.0
NIPA,T10105,03,Goods,Millions of dollars,1968,284617.0
NIPA,T10105,03,Goods,Millions of dollars,1969,304678.0
NIPA,T10105,03,Goods,Millions of dollars,1970,318794.0
NIPA,T10105,03,Goods,Millions of dollars,1971,342116.0
NIPA,T10105,03,Goods,Millions of dollars,1972,373815.0
NIPA,T10105,03,Goods,Millions of dollars,1973,416635.0
NIPA,T10105,03,Goods,Millions of dollars,1974,451538.0
NIPA,T10105,03,Goods,Millions of dollars,1975,491334.0
NIPA,T10105,03,Goods,Millions of dollars,1976,546305.0
NIPA,T10105,03,Goods,Millions of dollars,1977,600384.0
NIPA,T10105,03,Goods,Millions of dollars,1978,663567.0
NIPA,T10105,03,Goods,Millions of dollars,1979,737938.0
NIPA,T10105,03,Goods,Millions of dollars,1980,799794.0
NIPA,T10105,03,Goods,Millions of dollars,1981,869368.0
NIPA,T10105,03,Goods,Millions of dollars,1982,899290.0
NIPA,T10105,03,Goods,Millions of dollars,1983,973783.0
NIPA,T10105,03,Goods,Millions of dollars,1984,1.0637e6
NIPA,T10105,03,Goods,Millions of dollars,1985,1.137609e6
NIPA,T10105,03,Goods,Millions of dollars,1986,1.195627e6
NIPA,T10105,03,Goods,Millions of dollars,1987,1.256297e6
NIPA,T10105,03,Goods,Millions of dollars,1988,1.337309e6
NIPA,T10105,03,Goods,Millions of dollars,1989,1.423805e6
NIPA,T10105,03,Goods,Millions of dollars,1990,1.491301e6
NIPA,T10105,03,Goods,Millions of dollars,1991,1.497434e6
NIPA,T10105,03,Goods,Millions of dollars,1992,1.563268e6
NIPA,T10105,03,Goods,Millions of dollars,1993,1.642347e6
NIPA,T10105,03,Goods,Millions of dollars,1994,1.746554e6
NIPA,T10105,03,Goods,Millions of dollars,1995,1.815533e6
NIPA,T10105,03,Goods,Millions of dollars,1996,1.917671e6
NIPA,T10105,03,Goods,Millions of dollars,1997,2.006506e6
NIPA,T10105,03,Goods,Millions of dollars,1998,2.108439e6
NIPA,T10105,03,Goods,Millions of dollars,1999,2.287062e6
NIPA,T10105,03,Goods,Millions of dollars,2000,2.453172e6
NIPA,T10105,03,Goods,Millions of dollars,2001,2.525593e6
NIPA,T10105,03,Goods,Millions of dollars,2002,2.598805e6
NIPA,T10105,03,Goods,Millions of dollars,2003,2.722597e6
NIPA,T10105,03,Goods,Millions of dollars,2004,2.902021e6
NIPA,T10105,03,Goods,Millions of dollars,2005,3.082923e6
NIPA,T10105,03,Goods,Millions of dollars,2006,3.239655e6
NIPA,T10105,03,Goods,Millions of dollars,2007,3.367031e6
NIPA,T10105,03,Goods,Millions of dollars,2008,3.363221e6
NIPA,T10105,03,Goods,Millions of dollars,2009,3.180022e6
NIPA,T10105,03,Goods,Millions of dollars,2010,3.317825e6
NIPA,T10105,03,Goods,Millions of dollars,2011,3.518121e6
NIPA,T10105,03,Goods,Millions of dollars,2012,3.637739e6
NIPA,T10105,03,Goods,Millions of dollars,2013,3.742183e6
NIPA,T10105,03,Goods,Millions of dollars,2014,3.886577e6
NIPA,T10105,03,Goods,Millions of dollars,2015,3.95513e6
NIPA,T10105,03,Goods,Millions of dollars,2016,4.033036e6
NIPA,T10105,03,Goods,Millions of dollars,2017,4.212214e6
NIPA,T10105,03,Goods,Millions of dollars,2018,4.414208e6
NIPA,T10105,03,Goods,Millions of dollars,2019,4.532817e6
NIPA,T10105,03,Goods,Millions of dollars,2020,4.708625e6
NIPA,T10105,03,Goods,Millions of dollars,2021,5.499445e6
NIPA,T10105,03,Goods,Millions of dollars,2022,5.938667e6
NIPA,T10105,03,Goods,Millions of dollars,2023,6.115666e6
NIPA,T10105,03,Goods,Millions of dollars,2024,6.26153e6
NIPA,T10105,03,Goods,Millions of dollars,2025,6.508041e6
NIPA,T10105,04,Durable goods,Millions of dollars,1929,9829.0
NIPA,T10105,04,Durable goods,Millions of dollars,1930,7661.0
NIPA,T10105,04,Durable goods,Millions of dollars,1931,5911.0
NIPA,T10105,04,Durable goods,Millions of dollars,1932,3959.0
NIPA,T10105,04,Durable goods,Millions of dollars,1933,3762.0
NIPA,T10105,04,Durable goods,Millions of dollars,1934,4564.0
NIPA,T10105,04,Durable goods,Millions of dollars,1935,5493.0
NIPA,T10105,04,Durable goods,Millions of dollars,1936,6749.0
NIPA,T10105,04,Durable goods,Millions of dollars,1937,7393.0
NIPA,T10105,04,Durable goods,Millions of dollars,1938,6123.0
NIPA,T10105,04,Durable goods,Millions of dollars,1939,7168.0
NIPA,T10105,04,Durable goods,Millions of dollars,1940,8287.0
NIPA,T10105,04,Durable goods,Millions of dollars,1941,10268.0
NIPA,T10105,04,Durable goods,Millions of dollars,1942,7630.0
NIPA,T10105,04,Durable goods,Millions of dollars,1943,7471.0
NIPA,T10105,04,Durable goods,Millions of dollars,1944,7743.0
NIPA,T10105,04,Durable goods,Millions of dollars,1945,9098.0
NIPA,T10105,04,Durable goods,Millions of dollars,1946,17114.0
NIPA,T10105,04,Durable goods,Millions of dollars,1947,21833.0
NIPA,T10105,04,Durable goods,Millions of dollars,1948,24453.0
NIPA,T10105,04,Durable goods,Millions of dollars,1949,26623.0
NIPA,T10105,04,Durable goods,Millions of dollars,1950,32445.0
NIPA,T10105,04,Durable goods,Millions of dollars,1951,31739.0
NIPA,T10105,04,Durable goods,Millions of dollars,1952,31243.0
NIPA,T10105,04,Durable goods,Millions of dollars,1953,34616.0
NIPA,T10105,04,Durable goods,Millions of dollars,1954,33713.0
NIPA,T10105,04,Durable goods,Millions of dollars,1955,40745.0
NIPA,T10105,04,Durable goods,Millions of dollars,1956,40169.0
NIPA,T10105,04,Durable goods,Millions of dollars,1957,42027.0
NIPA,T10105,04,Durable goods,Millions of dollars,1958,39530.0
NIPA,T10105,04,Durable goods,Millions of dollars,1959,44888.0
NIPA,T10105,04,Durable goods,Millions of dollars,1960,45625.0
NIPA,T10105,04,Durable goods,Millions of dollars,1961,44206.0
NIPA,T10105,04,Durable goods,Millions of dollars,1962,49465.0
NIPA,T10105,04,Durable goods,Millions of dollars,1963,54228.0
NIPA,T10105,04,Durable goods,Millions of dollars,1964,59556.0
NIPA,T10105,04,Durable goods,Millions of dollars,1965,66390.0
NIPA,T10105,04,Durable goods,Millions of dollars,1966,71745.0
NIPA,T10105,04,Durable goods,Millions of dollars,1967,73981.0
NIPA,T10105,04,Durable goods,Millions of dollars,1968,84828.0
NIPA,T10105,04,Durable goods,Millions of dollars,1969,90483.0
NIPA,T10105,04,Durable goods,Millions of dollars,1970,89988.0
NIPA,T10105,04,Durable goods,Millions of dollars,1971,102446.0
NIPA,T10105,04,Durable goods,Millions of dollars,1972,116444.0
NIPA,T10105,04,Durable goods,Millions of dollars,1973,130526.99999999999
NIPA,T10105,04,Durable goods,Millions of dollars,1974,130176.99999999999
NIPA,T10105,04,Durable goods,Millions of dollars,1975,142165.0
NIPA,T10105,04,Durable goods,Millions of dollars,1976,168624.0
NIPA,T10105,04,Durable goods,Millions of dollars,1977,191963.0
NIPA,T10105,04,Durable goods,Millions of dollars,1978,213348.0
NIPA,T10105,04,Durable goods,Millions of dollars,1979,226340.0
NIPA,T10105,04,Durable goods,Millions of dollars,1980,226391.0
NIPA,T10105,04,Durable goods,Millions of dollars,1981,243938.0
NIPA,T10105,04,Durable goods,Millions of dollars,1982,253032.0
NIPA,T10105,04,Durable goods,Millions of dollars,1983,295031.0
NIPA,T10105,04,Durable goods,Millions of dollars,1984,342156.0
NIPA,T10105,04,Durable goods,Millions of dollars,1985,380365.0
NIPA,T10105,04,Durable goods,Millions of dollars,1986,421439.0
NIPA,T10105,04,Durable goods,Millions of dollars,1987,442022.0
NIPA,T10105,04,Durable goods,Millions of dollars,1988,475053.0
NIPA,T10105,04,Durable goods,Millions of dollars,1989,494330.0
NIPA,T10105,04,Durable goods,Millions of dollars,1990,497079.0
NIPA,T10105,04,Durable goods,Millions of dollars,1991,477183.0
NIPA,T10105,04,Durable goods,Millions of dollars,1992,508081.0
NIPA,T10105,04,Durable goods,Millions of dollars,1993,551532.0
NIPA,T10105,04,Durable goods,Millions of dollars,1994,607171.0
NIPA,T10105,04,Durable goods,Millions of dollars,1995,635738.0
NIPA,T10105,04,Durable goods,Millions of dollars,1996,676295.0
NIPA,T10105,04,Durable goods,Millions of dollars,1997,715530.0
NIPA,T10105,04,Durable goods,Millions of dollars,1998,779293.0
NIPA,T10105,04,Durable goods,Millions of dollars,1999,855568.0
NIPA,T10105,04,Durable goods,Millions of dollars,2000,912572.0
NIPA,T10105,04,Durable goods,Millions of dollars,2001,941515.0
NIPA,T10105,04,Durable goods,Millions of dollars,2002,985368.0
NIPA,T10105,04,Durable goods,Millions of dollars,2003,1.017801e6
NIPA,T10105,04,Durable goods,Millions of dollars,2004,1.080574e6
NIPA,T10105,04,Durable goods,Millions of dollars,2005,1.12861e6
NIPA,T10105,04,Durable goods,Millions of dollars,2006,1.158333e6
NIPA,T10105,04,Durable goods,Millions of dollars,2007,1.188043e6
NIPA,T10105,04,Durable goods,Millions of dollars,2008,1.098761e6
NIPA,T10105,04,Durable goods,Millions of dollars,2009,1.012121e6
NIPA,T10105,04,Durable goods,Millions of dollars,2010,1.048962e6
NIPA,T10105,04,Durable goods,Millions of dollars,2011,1.093499e6
NIPA,T10105,04,Durable goods,Millions of dollars,2012,1.144221e6
NIPA,T10105,04,Durable goods,Millions of dollars,2013,1.191786e6
NIPA,T10105,04,Durable goods,Millions of dollars,2014,1.24726e6
NIPA,T10105,04,Durable goods,Millions of dollars,2015,1.315794e6
NIPA,T10105,04,Durable goods,Millions of dollars,2016,1.356495e6
NIPA,T10105,04,Durable goods,Millions of dollars,2017,1.415911e6
NIPA,T10105,04,Durable goods,Millions of dollars,2018,1.488831e6
NIPA,T10105,04,Durable goods,Millions of dollars,2019,1.523644e6
NIPA,T10105,04,Durable goods,Millions of dollars,2020,1.6217e6
NIPA,T10105,04,Durable goods,Millions of dollars,2021,1.991864e6
NIPA,T10105,04,Durable goods,Millions of dollars,2022,2.077929e6
NIPA,T10105,04,Durable goods,Millions of dollars,2023,2.141043e6
NIPA,T10105,04,Durable goods,Millions of dollars,2024,2.178085e6
NIPA,T10105,04,Durable goods,Millions of dollars,2025,2.265413e6
NIPA,T10105,05,Nondurable goods,Millions of dollars,1929,33941.0
NIPA,T10105,05,Nondurable goods,Millions of dollars,1930,30503.0
NIPA,T10105,05,Nondurable goods,Millions of dollars,1931,25798.0
NIPA,T10105,05,Nondurable goods,Millions of dollars,1932,20169.0
NIPA,T10105,05,Nondurable goods,Millions of dollars,1933,19994.0
NIPA,T10105,05,Nondurable goods,Millions of dollars,1934,23919.0
NIPA,T10105,05,Nondurable goods,Millions of dollars,1935,26135.0
NIPA,T10105,05,Nondurable goods,Millions of dollars,1936,29221.0
NIPA,T10105,05,Nondurable goods,Millions of dollars,1937,30980.0
NIPA,T10105,05,Nondurable goods,Millions of dollars,1938,29883.0
NIPA,T10105,05,Nondurable goods,Millions of dollars,1939,30754.0
NIPA,T10105,05,Nondurable goods,Millions of dollars,1940,32345.0
NIPA,T10105,05,Nondurable goods,Millions of dollars,1941,37180.0
NIPA,T10105,05,Nondurable goods,Millions of dollars,1942,43395.0
NIPA,T10105,05,Nondurable goods,Millions of dollars,1943,48861.0
NIPA,T10105,05,Nondurable goods,Millions of dollars,1944,52788.0
NIPA,T10105,05,Nondurable goods,Millions of dollars,1945,58525.0
NIPA,T10105,05,Nondurable goods,Millions of dollars,1946,69131.0
NIPA,T10105,05,Nondurable goods,Millions of dollars,1947,77596.0
NIPA,T10105,05,Nondurable goods,Millions of dollars,1948,82966.0
NIPA,T10105,05,Nondurable goods,Millions of dollars,1949,81457.0
NIPA,T10105,05,Nondurable goods,Millions of dollars,1950,84384.0
NIPA,T10105,05,Nondurable goods,Millions of dollars,1951,93009.0
NIPA,T10105,05,Nondurable goods,Millions of dollars,1952,97542.0
NIPA,T10105,05,Nondurable goods,Millions of dollars,1953,100219.0
NIPA,T10105,05,Nondurable goods,Millions of dollars,1954,102053.0
NIPA,T10105,05,Nondurable goods,Millions of dollars,1955,106653.0
NIPA,T10105,05,Nondurable goods,Millions of dollars,1956,111985.0
NIPA,T10105,05,Nondurable goods,Millions of dollars,1957,117575.0
NIPA,T10105,05,Nondurable goods,Millions of dollars,1958,122038.0
NIPA,T10105,05,Nondurable goods,Millions of dollars,1959,127719.0
NIPA,T10105,05,Nondurable goods,Millions of dollars,1960,131390.0
NIPA,T10105,05,Nondurable goods,Millions of dollars,1961,134602.0
NIPA,T10105,05,Nondurable goods,Millions of dollars,1962,139504.0
NIPA,T10105,05,Nondurable goods,Millions of dollars,1963,143927.0
NIPA,T10105,05,Nondurable goods,Millions of dollars,1964,152696.0
NIPA,T10105,05,Nondurable goods,Millions of dollars,1965,163285.0
NIPA,T10105,05,Nondurable goods,Millions of dollars,1966,177874.0
NIPA,T10105,05,Nondurable goods,Millions of dollars,1967,185009.0
NIPA,T10105,05,Nondurable goods,Millions of dollars,1968,199788.0
NIPA,T10105,05,Nondurable goods,Millions of dollars,1969,214195.0
NIPA,T10105,05,Nondurable goods,Millions of dollars,1970,228806.0
NIPA,T10105,05,Nondurable goods,Millions of dollars,1971,239670.0
NIPA,T10105,05,Nondurable goods,Millions of dollars,1972,257370.99999999997
NIPA,T10105,05,Nondurable goods,Millions of dollars,1973,286108.0
NIPA,T10105,05,Nondurable goods,Millions of dollars,1974,321361.0
NIPA,T10105,05,Nondurable goods,Millions of dollars,1975,349170.0
NIPA,T10105,05,Nondurable goods,Millions of dollars,1976,377680.0
NIPA,T10105,05,Nondurable goods,Millions of dollars,1977,408421.0
NIPA,T10105,05,Nondurable goods,Millions of dollars,1978,450218.0
NIPA,T10105,05,Nondurable goods,Millions of dollars,1979,511598.0
NIPA,T10105,05,Nondurable goods,Millions of dollars,1980,573402.0
NIPA,T10105,05,Nondurable goods,Millions of dollars,1981,625430.0
NIPA,T10105,05,Nondurable goods,Millions of dollars,1982,646258.0
NIPA,T10105,05,Nondurable goods,Millions of dollars,1983,678753.0
NIPA,T10105,05,Nondurable goods,Millions of dollars,1984,721545.0
NIPA,T10105,05,Nondurable goods,Millions of dollars,1985,757244.0
NIPA,T10105,05,Nondurable goods,Millions of dollars,1986,774188.0
NIPA,T10105,05,Nondurable goods,Millions of dollars,1987,814275.0
NIPA,T10105,05,Nondurable goods,Millions of dollars,1988,862256.0
NIPA,T10105,05,Nondurable goods,Millions of dollars,1989,929475.0
NIPA,T10105,05,Nondurable goods,Millions of dollars,1990,994222.0
NIPA,T10105,05,Nondurable goods,Millions of dollars,1991,1.020252e6
NIPA,T10105,05,Nondurable goods,Millions of dollars,1992,1.055186e6
NIPA,T10105,05,Nondurable goods,Millions of dollars,1993,1.090814e6
NIPA,T10105,05,Nondurable goods,Millions of dollars,1994,1.139382e6
NIPA,T10105,05,Nondurable goods,Millions of dollars,1995,1.179795e6
NIPA,T10105,05,Nondurable goods,Millions of dollars,1996,1.241376e6
NIPA,T10105,05,Nondurable goods,Millions of dollars,1997,1.290976e6
NIPA,T10105,05,Nondurable goods,Millions of dollars,1998,1.329146e6
NIPA,T10105,05,Nondurable goods,Millions of dollars,1999,1.431493e6
NIPA,T10105,05,Nondurable goods,Millions of dollars,2000,1.5406e6
NIPA,T10105,05,Nondurable goods,Millions of dollars,2001,1.584078e6
NIPA,T10105,05,Nondurable goods,Millions of dollars,2002,1.613437e6
NIPA,T10105,05,Nondurable goods,Millions of dollars,2003,1.704797e6
NIPA,T10105,05,Nondurable goods,Millions of dollars,2004,1.821447e6
NIPA,T10105,05,Nondurable goods,Millions of dollars,2005,1.954313e6
NIPA,T10105,05,Nondurable goods,Millions of dollars,2006,2.081322e6
NIPA,T10105,05,Nondurable goods,Millions of dollars,2007,2.178988e6
NIPA,T10105,05,Nondurable goods,Millions of dollars,2008,2.26446e6
NIPA,T10105,05,Nondurable goods,Millions of dollars,2009,2.167901e6
NIPA,T10105,05,Nondurable goods,Millions of dollars,2010,2.268862e6
NIPA,T10105,05,Nondurable goods,Millions of dollars,2011,2.424622e6
NIPA,T10105,05,Nondurable goods,Millions of dollars,2012,2.493518e6
NIPA,T10105,05,Nondurable goods,Millions of dollars,2013,2.550398e6
NIPA,T10105,05,Nondurable goods,Millions of dollars,2014,2.639317e6
NIPA,T10105,05,Nondurable goods,Millions of dollars,2015,2.639336e6
NIPA,T10105,05,Nondurable goods,Millions of dollars,2016,2.676541e6
NIPA,T10105,05,Nondurable goods,Millions of dollars,2017,2.796304e6
NIPA,T10105,05,Nondurable goods,Millions of dollars,2018,2.925377e6
NIPA,T10105,05,Nondurable goods,Millions of dollars,2019,3.009173e6
NIPA,T10105,05,Nondurable goods,Millions of dollars,2020,3.086925e6
NIPA,T10105,05,Nondurable goods,Millions of dollars,2021,3.507581e6
NIPA,T10105,05,Nondurable goods,Millions of dollars,2022,3.860738e6
NIPA,T10105,05,Nondurable goods,Millions of dollars,2023,3.974623e6
NIPA,T10105,05,Nondurable goods,Millions of dollars,2024,4.083445e6
NIPA,T10105,05,Nondurable goods,Millions of dollars,2025,4.242627e6
NIPA,T10105,06,Services,Millions of dollars,1929,33613.0
NIPA,T10105,06,Services,Millions of dollars,1930,31972.0
NIPA,T10105,06,Services,Millions of dollars,1931,28963.0
NIPA,T10105,06,Services,Millions of dollars,1932,24587.0
NIPA,T10105,06,Services,Millions of dollars,1933,22189.0
NIPA,T10105,06,Services,Millions of dollars,1934,22978.0
NIPA,T10105,06,Services,Millions of dollars,1935,24305.0
NIPA,T10105,06,Services,Millions of dollars,1936,26218.0
NIPA,T10105,06,Services,Millions of dollars,1937,28466.0
NIPA,T10105,06,Services,Millions of dollars,1938,28266.0
NIPA,T10105,06,Services,Millions of dollars,1939,29287.0
NIPA,T10105,06,Services,Millions of dollars,1940,30655.0
NIPA,T10105,06,Services,Millions of dollars,1941,33624.0
NIPA,T10105,06,Services,Millions of dollars,1942,37976.0
NIPA,T10105,06,Services,Millions of dollars,1943,43570.0
NIPA,T10105,06,Services,Millions of dollars,1944,48117.0
NIPA,T10105,06,Services,Millions of dollars,1945,52354.0
NIPA,T10105,06,Services,Millions of dollars,1946,57953.0
NIPA,T10105,06,Services,Millions of dollars,1947,62423.0
NIPA,T10105,06,Services,Millions of dollars,1948,67459.0
NIPA,T10105,06,Services,Millions of dollars,1949,70252.0
NIPA,T10105,06,Services,Millions of dollars,1950,75215.0
NIPA,T10105,06,Services,Millions of dollars,1951,83591.0
NIPA,T10105,06,Services,Millions of dollars,1952,90535.0
NIPA,T10105,06,Services,Millions of dollars,1953,97905.0
NIPA,T10105,06,Services,Millions of dollars,1954,103842.0
NIPA,T10105,06,Services,Millions of dollars,1955,110890.0
NIPA,T10105,06,Services,Millions of dollars,1956,118973.0
NIPA,T10105,06,Services,Millions of dollars,1957,126693.0
NIPA,T10105,06,Services,Millions of dollars,1958,134038.0
NIPA,T10105,06,Services,Millions of dollars,1959,144523.0
NIPA,T10105,06,Services,Millions of dollars,1960,154165.0
NIPA,T10105,06,Services,Millions of dollars,1961,162667.0
NIPA,T10105,06,Services,Millions of dollars,1962,173588.0
NIPA,T10105,06,Services,Millions of dollars,1963,183880.0
NIPA,T10105,06,Services,Millions of dollars,1964,198380.0
NIPA,T10105,06,Services,Millions of dollars,1965,213298.0
NIPA,T10105,06,Services,Millions of dollars,1966,230300.0
NIPA,T10105,06,Services,Millions of dollars,1967,247695.0
NIPA,T10105,06,Services,Millions of dollars,1968,272236.0
NIPA,T10105,06,Services,Millions of dollars,1969,298960.0
NIPA,T10105,06,Services,Millions of dollars,1970,327931.0
NIPA,T10105,06,Services,Millions of dollars,1971,357821.0
NIPA,T10105,06,Services,Millions of dollars,1972,394338.0
NIPA,T10105,06,Services,Millions of dollars,1973,432939.0
NIPA,T10105,06,Services,Millions of dollars,1974,478623.0
NIPA,T10105,06,Services,Millions of dollars,1975,539213.0
NIPA,T10105,06,Services,Millions of dollars,1976,601361.0
NIPA,T10105,06,Services,Millions of dollars,1977,673591.0
NIPA,T10105,06,Services,Millions of dollars,1978,758686.0
NIPA,T10105,06,Services,Millions of dollars,1979,847482.0
NIPA,T10105,06,Services,Millions of dollars,1980,950874.0
NIPA,T10105,06,Services,Millions of dollars,1981,1.064583e6
NIPA,T10105,06,Services,Millions of dollars,1982,1.171966e6
NIPA,T10105,06,Services,Millions of dollars,1983,1.307821e6
NIPA,T10105,06,Services,Millions of dollars,1984,1.42864e6
NIPA,T10105,06,Services,Millions of dollars,1985,1.575221e6
NIPA,T10105,06,Services,Millions of dollars,1986,1.690651e6
NIPA,T10105,06,Services,Millions of dollars,1987,1.819982e6
NIPA,T10105,06,Services,Millions of dollars,1988,1.992703e6
NIPA,T10105,06,Services,Millions of dollars,1989,2.152953e6
NIPA,T10105,06,Services,Millions of dollars,1990,2.317693e6
NIPA,T10105,06,Services,Millions of dollars,1991,2.446015e6
NIPA,T10105,06,Services,Millions of dollars,1992,2.634291e6
NIPA,T10105,06,Services,Millions of dollars,1993,2.809637e6
NIPA,T10105,06,Services,Millions of dollars,1994,2.974411e6
NIPA,T10105,06,Services,Millions of dollars,1995,3.147057e6
NIPA,T10105,06,Services,Millions of dollars,1996,3.326925e6
NIPA,T10105,06,Services,Millions of dollars,1997,3.530285e6
NIPA,T10105,06,Services,Millions of dollars,1998,3.768809e6
NIPA,T10105,06,Services,Millions of dollars,1999,3.996696e6
NIPA,T10105,06,Services,Millions of dollars,2000,4.314008e6
NIPA,T10105,06,Services,Millions of dollars,2001,4.548208e6
NIPA,T10105,06,Services,Millions of dollars,2002,4.750136e6
NIPA,T10105,06,Services,Millions of dollars,2003,5.018152e6
NIPA,T10105,06,Services,Millions of dollars,2004,5.329939e6
NIPA,T10105,06,Services,Millions of dollars,2005,5.686143e6
NIPA,T10105,06,Services,Millions of dollars,2006,6.03758e6
NIPA,T10105,06,Services,Millions of dollars,2007,6.379563e6
NIPA,T10105,06,Services,Millions of dollars,2008,6.686862e6
NIPA,T10105,06,Services,Millions of dollars,2009,6.711196e6
NIPA,T10105,06,Services,Millions of dollars,2010,6.942432e6
NIPA,T10105,06,Services,Millions of dollars,2011,7.180736e6
NIPA,T10105,06,Services,Millions of dollars,2012,7.409624e6
NIPA,T10105,06,Services,Millions of dollars,2013,7.64605e6
NIPA,T10105,06,Services,Millions of dollars,2014,7.987873e6
NIPA,T10105,06,Services,Millions of dollars,2015,8.342308000000001e6
NIPA,T10105,06,Services,Millions of dollars,2016,8.693813e6
NIPA,T10105,06,Services,Millions of dollars,2017,9.078411e6
NIPA,T10105,06,Services,Millions of dollars,2018,9.520234e6
NIPA,T10105,06,Services,Millions of dollars,2019,9.904726e6
NIPA,T10105,06,Services,Millions of dollars,2020,9.522728e6
NIPA,T10105,06,Services,Millions of dollars,2021,1.0620237e7
NIPA,T10105,06,Services,Millions of dollars,2022,1.1751346e7
NIPA,T10105,06,Services,Millions of dollars,2023,1.2717484e7
NIPA,T10105,06,Services,Millions of dollars,2024,1.363448e7
NIPA,T10105,06,Services,Millions of dollars,2025,1.4446816e7
NIPA,T10105,07,Gross private domestic investment,Millions of dollars,1929,17170.0
NIPA,T10105,07,Gross private domestic investment,Millions of dollars,1930,11428.0
NIPA,T10105,07,Gross private domestic investment,Millions of dollars,1931,6549.0
NIPA,T10105,07,Gross private domestic investment,Millions of dollars,1932,1819.0
NIPA,T10105,07,Gross private domestic investment,Millions of dollars,1933,2276.0
NIPA,T10105,07,Gross private domestic investment,Millions of dollars,1934,4296.0
NIPA,T10105,07,Gross private domestic investment,Millions of dollars,1935,7370.0
NIPA,T10105,07,Gross private domestic investment,Millions of dollars,1936,9391.0
NIPA,T10105,07,Gross private domestic investment,Millions of dollars,1937,12967.0
NIPA,T10105,07,Gross private domestic investment,Millions of dollars,1938,7944.0
NIPA,T10105,07,Gross private domestic investment,Millions of dollars,1939,10229.0
NIPA,T10105,07,Gross private domestic investment,Millions of dollars,1940,14579.0
NIPA,T10105,07,Gross private domestic investment,Millions of dollars,1941,19369.0
NIPA,T10105,07,Gross private domestic investment,Millions of dollars,1942,11762.0
NIPA,T10105,07,Gross private domestic investment,Millions of dollars,1943,7405.0
NIPA,T10105,07,Gross private domestic investment,Millions of dollars,1944,9180.0
NIPA,T10105,07,Gross private domestic investment,Millions of dollars,1945,12400.0
NIPA,T10105,07,Gross private domestic investment,Millions of dollars,1946,33128.0
NIPA,T10105,07,Gross private domestic investment,Millions of dollars,1947,37131.0
NIPA,T10105,07,Gross private domestic investment,Millions of dollars,1948,50347.0
NIPA,T10105,07,Gross private domestic investment,Millions of dollars,1949,39099.0
NIPA,T10105,07,Gross private domestic investment,Millions of dollars,1950,56530.0
NIPA,T10105,07,Gross private domestic investment,Millions of dollars,1951,62759.0
NIPA,T10105,07,Gross private domestic investment,Millions of dollars,1952,57274.0
NIPA,T10105,07,Gross private domestic investment,Millions of dollars,1953,60414.0
NIPA,T10105,07,Gross private domestic investment,Millions of dollars,1954,58070.0
NIPA,T10105,07,Gross private domestic investment,Millions of dollars,1955,73754.0
NIPA,T10105,07,Gross private domestic investment,Millions of dollars,1956,77685.0
NIPA,T10105,07,Gross private domestic investment,Millions of dollars,1957,76505.0
NIPA,T10105,07,Gross private domestic investment,Millions of dollars,1958,70947.0
NIPA,T10105,07,Gross private domestic investment,Millions of dollars,1959,85669.0
NIPA,T10105,07,Gross private domestic investment,Millions of dollars,1960,86477.0
NIPA,T10105,07,Gross private domestic investment,Millions of dollars,1961,86584.0
NIPA,T10105,07,Gross private domestic investment,Millions of dollars,1962,96977.0
NIPA,T10105,07,Gross private domestic investment,Millions of dollars,1963,103284.0
NIPA,T10105,07,Gross private domestic investment,Millions of dollars,1964,112150.0
NIPA,T10105,07,Gross private domestic investment,Millions of dollars,1965,129645.00000000001
NIPA,T10105,07,Gross private domestic investment,Millions of dollars,1966,144188.0
NIPA,T10105,07,Gross private domestic investment,Millions of dollars,1967,142700.0
NIPA,T10105,07,Gross private domestic investment,Millions of dollars,1968,156923.0
NIPA,T10105,07,Gross private domestic investment,Millions of dollars,1969,173562.0
NIPA,T10105,07,Gross private domestic investment,Millions of dollars,1970,170049.0
NIPA,T10105,07,Gross private domestic investment,Millions of dollars,1971,196824.0
NIPA,T10105,07,Gross private domestic investment,Millions of dollars,1972,228140.0
NIPA,T10105,07,Gross private domestic investment,Millions of dollars,1973,266925.0
NIPA,T10105,07,Gross private domestic investment,Millions of dollars,1974,274526.0
NIPA,T10105,07,Gross private domestic investment,Millions of dollars,1975,257253.0
NIPA,T10105,07,Gross private domestic investment,Millions of dollars,1976,323224.0
NIPA,T10105,07,Gross private domestic investment,Millions of dollars,1977,396613.0
NIPA,T10105,07,Gross private domestic investment,Millions of dollars,1978,478377.0
NIPA,T10105,07,Gross private domestic investment,Millions of dollars,1979,539657.0
NIPA,T10105,07,Gross private domestic investment,Millions of dollars,1980,530098.0
NIPA,T10105,07,Gross private domestic investment,Millions of dollars,1981,631229.0
NIPA,T10105,07,Gross private domestic investment,Millions of dollars,1982,581034.0
NIPA,T10105,07,Gross private domestic investment,Millions of dollars,1983,637518.0
NIPA,T10105,07,Gross private domestic investment,Millions of dollars,1984,820089.0
NIPA,T10105,07,Gross private domestic investment,Millions of dollars,1985,829650.0
NIPA,T10105,07,Gross private domestic investment,Millions of dollars,1986,849146.0
NIPA,T10105,07,Gross private domestic investment,Millions of dollars,1987,892176.0
NIPA,T10105,07,Gross private domestic investment,Millions of dollars,1988,936963.0
NIPA,T10105,07,Gross private domestic investment,Millions of dollars,1989,999701.0
NIPA,T10105,07,Gross private domestic investment,Millions of dollars,1990,993448.0
NIPA,T10105,07,Gross private domestic investment,Millions of dollars,1991,944344.0
NIPA,T10105,07,Gross private domestic investment,Millions of dollars,1992,1.013006e6
NIPA,T10105,07,Gross private domestic investment,Millions of dollars,1993,1.106826e6
NIPA,T10105,07,Gross private domestic investment,Millions of dollars,1994,1.256484e6
NIPA,T10105,07,Gross private domestic investment,Millions of dollars,1995,1.317489e6
NIPA,T10105,07,Gross private domestic investment,Millions of dollars,1996,1.432055e6
NIPA,T10105,07,Gross private domestic investment,Millions of dollars,1997,1.5956e6
NIPA,T10105,07,Gross private domestic investment,Millions of dollars,1998,1.736671e6
NIPA,T10105,07,Gross private domestic investment,Millions of dollars,1999,1.887059e6
NIPA,T10105,07,Gross private domestic investment,Millions of dollars,2000,2.038408e6
NIPA,T10105,07,Gross private domestic investment,Millions of dollars,2001,1.934842e6
NIPA,T10105,07,Gross private domestic investment,Millions of dollars,2002,1.930417e6
NIPA,T10105,07,Gross private domestic investment,Millions of dollars,2003,2.027056e6
NIPA,T10105,07,Gross private domestic investment,Millions of dollars,2004,2.281253e6
NIPA,T10105,07,Gross private domestic investment,Millions of dollars,2005,2.53472e6
NIPA,T10105,07,Gross private domestic investment,Millions of dollars,2006,2.700954e6
NIPA,T10105,07,Gross private domestic investment,Millions of dollars,2007,2.673011e6
NIPA,T10105,07,Gross private domestic investment,Millions of dollars,2008,2.477613e6
NIPA,T10105,07,Gross private domestic investment,Millions of dollars,2009,1.929664e6
NIPA,T10105,07,Gross private domestic investment,Millions of dollars,2010,2.165473e6
NIPA,T10105,07,Gross private domestic investment,Millions of dollars,2011,2.332562e6
NIPA,T10105,07,Gross private domestic investment,Millions of dollars,2012,2.621754e6
NIPA,T10105,07,Gross private domestic investment,Millions of dollars,2013,2.838327e6
NIPA,T10105,07,Gross private domestic investment,Millions of dollars,2014,3.073981e6
NIPA,T10105,07,Gross private domestic investment,Millions of dollars,2015,3.288481e6
NIPA,T10105,07,Gross private domestic investment,Millions of dollars,2016,3.278305e6
NIPA,T10105,07,Gross private domestic investment,Millions of dollars,2017,3.467664e6
NIPA,T10105,07,Gross private domestic investment,Millions of dollars,2018,3.72477e6
NIPA,T10105,07,Gross private domestic investment,Millions of dollars,2019,3.893734e6
NIPA,T10105,07,Gross private domestic investment,Millions of dollars,2020,3.763386e6
NIPA,T10105,07,Gross private domestic investment,Millions of dollars,2021,4.246545e6
NIPA,T10105,07,Gross private domestic investment,Millions of dollars,2022,4.844333e6
NIPA,T10105,07,Gross private domestic investment,Millions of dollars,2023,5.023712e6
NIPA,T10105,07,Gross private domestic investment,Millions of dollars,2024,5.25932e6
NIPA,T10105,07,Gross private domestic investment,Millions of dollars,2025,5.458629e6
NIPA,T10105,08,Fixed investment,Millions of dollars,1929,15630.0
NIPA,T10105,08,Fixed investment,Millions of dollars,1930,11651.0
NIPA,T10105,08,Fixed investment,Millions of dollars,1931,7661.0
NIPA,T10105,08,Fixed investment,Millions of dollars,1932,4169.0
NIPA,T10105,08,Fixed investment,Millions of dollars,1933,3680.0
NIPA,T10105,08,Fixed investment,Millions of dollars,1934,4876.0
NIPA,T10105,08,Fixed investment,Millions of dollars,1935,6230.0
NIPA,T10105,08,Fixed investment,Millions of dollars,1936,8230.0
NIPA,T10105,08,Fixed investment,Millions of dollars,1937,10341.0
NIPA,T10105,08,Fixed investment,Millions of dollars,1938,8519.0
NIPA,T10105,08,Fixed investment,Millions of dollars,1939,10021.0
NIPA,T10105,08,Fixed investment,Millions of dollars,1940,12186.0
NIPA,T10105,08,Fixed investment,Millions of dollars,1941,15039.0
NIPA,T10105,08,Fixed investment,Millions of dollars,1942,9856.0
NIPA,T10105,08,Fixed investment,Millions of dollars,1943,8151.0
NIPA,T10105,08,Fixed investment,Millions of dollars,1944,10104.0
NIPA,T10105,08,Fixed investment,Millions of dollars,1945,13877.0
NIPA,T10105,08,Fixed investment,Millions of dollars,1946,27118.0
NIPA,T10105,08,Fixed investment,Millions of dollars,1947,37681.0
NIPA,T10105,08,Fixed investment,Millions of dollars,1948,44689.0
NIPA,T10105,08,Fixed investment,Millions of dollars,1949,41791.0
NIPA,T10105,08,Fixed investment,Millions of dollars,1950,50761.0
NIPA,T10105,08,Fixed investment,Millions of dollars,1951,52848.0
NIPA,T10105,08,Fixed investment,Millions of dollars,1952,53759.0
NIPA,T10105,08,Fixed investment,Millions of dollars,1953,58466.0
NIPA,T10105,08,Fixed investment,Millions of dollars,1954,60007.0
NIPA,T10105,08,Fixed investment,Millions of dollars,1955,68767.0
NIPA,T10105,08,Fixed investment,Millions of dollars,1956,73735.0
NIPA,T10105,08,Fixed investment,Millions of dollars,1957,75728.0
NIPA,T10105,08,Fixed investment,Millions of dollars,1958,71313.0
NIPA,T10105,08,Fixed investment,Millions of dollars,1959,81752.0
NIPA,T10105,08,Fixed investment,Millions of dollars,1960,83245.0
NIPA,T10105,08,Fixed investment,Millions of dollars,1961,83610.0
NIPA,T10105,08,Fixed investment,Millions of dollars,1962,90876.0
NIPA,T10105,08,Fixed investment,Millions of dollars,1963,97663.0
NIPA,T10105,08,Fixed investment,Millions of dollars,1964,107329.0
NIPA,T10105,08,Fixed investment,Millions of dollars,1965,120398.0
NIPA,T10105,08,Fixed investment,Millions of dollars,1966,130551.99999999999
NIPA,T10105,08,Fixed investment,Millions of dollars,1967,132834.0
NIPA,T10105,08,Fixed investment,Millions of dollars,1968,147871.0
NIPA,T10105,08,Fixed investment,Millions of dollars,1969,164389.0
NIPA,T10105,08,Fixed investment,Millions of dollars,1970,168048.0
NIPA,T10105,08,Fixed investment,Millions of dollars,1971,188569.0
NIPA,T10105,08,Fixed investment,Millions of dollars,1972,219034.0
NIPA,T10105,08,Fixed investment,Millions of dollars,1973,251048.0
NIPA,T10105,08,Fixed investment,Millions of dollars,1974,260536.0
NIPA,T10105,08,Fixed investment,Millions of dollars,1975,263509.0
NIPA,T10105,08,Fixed investment,Millions of dollars,1976,306109.0
NIPA,T10105,08,Fixed investment,Millions of dollars,1977,374289.0
NIPA,T10105,08,Fixed investment,Millions of dollars,1978,452586.0
NIPA,T10105,08,Fixed investment,Millions of dollars,1979,521673.0
NIPA,T10105,08,Fixed investment,Millions of dollars,1980,536430.0
NIPA,T10105,08,Fixed investment,Millions of dollars,1981,601420.0
NIPA,T10105,08,Fixed investment,Millions of dollars,1982,595947.0
NIPA,T10105,08,Fixed investment,Millions of dollars,1983,643269.0
NIPA,T10105,08,Fixed investment,Millions of dollars,1984,754684.0
NIPA,T10105,08,Fixed investment,Millions of dollars,1985,807826.0
NIPA,T10105,08,Fixed investment,Millions of dollars,1986,842575.0
NIPA,T10105,08,Fixed investment,Millions of dollars,1987,865027.0
NIPA,T10105,08,Fixed investment,Millions of dollars,1988,918481.0
NIPA,T10105,08,Fixed investment,Millions of dollars,1989,972008.0
NIPA,T10105,08,Fixed investment,Millions of dollars,1990,978903.0
NIPA,T10105,08,Fixed investment,Millions of dollars,1991,944738.0
NIPA,T10105,08,Fixed investment,Millions of dollars,1992,996678.0
NIPA,T10105,08,Fixed investment,Millions of dollars,1993,1.086012e6
NIPA,T10105,08,Fixed investment,Millions of dollars,1994,1.1927e6
NIPA,T10105,08,Fixed investment,Millions of dollars,1995,1.286316e6
NIPA,T10105,08,Fixed investment,Millions of dollars,1996,1.401255e6
NIPA,T10105,08,Fixed investment,Millions of dollars,1997,1.524674e6
NIPA,T10105,08,Fixed investment,Millions of dollars,1998,1.672952e6
NIPA,T10105,08,Fixed investment,Millions of dollars,1999,1.826243e6
NIPA,T10105,08,Fixed investment,Millions of dollars,2000,1.983864e6
NIPA,T10105,08,Fixed investment,Millions of dollars,2001,1.973126e6
NIPA,T10105,08,Fixed investment,Millions of dollars,2002,1.910443e6
NIPA,T10105,08,Fixed investment,Millions of dollars,2003,2.012961e6
NIPA,T10105,08,Fixed investment,Millions of dollars,2004,2.217186e6
NIPA,T10105,08,Fixed investment,Millions of dollars,2005,2.477207e6
NIPA,T10105,08,Fixed investment,Millions of dollars,2006,2.631965e6
NIPA,T10105,08,Fixed investment,Millions of dollars,2007,2.63906e6
NIPA,T10105,08,Fixed investment,Millions of dollars,2008,2.506855e6
NIPA,T10105,08,Fixed investment,Millions of dollars,2009,2.080435e6
NIPA,T10105,08,Fixed investment,Millions of dollars,2010,2.111555e6
NIPA,T10105,08,Fixed investment,Millions of dollars,2011,2.2863e6
NIPA,T10105,08,Fixed investment,Millions of dollars,2012,2.550542e6
NIPA,T10105,08,Fixed investment,Millions of dollars,2013,2.73285e6
NIPA,T10105,08,Fixed investment,Millions of dollars,2014,2.989189e6
NIPA,T10105,08,Fixed investment,Millions of dollars,2015,3.148359e6
NIPA,T10105,08,Fixed investment,Millions of dollars,2016,3.239237e6
NIPA,T10105,08,Fixed investment,Millions of dollars,2017,3.43499e6
NIPA,T10105,08,Fixed investment,Millions of dollars,2018,3.668362e6
NIPA,T10105,08,Fixed investment,Millions of dollars,2019,3.820778e6
NIPA,T10105,08,Fixed investment,Millions of dollars,2020,3.793858e6
NIPA,T10105,08,Fixed investment,Millions of dollars,2021,4.219673e6
NIPA,T10105,08,Fixed investment,Millions of dollars,2022,4.663096e6
NIPA,T10105,08,Fixed investment,Millions of dollars,2023,4.970003e6
NIPA,T10105,08,Fixed investment,Millions of dollars,2024,5.205774e6
NIPA,T10105,08,Fixed investment,Millions of dollars,2025,5.44348e6
NIPA,T10105,09,Nonresidential fixed investment,Millions of dollars,1929,11560.0
NIPA,T10105,09,Nonresidential fixed investment,Millions of dollars,1930,9184.0
NIPA,T10105,09,Nonresidential fixed investment,Millions of dollars,1931,5762.0
NIPA,T10105,09,Nonresidential fixed investment,Millions of dollars,1932,3294.0
NIPA,T10105,09,Nonresidential fixed investment,Millions of dollars,1933,2955.0
NIPA,T10105,09,Nonresidential fixed investment,Millions of dollars,1934,3833.0
NIPA,T10105,09,Nonresidential fixed investment,Millions of dollars,1935,4829.0
NIPA,T10105,09,Nonresidential fixed investment,Millions of dollars,1936,6403.0
NIPA,T10105,09,Nonresidential fixed investment,Millions of dollars,1937,8180.0
NIPA,T10105,09,Nonresidential fixed investment,Millions of dollars,1938,6279.0
NIPA,T10105,09,Nonresidential fixed investment,Millions of dollars,1939,6871.0
NIPA,T10105,09,Nonresidential fixed investment,Millions of dollars,1940,8543.0
NIPA,T10105,09,Nonresidential fixed investment,Millions of dollars,1941,10823.0
NIPA,T10105,09,Nonresidential fixed investment,Millions of dollars,1942,7502.0
NIPA,T10105,09,Nonresidential fixed investment,Millions of dollars,1943,6583.0
NIPA,T10105,09,Nonresidential fixed investment,Millions of dollars,1944,8608.0
NIPA,T10105,09,Nonresidential fixed investment,Millions of dollars,1945,12054.0
NIPA,T10105,09,Nonresidential fixed investment,Millions of dollars,1946,19163.0
NIPA,T10105,09,Nonresidential fixed investment,Millions of dollars,1947,25473.0
NIPA,T10105,09,Nonresidential fixed investment,Millions of dollars,1948,28881.0
NIPA,T10105,09,Nonresidential fixed investment,Millions of dollars,1949,26950.0
NIPA,T10105,09,Nonresidential fixed investment,Millions of dollars,1950,30017.0
NIPA,T10105,09,Nonresidential fixed investment,Millions of dollars,1951,34187.0
NIPA,T10105,09,Nonresidential fixed investment,Millions of dollars,1952,34901.0
NIPA,T10105,09,Nonresidential fixed investment,Millions of dollars,1953,38768.0
NIPA,T10105,09,Nonresidential fixed investment,Millions of dollars,1954,38565.0
NIPA,T10105,09,Nonresidential fixed investment,Millions of dollars,1955,43364.0
NIPA,T10105,09,Nonresidential fixed investment,Millions of dollars,1956,49748.0
NIPA,T10105,09,Nonresidential fixed investment,Millions of dollars,1957,53097.0
NIPA,T10105,09,Nonresidential fixed investment,Millions of dollars,1958,48491.0
NIPA,T10105,09,Nonresidential fixed investment,Millions of dollars,1959,53124.0
NIPA,T10105,09,Nonresidential fixed investment,Millions of dollars,1960,56389.0
NIPA,T10105,09,Nonresidential fixed investment,Millions of dollars,1961,56599.0
NIPA,T10105,09,Nonresidential fixed investment,Millions of dollars,1962,61233.0
NIPA,T10105,09,Nonresidential fixed investment,Millions of dollars,1963,64808.00000000001
NIPA,T10105,09,Nonresidential fixed investment,Millions of dollars,1964,72229.0
NIPA,T10105,09,Nonresidential fixed investment,Millions of dollars,1965,85235.0
NIPA,T10105,09,Nonresidential fixed investment,Millions of dollars,1966,97174.0
NIPA,T10105,09,Nonresidential fixed investment,Millions of dollars,1967,99207.0
NIPA,T10105,09,Nonresidential fixed investment,Millions of dollars,1968,107672.0
NIPA,T10105,09,Nonresidential fixed investment,Millions of dollars,1969,120013.0
NIPA,T10105,09,Nonresidential fixed investment,Millions of dollars,1970,124638.0
NIPA,T10105,09,Nonresidential fixed investment,Millions of dollars,1971,130416.0
NIPA,T10105,09,Nonresidential fixed investment,Millions of dollars,1972,146635.0
NIPA,T10105,09,Nonresidential fixed investment,Millions of dollars,1973,172726.0
NIPA,T10105,09,Nonresidential fixed investment,Millions of dollars,1974,191070.0
NIPA,T10105,09,Nonresidential fixed investment,Millions of dollars,1975,196776.0
NIPA,T10105,09,Nonresidential fixed investment,Millions of dollars,1976,219346.0
NIPA,T10105,09,Nonresidential fixed investment,Millions of dollars,1977,259060.0
NIPA,T10105,09,Nonresidential fixed investment,Millions of dollars,1978,314576.0
NIPA,T10105,09,Nonresidential fixed investment,Millions of dollars,1979,373832.0
NIPA,T10105,09,Nonresidential fixed investment,Millions of dollars,1980,406910.0
NIPA,T10105,09,Nonresidential fixed investment,Millions of dollars,1981,472938.0
NIPA,T10105,09,Nonresidential fixed investment,Millions of dollars,1982,485099.0
NIPA,T10105,09,Nonresidential fixed investment,Millions of dollars,1983,482156.0
NIPA,T10105,09,Nonresidential fixed investment,Millions of dollars,1984,564320.0
NIPA,T10105,09,Nonresidential fixed investment,Millions of dollars,1985,607750.0
NIPA,T10105,09,Nonresidential fixed investment,Millions of dollars,1986,607763.0
NIPA,T10105,09,Nonresidential fixed investment,Millions of dollars,1987,615237.0
NIPA,T10105,09,Nonresidential fixed investment,Millions of dollars,1988,662280.0
NIPA,T10105,09,Nonresidential fixed investment,Millions of dollars,1989,715993.0
NIPA,T10105,09,Nonresidential fixed investment,Millions of dollars,1990,739234.0
NIPA,T10105,09,Nonresidential fixed investment,Millions of dollars,1991,723584.0
NIPA,T10105,09,Nonresidential fixed investment,Millions of dollars,1992,741937.0
NIPA,T10105,09,Nonresidential fixed investment,Millions of dollars,1993,799204.0
NIPA,T10105,09,Nonresidential fixed investment,Millions of dollars,1994,868853.0
NIPA,T10105,09,Nonresidential fixed investment,Millions of dollars,1995,962247.0
NIPA,T10105,09,Nonresidential fixed investment,Millions of dollars,1996,1.043194e6
NIPA,T10105,09,Nonresidential fixed investment,Millions of dollars,1997,1.149088e6
NIPA,T10105,09,Nonresidential fixed investment,Millions of dollars,1998,1.254144e6
NIPA,T10105,09,Nonresidential fixed investment,Millions of dollars,1999,1.364477e6
NIPA,T10105,09,Nonresidential fixed investment,Millions of dollars,2000,1.498432e6
NIPA,T10105,09,Nonresidential fixed investment,Millions of dollars,2001,1.460067e6
NIPA,T10105,09,Nonresidential fixed investment,Millions of dollars,2002,1.352848e6
NIPA,T10105,09,Nonresidential fixed investment,Millions of dollars,2003,1.37588e6
NIPA,T10105,09,Nonresidential fixed investment,Millions of dollars,2004,1.467369e6
NIPA,T10105,09,Nonresidential fixed investment,Millions of dollars,2005,1.620986e6
NIPA,T10105,09,Nonresidential fixed investment,Millions of dollars,2006,1.793801e6
NIPA,T10105,09,Nonresidential fixed investment,Millions of dollars,2007,1.948563e6
NIPA,T10105,09,Nonresidential fixed investment,Millions of dollars,2008,1.990871e6
NIPA,T10105,09,Nonresidential fixed investment,Millions of dollars,2009,1.690432e6
NIPA,T10105,09,Nonresidential fixed investment,Millions of dollars,2010,1.734981e6
NIPA,T10105,09,Nonresidential fixed investment,Millions of dollars,2011,1.907465e6
NIPA,T10105,09,Nonresidential fixed investment,Millions of dollars,2012,2.118527e6
NIPA,T10105,09,Nonresidential fixed investment,Millions of dollars,2013,2.221312e6
NIPA,T10105,09,Nonresidential fixed investment,Millions of dollars,2014,2.425155e6
NIPA,T10105,09,Nonresidential fixed investment,Millions of dollars,2015,2.507504e6
NIPA,T10105,09,Nonresidential fixed investment,Millions of dollars,2016,2.528995e6
NIPA,T10105,09,Nonresidential fixed investment,Millions of dollars,2017,2.6611e6
NIPA,T10105,09,Nonresidential fixed investment,Millions of dollars,2018,2.856471e6
NIPA,T10105,09,Nonresidential fixed investment,Millions of dollars,2019,2.993653e6
NIPA,T10105,09,Nonresidential fixed investment,Millions of dollars,2020,2.873312e6
NIPA,T10105,09,Nonresidential fixed investment,Millions of dollars,2021,3.087241e6
NIPA,T10105,09,Nonresidential fixed investment,Millions of dollars,2022,3.484561e6
NIPA,T10105,09,Nonresidential fixed investment,Millions of dollars,2023,3.855957e6
NIPA,T10105,09,Nonresidential fixed investment,Millions of dollars,2024,4.022935e6
NIPA,T10105,09,Nonresidential fixed investment,Millions of dollars,2025,4.250804e6
NIPA,T10105,10,Structures,Millions of dollars,1929,5491.0
NIPA,T10105,10,Structures,Millions of dollars,1930,4448.0
NIPA,T10105,10,Structures,Millions of dollars,1931,2619.0
NIPA,T10105,10,Structures,Millions of dollars,1932,1392.0
NIPA,T10105,10,Structures,Millions of dollars,1933,1091.0
NIPA,T10105,10,Structures,Millions of dollars,1934,1234.0
NIPA,T10105,10,Structures,Millions of dollars,1935,1433.0
NIPA,T10105,10,Structures,Millions of dollars,1936,1878.0
NIPA,T10105,10,Structures,Millions of dollars,1937,2706.0
NIPA,T10105,10,Structures,Millions of dollars,1938,2124.0
NIPA,T10105,10,Structures,Millions of dollars,1939,2217.0
NIPA,T10105,10,Structures,Millions of dollars,1940,2557.0
NIPA,T10105,10,Structures,Millions of dollars,1941,3250.0
NIPA,T10105,10,Structures,Millions of dollars,1942,2241.0
NIPA,T10105,10,Structures,Millions of dollars,1943,1770.0
NIPA,T10105,10,Structures,Millions of dollars,1944,2369.0
NIPA,T10105,10,Structures,Millions of dollars,1945,3336.0
NIPA,T10105,10,Structures,Millions of dollars,1946,7381.0
NIPA,T10105,10,Structures,Millions of dollars,1947,8137.0
NIPA,T10105,10,Structures,Millions of dollars,1948,9526.0
NIPA,T10105,10,Structures,Millions of dollars,1949,9178.0
NIPA,T10105,10,Structures,Millions of dollars,1950,9957.0
NIPA,T10105,10,Structures,Millions of dollars,1951,11954.0
NIPA,T10105,10,Structures,Millions of dollars,1952,12224.0
NIPA,T10105,10,Structures,Millions of dollars,1953,13570.0
NIPA,T10105,10,Structures,Millions of dollars,1954,13865.0
NIPA,T10105,10,Structures,Millions of dollars,1955,15157.0
NIPA,T10105,10,Structures,Millions of dollars,1956,18180.0
NIPA,T10105,10,Structures,Millions of dollars,1957,18950.0
NIPA,T10105,10,Structures,Millions of dollars,1958,17629.0
NIPA,T10105,10,Structures,Millions of dollars,1959,18149.0
NIPA,T10105,10,Structures,Millions of dollars,1960,19568.0
NIPA,T10105,10,Structures,Millions of dollars,1961,19715.0
NIPA,T10105,10,Structures,Millions of dollars,1962,20778.0
NIPA,T10105,10,Structures,Millions of dollars,1963,21199.0
NIPA,T10105,10,Structures,Millions of dollars,1964,23737.0
NIPA,T10105,10,Structures,Millions of dollars,1965,28321.0
NIPA,T10105,10,Structures,Millions of dollars,1966,31349.0
NIPA,T10105,10,Structures,Millions of dollars,1967,31511.0
NIPA,T10105,10,Structures,Millions of dollars,1968,33557.0
NIPA,T10105,10,Structures,Millions of dollars,1969,37699.0
NIPA,T10105,10,Structures,Millions of dollars,1970,40287.0
NIPA,T10105,10,Structures,Millions of dollars,1971,42679.0
NIPA,T10105,10,Structures,Millions of dollars,1972,47173.0
NIPA,T10105,10,Structures,Millions of dollars,1973,54983.0
NIPA,T10105,10,Structures,Millions of dollars,1974,61237.0
NIPA,T10105,10,Structures,Millions of dollars,1975,61350.0
NIPA,T10105,10,Structures,Millions of dollars,1976,65915.0
NIPA,T10105,10,Structures,Millions of dollars,1977,74578.0
NIPA,T10105,10,Structures,Millions of dollars,1978,93584.0
NIPA,T10105,10,Structures,Millions of dollars,1979,117701.0
NIPA,T10105,10,Structures,Millions of dollars,1980,136170.0
NIPA,T10105,10,Structures,Millions of dollars,1981,167314.0
NIPA,T10105,10,Structures,Millions of dollars,1982,177564.0
NIPA,T10105,10,Structures,Millions of dollars,1983,154344.0
NIPA,T10105,10,Structures,Millions of dollars,1984,177397.0
NIPA,T10105,10,Structures,Millions of dollars,1985,194518.0
NIPA,T10105,10,Structures,Millions of dollars,1986,176527.0
NIPA,T10105,10,Structures,Millions of dollars,1987,174202.0
NIPA,T10105,10,Structures,Millions of dollars,1988,182790.0
NIPA,T10105,10,Structures,Millions of dollars,1989,193716.0
NIPA,T10105,10,Structures,Millions of dollars,1990,202917.0
NIPA,T10105,10,Structures,Millions of dollars,1991,183606.0
NIPA,T10105,10,Structures,Millions of dollars,1992,172572.0
NIPA,T10105,10,Structures,Millions of dollars,1993,177151.0
NIPA,T10105,10,Structures,Millions of dollars,1994,186768.0
NIPA,T10105,10,Structures,Millions of dollars,1995,207270.0
NIPA,T10105,10,Structures,Millions of dollars,1996,224583.0
NIPA,T10105,10,Structures,Millions of dollars,1997,250265.0
NIPA,T10105,10,Structures,Millions of dollars,1998,276004.0
NIPA,T10105,10,Structures,Millions of dollars,1999,285724.0
NIPA,T10105,10,Structures,Millions of dollars,2000,321005.0
NIPA,T10105,10,Structures,Millions of dollars,2001,333510.0
NIPA,T10105,10,Structures,Millions of dollars,2002,286986.0
NIPA,T10105,10,Structures,Millions of dollars,2003,286605.0
NIPA,T10105,10,Structures,Millions of dollars,2004,307653.0
NIPA,T10105,10,Structures,Millions of dollars,2005,352958.0
NIPA,T10105,10,Structures,Millions of dollars,2006,425186.0
NIPA,T10105,10,Structures,Millions of dollars,2007,510302.0
NIPA,T10105,10,Structures,Millions of dollars,2008,571107.0
NIPA,T10105,10,Structures,Millions of dollars,2009,455817.0
NIPA,T10105,10,Structures,Millions of dollars,2010,379784.0
NIPA,T10105,10,Structures,Millions of dollars,2011,404457.0
NIPA,T10105,10,Structures,Millions of dollars,2012,479435.0
NIPA,T10105,10,Structures,Millions of dollars,2013,491463.0
NIPA,T10105,10,Structures,Millions of dollars,2014,574608.0
NIPA,T10105,10,Structures,Millions of dollars,2015,584524.0
NIPA,T10105,10,Structures,Millions of dollars,2016,566206.0
NIPA,T10105,10,Structures,Millions of dollars,2017,594900.0
NIPA,T10105,10,Structures,Millions of dollars,2018,636633.0
NIPA,T10105,10,Structures,Millions of dollars,2019,677866.0
NIPA,T10105,10,Structures,Millions of dollars,2020,624609.0
NIPA,T10105,10,Structures,Millions of dollars,2021,627872.0
NIPA,T10105,10,Structures,Millions of dollars,2022,755106.0
NIPA,T10105,10,Structures,Millions of dollars,2023,926792.0
NIPA,T10105,10,Structures,Millions of dollars,2024,934799.0
NIPA,T10105,10,Structures,Millions of dollars,2025,893430.0
NIPA,T10105,11,Equipment,Millions of dollars,1929,5492.0
NIPA,T10105,11,Equipment,Millions of dollars,1930,4180.0
NIPA,T10105,11,Equipment,Millions of dollars,1931,2643.0
NIPA,T10105,11,Equipment,Millions of dollars,1932,1460.0
NIPA,T10105,11,Equipment,Millions of dollars,1933,1436.0
NIPA,T10105,11,Equipment,Millions of dollars,1934,2098.0
NIPA,T10105,11,Equipment,Millions of dollars,1935,2833.0
NIPA,T10105,11,Equipment,Millions of dollars,1936,3881.0
NIPA,T10105,11,Equipment,Millions of dollars,1937,4770.0
NIPA,T10105,11,Equipment,Millions of dollars,1938,3401.0
NIPA,T10105,11,Equipment,Millions of dollars,1939,3883.0
NIPA,T10105,11,Equipment,Millions of dollars,1940,5167.0
NIPA,T10105,11,Equipment,Millions of dollars,1941,6443.0
NIPA,T10105,11,Equipment,Millions of dollars,1942,4065.0000000000005
NIPA,T10105,11,Equipment,Millions of dollars,1943,3671.0
NIPA,T10105,11,Equipment,Millions of dollars,1944,5002.0
NIPA,T10105,11,Equipment,Millions of dollars,1945,7285.0
NIPA,T10105,11,Equipment,Millions of dollars,1946,9945.0
NIPA,T10105,11,Equipment,Millions of dollars,1947,15316.0
NIPA,T10105,11,Equipment,Millions of dollars,1948,17280.0
NIPA,T10105,11,Equipment,Millions of dollars,1949,15732.0
NIPA,T10105,11,Equipment,Millions of dollars,1950,17799.0
NIPA,T10105,11,Equipment,Millions of dollars,1951,19874.0
NIPA,T10105,11,Equipment,Millions of dollars,1952,19694.0
NIPA,T10105,11,Equipment,Millions of dollars,1953,21531.0
NIPA,T10105,11,Equipment,Millions of dollars,1954,20812.0
NIPA,T10105,11,Equipment,Millions of dollars,1955,23888.0
NIPA,T10105,11,Equipment,Millions of dollars,1956,26343.0
NIPA,T10105,11,Equipment,Millions of dollars,1957,28561.0
NIPA,T10105,11,Equipment,Millions of dollars,1958,24876.0
NIPA,T10105,11,Equipment,Millions of dollars,1959,28345.0
NIPA,T10105,11,Equipment,Millions of dollars,1960,29679.0
NIPA,T10105,11,Equipment,Millions of dollars,1961,28904.0
NIPA,T10105,11,Equipment,Millions of dollars,1962,32055.999999999996
NIPA,T10105,11,Equipment,Millions of dollars,1963,34367.0
NIPA,T10105,11,Equipment,Millions of dollars,1964,38684.0
NIPA,T10105,11,Equipment,Millions of dollars,1965,45779.0
NIPA,T10105,11,Equipment,Millions of dollars,1966,53023.0
NIPA,T10105,11,Equipment,Millions of dollars,1967,53693.0
NIPA,T10105,11,Equipment,Millions of dollars,1968,58532.0
NIPA,T10105,11,Equipment,Millions of dollars,1969,65163.0
NIPA,T10105,11,Equipment,Millions of dollars,1970,66404.0
NIPA,T10105,11,Equipment,Millions of dollars,1971,69059.0
NIPA,T10105,11,Equipment,Millions of dollars,1972,78885.0
NIPA,T10105,11,Equipment,Millions of dollars,1973,95062.0
NIPA,T10105,11,Equipment,Millions of dollars,1974,104316.0
NIPA,T10105,11,Equipment,Millions of dollars,1975,107615.0
NIPA,T10105,11,Equipment,Millions of dollars,1976,121242.0
NIPA,T10105,11,Equipment,Millions of dollars,1977,148665.0
NIPA,T10105,11,Equipment,Millions of dollars,1978,180634.0
NIPA,T10105,11,Equipment,Millions of dollars,1979,208062.0
NIPA,T10105,11,Equipment,Millions of dollars,1980,216386.0
NIPA,T10105,11,Equipment,Millions of dollars,1981,240852.0
NIPA,T10105,11,Equipment,Millions of dollars,1982,234862.0
NIPA,T10105,11,Equipment,Millions of dollars,1983,246470.0
NIPA,T10105,11,Equipment,Millions of dollars,1984,291874.0
NIPA,T10105,11,Equipment,Millions of dollars,1985,307905.0
NIPA,T10105,11,Equipment,Millions of dollars,1986,317693.0
NIPA,T10105,11,Equipment,Millions of dollars,1987,320919.0
NIPA,T10105,11,Equipment,Millions of dollars,1988,346816.0
NIPA,T10105,11,Equipment,Millions of dollars,1989,372160.0
NIPA,T10105,11,Equipment,Millions of dollars,1990,371891.0
NIPA,T10105,11,Equipment,Millions of dollars,1991,360849.0
NIPA,T10105,11,Equipment,Millions of dollars,1992,381698.0
NIPA,T10105,11,Equipment,Millions of dollars,1993,425141.0
NIPA,T10105,11,Equipment,Millions of dollars,1994,476380.0
NIPA,T10105,11,Equipment,Millions of dollars,1995,528128.0
NIPA,T10105,11,Equipment,Millions of dollars,1996,565309.0
NIPA,T10105,11,Equipment,Millions of dollars,1997,610859.0
NIPA,T10105,11,Equipment,Millions of dollars,1998,660014.0
NIPA,T10105,11,Equipment,Millions of dollars,1999,713626.0
NIPA,T10105,11,Equipment,Millions of dollars,2000,766088.0
NIPA,T10105,11,Equipment,Millions of dollars,2001,711517.0
NIPA,T10105,11,Equipment,Millions of dollars,2002,659640.0
NIPA,T10105,11,Equipment,Millions of dollars,2003,670618.0
NIPA,T10105,11,Equipment,Millions of dollars,2004,721896.0
NIPA,T10105,11,Equipment,Millions of dollars,2005,794894.0
NIPA,T10105,11,Equipment,Millions of dollars,2006,862283.0
NIPA,T10105,11,Equipment,Millions of dollars,2007,893432.0
NIPA,T10105,11,Equipment,Millions of dollars,2008,845381.0
NIPA,T10105,11,Equipment,Millions of dollars,2009,670261.0
NIPA,T10105,11,Equipment,Millions of dollars,2010,777027.0
NIPA,T10105,11,Equipment,Millions of dollars,2011,881274.0
NIPA,T10105,11,Equipment,Millions of dollars,2012,983401.0
NIPA,T10105,11,Equipment,Millions of dollars,2013,1.03525e6
NIPA,T10105,11,Equipment,Millions of dollars,2014,1.109086e6
NIPA,T10105,11,Equipment,Millions of dollars,2015,1.144101e6
NIPA,T10105,11,Equipment,Millions of dollars,2016,1.119782e6
NIPA,T10105,11,Equipment,Millions of dollars,2017,1.159953e6
NIPA,T10105,11,Equipment,Millions of dollars,2018,1.22762e6
NIPA,T10105,11,Equipment,Millions of dollars,2019,1.240901e6
NIPA,T10105,11,Equipment,Millions of dollars,2020,1.112497e6
NIPA,T10105,11,Equipment,Millions of dollars,2021,1.196318e6
NIPA,T10105,11,Equipment,Millions of dollars,2022,1.305765e6
NIPA,T10105,11,Equipment,Millions of dollars,2023,1.404659e6
NIPA,T10105,11,Equipment,Millions of dollars,2024,1.484254e6
NIPA,T10105,11,Equipment,Millions of dollars,2025,1.643718e6
NIPA,T10105,12,Intellectual property products,Millions of dollars,1929,577.0
NIPA,T10105,12,Intellectual property products,Millions of dollars,1930,556.0
NIPA,T10105,12,Intellectual property products,Millions of dollars,1931,500.0
NIPA,T10105,12,Intellectual property products,Millions of dollars,1932,442.0
NIPA,T10105,12,Intellectual property products,Millions of dollars,1933,428.0
NIPA,T10105,12,Intellectual property products,Millions of dollars,1934,501.0
NIPA,T10105,12,Intellectual property products,Millions of dollars,1935,563.0
NIPA,T10105,12,Intellectual property products,Millions of dollars,1936,644.0
NIPA,T10105,12,Intellectual property products,Millions of dollars,1937,704.0
NIPA,T10105,12,Intellectual property products,Millions of dollars,1938,754.0
NIPA,T10105,12,Intellectual property products,Millions of dollars,1939,771.0
NIPA,T10105,12,Intellectual property products,Millions of dollars,1940,819.0
NIPA,T10105,12,Intellectual property products,Millions of dollars,1941,1130.0
NIPA,T10105,12,Intellectual property products,Millions of dollars,1942,1196.0
NIPA,T10105,12,Intellectual property products,Millions of dollars,1943,1142.0
NIPA,T10105,12,Intellectual property products,Millions of dollars,1944,1237.0
NIPA,T10105,12,Intellectual property products,Millions of dollars,1945,1433.0
NIPA,T10105,12,Intellectual property products,Millions of dollars,1946,1837.0
NIPA,T10105,12,Intellectual property products,Millions of dollars,1947,2020.0
NIPA,T10105,12,Intellectual property products,Millions of dollars,1948,2075.0
NIPA,T10105,12,Intellectual property products,Millions of dollars,1949,2040.0
NIPA,T10105,12,Intellectual property products,Millions of dollars,1950,2261.0
NIPA,T10105,12,Intellectual property products,Millions of dollars,1951,2359.0
NIPA,T10105,12,Intellectual property products,Millions of dollars,1952,2983.0
NIPA,T10105,12,Intellectual property products,Millions of dollars,1953,3667.0
NIPA,T10105,12,Intellectual property products,Millions of dollars,1954,3888.0
NIPA,T10105,12,Intellectual property products,Millions of dollars,1955,4318.0
NIPA,T10105,12,Intellectual property products,Millions of dollars,1956,5225.0
NIPA,T10105,12,Intellectual property products,Millions of dollars,1957,5586.0
NIPA,T10105,12,Intellectual property products,Millions of dollars,1958,5986.0
NIPA,T10105,12,Intellectual property products,Millions of dollars,1959,6630.0
NIPA,T10105,12,Intellectual property products,Millions of dollars,1960,7142.0
NIPA,T10105,12,Intellectual property products,Millions of dollars,1961,7979.0
NIPA,T10105,12,Intellectual property products,Millions of dollars,1962,8399.0
NIPA,T10105,12,Intellectual property products,Millions of dollars,1963,9243.0
NIPA,T10105,12,Intellectual property products,Millions of dollars,1964,9808.0
NIPA,T10105,12,Intellectual property products,Millions of dollars,1965,11135.0
NIPA,T10105,12,Intellectual property products,Millions of dollars,1966,12802.0
NIPA,T10105,12,Intellectual property products,Millions of dollars,1967,14003.0
NIPA,T10105,12,Intellectual property products,Millions of dollars,1968,15582.0
NIPA,T10105,12,Intellectual property products,Millions of dollars,1969,17152.0
NIPA,T10105,12,Intellectual property products,Millions of dollars,1970,17947.0
NIPA,T10105,12,Intellectual property products,Millions of dollars,1971,18678.0
NIPA,T10105,12,Intellectual property products,Millions of dollars,1972,20577.0
NIPA,T10105,12,Intellectual property products,Millions of dollars,1973,22681.0
NIPA,T10105,12,Intellectual property products,Millions of dollars,1974,25517.0
NIPA,T10105,12,Intellectual property products,Millions of dollars,1975,27811.0
NIPA,T10105,12,Intellectual property products,Millions of dollars,1976,32189.0
NIPA,T10105,12,Intellectual property products,Millions of dollars,1977,35817.0
NIPA,T10105,12,Intellectual property products,Millions of dollars,1978,40358.0
NIPA,T10105,12,Intellectual property products,Millions of dollars,1979,48068.0
NIPA,T10105,12,Intellectual property products,Millions of dollars,1980,54354.0
NIPA,T10105,12,Intellectual property products,Millions of dollars,1981,64772.99999999999
NIPA,T10105,12,Intellectual property products,Millions of dollars,1982,72674.0
NIPA,T10105,12,Intellectual property products,Millions of dollars,1983,81343.0
NIPA,T10105,12,Intellectual property products,Millions of dollars,1984,95048.0
NIPA,T10105,12,Intellectual property products,Millions of dollars,1985,105327.0
NIPA,T10105,12,Intellectual property products,Millions of dollars,1986,113543.0
NIPA,T10105,12,Intellectual property products,Millions of dollars,1987,120116.0
NIPA,T10105,12,Intellectual property products,Millions of dollars,1988,132674.0
NIPA,T10105,12,Intellectual property products,Millions of dollars,1989,150117.0
NIPA,T10105,12,Intellectual property products,Millions of dollars,1990,164426.0
NIPA,T10105,12,Intellectual property products,Millions of dollars,1991,179129.0
NIPA,T10105,12,Intellectual property products,Millions of dollars,1992,187667.0
NIPA,T10105,12,Intellectual property products,Millions of dollars,1993,196912.0
NIPA,T10105,12,Intellectual property products,Millions of dollars,1994,205705.0
NIPA,T10105,12,Intellectual property products,Millions of dollars,1995,226849.0
NIPA,T10105,12,Intellectual property products,Millions of dollars,1996,253303.0
NIPA,T10105,12,Intellectual property products,Millions of dollars,1997,287964.0
NIPA,T10105,12,Intellectual property products,Millions of dollars,1998,318126.0
NIPA,T10105,12,Intellectual property products,Millions of dollars,1999,365127.0
NIPA,T10105,12,Intellectual property products,Millions of dollars,2000,411339.0
NIPA,T10105,12,Intellectual property products,Millions of dollars,2001,415040.0
NIPA,T10105,12,Intellectual property products,Millions of dollars,2002,406222.0
NIPA,T10105,12,Intellectual property products,Millions of dollars,2003,418656.0
NIPA,T10105,12,Intellectual property products,Millions of dollars,2004,437819.0
NIPA,T10105,12,Intellectual property products,Millions of dollars,2005,473134.0
NIPA,T10105,12,Intellectual property products,Millions of dollars,2006,506332.0
NIPA,T10105,12,Intellectual property products,Millions of dollars,2007,544828.0
NIPA,T10105,12,Intellectual property products,Millions of dollars,2008,574384.0
NIPA,T10105,12,Intellectual property products,Millions of dollars,2009,564354.0
NIPA,T10105,12,Intellectual property products,Millions of dollars,2010,578170.0
NIPA,T10105,12,Intellectual property products,Millions of dollars,2011,621733.0
NIPA,T10105,12,Intellectual property products,Millions of dollars,2012,655691.0
NIPA,T10105,12,Intellectual property products,Millions of dollars,2013,694599.0
NIPA,T10105,12,Intellectual property products,Millions of dollars,2014,741461.0
NIPA,T10105,12,Intellectual property products,Millions of dollars,2015,778879.0
NIPA,T10105,12,Intellectual property products,Millions of dollars,2016,843007.0
NIPA,T10105,12,Intellectual property products,Millions of dollars,2017,906246.0
NIPA,T10105,12,Intellectual property products,Millions of dollars,2018,992217.0
NIPA,T10105,12,Intellectual property products,Millions of dollars,2019,1.074887e6
NIPA,T10105,12,Intellectual property products,Millions of dollars,2020,1.136206e6
NIPA,T10105,12,Intellectual property products,Millions of dollars,2021,1.263051e6
NIPA,T10105,12,Intellectual property products,Millions of dollars,2022,1.42369e6
NIPA,T10105,12,Intellectual property products,Millions of dollars,2023,1.524507e6
NIPA,T10105,12,Intellectual property products,Millions of dollars,2024,1.603882e6
NIPA,T10105,12,Intellectual property products,Millions of dollars,2025,1.713656e6
NIPA,T10105,13,Residential fixed investment,Millions of dollars,1929,4070.9999999999995
NIPA,T10105,13,Residential fixed investment,Millions of dollars,1930,2467.0
NIPA,T10105,13,Residential fixed investment,Millions of dollars,1931,1899.0
NIPA,T10105,13,Residential fixed investment,Millions of dollars,1932,875.0
NIPA,T10105,13,Residential fixed investment,Millions of dollars,1933,724.0
NIPA,T10105,13,Residential fixed investment,Millions of dollars,1934,1043.0
NIPA,T10105,13,Residential fixed investment,Millions of dollars,1935,1400.0
NIPA,T10105,13,Residential fixed investment,Millions of dollars,1936,1826.0
NIPA,T10105,13,Residential fixed investment,Millions of dollars,1937,2161.0
NIPA,T10105,13,Residential fixed investment,Millions of dollars,1938,2239.0
NIPA,T10105,13,Residential fixed investment,Millions of dollars,1939,3151.0
NIPA,T10105,13,Residential fixed investment,Millions of dollars,1940,3643.0
NIPA,T10105,13,Residential fixed investment,Millions of dollars,1941,4216.0
NIPA,T10105,13,Residential fixed investment,Millions of dollars,1942,2353.0
NIPA,T10105,13,Residential fixed investment,Millions of dollars,1943,1568.0
NIPA,T10105,13,Residential fixed investment,Millions of dollars,1944,1496.0
NIPA,T10105,13,Residential fixed investment,Millions of dollars,1945,1823.0
NIPA,T10105,13,Residential fixed investment,Millions of dollars,1946,7955.0
NIPA,T10105,13,Residential fixed investment,Millions of dollars,1947,12209.0
NIPA,T10105,13,Residential fixed investment,Millions of dollars,1948,15808.0
NIPA,T10105,13,Residential fixed investment,Millions of dollars,1949,14841.0
NIPA,T10105,13,Residential fixed investment,Millions of dollars,1950,20744.0
NIPA,T10105,13,Residential fixed investment,Millions of dollars,1951,18661.0
NIPA,T10105,13,Residential fixed investment,Millions of dollars,1952,18858.0
NIPA,T10105,13,Residential fixed investment,Millions of dollars,1953,19699.0
NIPA,T10105,13,Residential fixed investment,Millions of dollars,1954,21442.0
NIPA,T10105,13,Residential fixed investment,Millions of dollars,1955,25403.0
NIPA,T10105,13,Residential fixed investment,Millions of dollars,1956,23987.0
NIPA,T10105,13,Residential fixed investment,Millions of dollars,1957,22631.0
NIPA,T10105,13,Residential fixed investment,Millions of dollars,1958,22823.0
NIPA,T10105,13,Residential fixed investment,Millions of dollars,1959,28628.0
NIPA,T10105,13,Residential fixed investment,Millions of dollars,1960,26856.0
NIPA,T10105,13,Residential fixed investment,Millions of dollars,1961,27011.0
NIPA,T10105,13,Residential fixed investment,Millions of dollars,1962,29643.0
NIPA,T10105,13,Residential fixed investment,Millions of dollars,1963,32855.0
NIPA,T10105,13,Residential fixed investment,Millions of dollars,1964,35100.0
NIPA,T10105,13,Residential fixed investment,Millions of dollars,1965,35163.0
NIPA,T10105,13,Residential fixed investment,Millions of dollars,1966,33378.0
NIPA,T10105,13,Residential fixed investment,Millions of dollars,1967,33627.0
NIPA,T10105,13,Residential fixed investment,Millions of dollars,1968,40199.0
NIPA,T10105,13,Residential fixed investment,Millions of dollars,1969,44375.0
NIPA,T10105,13,Residential fixed investment,Millions of dollars,1970,43411.0
NIPA,T10105,13,Residential fixed investment,Millions of dollars,1971,58153.0
NIPA,T10105,13,Residential fixed investment,Millions of dollars,1972,72399.0
NIPA,T10105,13,Residential fixed investment,Millions of dollars,1973,78322.0
NIPA,T10105,13,Residential fixed investment,Millions of dollars,1974,69467.0
NIPA,T10105,13,Residential fixed investment,Millions of dollars,1975,66733.0
NIPA,T10105,13,Residential fixed investment,Millions of dollars,1976,86762.0
NIPA,T10105,13,Residential fixed investment,Millions of dollars,1977,115229.0
NIPA,T10105,13,Residential fixed investment,Millions of dollars,1978,138010.0
NIPA,T10105,13,Residential fixed investment,Millions of dollars,1979,147841.0
NIPA,T10105,13,Residential fixed investment,Millions of dollars,1980,129520.00000000001
NIPA,T10105,13,Residential fixed investment,Millions of dollars,1981,128482.0
NIPA,T10105,13,Residential fixed investment,Millions of dollars,1982,110848.0
NIPA,T10105,13,Residential fixed investment,Millions of dollars,1983,161113.0
NIPA,T10105,13,Residential fixed investment,Millions of dollars,1984,190364.0
NIPA,T10105,13,Residential fixed investment,Millions of dollars,1985,200077.0
NIPA,T10105,13,Residential fixed investment,Millions of dollars,1986,234812.0
NIPA,T10105,13,Residential fixed investment,Millions of dollars,1987,249790.0
NIPA,T10105,13,Residential fixed investment,Millions of dollars,1988,256200.0
NIPA,T10105,13,Residential fixed investment,Millions of dollars,1989,256014.0
NIPA,T10105,13,Residential fixed investment,Millions of dollars,1990,239669.0
NIPA,T10105,13,Residential fixed investment,Millions of dollars,1991,221153.0
NIPA,T10105,13,Residential fixed investment,Millions of dollars,1992,254741.0
NIPA,T10105,13,Residential fixed investment,Millions of dollars,1993,286808.0
NIPA,T10105,13,Residential fixed investment,Millions of dollars,1994,323847.0
NIPA,T10105,13,Residential fixed investment,Millions of dollars,1995,324069.0
NIPA,T10105,13,Residential fixed investment,Millions of dollars,1996,358061.0
NIPA,T10105,13,Residential fixed investment,Millions of dollars,1997,375585.0
NIPA,T10105,13,Residential fixed investment,Millions of dollars,1998,418807.0
NIPA,T10105,13,Residential fixed investment,Millions of dollars,1999,461766.0
NIPA,T10105,13,Residential fixed investment,Millions of dollars,2000,485432.0
NIPA,T10105,13,Residential fixed investment,Millions of dollars,2001,513058.99999999994
NIPA,T10105,13,Residential fixed investment,Millions of dollars,2002,557594.0
NIPA,T10105,13,Residential fixed investment,Millions of dollars,2003,637082.0
NIPA,T10105,13,Residential fixed investment,Millions of dollars,2004,749817.0
NIPA,T10105,13,Residential fixed investment,Millions of dollars,2005,856221.0
NIPA,T10105,13,Residential fixed investment,Millions of dollars,2006,838164.0
NIPA,T10105,13,Residential fixed investment,Millions of dollars,2007,690497.0
NIPA,T10105,13,Residential fixed investment,Millions of dollars,2008,515984.00000000006
NIPA,T10105,13,Residential fixed investment,Millions of dollars,2009,390004.0
NIPA,T10105,13,Residential fixed investment,Millions of dollars,2010,376575.0
NIPA,T10105,13,Residential fixed investment,Millions of dollars,2011,378836.0
NIPA,T10105,13,Residential fixed investment,Millions of dollars,2012,432015.0
NIPA,T10105,13,Residential fixed investment,Millions of dollars,2013,511538.0
NIPA,T10105,13,Residential fixed investment,Millions of dollars,2014,564034.0
NIPA,T10105,13,Residential fixed investment,Millions of dollars,2015,640855.0
NIPA,T10105,13,Residential fixed investment,Millions of dollars,2016,710242.0
NIPA,T10105,13,Residential fixed investment,Millions of dollars,2017,773891.0
NIPA,T10105,13,Residential fixed investment,Millions of dollars,2018,811892.0
NIPA,T10105,13,Residential fixed investment,Millions of dollars,2019,827125.0
NIPA,T10105,13,Residential fixed investment,Millions of dollars,2020,920546.0
NIPA,T10105,13,Residential fixed investment,Millions of dollars,2021,1.132432e6
NIPA,T10105,13,Residential fixed investment,Millions of dollars,2022,1.178535e6
NIPA,T10105,13,Residential fixed investment,Millions of dollars,2023,1.114045e6
NIPA,T10105,13,Residential fixed investment,Millions of dollars,2024,1.182839e6
NIPA,T10105,13,Residential fixed investment,Millions of dollars,2025,1.192676e6
NIPA,T10105,14,Change in private inventories,Millions of dollars,1929,1539.0
NIPA,T10105,14,Change in private inventories,Millions of dollars,1930,-223.0
NIPA,T10105,14,Change in private inventories,Millions of dollars,1931,-1112.0
NIPA,T10105,14,Change in private inventories,Millions of dollars,1932,-2351.0
NIPA,T10105,14,Change in private inventories,Millions of dollars,1933,-1404.0
NIPA,T10105,14,Change in private inventories,Millions of dollars,1934,-580.0
NIPA,T10105,14,Change in private inventories,Millions of dollars,1935,1141.0
NIPA,T10105,14,Change in private inventories,Millions of dollars,1936,1161.0
NIPA,T10105,14,Change in private inventories,Millions of dollars,1937,2626.0
NIPA,T10105,14,Change in private inventories,Millions of dollars,1938,-575.0
NIPA,T10105,14,Change in private inventories,Millions of dollars,1939,208.0
NIPA,T10105,14,Change in private inventories,Millions of dollars,1940,2393.0
NIPA,T10105,14,Change in private inventories,Millions of dollars,1941,4330.0
NIPA,T10105,14,Change in private inventories,Millions of dollars,1942,1906.0
NIPA,T10105,14,Change in private inventories,Millions of dollars,1943,-746.0
NIPA,T10105,14,Change in private inventories,Millions of dollars,1944,-924.0
NIPA,T10105,14,Change in private inventories,Millions of dollars,1945,-1477.0
NIPA,T10105,14,Change in private inventories,Millions of dollars,1946,6011.0
NIPA,T10105,14,Change in private inventories,Millions of dollars,1947,-551.0
NIPA,T10105,14,Change in private inventories,Millions of dollars,1948,5659.0
NIPA,T10105,14,Change in private inventories,Millions of dollars,1949,-2692.0
NIPA,T10105,14,Change in private inventories,Millions of dollars,1950,5769.0
NIPA,T10105,14,Change in private inventories,Millions of dollars,1951,9911.0
NIPA,T10105,14,Change in private inventories,Millions of dollars,1952,3514.0
NIPA,T10105,14,Change in private inventories,Millions of dollars,1953,1948.0
NIPA,T10105,14,Change in private inventories,Millions of dollars,1954,-1937.0
NIPA,T10105,14,Change in private inventories,Millions of dollars,1955,4987.0
NIPA,T10105,14,Change in private inventories,Millions of dollars,1956,3950.0
NIPA,T10105,14,Change in private inventories,Millions of dollars,1957,777.0
NIPA,T10105,14,Change in private inventories,Millions of dollars,1958,-366.0
NIPA,T10105,14,Change in private inventories,Millions of dollars,1959,3917.0
NIPA,T10105,14,Change in private inventories,Millions of dollars,1960,3232.0
NIPA,T10105,14,Change in private inventories,Millions of dollars,1961,2974.0
NIPA,T10105,14,Change in private inventories,Millions of dollars,1962,6101.0
NIPA,T10105,14,Change in private inventories,Millions of dollars,1963,5621.0
NIPA,T10105,14,Change in private inventories,Millions of dollars,1964,4821.0
NIPA,T10105,14,Change in private inventories,Millions of dollars,1965,9247.0
NIPA,T10105,14,Change in private inventories,Millions of dollars,1966,13636.0
NIPA,T10105,14,Change in private inventories,Millions of dollars,1967,9866.0
NIPA,T10105,14,Change in private inventories,Millions of dollars,1968,9053.0
NIPA,T10105,14,Change in private inventories,Millions of dollars,1969,9173.0
NIPA,T10105,14,Change in private inventories,Millions of dollars,1970,2001.0
NIPA,T10105,14,Change in private inventories,Millions of dollars,1971,8256.0
NIPA,T10105,14,Change in private inventories,Millions of dollars,1972,9107.0
NIPA,T10105,14,Change in private inventories,Millions of dollars,1973,15878.0
NIPA,T10105,14,Change in private inventories,Millions of dollars,1974,13990.0
NIPA,T10105,14,Change in private inventories,Millions of dollars,1975,-6256.0
NIPA,T10105,14,Change in private inventories,Millions of dollars,1976,17116.0
NIPA,T10105,14,Change in private inventories,Millions of dollars,1977,22324.0
NIPA,T10105,14,Change in private inventories,Millions of dollars,1978,25791.0
NIPA,T10105,14,Change in private inventories,Millions of dollars,1979,17984.0
NIPA,T10105,14,Change in private inventories,Millions of dollars,1980,-6331.0
NIPA,T10105,14,Change in private inventories,Millions of dollars,1981,29809.0
NIPA,T10105,14,Change in private inventories,Millions of dollars,1982,-14914.0
NIPA,T10105,14,Change in private inventories,Millions of dollars,1983,-5751.0
NIPA,T10105,14,Change in private inventories,Millions of dollars,1984,65405.0
NIPA,T10105,14,Change in private inventories,Millions of dollars,1985,21824.0
NIPA,T10105,14,Change in private inventories,Millions of dollars,1986,6571.0
NIPA,T10105,14,Change in private inventories,Millions of dollars,1987,27149.0
NIPA,T10105,14,Change in private inventories,Millions of dollars,1988,18482.0
NIPA,T10105,14,Change in private inventories,Millions of dollars,1989,27693.0
NIPA,T10105,14,Change in private inventories,Millions of dollars,1990,14546.0
NIPA,T10105,14,Change in private inventories,Millions of dollars,1991,-394.0
NIPA,T10105,14,Change in private inventories,Millions of dollars,1992,16328.0
NIPA,T10105,14,Change in private inventories,Millions of dollars,1993,20814.0
NIPA,T10105,14,Change in private inventories,Millions of dollars,1994,63785.0
NIPA,T10105,14,Change in private inventories,Millions of dollars,1995,31174.0
NIPA,T10105,14,Change in private inventories,Millions of dollars,1996,30799.0
NIPA,T10105,14,Change in private inventories,Millions of dollars,1997,70927.0
NIPA,T10105,14,Change in private inventories,Millions of dollars,1998,63719.0
NIPA,T10105,14,Change in private inventories,Millions of dollars,1999,60816.0
NIPA,T10105,14,Change in private inventories,Millions of dollars,2000,54544.0
NIPA,T10105,14,Change in private inventories,Millions of dollars,2001,-38284.0
NIPA,T10105,14,Change in private inventories,Millions of dollars,2002,19975.0
NIPA,T10105,14,Change in private inventories,Millions of dollars,2003,14094.0
NIPA,T10105,14,Change in private inventories,Millions of dollars,2004,64068.0
NIPA,T10105,14,Change in private inventories,Millions of dollars,2005,57513.0
NIPA,T10105,14,Change in private inventories,Millions of dollars,2006,68989.0
NIPA,T10105,14,Change in private inventories,Millions of dollars,2007,33950.0
NIPA,T10105,14,Change in private inventories,Millions of dollars,2008,-29241.0
NIPA,T10105,14,Change in private inventories,Millions of dollars,2009,-150772.0
NIPA,T10105,14,Change in private inventories,Millions of dollars,2010,53917.0
NIPA,T10105,14,Change in private inventories,Millions of dollars,2011,46262.0
NIPA,T10105,14,Change in private inventories,Millions of dollars,2012,71212.0
NIPA,T10105,14,Change in private inventories,Millions of dollars,2013,105477.0
NIPA,T10105,14,Change in private inventories,Millions of dollars,2014,84792.0
NIPA,T10105,14,Change in private inventories,Millions of dollars,2015,140123.0
NIPA,T10105,14,Change in private inventories,Millions of dollars,2016,39068.0
NIPA,T10105,14,Change in private inventories,Millions of dollars,2017,32674.0
NIPA,T10105,14,Change in private inventories,Millions of dollars,2018,56408.0
NIPA,T10105,14,Change in private inventories,Millions of dollars,2019,72955.0
NIPA,T10105,14,Change in private inventories,Millions of dollars,2020,-30472.0
NIPA,T10105,14,Change in private inventories,Millions of dollars,2021,26872.0
NIPA,T10105,14,Change in private inventories,Millions of dollars,2022,181237.0
NIPA,T10105,14,Change in private inventories,Millions of dollars,2023,53709.0
NIPA,T10105,14,Change in private inventories,Millions of dollars,2024,53546.0
NIPA,T10105,14,Change in private inventories,Millions of dollars,2025,15148.0
NIPA,T10105,15,Net exports of goods and services,Millions of dollars,1929,383.0
NIPA,T10105,15,Net exports of goods and services,Millions of dollars,1930,323.0
NIPA,T10105,15,Net exports of goods and services,Millions of dollars,1931,1.0
NIPA,T10105,15,Net exports of goods and services,Millions of dollars,1932,43.0
NIPA,T10105,15,Net exports of goods and services,Millions of dollars,1933,58.0
NIPA,T10105,15,Net exports of goods and services,Millions of dollars,1934,322.0
NIPA,T10105,15,Net exports of goods and services,Millions of dollars,1935,-213.0
NIPA,T10105,15,Net exports of goods and services,Millions of dollars,1936,-147.0
NIPA,T10105,15,Net exports of goods and services,Millions of dollars,1937,78.0
NIPA,T10105,15,Net exports of goods and services,Millions of dollars,1938,966.0
NIPA,T10105,15,Net exports of goods and services,Millions of dollars,1939,833.0
NIPA,T10105,15,Net exports of goods and services,Millions of dollars,1940,1471.0
NIPA,T10105,15,Net exports of goods and services,Millions of dollars,1941,1033.0
NIPA,T10105,15,Net exports of goods and services,Millions of dollars,1942,-252.0
NIPA,T10105,15,Net exports of goods and services,Millions of dollars,1943,-2246.0
NIPA,T10105,15,Net exports of goods and services,Millions of dollars,1944,-2024.0
NIPA,T10105,15,Net exports of goods and services,Millions of dollars,1945,-766.0
NIPA,T10105,15,Net exports of goods and services,Millions of dollars,1946,7182.0
NIPA,T10105,15,Net exports of goods and services,Millions of dollars,1947,10807.0
NIPA,T10105,15,Net exports of goods and services,Millions of dollars,1948,5487.0
NIPA,T10105,15,Net exports of goods and services,Millions of dollars,1949,5235.0
NIPA,T10105,15,Net exports of goods and services,Millions of dollars,1950,738.0
NIPA,T10105,15,Net exports of goods and services,Millions of dollars,1951,2513.0
NIPA,T10105,15,Net exports of goods and services,Millions of dollars,1952,1164.0
NIPA,T10105,15,Net exports of goods and services,Millions of dollars,1953,-701.0
NIPA,T10105,15,Net exports of goods and services,Millions of dollars,1954,404.0
NIPA,T10105,15,Net exports of goods and services,Millions of dollars,1955,478.0
NIPA,T10105,15,Net exports of goods and services,Millions of dollars,1956,2361.0
NIPA,T10105,15,Net exports of goods and services,Millions of dollars,1957,4075.0
NIPA,T10105,15,Net exports of goods and services,Millions of dollars,1958,538.0
NIPA,T10105,15,Net exports of goods and services,Millions of dollars,1959,397.0
NIPA,T10105,15,Net exports of goods and services,Millions of dollars,1960,4204.0
NIPA,T10105,15,Net exports of goods and services,Millions of dollars,1961,4913.0
NIPA,T10105,15,Net exports of goods and services,Millions of dollars,1962,4101.0
NIPA,T10105,15,Net exports of goods and services,Millions of dollars,1963,4939.0
NIPA,T10105,15,Net exports of goods and services,Millions of dollars,1964,6914.0
NIPA,T10105,15,Net exports of goods and services,Millions of dollars,1965,5618.0
NIPA,T10105,15,Net exports of goods and services,Millions of dollars,1966,3863.0
NIPA,T10105,15,Net exports of goods and services,Millions of dollars,1967,3555.0
NIPA,T10105,15,Net exports of goods and services,Millions of dollars,1968,1350.0
NIPA,T10105,15,Net exports of goods and services,Millions of dollars,1969,1431.0
NIPA,T10105,15,Net exports of goods and services,Millions of dollars,1970,3948.0
NIPA,T10105,15,Net exports of goods and services,Millions of dollars,1971,621.0
NIPA,T10105,15,Net exports of goods and services,Millions of dollars,1972,-3372.0
NIPA,T10105,15,Net exports of goods and services,Millions of dollars,1973,4111.0
NIPA,T10105,15,Net exports of goods and services,Millions of dollars,1974,-815.0
NIPA,T10105,15,Net exports of goods and services,Millions of dollars,1975,15977.0
NIPA,T10105,15,Net exports of goods and services,Millions of dollars,1976,-1631.0
NIPA,T10105,15,Net exports of goods and services,Millions of dollars,1977,-23094.0
NIPA,T10105,15,Net exports of goods and services,Millions of dollars,1978,-25367.0
NIPA,T10105,15,Net exports of goods and services,Millions of dollars,1979,-22545.0
NIPA,T10105,15,Net exports of goods and services,Millions of dollars,1980,-13056.0
NIPA,T10105,15,Net exports of goods and services,Millions of dollars,1981,-12520.0
NIPA,T10105,15,Net exports of goods and services,Millions of dollars,1982,-19974.0
NIPA,T10105,15,Net exports of goods and services,Millions of dollars,1983,-51642.0
NIPA,T10105,15,Net exports of goods and services,Millions of dollars,1984,-102727.0
NIPA,T10105,15,Net exports of goods and services,Millions of dollars,1985,-114018.0
NIPA,T10105,15,Net exports of goods and services,Millions of dollars,1986,-131869.0
NIPA,T10105,15,Net exports of goods and services,Millions of dollars,1987,-144770.0
NIPA,T10105,15,Net exports of goods and services,Millions of dollars,1988,-109393.0
NIPA,T10105,15,Net exports of goods and services,Millions of dollars,1989,-86741.0
NIPA,T10105,15,Net exports of goods and services,Millions of dollars,1990,-77855.0
NIPA,T10105,15,Net exports of goods and services,Millions of dollars,1991,-28614.0
NIPA,T10105,15,Net exports of goods and services,Millions of dollars,1992,-34738.0
NIPA,T10105,15,Net exports of goods and services,Millions of dollars,1993,-65173.0
NIPA,T10105,15,Net exports of goods and services,Millions of dollars,1994,-92487.0
NIPA,T10105,15,Net exports of goods and services,Millions of dollars,1995,-89761.0
NIPA,T10105,15,Net exports of goods and services,Millions of dollars,1996,-96376.0
NIPA,T10105,15,Net exports of goods and services,Millions of dollars,1997,-101971.0
NIPA,T10105,15,Net exports of goods and services,Millions of dollars,1998,-162711.0
NIPA,T10105,15,Net exports of goods and services,Millions of dollars,1999,-259550.0
NIPA,T10105,15,Net exports of goods and services,Millions of dollars,2000,-381073.0
NIPA,T10105,15,Net exports of goods and services,Millions of dollars,2001,-376747.0
NIPA,T10105,15,Net exports of goods and services,Millions of dollars,2002,-439745.0
NIPA,T10105,15,Net exports of goods and services,Millions of dollars,2003,-521955.00000000006
NIPA,T10105,15,Net exports of goods and services,Millions of dollars,2004,-634141.0
NIPA,T10105,15,Net exports of goods and services,Millions of dollars,2005,-739903.0
NIPA,T10105,15,Net exports of goods and services,Millions of dollars,2006,-786453.0
NIPA,T10105,15,Net exports of goods and services,Millions of dollars,2007,-735933.0
NIPA,T10105,15,Net exports of goods and services,Millions of dollars,2008,-740870.0
NIPA,T10105,15,Net exports of goods and services,Millions of dollars,2009,-419153.0
NIPA,T10105,15,Net exports of goods and services,Millions of dollars,2010,-532309.0
NIPA,T10105,15,Net exports of goods and services,Millions of dollars,2011,-579617.0
NIPA,T10105,15,Net exports of goods and services,Millions of dollars,2012,-551617.0
NIPA,T10105,15,Net exports of goods and services,Millions of dollars,2013,-478453.0
NIPA,T10105,15,Net exports of goods and services,Millions of dollars,2014,-508900.0
NIPA,T10105,15,Net exports of goods and services,Millions of dollars,2015,-524320.0
NIPA,T10105,15,Net exports of goods and services,Millions of dollars,2016,-503272.0
NIPA,T10105,15,Net exports of goods and services,Millions of dollars,2017,-543328.0
NIPA,T10105,15,Net exports of goods and services,Millions of dollars,2018,-593077.0
NIPA,T10105,15,Net exports of goods and services,Millions of dollars,2019,-577290.0
NIPA,T10105,15,Net exports of goods and services,Millions of dollars,2020,-618554.0
NIPA,T10105,15,Net exports of goods and services,Millions of dollars,2021,-849233.0
NIPA,T10105,15,Net exports of goods and services,Millions of dollars,2022,-937889.0
NIPA,T10105,15,Net exports of goods and services,Millions of dollars,2023,-786496.0
NIPA,T10105,15,Net exports of goods and services,Millions of dollars,2024,-898460.0
NIPA,T10105,15,Net exports of goods and services,Millions of dollars,2025,-926487.0
NIPA,T10105,16,Exports,Millions of dollars,1929,5939.0
NIPA,T10105,16,Exports,Millions of dollars,1930,4444.0
NIPA,T10105,16,Exports,Millions of dollars,1931,2906.0
NIPA,T10105,16,Exports,Millions of dollars,1932,1975.0
NIPA,T10105,16,Exports,Millions of dollars,1933,1987.0
NIPA,T10105,16,Exports,Millions of dollars,1934,2561.0
NIPA,T10105,16,Exports,Millions of dollars,1935,2769.0
NIPA,T10105,16,Exports,Millions of dollars,1936,3007.0
NIPA,T10105,16,Exports,Millions of dollars,1937,4038.9999999999995
NIPA,T10105,16,Exports,Millions of dollars,1938,3811.0
NIPA,T10105,16,Exports,Millions of dollars,1939,3969.0
NIPA,T10105,16,Exports,Millions of dollars,1940,4897.0
NIPA,T10105,16,Exports,Millions of dollars,1941,5482.0
NIPA,T10105,16,Exports,Millions of dollars,1942,4375.0
NIPA,T10105,16,Exports,Millions of dollars,1943,4034.0
NIPA,T10105,16,Exports,Millions of dollars,1944,4880.0
NIPA,T10105,16,Exports,Millions of dollars,1945,6781.0
NIPA,T10105,16,Exports,Millions of dollars,1946,14156.0
NIPA,T10105,16,Exports,Millions of dollars,1947,18740.0
NIPA,T10105,16,Exports,Millions of dollars,1948,15547.0
NIPA,T10105,16,Exports,Millions of dollars,1949,14484.0
NIPA,T10105,16,Exports,Millions of dollars,1950,12350.0
NIPA,T10105,16,Exports,Millions of dollars,1951,17099.0
NIPA,T10105,16,Exports,Millions of dollars,1952,16459.0
NIPA,T10105,16,Exports,Millions of dollars,1953,15313.0
NIPA,T10105,16,Exports,Millions of dollars,1954,15836.0
NIPA,T10105,16,Exports,Millions of dollars,1955,17677.0
NIPA,T10105,16,Exports,Millions of dollars,1956,21284.0
NIPA,T10105,16,Exports,Millions of dollars,1957,24017.0
NIPA,T10105,16,Exports,Millions of dollars,1958,20560.0
NIPA,T10105,16,Exports,Millions of dollars,1959,22725.0
NIPA,T10105,16,Exports,Millions of dollars,1960,27045.0
NIPA,T10105,16,Exports,Millions of dollars,1961,27602.0
NIPA,T10105,16,Exports,Millions of dollars,1962,29066.0
NIPA,T10105,16,Exports,Millions of dollars,1963,31074.0
NIPA,T10105,16,Exports,Millions of dollars,1964,35019.0
NIPA,T10105,16,Exports,Millions of dollars,1965,37146.0
NIPA,T10105,16,Exports,Millions of dollars,1966,40920.0
NIPA,T10105,16,Exports,Millions of dollars,1967,43467.0
NIPA,T10105,16,Exports,Millions of dollars,1968,47906.0
NIPA,T10105,16,Exports,Millions of dollars,1969,51922.0
NIPA,T10105,16,Exports,Millions of dollars,1970,59709.0
NIPA,T10105,16,Exports,Millions of dollars,1971,62963.0
NIPA,T10105,16,Exports,Millions of dollars,1972,70843.0
NIPA,T10105,16,Exports,Millions of dollars,1973,95269.0
NIPA,T10105,16,Exports,Millions of dollars,1974,126650.0
NIPA,T10105,16,Exports,Millions of dollars,1975,138706.0
NIPA,T10105,16,Exports,Millions of dollars,1976,149515.0
NIPA,T10105,16,Exports,Millions of dollars,1977,159349.0
NIPA,T10105,16,Exports,Millions of dollars,1978,186883.0
NIPA,T10105,16,Exports,Millions of dollars,1979,230129.0
NIPA,T10105,16,Exports,Millions of dollars,1980,280772.0
NIPA,T10105,16,Exports,Millions of dollars,1981,305239.0
NIPA,T10105,16,Exports,Millions of dollars,1982,283210.0
NIPA,T10105,16,Exports,Millions of dollars,1983,276996.0
NIPA,T10105,16,Exports,Millions of dollars,1984,302380.0
NIPA,T10105,16,Exports,Millions of dollars,1985,303211.0
NIPA,T10105,16,Exports,Millions of dollars,1986,320998.0
NIPA,T10105,16,Exports,Millions of dollars,1987,363943.0
NIPA,T10105,16,Exports,Millions of dollars,1988,444601.0
NIPA,T10105,16,Exports,Millions of dollars,1989,504289.0
NIPA,T10105,16,Exports,Millions of dollars,1990,551873.0
NIPA,T10105,16,Exports,Millions of dollars,1991,594931.0
NIPA,T10105,16,Exports,Millions of dollars,1992,633053.0
NIPA,T10105,16,Exports,Millions of dollars,1993,654799.0
NIPA,T10105,16,Exports,Millions of dollars,1994,720937.0
NIPA,T10105,16,Exports,Millions of dollars,1995,812810.0
NIPA,T10105,16,Exports,Millions of dollars,1996,867589.0
NIPA,T10105,16,Exports,Millions of dollars,1997,953803.0
NIPA,T10105,16,Exports,Millions of dollars,1998,952979.0
NIPA,T10105,16,Exports,Millions of dollars,1999,992910.0
NIPA,T10105,16,Exports,Millions of dollars,2000,1.096111e6
NIPA,T10105,16,Exports,Millions of dollars,2001,1.0268119999999999e6
NIPA,T10105,16,Exports,Millions of dollars,2002,997979.0
NIPA,T10105,16,Exports,Millions of dollars,2003,1.035165e6
NIPA,T10105,16,Exports,Millions of dollars,2004,1.176363e6
NIPA,T10105,16,Exports,Millions of dollars,2005,1.30158e6
NIPA,T10105,16,Exports,Millions of dollars,2006,1.47017e6
NIPA,T10105,16,Exports,Millions of dollars,2007,1.659295e6
NIPA,T10105,16,Exports,Millions of dollars,2008,1.83528e6
NIPA,T10105,16,Exports,Millions of dollars,2009,1.582774e6
NIPA,T10105,16,Exports,Millions of dollars,2010,1.857247e6
NIPA,T10105,16,Exports,Millions of dollars,2011,2.115864e6
NIPA,T10105,16,Exports,Millions of dollars,2012,2.2177e6
NIPA,T10105,16,Exports,Millions of dollars,2013,2.287922e6
NIPA,T10105,16,Exports,Millions of dollars,2014,2.378545e6
NIPA,T10105,16,Exports,Millions of dollars,2015,2.270622e6
NIPA,T10105,16,Exports,Millions of dollars,2016,2.235558e6
NIPA,T10105,16,Exports,Millions of dollars,2017,2.38826e6
NIPA,T10105,16,Exports,Millions of dollars,2018,2.538089e6
NIPA,T10105,16,Exports,Millions of dollars,2019,2.539391e6
NIPA,T10105,16,Exports,Millions of dollars,2020,2.163837e6
NIPA,T10105,16,Exports,Millions of dollars,2021,2.568697e6
NIPA,T10105,16,Exports,Millions of dollars,2022,3.03643e6
NIPA,T10105,16,Exports,Millions of dollars,2023,3.07336e6
NIPA,T10105,16,Exports,Millions of dollars,2024,3.215368e6
NIPA,T10105,16,Exports,Millions of dollars,2025,3.31966e6
NIPA,T10105,17,Exports: Goods,Millions of dollars,1929,5347.0
NIPA,T10105,17,Exports: Goods,Millions of dollars,1930,3929.0
NIPA,T10105,17,Exports: Goods,Millions of dollars,1931,2494.0
NIPA,T10105,17,Exports: Goods,Millions of dollars,1932,1667.0
NIPA,T10105,17,Exports: Goods,Millions of dollars,1933,1736.0
NIPA,T10105,17,Exports: Goods,Millions of dollars,1934,2238.0
NIPA,T10105,17,Exports: Goods,Millions of dollars,1935,2404.0
NIPA,T10105,17,Exports: Goods,Millions of dollars,1936,2590.0
NIPA,T10105,17,Exports: Goods,Millions of dollars,1937,3451.0
NIPA,T10105,17,Exports: Goods,Millions of dollars,1938,3243.0
NIPA,T10105,17,Exports: Goods,Millions of dollars,1939,3347.0
NIPA,T10105,17,Exports: Goods,Millions of dollars,1940,4124.0
NIPA,T10105,17,Exports: Goods,Millions of dollars,1941,4533.0
NIPA,T10105,17,Exports: Goods,Millions of dollars,1942,3389.0
NIPA,T10105,17,Exports: Goods,Millions of dollars,1943,2920.0
NIPA,T10105,17,Exports: Goods,Millions of dollars,1944,3589.0
NIPA,T10105,17,Exports: Goods,Millions of dollars,1945,5365.0
NIPA,T10105,17,Exports: Goods,Millions of dollars,1946,11764.0
NIPA,T10105,17,Exports: Goods,Millions of dollars,1947,16097.000000000002
NIPA,T10105,17,Exports: Goods,Millions of dollars,1948,13265.0
NIPA,T10105,17,Exports: Goods,Millions of dollars,1949,12213.0
NIPA,T10105,17,Exports: Goods,Millions of dollars,1950,10203.0
NIPA,T10105,17,Exports: Goods,Millions of dollars,1951,14243.0
NIPA,T10105,17,Exports: Goods,Millions of dollars,1952,13449.0
NIPA,T10105,17,Exports: Goods,Millions of dollars,1953,12412.0
NIPA,T10105,17,Exports: Goods,Millions of dollars,1954,12929.0
NIPA,T10105,17,Exports: Goods,Millions of dollars,1955,14424.0
NIPA,T10105,17,Exports: Goods,Millions of dollars,1956,17556.0
NIPA,T10105,17,Exports: Goods,Millions of dollars,1957,19562.0
NIPA,T10105,17,Exports: Goods,Millions of dollars,1958,16414.0
NIPA,T10105,17,Exports: Goods,Millions of dollars,1959,16458.0
NIPA,T10105,17,Exports: Goods,Millions of dollars,1960,20453.0
NIPA,T10105,17,Exports: Goods,Millions of dollars,1961,20947.0
NIPA,T10105,17,Exports: Goods,Millions of dollars,1962,21709.0
NIPA,T10105,17,Exports: Goods,Millions of dollars,1963,23345.0
NIPA,T10105,17,Exports: Goods,Millions of dollars,1964,26767.0
NIPA,T10105,17,Exports: Goods,Millions of dollars,1965,27974.0
NIPA,T10105,17,Exports: Goods,Millions of dollars,1966,31089.0
NIPA,T10105,17,Exports: Goods,Millions of dollars,1967,32546.999999999996
NIPA,T10105,17,Exports: Goods,Millions of dollars,1968,35721.0
NIPA,T10105,17,Exports: Goods,Millions of dollars,1969,38744.0
NIPA,T10105,17,Exports: Goods,Millions of dollars,1970,45037.0
NIPA,T10105,17,Exports: Goods,Millions of dollars,1971,46196.0
NIPA,T10105,17,Exports: Goods,Millions of dollars,1972,52586.0
NIPA,T10105,17,Exports: Goods,Millions of dollars,1973,75771.0
NIPA,T10105,17,Exports: Goods,Millions of dollars,1974,103494.0
NIPA,T10105,17,Exports: Goods,Millions of dollars,1975,112490.0
NIPA,T10105,17,Exports: Goods,Millions of dollars,1976,121484.0
NIPA,T10105,17,Exports: Goods,Millions of dollars,1977,128410.0
NIPA,T10105,17,Exports: Goods,Millions of dollars,1978,149907.0
NIPA,T10105,17,Exports: Goods,Millions of dollars,1979,187266.0
NIPA,T10105,17,Exports: Goods,Millions of dollars,1980,230428.0
NIPA,T10105,17,Exports: Goods,Millions of dollars,1981,245206.0
NIPA,T10105,17,Exports: Goods,Millions of dollars,1982,222550.0
NIPA,T10105,17,Exports: Goods,Millions of dollars,1983,214049.0
NIPA,T10105,17,Exports: Goods,Millions of dollars,1984,231286.0
NIPA,T10105,17,Exports: Goods,Millions of dollars,1985,227489.0
NIPA,T10105,17,Exports: Goods,Millions of dollars,1986,231447.0
NIPA,T10105,17,Exports: Goods,Millions of dollars,1987,265554.0
NIPA,T10105,17,Exports: Goods,Millions of dollars,1988,332054.0
NIPA,T10105,17,Exports: Goods,Millions of dollars,1989,374750.0
NIPA,T10105,17,Exports: Goods,Millions of dollars,1990,403265.0
NIPA,T10105,17,Exports: Goods,Millions of dollars,1991,430135.0
NIPA,T10105,17,Exports: Goods,Millions of dollars,1992,455308.0
NIPA,T10105,17,Exports: Goods,Millions of dollars,1993,467723.0
NIPA,T10105,17,Exports: Goods,Millions of dollars,1994,518371.0
NIPA,T10105,17,Exports: Goods,Millions of dollars,1995,592442.0
NIPA,T10105,17,Exports: Goods,Millions of dollars,1996,628785.0
NIPA,T10105,17,Exports: Goods,Millions of dollars,1997,699887.0
NIPA,T10105,17,Exports: Goods,Millions of dollars,1998,692565.0
NIPA,T10105,17,Exports: Goods,Millions of dollars,1999,711724.0
NIPA,T10105,17,Exports: Goods,Millions of dollars,2000,795054.0
NIPA,T10105,17,Exports: Goods,Millions of dollars,2001,739568.0
NIPA,T10105,17,Exports: Goods,Millions of dollars,2002,706582.0
NIPA,T10105,17,Exports: Goods,Millions of dollars,2003,733875.0
NIPA,T10105,17,Exports: Goods,Millions of dollars,2004,827975.0
NIPA,T10105,17,Exports: Goods,Millions of dollars,2005,919344.0
NIPA,T10105,17,Exports: Goods,Millions of dollars,2006,1.0430840000000001e6
NIPA,T10105,17,Exports: Goods,Millions of dollars,2007,1.159734e6
NIPA,T10105,17,Exports: Goods,Millions of dollars,2008,1.291025e6
NIPA,T10105,17,Exports: Goods,Millions of dollars,2009,1.057391e6
NIPA,T10105,17,Exports: Goods,Millions of dollars,2010,1.27292e6
NIPA,T10105,17,Exports: Goods,Millions of dollars,2011,1.468456e6
NIPA,T10105,17,Exports: Goods,Millions of dollars,2012,1.529597e6
NIPA,T10105,17,Exports: Goods,Millions of dollars,2013,1.563863e6
NIPA,T10105,17,Exports: Goods,Millions of dollars,2014,1.616954e6
NIPA,T10105,17,Exports: Goods,Millions of dollars,2015,1.496686e6
NIPA,T10105,17,Exports: Goods,Millions of dollars,2016,1.447588e6
NIPA,T10105,17,Exports: Goods,Millions of dollars,2017,1.546657e6
NIPA,T10105,17,Exports: Goods,Millions of dollars,2018,1.669294e6
NIPA,T10105,17,Exports: Goods,Millions of dollars,2019,1.644755e6
NIPA,T10105,17,Exports: Goods,Millions of dollars,2020,1.421647e6
NIPA,T10105,17,Exports: Goods,Millions of dollars,2021,1.747242e6
NIPA,T10105,17,Exports: Goods,Millions of dollars,2022,2.070333e6
NIPA,T10105,17,Exports: Goods,Millions of dollars,2023,2.024358e6
NIPA,T10105,17,Exports: Goods,Millions of dollars,2024,2.0579899999999998e6
NIPA,T10105,17,Exports: Goods,Millions of dollars,2025,2.112712e6
NIPA,T10105,18,Exports: Services,Millions of dollars,1929,592.0
NIPA,T10105,18,Exports: Services,Millions of dollars,1930,515.0
NIPA,T10105,18,Exports: Services,Millions of dollars,1931,412.0
NIPA,T10105,18,Exports: Services,Millions of dollars,1932,308.0
NIPA,T10105,18,Exports: Services,Millions of dollars,1933,251.0
NIPA,T10105,18,Exports: Services,Millions of dollars,1934,323.0
NIPA,T10105,18,Exports: Services,Millions of dollars,1935,365.0
NIPA,T10105,18,Exports: Services,Millions of dollars,1936,417.0
NIPA,T10105,18,Exports: Services,Millions of dollars,1937,588.0
NIPA,T10105,18,Exports: Services,Millions of dollars,1938,568.0
NIPA,T10105,18,Exports: Services,Millions of dollars,1939,622.0
NIPA,T10105,18,Exports: Services,Millions of dollars,1940,773.0
NIPA,T10105,18,Exports: Services,Millions of dollars,1941,949.0
NIPA,T10105,18,Exports: Services,Millions of dollars,1942,986.0
NIPA,T10105,18,Exports: Services,Millions of dollars,1943,1114.0
NIPA,T10105,18,Exports: Services,Millions of dollars,1944,1291.0
NIPA,T10105,18,Exports: Services,Millions of dollars,1945,1416.0
NIPA,T10105,18,Exports: Services,Millions of dollars,1946,2392.0
NIPA,T10105,18,Exports: Services,Millions of dollars,1947,2643.0
NIPA,T10105,18,Exports: Services,Millions of dollars,1948,2282.0
NIPA,T10105,18,Exports: Services,Millions of dollars,1949,2271.0
NIPA,T10105,18,Exports: Services,Millions of dollars,1950,2147.0
NIPA,T10105,18,Exports: Services,Millions of dollars,1951,2856.0
NIPA,T10105,18,Exports: Services,Millions of dollars,1952,3010.0
NIPA,T10105,18,Exports: Services,Millions of dollars,1953,2901.0
NIPA,T10105,18,Exports: Services,Millions of dollars,1954,2907.0
NIPA,T10105,18,Exports: Services,Millions of dollars,1955,3253.0
NIPA,T10105,18,Exports: Services,Millions of dollars,1956,3728.0
NIPA,T10105,18,Exports: Services,Millions of dollars,1957,4455.0
NIPA,T10105,18,Exports: Services,Millions of dollars,1958,4146.0
NIPA,T10105,18,Exports: Services,Millions of dollars,1959,6267.0
NIPA,T10105,18,Exports: Services,Millions of dollars,1960,6592.0
NIPA,T10105,18,Exports: Services,Millions of dollars,1961,6655.0
NIPA,T10105,18,Exports: Services,Millions of dollars,1962,7357.0
NIPA,T10105,18,Exports: Services,Millions of dollars,1963,7729.0
NIPA,T10105,18,Exports: Services,Millions of dollars,1964,8252.0
NIPA,T10105,18,Exports: Services,Millions of dollars,1965,9173.0
NIPA,T10105,18,Exports: Services,Millions of dollars,1966,9831.0
NIPA,T10105,18,Exports: Services,Millions of dollars,1967,10920.0
NIPA,T10105,18,Exports: Services,Millions of dollars,1968,12185.0
NIPA,T10105,18,Exports: Services,Millions of dollars,1969,13178.0
NIPA,T10105,18,Exports: Services,Millions of dollars,1970,14671.0
NIPA,T10105,18,Exports: Services,Millions of dollars,1971,16767.0
NIPA,T10105,18,Exports: Services,Millions of dollars,1972,18257.0
NIPA,T10105,18,Exports: Services,Millions of dollars,1973,19498.0
NIPA,T10105,18,Exports: Services,Millions of dollars,1974,23156.0
NIPA,T10105,18,Exports: Services,Millions of dollars,1975,26216.0
NIPA,T10105,18,Exports: Services,Millions of dollars,1976,28031.0
NIPA,T10105,18,Exports: Services,Millions of dollars,1977,30939.0
NIPA,T10105,18,Exports: Services,Millions of dollars,1978,36976.0
NIPA,T10105,18,Exports: Services,Millions of dollars,1979,42863.0
NIPA,T10105,18,Exports: Services,Millions of dollars,1980,50344.0
NIPA,T10105,18,Exports: Services,Millions of dollars,1981,60033.0
NIPA,T10105,18,Exports: Services,Millions of dollars,1982,60660.0
NIPA,T10105,18,Exports: Services,Millions of dollars,1983,62947.0
NIPA,T10105,18,Exports: Services,Millions of dollars,1984,71094.0
NIPA,T10105,18,Exports: Services,Millions of dollars,1985,75722.0
NIPA,T10105,18,Exports: Services,Millions of dollars,1986,89552.0
NIPA,T10105,18,Exports: Services,Millions of dollars,1987,98389.0
NIPA,T10105,18,Exports: Services,Millions of dollars,1988,112547.0
NIPA,T10105,18,Exports: Services,Millions of dollars,1989,129538.99999999999
NIPA,T10105,18,Exports: Services,Millions of dollars,1990,148608.0
NIPA,T10105,18,Exports: Services,Millions of dollars,1991,164795.0
NIPA,T10105,18,Exports: Services,Millions of dollars,1992,177745.0
NIPA,T10105,18,Exports: Services,Millions of dollars,1993,187076.0
NIPA,T10105,18,Exports: Services,Millions of dollars,1994,202566.0
NIPA,T10105,18,Exports: Services,Millions of dollars,1995,220369.0
NIPA,T10105,18,Exports: Services,Millions of dollars,1996,238805.0
NIPA,T10105,18,Exports: Services,Millions of dollars,1997,253916.0
NIPA,T10105,18,Exports: Services,Millions of dollars,1998,260414.0
NIPA,T10105,18,Exports: Services,Millions of dollars,1999,281187.0
NIPA,T10105,18,Exports: Services,Millions of dollars,2000,301056.0
NIPA,T10105,18,Exports: Services,Millions of dollars,2001,287244.0
NIPA,T10105,18,Exports: Services,Millions of dollars,2002,291397.0
NIPA,T10105,18,Exports: Services,Millions of dollars,2003,301290.0
NIPA,T10105,18,Exports: Services,Millions of dollars,2004,348388.0
NIPA,T10105,18,Exports: Services,Millions of dollars,2005,382236.0
NIPA,T10105,18,Exports: Services,Millions of dollars,2006,427086.0
NIPA,T10105,18,Exports: Services,Millions of dollars,2007,499561.0
NIPA,T10105,18,Exports: Services,Millions of dollars,2008,544255.0
NIPA,T10105,18,Exports: Services,Millions of dollars,2009,525382.0
NIPA,T10105,18,Exports: Services,Millions of dollars,2010,584326.0
NIPA,T10105,18,Exports: Services,Millions of dollars,2011,647408.0
NIPA,T10105,18,Exports: Services,Millions of dollars,2012,688103.0
NIPA,T10105,18,Exports: Services,Millions of dollars,2013,724059.0
NIPA,T10105,18,Exports: Services,Millions of dollars,2014,761591.0
NIPA,T10105,18,Exports: Services,Millions of dollars,2015,773936.0
NIPA,T10105,18,Exports: Services,Millions of dollars,2016,787970.0
NIPA,T10105,18,Exports: Services,Millions of dollars,2017,841603.0
NIPA,T10105,18,Exports: Services,Millions of dollars,2018,868795.0
NIPA,T10105,18,Exports: Services,Millions of dollars,2019,894635.0
NIPA,T10105,18,Exports: Services,Millions of dollars,2020,742190.0
NIPA,T10105,18,Exports: Services,Millions of dollars,2021,821455.0
NIPA,T10105,18,Exports: Services,Millions of dollars,2022,966097.0
NIPA,T10105,18,Exports: Services,Millions of dollars,2023,1.049002e6
NIPA,T10105,18,Exports: Services,Millions of dollars,2024,1.157378e6
NIPA,T10105,18,Exports: Services,Millions of dollars,2025,1.206948e6
NIPA,T10105,19,Imports,Millions of dollars,1929,5556.0
NIPA,T10105,19,Imports,Millions of dollars,1930,4121.0
NIPA,T10105,19,Imports,Millions of dollars,1931,2905.0
NIPA,T10105,19,Imports,Millions of dollars,1932,1932.0
NIPA,T10105,19,Imports,Millions of dollars,1933,1929.0
NIPA,T10105,19,Imports,Millions of dollars,1934,2239.0
NIPA,T10105,19,Imports,Millions of dollars,1935,2982.0
NIPA,T10105,19,Imports,Millions of dollars,1936,3154.0
NIPA,T10105,19,Imports,Millions of dollars,1937,3961.0
NIPA,T10105,19,Imports,Millions of dollars,1938,2845.0
NIPA,T10105,19,Imports,Millions of dollars,1939,3136.0
NIPA,T10105,19,Imports,Millions of dollars,1940,3426.0
NIPA,T10105,19,Imports,Millions of dollars,1941,4449.0
NIPA,T10105,19,Imports,Millions of dollars,1942,4627.0
NIPA,T10105,19,Imports,Millions of dollars,1943,6280.0
NIPA,T10105,19,Imports,Millions of dollars,1944,6904.0
NIPA,T10105,19,Imports,Millions of dollars,1945,7547.0
NIPA,T10105,19,Imports,Millions of dollars,1946,6974.0
NIPA,T10105,19,Imports,Millions of dollars,1947,7933.0
NIPA,T10105,19,Imports,Millions of dollars,1948,10060.0
NIPA,T10105,19,Imports,Millions of dollars,1949,9249.0
NIPA,T10105,19,Imports,Millions of dollars,1950,11612.0
NIPA,T10105,19,Imports,Millions of dollars,1951,14586.0
NIPA,T10105,19,Imports,Millions of dollars,1952,15295.0
NIPA,T10105,19,Imports,Millions of dollars,1953,16014.0
NIPA,T10105,19,Imports,Millions of dollars,1954,15432.0
NIPA,T10105,19,Imports,Millions of dollars,1955,17199.0
NIPA,T10105,19,Imports,Millions of dollars,1956,18923.0
NIPA,T10105,19,Imports,Millions of dollars,1957,19942.0
NIPA,T10105,19,Imports,Millions of dollars,1958,20022.0
NIPA,T10105,19,Imports,Millions of dollars,1959,22328.0
NIPA,T10105,19,Imports,Millions of dollars,1960,22841.0
NIPA,T10105,19,Imports,Millions of dollars,1961,22688.0
NIPA,T10105,19,Imports,Millions of dollars,1962,24965.0
NIPA,T10105,19,Imports,Millions of dollars,1963,26135.0
NIPA,T10105,19,Imports,Millions of dollars,1964,28104.0
NIPA,T10105,19,Imports,Millions of dollars,1965,31529.0
NIPA,T10105,19,Imports,Millions of dollars,1966,37057.0
NIPA,T10105,19,Imports,Millions of dollars,1967,39912.0
NIPA,T10105,19,Imports,Millions of dollars,1968,46556.0
NIPA,T10105,19,Imports,Millions of dollars,1969,50491.0
NIPA,T10105,19,Imports,Millions of dollars,1970,55760.0
NIPA,T10105,19,Imports,Millions of dollars,1971,62342.0
NIPA,T10105,19,Imports,Millions of dollars,1972,74216.0
NIPA,T10105,19,Imports,Millions of dollars,1973,91159.0
NIPA,T10105,19,Imports,Millions of dollars,1974,127465.0
NIPA,T10105,19,Imports,Millions of dollars,1975,122730.0
NIPA,T10105,19,Imports,Millions of dollars,1976,151146.0
NIPA,T10105,19,Imports,Millions of dollars,1977,182443.0
NIPA,T10105,19,Imports,Millions of dollars,1978,212250.0
NIPA,T10105,19,Imports,Millions of dollars,1979,252674.0
NIPA,T10105,19,Imports,Millions of dollars,1980,293828.0
NIPA,T10105,19,Imports,Millions of dollars,1981,317758.0
NIPA,T10105,19,Imports,Millions of dollars,1982,303184.0
NIPA,T10105,19,Imports,Millions of dollars,1983,328638.0
NIPA,T10105,19,Imports,Millions of dollars,1984,405107.0
NIPA,T10105,19,Imports,Millions of dollars,1985,417229.0
NIPA,T10105,19,Imports,Millions of dollars,1986,452867.0
NIPA,T10105,19,Imports,Millions of dollars,1987,508713.0
NIPA,T10105,19,Imports,Millions of dollars,1988,553993.0
NIPA,T10105,19,Imports,Millions of dollars,1989,591031.0
NIPA,T10105,19,Imports,Millions of dollars,1990,629728.0
NIPA,T10105,19,Imports,Millions of dollars,1991,623544.0
NIPA,T10105,19,Imports,Millions of dollars,1992,667791.0
NIPA,T10105,19,Imports,Millions of dollars,1993,719973.0
NIPA,T10105,19,Imports,Millions of dollars,1994,813424.0
NIPA,T10105,19,Imports,Millions of dollars,1995,902572.0
NIPA,T10105,19,Imports,Millions of dollars,1996,963966.0
NIPA,T10105,19,Imports,Millions of dollars,1997,1.055774e6
NIPA,T10105,19,Imports,Millions of dollars,1998,1.11569e6
NIPA,T10105,19,Imports,Millions of dollars,1999,1.25246e6
NIPA,T10105,19,Imports,Millions of dollars,2000,1.477184e6
NIPA,T10105,19,Imports,Millions of dollars,2001,1.403559e6
NIPA,T10105,19,Imports,Millions of dollars,2002,1.437724e6
NIPA,T10105,19,Imports,Millions of dollars,2003,1.55712e6
NIPA,T10105,19,Imports,Millions of dollars,2004,1.810504e6
NIPA,T10105,19,Imports,Millions of dollars,2005,2.041482e6
NIPA,T10105,19,Imports,Millions of dollars,2006,2.256623e6
NIPA,T10105,19,Imports,Millions of dollars,2007,2.395228e6
NIPA,T10105,19,Imports,Millions of dollars,2008,2.576151e6
NIPA,T10105,19,Imports,Millions of dollars,2009,2.001927e6
NIPA,T10105,19,Imports,Millions of dollars,2010,2.389555e6
NIPA,T10105,19,Imports,Millions of dollars,2011,2.69548e6
NIPA,T10105,19,Imports,Millions of dollars,2012,2.769317e6
NIPA,T10105,19,Imports,Millions of dollars,2013,2.766375e6
NIPA,T10105,19,Imports,Millions of dollars,2014,2.887445e6
NIPA,T10105,19,Imports,Millions of dollars,2015,2.794942e6
NIPA,T10105,19,Imports,Millions of dollars,2016,2.73883e6
NIPA,T10105,19,Imports,Millions of dollars,2017,2.931589e6
NIPA,T10105,19,Imports,Millions of dollars,2018,3.131166e6
NIPA,T10105,19,Imports,Millions of dollars,2019,3.116681e6
NIPA,T10105,19,Imports,Millions of dollars,2020,2.782391e6
NIPA,T10105,19,Imports,Millions of dollars,2021,3.41793e6
NIPA,T10105,19,Imports,Millions of dollars,2022,3.974319e6
NIPA,T10105,19,Imports,Millions of dollars,2023,3.859856e6
NIPA,T10105,19,Imports,Millions of dollars,2024,4.1138280000000005e6
NIPA,T10105,19,Imports,Millions of dollars,2025,4.246147e6
NIPA,T10105,20,Imports: Goods,Millions of dollars,1929,4463.0
NIPA,T10105,20,Imports: Goods,Millions of dollars,1930,3104.0
NIPA,T10105,20,Imports: Goods,Millions of dollars,1931,2120.0
NIPA,T10105,20,Imports: Goods,Millions of dollars,1932,1343.0
NIPA,T10105,20,Imports: Goods,Millions of dollars,1933,1510.0
NIPA,T10105,20,Imports: Goods,Millions of dollars,1934,1763.0
NIPA,T10105,20,Imports: Goods,Millions of dollars,1935,2462.0
NIPA,T10105,20,Imports: Goods,Millions of dollars,1936,2546.0
NIPA,T10105,20,Imports: Goods,Millions of dollars,1937,3181.0
NIPA,T10105,20,Imports: Goods,Millions of dollars,1938,2173.0
NIPA,T10105,20,Imports: Goods,Millions of dollars,1939,2409.0
NIPA,T10105,20,Imports: Goods,Millions of dollars,1940,2698.0
NIPA,T10105,20,Imports: Goods,Millions of dollars,1941,3416.0
NIPA,T10105,20,Imports: Goods,Millions of dollars,1942,2744.0
NIPA,T10105,20,Imports: Goods,Millions of dollars,1943,3442.0
NIPA,T10105,20,Imports: Goods,Millions of dollars,1944,3813.0
NIPA,T10105,20,Imports: Goods,Millions of dollars,1945,3893.0
NIPA,T10105,20,Imports: Goods,Millions of dollars,1946,5067.0
NIPA,T10105,20,Imports: Goods,Millions of dollars,1947,5973.0
NIPA,T10105,20,Imports: Goods,Millions of dollars,1948,7557.0
NIPA,T10105,20,Imports: Goods,Millions of dollars,1949,6874.0
NIPA,T10105,20,Imports: Goods,Millions of dollars,1950,9081.0
NIPA,T10105,20,Imports: Goods,Millions of dollars,1951,11176.0
NIPA,T10105,20,Imports: Goods,Millions of dollars,1952,10838.0
NIPA,T10105,20,Imports: Goods,Millions of dollars,1953,10975.0
NIPA,T10105,20,Imports: Goods,Millions of dollars,1954,10353.0
NIPA,T10105,20,Imports: Goods,Millions of dollars,1955,11527.0
NIPA,T10105,20,Imports: Goods,Millions of dollars,1956,12803.0
NIPA,T10105,20,Imports: Goods,Millions of dollars,1957,13291.0
NIPA,T10105,20,Imports: Goods,Millions of dollars,1958,12951.0
NIPA,T10105,20,Imports: Goods,Millions of dollars,1959,15310.0
NIPA,T10105,20,Imports: Goods,Millions of dollars,1960,15220.0
NIPA,T10105,20,Imports: Goods,Millions of dollars,1961,15053.0
NIPA,T10105,20,Imports: Goods,Millions of dollars,1962,16869.0
NIPA,T10105,20,Imports: Goods,Millions of dollars,1963,17713.0
NIPA,T10105,20,Imports: Goods,Millions of dollars,1964,19392.0
NIPA,T10105,20,Imports: Goods,Millions of dollars,1965,22247.0
NIPA,T10105,20,Imports: Goods,Millions of dollars,1966,26334.0
NIPA,T10105,20,Imports: Goods,Millions of dollars,1967,27761.0
NIPA,T10105,20,Imports: Goods,Millions of dollars,1968,33946.0
NIPA,T10105,20,Imports: Goods,Millions of dollars,1969,36813.0
NIPA,T10105,20,Imports: Goods,Millions of dollars,1970,40855.0
NIPA,T10105,20,Imports: Goods,Millions of dollars,1971,46550.0
NIPA,T10105,20,Imports: Goods,Millions of dollars,1972,56934.0
NIPA,T10105,20,Imports: Goods,Millions of dollars,1973,71843.0
NIPA,T10105,20,Imports: Goods,Millions of dollars,1974,104520.0
NIPA,T10105,20,Imports: Goods,Millions of dollars,1975,99000.0
NIPA,T10105,20,Imports: Goods,Millions of dollars,1976,124632.0
NIPA,T10105,20,Imports: Goods,Millions of dollars,1977,152629.0
NIPA,T10105,20,Imports: Goods,Millions of dollars,1978,177409.0
NIPA,T10105,20,Imports: Goods,Millions of dollars,1979,212787.0
NIPA,T10105,20,Imports: Goods,Millions of dollars,1980,248570.0
NIPA,T10105,20,Imports: Goods,Millions of dollars,1981,267814.0
NIPA,T10105,20,Imports: Goods,Millions of dollars,1982,250542.0
NIPA,T10105,20,Imports: Goods,Millions of dollars,1983,272677.0
NIPA,T10105,20,Imports: Goods,Millions of dollars,1984,336316.0
NIPA,T10105,20,Imports: Goods,Millions of dollars,1985,343295.0
NIPA,T10105,20,Imports: Goods,Millions of dollars,1986,370006.0
NIPA,T10105,20,Imports: Goods,Millions of dollars,1987,414768.0
NIPA,T10105,20,Imports: Goods,Millions of dollars,1988,452125.0
NIPA,T10105,20,Imports: Goods,Millions of dollars,1989,484792.0
NIPA,T10105,20,Imports: Goods,Millions of dollars,1990,508071.0
NIPA,T10105,20,Imports: Goods,Millions of dollars,1991,500720.0
NIPA,T10105,20,Imports: Goods,Millions of dollars,1992,544927.0
NIPA,T10105,20,Imports: Goods,Millions of dollars,1993,592761.0
NIPA,T10105,20,Imports: Goods,Millions of dollars,1994,676812.0
NIPA,T10105,20,Imports: Goods,Millions of dollars,1995,757449.0
NIPA,T10105,20,Imports: Goods,Millions of dollars,1996,807448.0
NIPA,T10105,20,Imports: Goods,Millions of dollars,1997,885654.0
NIPA,T10105,20,Imports: Goods,Millions of dollars,1998,930751.0
NIPA,T10105,20,Imports: Goods,Millions of dollars,1999,1.05121e6
NIPA,T10105,20,Imports: Goods,Millions of dollars,2000,1.251173e6
NIPA,T10105,20,Imports: Goods,Millions of dollars,2001,1.176188e6
NIPA,T10105,20,Imports: Goods,Millions of dollars,2002,1.198852e6
NIPA,T10105,20,Imports: Goods,Millions of dollars,2003,1.299036e6
NIPA,T10105,20,Imports: Goods,Millions of dollars,2004,1.51362e6
NIPA,T10105,20,Imports: Goods,Millions of dollars,2005,1.722751e6
NIPA,T10105,20,Imports: Goods,Millions of dollars,2006,1.90064e6
NIPA,T10105,20,Imports: Goods,Millions of dollars,2007,2.00272e6
NIPA,T10105,20,Imports: Goods,Millions of dollars,2008,2.148678e6
NIPA,T10105,20,Imports: Goods,Millions of dollars,2009,1.588115e6
NIPA,T10105,20,Imports: Goods,Millions of dollars,2010,1.947044e6
NIPA,T10105,20,Imports: Goods,Millions of dollars,2011,2.231132e6
NIPA,T10105,20,Imports: Goods,Millions of dollars,2012,2.293265e6
NIPA,T10105,20,Imports: Goods,Millions of dollars,2013,2.293888e6
NIPA,T10105,20,Imports: Goods,Millions of dollars,2014,2.389313e6
NIPA,T10105,20,Imports: Goods,Millions of dollars,2015,2.289591e6
NIPA,T10105,20,Imports: Goods,Millions of dollars,2016,2.218696e6
NIPA,T10105,20,Imports: Goods,Millions of dollars,2017,2.3699e6
NIPA,T10105,20,Imports: Goods,Millions of dollars,2018,2.55905e6
NIPA,T10105,20,Imports: Goods,Millions of dollars,2019,2.516686e6
NIPA,T10105,20,Imports: Goods,Millions of dollars,2020,2.305093e6
NIPA,T10105,20,Imports: Goods,Millions of dollars,2021,2.839604e6
NIPA,T10105,20,Imports: Goods,Millions of dollars,2022,3.25689e6
NIPA,T10105,20,Imports: Goods,Millions of dollars,2023,3.092569e6
NIPA,T10105,20,Imports: Goods,Millions of dollars,2024,3.267309e6
NIPA,T10105,20,Imports: Goods,Millions of dollars,2025,3.35028e6
NIPA,T10105,21,Imports: Services,Millions of dollars,1929,1093.0
NIPA,T10105,21,Imports: Services,Millions of dollars,1930,1016.9999999999999
NIPA,T10105,21,Imports: Services,Millions of dollars,1931,785.0
NIPA,T10105,21,Imports: Services,Millions of dollars,1932,589.0
NIPA,T10105,21,Imports: Services,Millions of dollars,1933,419.0
NIPA,T10105,21,Imports: Services,Millions of dollars,1934,476.0
NIPA,T10105,21,Imports: Services,Millions of dollars,1935,520.0
NIPA,T10105,21,Imports: Services,Millions of dollars,1936,608.0
NIPA,T10105,21,Imports: Services,Millions of dollars,1937,780.0
NIPA,T10105,21,Imports: Services,Millions of dollars,1938,672.0
NIPA,T10105,21,Imports: Services,Millions of dollars,1939,727.0
NIPA,T10105,21,Imports: Services,Millions of dollars,1940,728.0
NIPA,T10105,21,Imports: Services,Millions of dollars,1941,1033.0
NIPA,T10105,21,Imports: Services,Millions of dollars,1942,1883.0
NIPA,T10105,21,Imports: Services,Millions of dollars,1943,2838.0
NIPA,T10105,21,Imports: Services,Millions of dollars,1944,3091.0
NIPA,T10105,21,Imports: Services,Millions of dollars,1945,3654.0
NIPA,T10105,21,Imports: Services,Millions of dollars,1946,1907.0
NIPA,T10105,21,Imports: Services,Millions of dollars,1947,1960.0
NIPA,T10105,21,Imports: Services,Millions of dollars,1948,2503.0
NIPA,T10105,21,Imports: Services,Millions of dollars,1949,2375.0
NIPA,T10105,21,Imports: Services,Millions of dollars,1950,2531.0
NIPA,T10105,21,Imports: Services,Millions of dollars,1951,3410.0
NIPA,T10105,21,Imports: Services,Millions of dollars,1952,4457.0
NIPA,T10105,21,Imports: Services,Millions of dollars,1953,5039.0
NIPA,T10105,21,Imports: Services,Millions of dollars,1954,5079.0
NIPA,T10105,21,Imports: Services,Millions of dollars,1955,5672.0
NIPA,T10105,21,Imports: Services,Millions of dollars,1956,6120.0
NIPA,T10105,21,Imports: Services,Millions of dollars,1957,6651.0
NIPA,T10105,21,Imports: Services,Millions of dollars,1958,7071.0
NIPA,T10105,21,Imports: Services,Millions of dollars,1959,7018.0
NIPA,T10105,21,Imports: Services,Millions of dollars,1960,7621.0
NIPA,T10105,21,Imports: Services,Millions of dollars,1961,7635.0
NIPA,T10105,21,Imports: Services,Millions of dollars,1962,8096.0
NIPA,T10105,21,Imports: Services,Millions of dollars,1963,8422.0
NIPA,T10105,21,Imports: Services,Millions of dollars,1964,8713.0
NIPA,T10105,21,Imports: Services,Millions of dollars,1965,9282.0
NIPA,T10105,21,Imports: Services,Millions of dollars,1966,10723.0
NIPA,T10105,21,Imports: Services,Millions of dollars,1967,12151.0
NIPA,T10105,21,Imports: Services,Millions of dollars,1968,12610.0
NIPA,T10105,21,Imports: Services,Millions of dollars,1969,13678.0
NIPA,T10105,21,Imports: Services,Millions of dollars,1970,14905.0
NIPA,T10105,21,Imports: Services,Millions of dollars,1971,15792.0
NIPA,T10105,21,Imports: Services,Millions of dollars,1972,17282.0
NIPA,T10105,21,Imports: Services,Millions of dollars,1973,19316.0
NIPA,T10105,21,Imports: Services,Millions of dollars,1974,22945.0
NIPA,T10105,21,Imports: Services,Millions of dollars,1975,23730.0
NIPA,T10105,21,Imports: Services,Millions of dollars,1976,26514.0
NIPA,T10105,21,Imports: Services,Millions of dollars,1977,29814.0
NIPA,T10105,21,Imports: Services,Millions of dollars,1978,34840.0
NIPA,T10105,21,Imports: Services,Millions of dollars,1979,39887.0
NIPA,T10105,21,Imports: Services,Millions of dollars,1980,45258.0
NIPA,T10105,21,Imports: Services,Millions of dollars,1981,49944.0
NIPA,T10105,21,Imports: Services,Millions of dollars,1982,52642.0
NIPA,T10105,21,Imports: Services,Millions of dollars,1983,55961.0
NIPA,T10105,21,Imports: Services,Millions of dollars,1984,68791.0
NIPA,T10105,21,Imports: Services,Millions of dollars,1985,73934.0
NIPA,T10105,21,Imports: Services,Millions of dollars,1986,82861.0
NIPA,T10105,21,Imports: Services,Millions of dollars,1987,93945.0
NIPA,T10105,21,Imports: Services,Millions of dollars,1988,101869.0
NIPA,T10105,21,Imports: Services,Millions of dollars,1989,106239.0
NIPA,T10105,21,Imports: Services,Millions of dollars,1990,121657.0
NIPA,T10105,21,Imports: Services,Millions of dollars,1991,122824.0
NIPA,T10105,21,Imports: Services,Millions of dollars,1992,122864.0
NIPA,T10105,21,Imports: Services,Millions of dollars,1993,127212.0
NIPA,T10105,21,Imports: Services,Millions of dollars,1994,136612.0
NIPA,T10105,21,Imports: Services,Millions of dollars,1995,145123.0
NIPA,T10105,21,Imports: Services,Millions of dollars,1996,156518.0
NIPA,T10105,21,Imports: Services,Millions of dollars,1997,170120.0
NIPA,T10105,21,Imports: Services,Millions of dollars,1998,184939.0
NIPA,T10105,21,Imports: Services,Millions of dollars,1999,201251.0
NIPA,T10105,21,Imports: Services,Millions of dollars,2000,226011.0
NIPA,T10105,21,Imports: Services,Millions of dollars,2001,227371.0
NIPA,T10105,21,Imports: Services,Millions of dollars,2002,238872.0
NIPA,T10105,21,Imports: Services,Millions of dollars,2003,258084.0
NIPA,T10105,21,Imports: Services,Millions of dollars,2004,296883.0
NIPA,T10105,21,Imports: Services,Millions of dollars,2005,318732.0
NIPA,T10105,21,Imports: Services,Millions of dollars,2006,355983.0
NIPA,T10105,21,Imports: Services,Millions of dollars,2007,392507.0
NIPA,T10105,21,Imports: Services,Millions of dollars,2008,427472.0
NIPA,T10105,21,Imports: Services,Millions of dollars,2009,413812.0
NIPA,T10105,21,Imports: Services,Millions of dollars,2010,442512.0
NIPA,T10105,21,Imports: Services,Millions of dollars,2011,464349.0
NIPA,T10105,21,Imports: Services,Millions of dollars,2012,476052.0
NIPA,T10105,21,Imports: Services,Millions of dollars,2013,472487.0
NIPA,T10105,21,Imports: Services,Millions of dollars,2014,498132.0
NIPA,T10105,21,Imports: Services,Millions of dollars,2015,505351.0
NIPA,T10105,21,Imports: Services,Millions of dollars,2016,520134.0
NIPA,T10105,21,Imports: Services,Millions of dollars,2017,561688.0
NIPA,T10105,21,Imports: Services,Millions of dollars,2018,572116.0
NIPA,T10105,21,Imports: Services,Millions of dollars,2019,599995.0
NIPA,T10105,21,Imports: Services,Millions of dollars,2020,477298.0
NIPA,T10105,21,Imports: Services,Millions of dollars,2021,578326.0
NIPA,T10105,21,Imports: Services,Millions of dollars,2022,717429.0
NIPA,T10105,21,Imports: Services,Millions of dollars,2023,767287.0
NIPA,T10105,21,Imports: Services,Millions of dollars,2024,846519.0
NIPA,T10105,21,Imports: Services,Millions of dollars,2025,895867.0
NIPA,T10105,22,Government consumption expenditures and gross investment,Millions of dollars,1929,9622.0
NIPA,T10105,22,Government consumption expenditures and gross investment,Millions of dollars,1930,10273.0
NIPA,T10105,22,Government consumption expenditures and gross investment,Millions of dollars,1931,10169.0
NIPA,T10105,22,Government consumption expenditures and gross investment,Millions of dollars,1932,8946.0
NIPA,T10105,22,Government consumption expenditures and gross investment,Millions of dollars,1933,8875.0
NIPA,T10105,22,Government consumption expenditures and gross investment,Millions of dollars,1934,10721.0
NIPA,T10105,22,Government consumption expenditures and gross investment,Millions of dollars,1935,11151.0
NIPA,T10105,22,Government consumption expenditures and gross investment,Millions of dollars,1936,13398.0
NIPA,T10105,22,Government consumption expenditures and gross investment,Millions of dollars,1937,13119.0
NIPA,T10105,22,Government consumption expenditures and gross investment,Millions of dollars,1938,14170.0
NIPA,T10105,22,Government consumption expenditures and gross investment,Millions of dollars,1939,15165.0
NIPA,T10105,22,Government consumption expenditures and gross investment,Millions of dollars,1940,15562.0
NIPA,T10105,22,Government consumption expenditures and gross investment,Millions of dollars,1941,27836.0
NIPA,T10105,22,Government consumption expenditures and gross investment,Millions of dollars,1942,65440.0
NIPA,T10105,22,Government consumption expenditures and gross investment,Millions of dollars,1943,98023.0
NIPA,T10105,22,Government consumption expenditures and gross investment,Millions of dollars,1944,108643.0
NIPA,T10105,22,Government consumption expenditures and gross investment,Millions of dollars,1945,96396.0
NIPA,T10105,22,Government consumption expenditures and gross investment,Millions of dollars,1946,43027.0
NIPA,T10105,22,Government consumption expenditures and gross investment,Millions of dollars,1947,39827.0
NIPA,T10105,22,Government consumption expenditures and gross investment,Millions of dollars,1948,43755.0
NIPA,T10105,22,Government consumption expenditures and gross investment,Millions of dollars,1949,49808.0
NIPA,T10105,22,Government consumption expenditures and gross investment,Millions of dollars,1950,50515.0
NIPA,T10105,22,Government consumption expenditures and gross investment,Millions of dollars,1951,73304.0
NIPA,T10105,22,Government consumption expenditures and gross investment,Millions of dollars,1952,89583.0
NIPA,T10105,22,Government consumption expenditures and gross investment,Millions of dollars,1953,96765.0
NIPA,T10105,22,Government consumption expenditures and gross investment,Millions of dollars,1954,92467.0
NIPA,T10105,22,Government consumption expenditures and gross investment,Millions of dollars,1955,92958.0
NIPA,T10105,22,Government consumption expenditures and gross investment,Millions of dollars,1956,98180.0
NIPA,T10105,22,Government consumption expenditures and gross investment,Millions of dollars,1957,107163.0
NIPA,T10105,22,Government consumption expenditures and gross investment,Millions of dollars,1958,114138.0
NIPA,T10105,22,Government consumption expenditures and gross investment,Millions of dollars,1959,118458.0
NIPA,T10105,22,Government consumption expenditures and gross investment,Millions of dollars,1960,120520.0
NIPA,T10105,22,Government consumption expenditures and gross investment,Millions of dollars,1961,129237.0
NIPA,T10105,22,Government consumption expenditures and gross investment,Millions of dollars,1962,140287.0
NIPA,T10105,22,Government consumption expenditures and gross investment,Millions of dollars,1963,147193.0
NIPA,T10105,22,Government consumption expenditures and gross investment,Millions of dollars,1964,154763.0
NIPA,T10105,22,Government consumption expenditures and gross investment,Millions of dollars,1965,164053.0
NIPA,T10105,22,Government consumption expenditures and gross investment,Millions of dollars,1966,185444.0
NIPA,T10105,22,Government consumption expenditures and gross investment,Millions of dollars,1967,207018.0
NIPA,T10105,22,Government consumption expenditures and gross investment,Millions of dollars,1968,225526.0
NIPA,T10105,22,Government consumption expenditures and gross investment,Millions of dollars,1969,238984.0
NIPA,T10105,22,Government consumption expenditures and gross investment,Millions of dollars,1970,252581.0
NIPA,T10105,22,Government consumption expenditures and gross investment,Millions of dollars,1971,267468.0
NIPA,T10105,22,Government consumption expenditures and gross investment,Millions of dollars,1972,286189.0
NIPA,T10105,22,Government consumption expenditures and gross investment,Millions of dollars,1973,304765.0
NIPA,T10105,22,Government consumption expenditures and gross investment,Millions of dollars,1974,341370.0
NIPA,T10105,22,Government consumption expenditures and gross investment,Millions of dollars,1975,381128.0
NIPA,T10105,22,Government consumption expenditures and gross investment,Millions of dollars,1976,404153.0
NIPA,T10105,22,Government consumption expenditures and gross investment,Millions of dollars,1977,434331.0
NIPA,T10105,22,Government consumption expenditures and gross investment,Millions of dollars,1978,476336.0
NIPA,T10105,22,Government consumption expenditures and gross investment,Millions of dollars,1979,524802.0
NIPA,T10105,22,Government consumption expenditures and gross investment,Millions of dollars,1980,589598.0
NIPA,T10105,22,Government consumption expenditures and gross investment,Millions of dollars,1981,654381.0
NIPA,T10105,22,Government consumption expenditures and gross investment,Millions of dollars,1982,711473.0
NIPA,T10105,22,Government consumption expenditures and gross investment,Millions of dollars,1983,766557.0
NIPA,T10105,22,Government consumption expenditures and gross investment,Millions of dollars,1984,827910.0
NIPA,T10105,22,Government consumption expenditures and gross investment,Millions of dollars,1985,910516.0
NIPA,T10105,22,Government consumption expenditures and gross investment,Millions of dollars,1986,976076.0
NIPA,T10105,22,Government consumption expenditures and gross investment,Millions of dollars,1987,1.03153e6
NIPA,T10105,22,Government consumption expenditures and gross investment,Millions of dollars,1988,1.078855e6
NIPA,T10105,22,Government consumption expenditures and gross investment,Millions of dollars,1989,1.151862e6
NIPA,T10105,22,Government consumption expenditures and gross investment,Millions of dollars,1990,1.238556e6
NIPA,T10105,22,Government consumption expenditures and gross investment,Millions of dollars,1991,1.298951e6
NIPA,T10105,22,Government consumption expenditures and gross investment,Millions of dollars,1992,1.3445e6
NIPA,T10105,22,Government consumption expenditures and gross investment,Millions of dollars,1993,1.364922e6
NIPA,T10105,22,Government consumption expenditures and gross investment,Millions of dollars,1994,1.402274e6
NIPA,T10105,22,Government consumption expenditures and gross investment,Millions of dollars,1995,1.449431e6
NIPA,T10105,22,Government consumption expenditures and gross investment,Millions of dollars,1996,1.492848e6
NIPA,T10105,22,Government consumption expenditures and gross investment,Millions of dollars,1997,1.547133e6
NIPA,T10105,22,Government consumption expenditures and gross investment,Millions of dollars,1998,1.611609e6
NIPA,T10105,22,Government consumption expenditures and gross investment,Millions of dollars,1999,1.719905e6
NIPA,T10105,22,Government consumption expenditures and gross investment,Millions of dollars,2000,1.826438e6
NIPA,T10105,22,Government consumption expenditures and gross investment,Millions of dollars,2001,1.950034e6
NIPA,T10105,22,Government consumption expenditures and gross investment,Millions of dollars,2002,2.089495e6
NIPA,T10105,22,Government consumption expenditures and gross investment,Millions of dollars,2003,2.2106e6
NIPA,T10105,22,Government consumption expenditures and gross investment,Millions of dollars,2004,2.338123e6
NIPA,T10105,22,Government consumption expenditures and gross investment,Millions of dollars,2005,2.475313e6
NIPA,T10105,22,Government consumption expenditures and gross investment,Millions of dollars,2006,2.623846e6
NIPA,T10105,22,Government consumption expenditures and gross investment,Millions of dollars,2007,2.790556e6
NIPA,T10105,22,Government consumption expenditures and gross investment,Millions of dollars,2008,2.983035e6
NIPA,T10105,22,Government consumption expenditures and gross investment,Millions of dollars,2009,3.076338e6
NIPA,T10105,22,Government consumption expenditures and gross investment,Millions of dollars,2010,3.155551e6
NIPA,T10105,22,Government consumption expenditures and gross investment,Millions of dollars,2011,3.147929e6
NIPA,T10105,22,Government consumption expenditures and gross investment,Millions of dollars,2012,3.136471e6
NIPA,T10105,22,Government consumption expenditures and gross investment,Millions of dollars,2013,3.132576e6
NIPA,T10105,22,Government consumption expenditures and gross investment,Millions of dollars,2014,3.168607e6
NIPA,T10105,22,Government consumption expenditures and gross investment,Millions of dollars,2015,3.23342e6
NIPA,T10105,22,Government consumption expenditures and gross investment,Millions of dollars,2016,3.303031e6
NIPA,T10105,22,Government consumption expenditures and gross investment,Millions of dollars,2017,3.397141e6
NIPA,T10105,22,Government consumption expenditures and gross investment,Millions of dollars,2018,3.590381e6
NIPA,T10105,22,Government consumption expenditures and gross investment,Millions of dollars,2019,3.785995e6
NIPA,T10105,22,Government consumption expenditures and gross investment,Millions of dollars,2020,3.999096e6
NIPA,T10105,22,Government consumption expenditures and gross investment,Millions of dollars,2021,4.208652e6
NIPA,T10105,22,Government consumption expenditures and gross investment,Millions of dollars,2022,4.458157e6
NIPA,T10105,22,Government consumption expenditures and gross investment,Millions of dollars,2023,4.741151e6
NIPA,T10105,22,Government consumption expenditures and gross investment,Millions of dollars,2024,5.041143e6
NIPA,T10105,22,Government consumption expenditures and gross investment,Millions of dollars,2025,5.275101e6
NIPA,T10105,23,Federal,Millions of dollars,1929,1907.0
NIPA,T10105,23,Federal,Millions of dollars,1930,2017.0
NIPA,T10105,23,Federal,Millions of dollars,1931,2067.0
NIPA,T10105,23,Federal,Millions of dollars,1932,2005.9999999999998
NIPA,T10105,23,Federal,Millions of dollars,1933,2458.0
NIPA,T10105,23,Federal,Millions of dollars,1934,3457.0
NIPA,T10105,23,Federal,Millions of dollars,1935,3569.0
NIPA,T10105,23,Federal,Millions of dollars,1936,5777.0
NIPA,T10105,23,Federal,Millions of dollars,1937,5291.0
NIPA,T10105,23,Federal,Millions of dollars,1938,5915.0
NIPA,T10105,23,Federal,Millions of dollars,1939,6237.0
NIPA,T10105,23,Federal,Millions of dollars,1940,6837.0
NIPA,T10105,23,Federal,Millions of dollars,1941,19109.0
NIPA,T10105,23,Federal,Millions of dollars,1942,56699.0
NIPA,T10105,23,Federal,Millions of dollars,1943,89488.0
NIPA,T10105,23,Federal,Millions of dollars,1944,100086.0
NIPA,T10105,23,Federal,Millions of dollars,1945,87222.0
NIPA,T10105,23,Federal,Millions of dollars,1946,31986.0
NIPA,T10105,23,Federal,Millions of dollars,1947,25736.0
NIPA,T10105,23,Federal,Millions of dollars,1948,27041.0
NIPA,T10105,23,Federal,Millions of dollars,1949,30423.0
NIPA,T10105,23,Federal,Millions of dollars,1950,29418.0
NIPA,T10105,23,Federal,Millions of dollars,1951,49947.0
NIPA,T10105,23,Federal,Millions of dollars,1952,64815.0
NIPA,T10105,23,Federal,Millions of dollars,1953,70274.0
NIPA,T10105,23,Federal,Millions of dollars,1954,63255.0
NIPA,T10105,23,Federal,Millions of dollars,1955,61015.0
NIPA,T10105,23,Federal,Millions of dollars,1956,63115.0
NIPA,T10105,23,Federal,Millions of dollars,1957,68453.0
NIPA,T10105,23,Federal,Millions of dollars,1958,71521.0
NIPA,T10105,23,Federal,Millions of dollars,1959,73579.0
NIPA,T10105,23,Federal,Millions of dollars,1960,72875.0
NIPA,T10105,23,Federal,Millions of dollars,1961,77379.0
NIPA,T10105,23,Federal,Millions of dollars,1962,85518.0
NIPA,T10105,23,Federal,Millions of dollars,1963,87875.0
NIPA,T10105,23,Federal,Millions of dollars,1964,90256.0
NIPA,T10105,23,Federal,Millions of dollars,1965,93196.0
NIPA,T10105,23,Federal,Millions of dollars,1966,106575.0
NIPA,T10105,23,Federal,Millions of dollars,1967,120006.0
NIPA,T10105,23,Federal,Millions of dollars,1968,127963.0
NIPA,T10105,23,Federal,Millions of dollars,1969,131193.0
NIPA,T10105,23,Federal,Millions of dollars,1970,132805.0
NIPA,T10105,23,Federal,Millions of dollars,1971,134478.0
NIPA,T10105,23,Federal,Millions of dollars,1972,141646.0
NIPA,T10105,23,Federal,Millions of dollars,1973,146185.0
NIPA,T10105,23,Federal,Millions of dollars,1974,158835.0
NIPA,T10105,23,Federal,Millions of dollars,1975,173729.0
NIPA,T10105,23,Federal,Millions of dollars,1976,184800.0
NIPA,T10105,23,Federal,Millions of dollars,1977,200339.0
NIPA,T10105,23,Federal,Millions of dollars,1978,218922.0
NIPA,T10105,23,Federal,Millions of dollars,1979,240574.0
NIPA,T10105,23,Federal,Millions of dollars,1980,274870.0
NIPA,T10105,23,Federal,Millions of dollars,1981,313980.0
NIPA,T10105,23,Federal,Millions of dollars,1982,348336.0
NIPA,T10105,23,Federal,Millions of dollars,1983,382357.0
NIPA,T10105,23,Federal,Millions of dollars,1984,411805.0
NIPA,T10105,23,Federal,Millions of dollars,1985,452909.0
NIPA,T10105,23,Federal,Millions of dollars,1986,481658.0
NIPA,T10105,23,Federal,Millions of dollars,1987,502785.0
NIPA,T10105,23,Federal,Millions of dollars,1988,511440.0
NIPA,T10105,23,Federal,Millions of dollars,1989,534104.0
NIPA,T10105,23,Federal,Millions of dollars,1990,562377.0
NIPA,T10105,23,Federal,Millions of dollars,1991,582936.0
NIPA,T10105,23,Federal,Millions of dollars,1992,588453.0
NIPA,T10105,23,Federal,Millions of dollars,1993,580169.0
NIPA,T10105,23,Federal,Millions of dollars,1994,574684.0
NIPA,T10105,23,Federal,Millions of dollars,1995,576682.0
NIPA,T10105,23,Federal,Millions of dollars,1996,579159.0
NIPA,T10105,23,Federal,Millions of dollars,1997,583289.0
NIPA,T10105,23,Federal,Millions of dollars,1998,585515.0
NIPA,T10105,23,Federal,Millions of dollars,1999,610722.0
NIPA,T10105,23,Federal,Millions of dollars,2000,633069.0
NIPA,T10105,23,Federal,Millions of dollars,2001,670212.0
NIPA,T10105,23,Federal,Millions of dollars,2002,743097.0
NIPA,T10105,23,Federal,Millions of dollars,2003,826769.0
NIPA,T10105,23,Federal,Millions of dollars,2004,892123.0
NIPA,T10105,23,Federal,Millions of dollars,2005,947787.0
NIPA,T10105,23,Federal,Millions of dollars,2006,1.001189e6
NIPA,T10105,23,Federal,Millions of dollars,2007,1.051025e6
NIPA,T10105,23,Federal,Millions of dollars,2008,1.15196e6
NIPA,T10105,23,Federal,Millions of dollars,2009,1.220785e6
NIPA,T10105,23,Federal,Millions of dollars,2010,1.300157e6
NIPA,T10105,23,Federal,Millions of dollars,2011,1.299763e6
NIPA,T10105,23,Federal,Millions of dollars,2012,1.28701e6
NIPA,T10105,23,Federal,Millions of dollars,2013,1.227384e6
NIPA,T10105,23,Federal,Millions of dollars,2014,1.217072e6
NIPA,T10105,23,Federal,Millions of dollars,2015,1.222777e6
NIPA,T10105,23,Federal,Millions of dollars,2016,1.237353e6
NIPA,T10105,23,Federal,Millions of dollars,2017,1.266054e6
NIPA,T10105,23,Federal,Millions of dollars,2018,1.346295e6
NIPA,T10105,23,Federal,Millions of dollars,2019,1.4195e6
NIPA,T10105,23,Federal,Millions of dollars,2020,1.524564e6
NIPA,T10105,23,Federal,Millions of dollars,2021,1.604398e6
NIPA,T10105,23,Federal,Millions of dollars,2022,1.6405e6
NIPA,T10105,23,Federal,Millions of dollars,2023,1.7657e6
NIPA,T10105,23,Federal,Millions of dollars,2024,1.892402e6
NIPA,T10105,23,Federal,Millions of dollars,2025,1.966927e6
NIPA,T10105,24,National defense,Millions of dollars,1929,1056.0
NIPA,T10105,24,National defense,Millions of dollars,1930,1090.0
NIPA,T10105,24,National defense,Millions of dollars,1931,1081.0
NIPA,T10105,24,National defense,Millions of dollars,1932,1051.0
NIPA,T10105,24,National defense,Millions of dollars,1933,999.0
NIPA,T10105,24,National defense,Millions of dollars,1934,944.0
NIPA,T10105,24,National defense,Millions of dollars,1935,1174.0
NIPA,T10105,24,National defense,Millions of dollars,1936,1401.0
NIPA,T10105,24,National defense,Millions of dollars,1937,1448.0
NIPA,T10105,24,National defense,Millions of dollars,1938,1513.0
NIPA,T10105,24,National defense,Millions of dollars,1939,1667.0
NIPA,T10105,24,National defense,Millions of dollars,1940,2791.0
NIPA,T10105,24,National defense,Millions of dollars,1941,15368.0
NIPA,T10105,24,National defense,Millions of dollars,1942,53491.0
NIPA,T10105,24,National defense,Millions of dollars,1943,86801.0
NIPA,T10105,24,National defense,Millions of dollars,1944,97272.0
NIPA,T10105,24,National defense,Millions of dollars,1945,84786.0
NIPA,T10105,24,National defense,Millions of dollars,1946,27995.0
NIPA,T10105,24,National defense,Millions of dollars,1947,21072.0
NIPA,T10105,24,National defense,Millions of dollars,1948,20887.0
NIPA,T10105,24,National defense,Millions of dollars,1949,22341.0
NIPA,T10105,24,National defense,Millions of dollars,1950,22649.0
NIPA,T10105,24,National defense,Millions of dollars,1951,43689.0
NIPA,T10105,24,National defense,Millions of dollars,1952,57413.0
NIPA,T10105,24,National defense,Millions of dollars,1953,61134.0
NIPA,T10105,24,National defense,Millions of dollars,1954,54448.0
NIPA,T10105,24,National defense,Millions of dollars,1955,52363.0
NIPA,T10105,24,National defense,Millions of dollars,1956,54958.0
NIPA,T10105,24,National defense,Millions of dollars,1957,59941.0
NIPA,T10105,24,National defense,Millions of dollars,1958,62220.0
NIPA,T10105,24,National defense,Millions of dollars,1959,60945.0
NIPA,T10105,24,National defense,Millions of dollars,1960,60901.0
NIPA,T10105,24,National defense,Millions of dollars,1961,64543.00000000001
NIPA,T10105,24,National defense,Millions of dollars,1962,69701.0
NIPA,T10105,24,National defense,Millions of dollars,1963,70002.0
NIPA,T10105,24,National defense,Millions of dollars,1964,69728.0
NIPA,T10105,24,National defense,Millions of dollars,1965,70583.0
NIPA,T10105,24,National defense,Millions of dollars,1966,82471.0
NIPA,T10105,24,National defense,Millions of dollars,1967,95034.0
NIPA,T10105,24,National defense,Millions of dollars,1968,101357.0
NIPA,T10105,24,National defense,Millions of dollars,1969,102067.0
NIPA,T10105,24,National defense,Millions of dollars,1970,100710.0
NIPA,T10105,24,National defense,Millions of dollars,1971,97995.0
NIPA,T10105,24,National defense,Millions of dollars,1972,100714.0
NIPA,T10105,24,National defense,Millions of dollars,1973,102635.0
NIPA,T10105,24,National defense,Millions of dollars,1974,109894.0
NIPA,T10105,24,National defense,Millions of dollars,1975,117976.0
NIPA,T10105,24,National defense,Millions of dollars,1976,124952.0
NIPA,T10105,24,National defense,Millions of dollars,1977,134408.0
NIPA,T10105,24,National defense,Millions of dollars,1978,145181.0
NIPA,T10105,24,National defense,Millions of dollars,1979,160587.0
NIPA,T10105,24,National defense,Millions of dollars,1980,183405.0
NIPA,T10105,24,National defense,Millions of dollars,1981,213372.0
NIPA,T10105,24,National defense,Millions of dollars,1982,245404.0
NIPA,T10105,24,National defense,Millions of dollars,1983,272055.0
NIPA,T10105,24,National defense,Millions of dollars,1984,298764.0
NIPA,T10105,24,National defense,Millions of dollars,1985,329501.0
NIPA,T10105,24,National defense,Millions of dollars,1986,352359.0
NIPA,T10105,24,National defense,Millions of dollars,1987,372385.0
NIPA,T10105,24,National defense,Millions of dollars,1988,382101.0
NIPA,T10105,24,National defense,Millions of dollars,1989,391228.0
NIPA,T10105,24,National defense,Millions of dollars,1990,405007.0
NIPA,T10105,24,National defense,Millions of dollars,1991,414041.0
NIPA,T10105,24,National defense,Millions of dollars,1992,406465.0
NIPA,T10105,24,National defense,Millions of dollars,1993,391646.0
NIPA,T10105,24,National defense,Millions of dollars,1994,382114.0
NIPA,T10105,24,National defense,Millions of dollars,1995,377159.0
NIPA,T10105,24,National defense,Millions of dollars,1996,377261.0
NIPA,T10105,24,National defense,Millions of dollars,1997,371990.0
NIPA,T10105,24,National defense,Millions of dollars,1998,368753.0
NIPA,T10105,24,National defense,Millions of dollars,1999,383254.0
NIPA,T10105,24,National defense,Millions of dollars,2000,392570.0
NIPA,T10105,24,National defense,Millions of dollars,2001,413162.0
NIPA,T10105,24,National defense,Millions of dollars,2002,458932.0
NIPA,T10105,24,National defense,Millions of dollars,2003,521221.0
NIPA,T10105,24,National defense,Millions of dollars,2004,569878.0
NIPA,T10105,24,National defense,Millions of dollars,2005,609437.0
NIPA,T10105,24,National defense,Millions of dollars,2006,640814.0
NIPA,T10105,24,National defense,Millions of dollars,2007,679264.0
NIPA,T10105,24,National defense,Millions of dollars,2008,750336.0
NIPA,T10105,24,National defense,Millions of dollars,2009,787565.0
NIPA,T10105,24,National defense,Millions of dollars,2010,827971.0
NIPA,T10105,24,National defense,Millions of dollars,2011,833978.0
NIPA,T10105,24,National defense,Millions of dollars,2012,814175.0
NIPA,T10105,24,National defense,Millions of dollars,2013,764319.0
NIPA,T10105,24,National defense,Millions of dollars,2014,744053.0
NIPA,T10105,24,National defense,Millions of dollars,2015,730372.0
NIPA,T10105,24,National defense,Millions of dollars,2016,729434.0
NIPA,T10105,24,National defense,Millions of dollars,2017,748294.0
NIPA,T10105,24,National defense,Millions of dollars,2018,795065.0
NIPA,T10105,24,National defense,Millions of dollars,2019,849506.0
NIPA,T10105,24,National defense,Millions of dollars,2020,884863.0
NIPA,T10105,24,National defense,Millions of dollars,2021,909095.0
NIPA,T10105,24,National defense,Millions of dollars,2022,929596.0
NIPA,T10105,24,National defense,Millions of dollars,2023,1.003971e6
NIPA,T10105,24,National defense,Millions of dollars,2024,1.082721e6
NIPA,T10105,24,National defense,Millions of dollars,2025,1.143368e6
NIPA,T10105,25,Nondefense,Millions of dollars,1929,851.0
NIPA,T10105,25,Nondefense,Millions of dollars,1930,926.0
NIPA,T10105,25,Nondefense,Millions of dollars,1931,986.0
NIPA,T10105,25,Nondefense,Millions of dollars,1932,955.0
NIPA,T10105,25,Nondefense,Millions of dollars,1933,1459.0
NIPA,T10105,25,Nondefense,Millions of dollars,1934,2512.0
NIPA,T10105,25,Nondefense,Millions of dollars,1935,2395.0
NIPA,T10105,25,Nondefense,Millions of dollars,1936,4376.0
NIPA,T10105,25,Nondefense,Millions of dollars,1937,3843.0
NIPA,T10105,25,Nondefense,Millions of dollars,1938,4402.0
NIPA,T10105,25,Nondefense,Millions of dollars,1939,4570.0
NIPA,T10105,25,Nondefense,Millions of dollars,1940,4046.0000000000005
NIPA,T10105,25,Nondefense,Millions of dollars,1941,3741.0
NIPA,T10105,25,Nondefense,Millions of dollars,1942,3207.0
NIPA,T10105,25,Nondefense,Millions of dollars,1943,2687.0
NIPA,T10105,25,Nondefense,Millions of dollars,1944,2814.0
NIPA,T10105,25,Nondefense,Millions of dollars,1945,2435.0
NIPA,T10105,25,Nondefense,Millions of dollars,1946,3991.0
NIPA,T10105,25,Nondefense,Millions of dollars,1947,4663.0
NIPA,T10105,25,Nondefense,Millions of dollars,1948,6154.0
NIPA,T10105,25,Nondefense,Millions of dollars,1949,8082.000000000001
NIPA,T10105,25,Nondefense,Millions of dollars,1950,6769.0
NIPA,T10105,25,Nondefense,Millions of dollars,1951,6258.0
NIPA,T10105,25,Nondefense,Millions of dollars,1952,7402.0
NIPA,T10105,25,Nondefense,Millions of dollars,1953,9140.0
NIPA,T10105,25,Nondefense,Millions of dollars,1954,8807.0
NIPA,T10105,25,Nondefense,Millions of dollars,1955,8653.0
NIPA,T10105,25,Nondefense,Millions of dollars,1956,8156.000000000001
NIPA,T10105,25,Nondefense,Millions of dollars,1957,8513.0
NIPA,T10105,25,Nondefense,Millions of dollars,1958,9301.0
NIPA,T10105,25,Nondefense,Millions of dollars,1959,12633.0
NIPA,T10105,25,Nondefense,Millions of dollars,1960,11974.0
NIPA,T10105,25,Nondefense,Millions of dollars,1961,12836.0
NIPA,T10105,25,Nondefense,Millions of dollars,1962,15818.0
NIPA,T10105,25,Nondefense,Millions of dollars,1963,17873.0
NIPA,T10105,25,Nondefense,Millions of dollars,1964,20528.0
NIPA,T10105,25,Nondefense,Millions of dollars,1965,22613.0
NIPA,T10105,25,Nondefense,Millions of dollars,1966,24104.0
NIPA,T10105,25,Nondefense,Millions of dollars,1967,24972.0
NIPA,T10105,25,Nondefense,Millions of dollars,1968,26606.0
NIPA,T10105,25,Nondefense,Millions of dollars,1969,29126.0
NIPA,T10105,25,Nondefense,Millions of dollars,1970,32095.0
NIPA,T10105,25,Nondefense,Millions of dollars,1971,36483.0
NIPA,T10105,25,Nondefense,Millions of dollars,1972,40932.0
NIPA,T10105,25,Nondefense,Millions of dollars,1973,43550.0
NIPA,T10105,25,Nondefense,Millions of dollars,1974,48940.0
NIPA,T10105,25,Nondefense,Millions of dollars,1975,55753.0
NIPA,T10105,25,Nondefense,Millions of dollars,1976,59848.0
NIPA,T10105,25,Nondefense,Millions of dollars,1977,65931.0
NIPA,T10105,25,Nondefense,Millions of dollars,1978,73741.0
NIPA,T10105,25,Nondefense,Millions of dollars,1979,79987.0
NIPA,T10105,25,Nondefense,Millions of dollars,1980,91465.0
NIPA,T10105,25,Nondefense,Millions of dollars,1981,100608.0
NIPA,T10105,25,Nondefense,Millions of dollars,1982,102932.0
NIPA,T10105,25,Nondefense,Millions of dollars,1983,110302.0
NIPA,T10105,25,Nondefense,Millions of dollars,1984,113041.0
NIPA,T10105,25,Nondefense,Millions of dollars,1985,123408.0
NIPA,T10105,25,Nondefense,Millions of dollars,1986,129298.0
NIPA,T10105,25,Nondefense,Millions of dollars,1987,130400.0
NIPA,T10105,25,Nondefense,Millions of dollars,1988,129339.0
NIPA,T10105,25,Nondefense,Millions of dollars,1989,142876.0
NIPA,T10105,25,Nondefense,Millions of dollars,1990,157370.0
NIPA,T10105,25,Nondefense,Millions of dollars,1991,168896.0
NIPA,T10105,25,Nondefense,Millions of dollars,1992,181988.0
NIPA,T10105,25,Nondefense,Millions of dollars,1993,188523.0
NIPA,T10105,25,Nondefense,Millions of dollars,1994,192570.0
NIPA,T10105,25,Nondefense,Millions of dollars,1995,199523.0
NIPA,T10105,25,Nondefense,Millions of dollars,1996,201898.0
NIPA,T10105,25,Nondefense,Millions of dollars,1997,211299.0
NIPA,T10105,25,Nondefense,Millions of dollars,1998,216763.0
NIPA,T10105,25,Nondefense,Millions of dollars,1999,227468.0
NIPA,T10105,25,Nondefense,Millions of dollars,2000,240499.0
NIPA,T10105,25,Nondefense,Millions of dollars,2001,257050.0
NIPA,T10105,25,Nondefense,Millions of dollars,2002,284164.0
NIPA,T10105,25,Nondefense,Millions of dollars,2003,305548.0
NIPA,T10105,25,Nondefense,Millions of dollars,2004,322245.0
NIPA,T10105,25,Nondefense,Millions of dollars,2005,338350.0
NIPA,T10105,25,Nondefense,Millions of dollars,2006,360375.0
NIPA,T10105,25,Nondefense,Millions of dollars,2007,371761.0
NIPA,T10105,25,Nondefense,Millions of dollars,2008,401625.0
NIPA,T10105,25,Nondefense,Millions of dollars,2009,433220.0
NIPA,T10105,25,Nondefense,Millions of dollars,2010,472187.0
NIPA,T10105,25,Nondefense,Millions of dollars,2011,465785.0
NIPA,T10105,25,Nondefense,Millions of dollars,2012,472835.0
NIPA,T10105,25,Nondefense,Millions of dollars,2013,463065.0
NIPA,T10105,25,Nondefense,Millions of dollars,2014,473019.0
NIPA,T10105,25,Nondefense,Millions of dollars,2015,492405.0
NIPA,T10105,25,Nondefense,Millions of dollars,2016,507919.0
NIPA,T10105,25,Nondefense,Millions of dollars,2017,517760.99999999994
NIPA,T10105,25,Nondefense,Millions of dollars,2018,551230.0
NIPA,T10105,25,Nondefense,Millions of dollars,2019,569993.0
NIPA,T10105,25,Nondefense,Millions of dollars,2020,639700.0
NIPA,T10105,25,Nondefense,Millions of dollars,2021,695303.0
NIPA,T10105,25,Nondefense,Millions of dollars,2022,710904.0
NIPA,T10105,25,Nondefense,Millions of dollars,2023,761729.0
NIPA,T10105,25,Nondefense,Millions of dollars,2024,809681.0
NIPA,T10105,25,Nondefense,Millions of dollars,2025,823559.0
NIPA,T10105,26,State and local,Millions of dollars,1929,7714.0
NIPA,T10105,26,State and local,Millions of dollars,1930,8256.0
NIPA,T10105,26,State and local,Millions of dollars,1931,8102.0
NIPA,T10105,26,State and local,Millions of dollars,1932,6940.0
NIPA,T10105,26,State and local,Millions of dollars,1933,6417.0
NIPA,T10105,26,State and local,Millions of dollars,1934,7264.0
NIPA,T10105,26,State and local,Millions of dollars,1935,7582.0
NIPA,T10105,26,State and local,Millions of dollars,1936,7622.0
NIPA,T10105,26,State and local,Millions of dollars,1937,7828.0
NIPA,T10105,26,State and local,Millions of dollars,1938,8256.0
NIPA,T10105,26,State and local,Millions of dollars,1939,8929.0
NIPA,T10105,26,State and local,Millions of dollars,1940,8725.0
NIPA,T10105,26,State and local,Millions of dollars,1941,8727.0
NIPA,T10105,26,State and local,Millions of dollars,1942,8742.0
NIPA,T10105,26,State and local,Millions of dollars,1943,8534.0
NIPA,T10105,26,State and local,Millions of dollars,1944,8558.0
NIPA,T10105,26,State and local,Millions of dollars,1945,9174.0
NIPA,T10105,26,State and local,Millions of dollars,1946,11041.0
NIPA,T10105,26,State and local,Millions of dollars,1947,14091.0
NIPA,T10105,26,State and local,Millions of dollars,1948,16714.0
NIPA,T10105,26,State and local,Millions of dollars,1949,19385.0
NIPA,T10105,26,State and local,Millions of dollars,1950,21097.0
NIPA,T10105,26,State and local,Millions of dollars,1951,23356.0
NIPA,T10105,26,State and local,Millions of dollars,1952,24768.0
NIPA,T10105,26,State and local,Millions of dollars,1953,26490.0
NIPA,T10105,26,State and local,Millions of dollars,1954,29212.0
NIPA,T10105,26,State and local,Millions of dollars,1955,31943.0
NIPA,T10105,26,State and local,Millions of dollars,1956,35065.0
NIPA,T10105,26,State and local,Millions of dollars,1957,38710.0
NIPA,T10105,26,State and local,Millions of dollars,1958,42617.0
NIPA,T10105,26,State and local,Millions of dollars,1959,44879.0
NIPA,T10105,26,State and local,Millions of dollars,1960,47645.0
NIPA,T10105,26,State and local,Millions of dollars,1961,51858.0
NIPA,T10105,26,State and local,Millions of dollars,1962,54768.0
NIPA,T10105,26,State and local,Millions of dollars,1963,59318.0
NIPA,T10105,26,State and local,Millions of dollars,1964,64507.00000000001
NIPA,T10105,26,State and local,Millions of dollars,1965,70858.0
NIPA,T10105,26,State and local,Millions of dollars,1966,78869.0
NIPA,T10105,26,State and local,Millions of dollars,1967,87012.0
NIPA,T10105,26,State and local,Millions of dollars,1968,97563.0
NIPA,T10105,26,State and local,Millions of dollars,1969,107791.0
NIPA,T10105,26,State and local,Millions of dollars,1970,119776.0
NIPA,T10105,26,State and local,Millions of dollars,1971,132990.0
NIPA,T10105,26,State and local,Millions of dollars,1972,144544.0
NIPA,T10105,26,State and local,Millions of dollars,1973,158580.0
NIPA,T10105,26,State and local,Millions of dollars,1974,182536.0
NIPA,T10105,26,State and local,Millions of dollars,1975,207399.0
NIPA,T10105,26,State and local,Millions of dollars,1976,219353.0
NIPA,T10105,26,State and local,Millions of dollars,1977,233992.0
NIPA,T10105,26,State and local,Millions of dollars,1978,257414.0
NIPA,T10105,26,State and local,Millions of dollars,1979,284228.0
NIPA,T10105,26,State and local,Millions of dollars,1980,314728.0
NIPA,T10105,26,State and local,Millions of dollars,1981,340401.0
NIPA,T10105,26,State and local,Millions of dollars,1982,363137.0
NIPA,T10105,26,State and local,Millions of dollars,1983,384200.0
NIPA,T10105,26,State and local,Millions of dollars,1984,416106.0
NIPA,T10105,26,State and local,Millions of dollars,1985,457607.0
NIPA,T10105,26,State and local,Millions of dollars,1986,494418.0
NIPA,T10105,26,State and local,Millions of dollars,1987,528745.0
NIPA,T10105,26,State and local,Millions of dollars,1988,567416.0
NIPA,T10105,26,State and local,Millions of dollars,1989,617758.0
NIPA,T10105,26,State and local,Millions of dollars,1990,676179.0
NIPA,T10105,26,State and local,Millions of dollars,1991,716014.0
NIPA,T10105,26,State and local,Millions of dollars,1992,756047.0
NIPA,T10105,26,State and local,Millions of dollars,1993,784753.0
NIPA,T10105,26,State and local,Millions of dollars,1994,827591.0
NIPA,T10105,26,State and local,Millions of dollars,1995,872749.0
NIPA,T10105,26,State and local,Millions of dollars,1996,913688.0
NIPA,T10105,26,State and local,Millions of dollars,1997,963844.0
NIPA,T10105,26,State and local,Millions of dollars,1998,1.0260930000000001e6
NIPA,T10105,26,State and local,Millions of dollars,1999,1.109183e6
NIPA,T10105,26,State and local,Millions of dollars,2000,1.193369e6
NIPA,T10105,26,State and local,Millions of dollars,2001,1.279822e6
NIPA,T10105,26,State and local,Millions of dollars,2002,1.346398e6
NIPA,T10105,26,State and local,Millions of dollars,2003,1.38383e6
NIPA,T10105,26,State and local,Millions of dollars,2004,1.446e6
NIPA,T10105,26,State and local,Millions of dollars,2005,1.527526e6
NIPA,T10105,26,State and local,Millions of dollars,2006,1.622657e6
NIPA,T10105,26,State and local,Millions of dollars,2007,1.739531e6
NIPA,T10105,26,State and local,Millions of dollars,2008,1.831075e6
NIPA,T10105,26,State and local,Millions of dollars,2009,1.855553e6
NIPA,T10105,26,State and local,Millions of dollars,2010,1.855394e6
NIPA,T10105,26,State and local,Millions of dollars,2011,1.848166e6
NIPA,T10105,26,State and local,Millions of dollars,2012,1.84946e6
NIPA,T10105,26,State and local,Millions of dollars,2013,1.905193e6
NIPA,T10105,26,State and local,Millions of dollars,2014,1.951535e6
NIPA,T10105,26,State and local,Millions of dollars,2015,2.010643e6
NIPA,T10105,26,State and local,Millions of dollars,2016,2.065678e6
NIPA,T10105,26,State and local,Millions of dollars,2017,2.131087e6
NIPA,T10105,26,State and local,Millions of dollars,2018,2.244086e6
NIPA,T10105,26,State and local,Millions of dollars,2019,2.366496e6
NIPA,T10105,26,State and local,Millions of dollars,2020,2.474532e6
NIPA,T10105,26,State and local,Millions of dollars,2021,2.604254e6
NIPA,T10105,26,State and local,Millions of dollars,2022,2.817657e6
NIPA,T10105,26,State and local,Millions of dollars,2023,2.975451e6
NIPA,T10105,26,State and local,Millions of dollars,2024,3.148741e6
NIPA,T10105,26,State and local,Millions of dollars,2025,3.308173e6
