TableName,TableNumber,TableDescription,Metric,Units,LastRevised,LineNumber,LineDescription,TimePeriod,DataValue
FAAT105,1.5,Investment in Fixed Assets and Consumer Durable Goods,Historical Cost,Billions of dollars,"September 26, 2025",01,Fixed assets and consumer durable goods,1914,7.837
FAAT105,1.5,Investment in Fixed Assets and Consumer Durable Goods,Historical Cost,Billions of dollars,"September 26, 2025",01,Fixed assets and consumer durable goods,1915,7.946
FAAT105,1.5,Investment in Fixed Assets and Consumer Durable Goods,Historical Cost,Billions of dollars,"September 26, 2025",01,Fixed assets and consumer durable goods,1916,10.233
FAAT105,1.5,Investment in Fixed Assets and Consumer Durable Goods,Historical Cost,Billions of dollars,"September 26, 2025",01,Fixed assets and consumer durable goods,1917,13.208
FAAT105,1.5,Investment in Fixed Assets and Consumer Durable Goods,Historical Cost,Billions of dollars,"September 26, 2025",01,Fixed assets and consumer durable goods,1918,17.927
FAAT105,1.5,Investment in Fixed Assets and Consumer Durable Goods,Historical Cost,Billions of dollars,"September 26, 2025",01,Fixed assets and consumer durable goods,1919,18.612
FAAT105,1.5,Investment in Fixed Assets and Consumer Durable Goods,Historical Cost,Billions of dollars,"September 26, 2025",01,Fixed assets and consumer durable goods,1920,20.887
FAAT105,1.5,Investment in Fixed Assets and Consumer Durable Goods,Historical Cost,Billions of dollars,"September 26, 2025",01,Fixed assets and consumer durable goods,1921,17.753
FAAT105,1.5,Investment in Fixed Assets and Consumer Durable Goods,Historical Cost,Billions of dollars,"September 26, 2025",01,Fixed assets and consumer durable goods,1922,19.319
FAAT105,1.5,Investment in Fixed Assets and Consumer Durable Goods,Historical Cost,Billions of dollars,"September 26, 2025",01,Fixed assets and consumer durable goods,1923,24.583
FAAT105,1.5,Investment in Fixed Assets and Consumer Durable Goods,Historical Cost,Billions of dollars,"September 26, 2025",01,Fixed assets and consumer durable goods,1924,24.009
FAAT105,1.5,Investment in Fixed Assets and Consumer Durable Goods,Historical Cost,Billions of dollars,"September 26, 2025",01,Fixed assets and consumer durable goods,1925,27.204
FAAT105,1.5,Investment in Fixed Assets and Consumer Durable Goods,Historical Cost,Billions of dollars,"September 26, 2025",01,Fixed assets and consumer durable goods,1926,27.811
FAAT105,1.5,Investment in Fixed Assets and Consumer Durable Goods,Historical Cost,Billions of dollars,"September 26, 2025",01,Fixed assets and consumer durable goods,1927,27.19
FAAT105,1.5,Investment in Fixed Assets and Consumer Durable Goods,Historical Cost,Billions of dollars,"September 26, 2025",01,Fixed assets and consumer durable goods,1928,27.318
FAAT105,1.5,Investment in Fixed Assets and Consumer Durable Goods,Historical Cost,Billions of dollars,"September 26, 2025",01,Fixed assets and consumer durable goods,1929,28.039
FAAT105,1.5,Investment in Fixed Assets and Consumer Durable Goods,Historical Cost,Billions of dollars,"September 26, 2025",01,Fixed assets and consumer durable goods,1930,22.652
FAAT105,1.5,Investment in Fixed Assets and Consumer Durable Goods,Historical Cost,Billions of dollars,"September 26, 2025",01,Fixed assets and consumer durable goods,1931,16.876
FAAT105,1.5,Investment in Fixed Assets and Consumer Durable Goods,Historical Cost,Billions of dollars,"September 26, 2025",01,Fixed assets and consumer durable goods,1932,10.732
FAAT105,1.5,Investment in Fixed Assets and Consumer Durable Goods,Historical Cost,Billions of dollars,"September 26, 2025",01,Fixed assets and consumer durable goods,1933,9.738
FAAT105,1.5,Investment in Fixed Assets and Consumer Durable Goods,Historical Cost,Billions of dollars,"September 26, 2025",01,Fixed assets and consumer durable goods,1934,12.246
FAAT105,1.5,Investment in Fixed Assets and Consumer Durable Goods,Historical Cost,Billions of dollars,"September 26, 2025",01,Fixed assets and consumer durable goods,1935,14.627
FAAT105,1.5,Investment in Fixed Assets and Consumer Durable Goods,Historical Cost,Billions of dollars,"September 26, 2025",01,Fixed assets and consumer durable goods,1936,19.145
FAAT105,1.5,Investment in Fixed Assets and Consumer Durable Goods,Historical Cost,Billions of dollars,"September 26, 2025",01,Fixed assets and consumer durable goods,1937,21.564
FAAT105,1.5,Investment in Fixed Assets and Consumer Durable Goods,Historical Cost,Billions of dollars,"September 26, 2025",01,Fixed assets and consumer durable goods,1938,19.108
FAAT105,1.5,Investment in Fixed Assets and Consumer Durable Goods,Historical Cost,Billions of dollars,"September 26, 2025",01,Fixed assets and consumer durable goods,1939,21.825
FAAT105,1.5,Investment in Fixed Assets and Consumer Durable Goods,Historical Cost,Billions of dollars,"September 26, 2025",01,Fixed assets and consumer durable goods,1940,24.721
FAAT105,1.5,Investment in Fixed Assets and Consumer Durable Goods,Historical Cost,Billions of dollars,"September 26, 2025",01,Fixed assets and consumer durable goods,1941,35.398
FAAT105,1.5,Investment in Fixed Assets and Consumer Durable Goods,Historical Cost,Billions of dollars,"September 26, 2025",01,Fixed assets and consumer durable goods,1942,46.639
FAAT105,1.5,Investment in Fixed Assets and Consumer Durable Goods,Historical Cost,Billions of dollars,"September 26, 2025",01,Fixed assets and consumer durable goods,1943,55.657
FAAT105,1.5,Investment in Fixed Assets and Consumer Durable Goods,Historical Cost,Billions of dollars,"September 26, 2025",01,Fixed assets and consumer durable goods,1944,56.096
FAAT105,1.5,Investment in Fixed Assets and Consumer Durable Goods,Historical Cost,Billions of dollars,"September 26, 2025",01,Fixed assets and consumer durable goods,1945,48.187
FAAT105,1.5,Investment in Fixed Assets and Consumer Durable Goods,Historical Cost,Billions of dollars,"September 26, 2025",01,Fixed assets and consumer durable goods,1946,47.427
FAAT105,1.5,Investment in Fixed Assets and Consumer Durable Goods,Historical Cost,Billions of dollars,"September 26, 2025",01,Fixed assets and consumer durable goods,1947,63.5
FAAT105,1.5,Investment in Fixed Assets and Consumer Durable Goods,Historical Cost,Billions of dollars,"September 26, 2025",01,Fixed assets and consumer durable goods,1948,76.134
FAAT105,1.5,Investment in Fixed Assets and Consumer Durable Goods,Historical Cost,Billions of dollars,"September 26, 2025",01,Fixed assets and consumer durable goods,1949,78.448
FAAT105,1.5,Investment in Fixed Assets and Consumer Durable Goods,Historical Cost,Billions of dollars,"September 26, 2025",01,Fixed assets and consumer durable goods,1950,93.035
FAAT105,1.5,Investment in Fixed Assets and Consumer Durable Goods,Historical Cost,Billions of dollars,"September 26, 2025",01,Fixed assets and consumer durable goods,1951,102.51
FAAT105,1.5,Investment in Fixed Assets and Consumer Durable Goods,Historical Cost,Billions of dollars,"September 26, 2025",01,Fixed assets and consumer durable goods,1952,107.941
FAAT105,1.5,Investment in Fixed Assets and Consumer Durable Goods,Historical Cost,Billions of dollars,"September 26, 2025",01,Fixed assets and consumer durable goods,1953,118.209
FAAT105,1.5,Investment in Fixed Assets and Consumer Durable Goods,Historical Cost,Billions of dollars,"September 26, 2025",01,Fixed assets and consumer durable goods,1954,117.806
FAAT105,1.5,Investment in Fixed Assets and Consumer Durable Goods,Historical Cost,Billions of dollars,"September 26, 2025",01,Fixed assets and consumer durable goods,1955,131.76
FAAT105,1.5,Investment in Fixed Assets and Consumer Durable Goods,Historical Cost,Billions of dollars,"September 26, 2025",01,Fixed assets and consumer durable goods,1956,138.704
FAAT105,1.5,Investment in Fixed Assets and Consumer Durable Goods,Historical Cost,Billions of dollars,"September 26, 2025",01,Fixed assets and consumer durable goods,1957,145.158
FAAT105,1.5,Investment in Fixed Assets and Consumer Durable Goods,Historical Cost,Billions of dollars,"September 26, 2025",01,Fixed assets and consumer durable goods,1958,140.832
FAAT105,1.5,Investment in Fixed Assets and Consumer Durable Goods,Historical Cost,Billions of dollars,"September 26, 2025",01,Fixed assets and consumer durable goods,1959,158.982
FAAT105,1.5,Investment in Fixed Assets and Consumer Durable Goods,Historical Cost,Billions of dollars,"September 26, 2025",01,Fixed assets and consumer durable goods,1960,161.337
FAAT105,1.5,Investment in Fixed Assets and Consumer Durable Goods,Historical Cost,Billions of dollars,"September 26, 2025",01,Fixed assets and consumer durable goods,1961,164.255
FAAT105,1.5,Investment in Fixed Assets and Consumer Durable Goods,Historical Cost,Billions of dollars,"September 26, 2025",01,Fixed assets and consumer durable goods,1962,179.385
FAAT105,1.5,Investment in Fixed Assets and Consumer Durable Goods,Historical Cost,Billions of dollars,"September 26, 2025",01,Fixed assets and consumer durable goods,1963,192.049
FAAT105,1.5,Investment in Fixed Assets and Consumer Durable Goods,Historical Cost,Billions of dollars,"September 26, 2025",01,Fixed assets and consumer durable goods,1964,208.687
FAAT105,1.5,Investment in Fixed Assets and Consumer Durable Goods,Historical Cost,Billions of dollars,"September 26, 2025",01,Fixed assets and consumer durable goods,1965,229.751
FAAT105,1.5,Investment in Fixed Assets and Consumer Durable Goods,Historical Cost,Billions of dollars,"September 26, 2025",01,Fixed assets and consumer durable goods,1966,250.295
FAAT105,1.5,Investment in Fixed Assets and Consumer Durable Goods,Historical Cost,Billions of dollars,"September 26, 2025",01,Fixed assets and consumer durable goods,1967,258.531
FAAT105,1.5,Investment in Fixed Assets and Consumer Durable Goods,Historical Cost,Billions of dollars,"September 26, 2025",01,Fixed assets and consumer durable goods,1968,285.466
FAAT105,1.5,Investment in Fixed Assets and Consumer Durable Goods,Historical Cost,Billions of dollars,"September 26, 2025",01,Fixed assets and consumer durable goods,1969,306.696
FAAT105,1.5,Investment in Fixed Assets and Consumer Durable Goods,Historical Cost,Billions of dollars,"September 26, 2025",01,Fixed assets and consumer durable goods,1970,309.569
FAAT105,1.5,Investment in Fixed Assets and Consumer Durable Goods,Historical Cost,Billions of dollars,"September 26, 2025",01,Fixed assets and consumer durable goods,1971,339.867
FAAT105,1.5,Investment in Fixed Assets and Consumer Durable Goods,Historical Cost,Billions of dollars,"September 26, 2025",01,Fixed assets and consumer durable goods,1972,384.843
FAAT105,1.5,Investment in Fixed Assets and Consumer Durable Goods,Historical Cost,Billions of dollars,"September 26, 2025",01,Fixed assets and consumer durable goods,1973,436.047
FAAT105,1.5,Investment in Fixed Assets and Consumer Durable Goods,Historical Cost,Billions of dollars,"September 26, 2025",01,Fixed assets and consumer durable goods,1974,456.038
FAAT105,1.5,Investment in Fixed Assets and Consumer Durable Goods,Historical Cost,Billions of dollars,"September 26, 2025",01,Fixed assets and consumer durable goods,1975,477.871
FAAT105,1.5,Investment in Fixed Assets and Consumer Durable Goods,Historical Cost,Billions of dollars,"September 26, 2025",01,Fixed assets and consumer durable goods,1976,548.283
FAAT105,1.5,Investment in Fixed Assets and Consumer Durable Goods,Historical Cost,Billions of dollars,"September 26, 2025",01,Fixed assets and consumer durable goods,1977,640.934
FAAT105,1.5,Investment in Fixed Assets and Consumer Durable Goods,Historical Cost,Billions of dollars,"September 26, 2025",01,Fixed assets and consumer durable goods,1978,751.285
FAAT105,1.5,Investment in Fixed Assets and Consumer Durable Goods,Historical Cost,Billions of dollars,"September 26, 2025",01,Fixed assets and consumer durable goods,1979,848.006
FAAT105,1.5,Investment in Fixed Assets and Consumer Durable Goods,Historical Cost,Billions of dollars,"September 26, 2025",01,Fixed assets and consumer durable goods,1980,876.69
FAAT105,1.5,Investment in Fixed Assets and Consumer Durable Goods,Historical Cost,Billions of dollars,"September 26, 2025",01,Fixed assets and consumer durable goods,1981,969.744
FAAT105,1.5,Investment in Fixed Assets and Consumer Durable Goods,Historical Cost,Billions of dollars,"September 26, 2025",01,Fixed assets and consumer durable goods,1982,977.36
FAAT105,1.5,Investment in Fixed Assets and Consumer Durable Goods,Historical Cost,Billions of dollars,"September 26, 2025",01,Fixed assets and consumer durable goods,1983,1076.834
FAAT105,1.5,Investment in Fixed Assets and Consumer Durable Goods,Historical Cost,Billions of dollars,"September 26, 2025",01,Fixed assets and consumer durable goods,1984,1257.169
FAAT105,1.5,Investment in Fixed Assets and Consumer Durable Goods,Historical Cost,Billions of dollars,"September 26, 2025",01,Fixed assets and consumer durable goods,1985,1375.919
FAAT105,1.5,Investment in Fixed Assets and Consumer Durable Goods,Historical Cost,Billions of dollars,"September 26, 2025",01,Fixed assets and consumer durable goods,1986,1464.454
FAAT105,1.5,Investment in Fixed Assets and Consumer Durable Goods,Historical Cost,Billions of dollars,"September 26, 2025",01,Fixed assets and consumer durable goods,1987,1526.882
FAAT105,1.5,Investment in Fixed Assets and Consumer Durable Goods,Historical Cost,Billions of dollars,"September 26, 2025",01,Fixed assets and consumer durable goods,1988,1610.045
FAAT105,1.5,Investment in Fixed Assets and Consumer Durable Goods,Historical Cost,Billions of dollars,"September 26, 2025",01,Fixed assets and consumer durable goods,1989,1691.659
FAAT105,1.5,Investment in Fixed Assets and Consumer Durable Goods,Historical Cost,Billions of dollars,"September 26, 2025",01,Fixed assets and consumer durable goods,1990,1726.75
FAAT105,1.5,Investment in Fixed Assets and Consumer Durable Goods,Historical Cost,Billions of dollars,"September 26, 2025",01,Fixed assets and consumer durable goods,1991,1674.964
FAAT105,1.5,Investment in Fixed Assets and Consumer Durable Goods,Historical Cost,Billions of dollars,"September 26, 2025",01,Fixed assets and consumer durable goods,1992,1754.426
FAAT105,1.5,Investment in Fixed Assets and Consumer Durable Goods,Historical Cost,Billions of dollars,"September 26, 2025",01,Fixed assets and consumer durable goods,1993,1886.16
FAAT105,1.5,Investment in Fixed Assets and Consumer Durable Goods,Historical Cost,Billions of dollars,"September 26, 2025",01,Fixed assets and consumer durable goods,1994,2038.267
FAAT105,1.5,Investment in Fixed Assets and Consumer Durable Goods,Historical Cost,Billions of dollars,"September 26, 2025",01,Fixed assets and consumer durable goods,1995,2176.593
FAAT105,1.5,Investment in Fixed Assets and Consumer Durable Goods,Historical Cost,Billions of dollars,"September 26, 2025",01,Fixed assets and consumer durable goods,1996,2349.12
FAAT105,1.5,Investment in Fixed Assets and Consumer Durable Goods,Historical Cost,Billions of dollars,"September 26, 2025",01,Fixed assets and consumer durable goods,1997,2503.535
FAAT105,1.5,Investment in Fixed Assets and Consumer Durable Goods,Historical Cost,Billions of dollars,"September 26, 2025",01,Fixed assets and consumer durable goods,1998,2729.635
FAAT105,1.5,Investment in Fixed Assets and Consumer Durable Goods,Historical Cost,Billions of dollars,"September 26, 2025",01,Fixed assets and consumer durable goods,1999,2976.589
FAAT105,1.5,Investment in Fixed Assets and Consumer Durable Goods,Historical Cost,Billions of dollars,"September 26, 2025",01,Fixed assets and consumer durable goods,2000,3222.579
FAAT105,1.5,Investment in Fixed Assets and Consumer Durable Goods,Historical Cost,Billions of dollars,"September 26, 2025",01,Fixed assets and consumer durable goods,2001,3248.901
FAAT105,1.5,Investment in Fixed Assets and Consumer Durable Goods,Historical Cost,Billions of dollars,"September 26, 2025",01,Fixed assets and consumer durable goods,2002,3253.411
FAAT105,1.5,Investment in Fixed Assets and Consumer Durable Goods,Historical Cost,Billions of dollars,"September 26, 2025",01,Fixed assets and consumer durable goods,2003,3404.659
FAAT105,1.5,Investment in Fixed Assets and Consumer Durable Goods,Historical Cost,Billions of dollars,"September 26, 2025",01,Fixed assets and consumer durable goods,2004,3691.384
FAAT105,1.5,Investment in Fixed Assets and Consumer Durable Goods,Historical Cost,Billions of dollars,"September 26, 2025",01,Fixed assets and consumer durable goods,2005,4020.174
FAAT105,1.5,Investment in Fixed Assets and Consumer Durable Goods,Historical Cost,Billions of dollars,"September 26, 2025",01,Fixed assets and consumer durable goods,2006,4241.057
FAAT105,1.5,Investment in Fixed Assets and Consumer Durable Goods,Historical Cost,Billions of dollars,"September 26, 2025",01,Fixed assets and consumer durable goods,2007,4320.625
FAAT105,1.5,Investment in Fixed Assets and Consumer Durable Goods,Historical Cost,Billions of dollars,"September 26, 2025",01,Fixed assets and consumer durable goods,2008,4152.492
FAAT105,1.5,Investment in Fixed Assets and Consumer Durable Goods,Historical Cost,Billions of dollars,"September 26, 2025",01,Fixed assets and consumer durable goods,2009,3651.656
FAAT105,1.5,Investment in Fixed Assets and Consumer Durable Goods,Historical Cost,Billions of dollars,"September 26, 2025",01,Fixed assets and consumer durable goods,2010,3724.158
FAAT105,1.5,Investment in Fixed Assets and Consumer Durable Goods,Historical Cost,Billions of dollars,"September 26, 2025",01,Fixed assets and consumer durable goods,2011,3933.974
FAAT105,1.5,Investment in Fixed Assets and Consumer Durable Goods,Historical Cost,Billions of dollars,"September 26, 2025",01,Fixed assets and consumer durable goods,2012,4223.475
FAAT105,1.5,Investment in Fixed Assets and Consumer Durable Goods,Historical Cost,Billions of dollars,"September 26, 2025",01,Fixed assets and consumer durable goods,2013,4427.653
FAAT105,1.5,Investment in Fixed Assets and Consumer Durable Goods,Historical Cost,Billions of dollars,"September 26, 2025",01,Fixed assets and consumer durable goods,2014,4727.988
FAAT105,1.5,Investment in Fixed Assets and Consumer Durable Goods,Historical Cost,Billions of dollars,"September 26, 2025",01,Fixed assets and consumer durable goods,2015,4943.646
FAAT105,1.5,Investment in Fixed Assets and Consumer Durable Goods,Historical Cost,Billions of dollars,"September 26, 2025",01,Fixed assets and consumer durable goods,2016,5086.264
FAAT105,1.5,Investment in Fixed Assets and Consumer Durable Goods,Historical Cost,Billions of dollars,"September 26, 2025",01,Fixed assets and consumer durable goods,2017,5366.565
FAAT105,1.5,Investment in Fixed Assets and Consumer Durable Goods,Historical Cost,Billions of dollars,"September 26, 2025",01,Fixed assets and consumer durable goods,2018,5707.665
FAAT105,1.5,Investment in Fixed Assets and Consumer Durable Goods,Historical Cost,Billions of dollars,"September 26, 2025",01,Fixed assets and consumer durable goods,2019,5936.021
FAAT105,1.5,Investment in Fixed Assets and Consumer Durable Goods,Historical Cost,Billions of dollars,"September 26, 2025",01,Fixed assets and consumer durable goods,2020,6054.757
FAAT105,1.5,Investment in Fixed Assets and Consumer Durable Goods,Historical Cost,Billions of dollars,"September 26, 2025",01,Fixed assets and consumer durable goods,2021,6836.88
FAAT105,1.5,Investment in Fixed Assets and Consumer Durable Goods,Historical Cost,Billions of dollars,"September 26, 2025",01,Fixed assets and consumer durable goods,2022,7411.227
FAAT105,1.5,Investment in Fixed Assets and Consumer Durable Goods,Historical Cost,Billions of dollars,"September 26, 2025",01,Fixed assets and consumer durable goods,2023,7840.466
FAAT105,1.5,Investment in Fixed Assets and Consumer Durable Goods,Historical Cost,Billions of dollars,"September 26, 2025",01,Fixed assets and consumer durable goods,2024,8227.305
FAAT105,1.5,Investment in Fixed Assets and Consumer Durable Goods,Historical Cost,Billions of dollars,"September 26, 2025",02,Fixed assets,1914,5.663
FAAT105,1.5,Investment in Fixed Assets and Consumer Durable Goods,Historical Cost,Billions of dollars,"September 26, 2025",02,Fixed assets,1915,5.797
FAAT105,1.5,Investment in Fixed Assets and Consumer Durable Goods,Historical Cost,Billions of dollars,"September 26, 2025",02,Fixed assets,1916,7.401
FAAT105,1.5,Investment in Fixed Assets and Consumer Durable Goods,Historical Cost,Billions of dollars,"September 26, 2025",02,Fixed assets,1917,9.887
FAAT105,1.5,Investment in Fixed Assets and Consumer Durable Goods,Historical Cost,Billions of dollars,"September 26, 2025",02,Fixed assets,1918,13.641
FAAT105,1.5,Investment in Fixed Assets and Consumer Durable Goods,Historical Cost,Billions of dollars,"September 26, 2025",02,Fixed assets,1919,12.816
FAAT105,1.5,Investment in Fixed Assets and Consumer Durable Goods,Historical Cost,Billions of dollars,"September 26, 2025",02,Fixed assets,1920,13.907
FAAT105,1.5,Investment in Fixed Assets and Consumer Durable Goods,Historical Cost,Billions of dollars,"September 26, 2025",02,Fixed assets,1921,11.704
FAAT105,1.5,Investment in Fixed Assets and Consumer Durable Goods,Historical Cost,Billions of dollars,"September 26, 2025",02,Fixed assets,1922,13.611
FAAT105,1.5,Investment in Fixed Assets and Consumer Durable Goods,Historical Cost,Billions of dollars,"September 26, 2025",02,Fixed assets,1923,17.331
FAAT105,1.5,Investment in Fixed Assets and Consumer Durable Goods,Historical Cost,Billions of dollars,"September 26, 2025",02,Fixed assets,1924,16.686
FAAT105,1.5,Investment in Fixed Assets and Consumer Durable Goods,Historical Cost,Billions of dollars,"September 26, 2025",02,Fixed assets,1925,19.214
FAAT105,1.5,Investment in Fixed Assets and Consumer Durable Goods,Historical Cost,Billions of dollars,"September 26, 2025",02,Fixed assets,1926,19.364
FAAT105,1.5,Investment in Fixed Assets and Consumer Durable Goods,Historical Cost,Billions of dollars,"September 26, 2025",02,Fixed assets,1927,18.927
FAAT105,1.5,Investment in Fixed Assets and Consumer Durable Goods,Historical Cost,Billions of dollars,"September 26, 2025",02,Fixed assets,1928,18.776
FAAT105,1.5,Investment in Fixed Assets and Consumer Durable Goods,Historical Cost,Billions of dollars,"September 26, 2025",02,Fixed assets,1929,18.724
FAAT105,1.5,Investment in Fixed Assets and Consumer Durable Goods,Historical Cost,Billions of dollars,"September 26, 2025",02,Fixed assets,1930,15.409
FAAT105,1.5,Investment in Fixed Assets and Consumer Durable Goods,Historical Cost,Billions of dollars,"September 26, 2025",02,Fixed assets,1931,11.315
FAAT105,1.5,Investment in Fixed Assets and Consumer Durable Goods,Historical Cost,Billions of dollars,"September 26, 2025",02,Fixed assets,1932,7.03
FAAT105,1.5,Investment in Fixed Assets and Consumer Durable Goods,Historical Cost,Billions of dollars,"September 26, 2025",02,Fixed assets,1933,6.206
FAAT105,1.5,Investment in Fixed Assets and Consumer Durable Goods,Historical Cost,Billions of dollars,"September 26, 2025",02,Fixed assets,1934,7.962
FAAT105,1.5,Investment in Fixed Assets and Consumer Durable Goods,Historical Cost,Billions of dollars,"September 26, 2025",02,Fixed assets,1935,9.428
FAAT105,1.5,Investment in Fixed Assets and Consumer Durable Goods,Historical Cost,Billions of dollars,"September 26, 2025",02,Fixed assets,1936,12.716
FAAT105,1.5,Investment in Fixed Assets and Consumer Durable Goods,Historical Cost,Billions of dollars,"September 26, 2025",02,Fixed assets,1937,14.516
FAAT105,1.5,Investment in Fixed Assets and Consumer Durable Goods,Historical Cost,Billions of dollars,"September 26, 2025",02,Fixed assets,1938,13.308
FAAT105,1.5,Investment in Fixed Assets and Consumer Durable Goods,Historical Cost,Billions of dollars,"September 26, 2025",02,Fixed assets,1939,15.047
FAAT105,1.5,Investment in Fixed Assets and Consumer Durable Goods,Historical Cost,Billions of dollars,"September 26, 2025",02,Fixed assets,1940,16.871
FAAT105,1.5,Investment in Fixed Assets and Consumer Durable Goods,Historical Cost,Billions of dollars,"September 26, 2025",02,Fixed assets,1941,25.712
FAAT105,1.5,Investment in Fixed Assets and Consumer Durable Goods,Historical Cost,Billions of dollars,"September 26, 2025",02,Fixed assets,1942,39.372
FAAT105,1.5,Investment in Fixed Assets and Consumer Durable Goods,Historical Cost,Billions of dollars,"September 26, 2025",02,Fixed assets,1943,48.594
FAAT105,1.5,Investment in Fixed Assets and Consumer Durable Goods,Historical Cost,Billions of dollars,"September 26, 2025",02,Fixed assets,1944,48.827
FAAT105,1.5,Investment in Fixed Assets and Consumer Durable Goods,Historical Cost,Billions of dollars,"September 26, 2025",02,Fixed assets,1945,39.728
FAAT105,1.5,Investment in Fixed Assets and Consumer Durable Goods,Historical Cost,Billions of dollars,"September 26, 2025",02,Fixed assets,1946,31.565
FAAT105,1.5,Investment in Fixed Assets and Consumer Durable Goods,Historical Cost,Billions of dollars,"September 26, 2025",02,Fixed assets,1947,43.053
FAAT105,1.5,Investment in Fixed Assets and Consumer Durable Goods,Historical Cost,Billions of dollars,"September 26, 2025",02,Fixed assets,1948,53.187
FAAT105,1.5,Investment in Fixed Assets and Consumer Durable Goods,Historical Cost,Billions of dollars,"September 26, 2025",02,Fixed assets,1949,53.273
FAAT105,1.5,Investment in Fixed Assets and Consumer Durable Goods,Historical Cost,Billions of dollars,"September 26, 2025",02,Fixed assets,1950,62.346
FAAT105,1.5,Investment in Fixed Assets and Consumer Durable Goods,Historical Cost,Billions of dollars,"September 26, 2025",02,Fixed assets,1951,72.548
FAAT105,1.5,Investment in Fixed Assets and Consumer Durable Goods,Historical Cost,Billions of dollars,"September 26, 2025",02,Fixed assets,1952,78.535
FAAT105,1.5,Investment in Fixed Assets and Consumer Durable Goods,Historical Cost,Billions of dollars,"September 26, 2025",02,Fixed assets,1953,85.094
FAAT105,1.5,Investment in Fixed Assets and Consumer Durable Goods,Historical Cost,Billions of dollars,"September 26, 2025",02,Fixed assets,1954,85.199
FAAT105,1.5,Investment in Fixed Assets and Consumer Durable Goods,Historical Cost,Billions of dollars,"September 26, 2025",02,Fixed assets,1955,92.962
FAAT105,1.5,Investment in Fixed Assets and Consumer Durable Goods,Historical Cost,Billions of dollars,"September 26, 2025",02,Fixed assets,1956,100.665
FAAT105,1.5,Investment in Fixed Assets and Consumer Durable Goods,Historical Cost,Billions of dollars,"September 26, 2025",02,Fixed assets,1957,105.684
FAAT105,1.5,Investment in Fixed Assets and Consumer Durable Goods,Historical Cost,Billions of dollars,"September 26, 2025",02,Fixed assets,1958,104.139
FAAT105,1.5,Investment in Fixed Assets and Consumer Durable Goods,Historical Cost,Billions of dollars,"September 26, 2025",02,Fixed assets,1959,117.211
FAAT105,1.5,Investment in Fixed Assets and Consumer Durable Goods,Historical Cost,Billions of dollars,"September 26, 2025",02,Fixed assets,1960,118.754
FAAT105,1.5,Investment in Fixed Assets and Consumer Durable Goods,Historical Cost,Billions of dollars,"September 26, 2025",02,Fixed assets,1961,123.069
FAAT105,1.5,Investment in Fixed Assets and Consumer Durable Goods,Historical Cost,Billions of dollars,"September 26, 2025",02,Fixed assets,1962,133.239
FAAT105,1.5,Investment in Fixed Assets and Consumer Durable Goods,Historical Cost,Billions of dollars,"September 26, 2025",02,Fixed assets,1963,141.772
FAAT105,1.5,Investment in Fixed Assets and Consumer Durable Goods,Historical Cost,Billions of dollars,"September 26, 2025",02,Fixed assets,1964,153.525
FAAT105,1.5,Investment in Fixed Assets and Consumer Durable Goods,Historical Cost,Billions of dollars,"September 26, 2025",02,Fixed assets,1965,168.023
FAAT105,1.5,Investment in Fixed Assets and Consumer Durable Goods,Historical Cost,Billions of dollars,"September 26, 2025",02,Fixed assets,1966,183.42
FAAT105,1.5,Investment in Fixed Assets and Consumer Durable Goods,Historical Cost,Billions of dollars,"September 26, 2025",02,Fixed assets,1967,189.688
FAAT105,1.5,Investment in Fixed Assets and Consumer Durable Goods,Historical Cost,Billions of dollars,"September 26, 2025",02,Fixed assets,1968,206.064
FAAT105,1.5,Investment in Fixed Assets and Consumer Durable Goods,Historical Cost,Billions of dollars,"September 26, 2025",02,Fixed assets,1969,222.865
FAAT105,1.5,Investment in Fixed Assets and Consumer Durable Goods,Historical Cost,Billions of dollars,"September 26, 2025",02,Fixed assets,1970,225.963
FAAT105,1.5,Investment in Fixed Assets and Consumer Durable Goods,Historical Cost,Billions of dollars,"September 26, 2025",02,Fixed assets,1971,244.732
FAAT105,1.5,Investment in Fixed Assets and Consumer Durable Goods,Historical Cost,Billions of dollars,"September 26, 2025",02,Fixed assets,1972,277.772
FAAT105,1.5,Investment in Fixed Assets and Consumer Durable Goods,Historical Cost,Billions of dollars,"September 26, 2025",02,Fixed assets,1973,315.044
FAAT105,1.5,Investment in Fixed Assets and Consumer Durable Goods,Historical Cost,Billions of dollars,"September 26, 2025",02,Fixed assets,1974,335.119
FAAT105,1.5,Investment in Fixed Assets and Consumer Durable Goods,Historical Cost,Billions of dollars,"September 26, 2025",02,Fixed assets,1975,346.119
FAAT105,1.5,Investment in Fixed Assets and Consumer Durable Goods,Historical Cost,Billions of dollars,"September 26, 2025",02,Fixed assets,1976,392.988
FAAT105,1.5,Investment in Fixed Assets and Consumer Durable Goods,Historical Cost,Billions of dollars,"September 26, 2025",02,Fixed assets,1977,463.83
FAAT105,1.5,Investment in Fixed Assets and Consumer Durable Goods,Historical Cost,Billions of dollars,"September 26, 2025",02,Fixed assets,1978,553.065
FAAT105,1.5,Investment in Fixed Assets and Consumer Durable Goods,Historical Cost,Billions of dollars,"September 26, 2025",02,Fixed assets,1979,637.075
FAAT105,1.5,Investment in Fixed Assets and Consumer Durable Goods,Historical Cost,Billions of dollars,"September 26, 2025",02,Fixed assets,1980,666.29
FAAT105,1.5,Investment in Fixed Assets and Consumer Durable Goods,Historical Cost,Billions of dollars,"September 26, 2025",02,Fixed assets,1981,742.944
FAAT105,1.5,Investment in Fixed Assets and Consumer Durable Goods,Historical Cost,Billions of dollars,"September 26, 2025",02,Fixed assets,1982,744.689
FAAT105,1.5,Investment in Fixed Assets and Consumer Durable Goods,Historical Cost,Billions of dollars,"September 26, 2025",02,Fixed assets,1983,805.783
FAAT105,1.5,Investment in Fixed Assets and Consumer Durable Goods,Historical Cost,Billions of dollars,"September 26, 2025",02,Fixed assets,1984,940.353
FAAT105,1.5,Investment in Fixed Assets and Consumer Durable Goods,Historical Cost,Billions of dollars,"September 26, 2025",02,Fixed assets,1985,1021.266
FAAT105,1.5,Investment in Fixed Assets and Consumer Durable Goods,Historical Cost,Billions of dollars,"September 26, 2025",02,Fixed assets,1986,1067.82
FAAT105,1.5,Investment in Fixed Assets and Consumer Durable Goods,Historical Cost,Billions of dollars,"September 26, 2025",02,Fixed assets,1987,1111.519
FAAT105,1.5,Investment in Fixed Assets and Consumer Durable Goods,Historical Cost,Billions of dollars,"September 26, 2025",02,Fixed assets,1988,1168.119
FAAT105,1.5,Investment in Fixed Assets and Consumer Durable Goods,Historical Cost,Billions of dollars,"September 26, 2025",02,Fixed assets,1989,1231.71
FAAT105,1.5,Investment in Fixed Assets and Consumer Durable Goods,Historical Cost,Billions of dollars,"September 26, 2025",02,Fixed assets,1990,1261.742
FAAT105,1.5,Investment in Fixed Assets and Consumer Durable Goods,Historical Cost,Billions of dollars,"September 26, 2025",02,Fixed assets,1991,1228.565
FAAT105,1.5,Investment in Fixed Assets and Consumer Durable Goods,Historical Cost,Billions of dollars,"September 26, 2025",02,Fixed assets,1992,1277.987
FAAT105,1.5,Investment in Fixed Assets and Consumer Durable Goods,Historical Cost,Billions of dollars,"September 26, 2025",02,Fixed assets,1993,1369.854
FAAT105,1.5,Investment in Fixed Assets and Consumer Durable Goods,Historical Cost,Billions of dollars,"September 26, 2025",02,Fixed assets,1994,1477.801
FAAT105,1.5,Investment in Fixed Assets and Consumer Durable Goods,Historical Cost,Billions of dollars,"September 26, 2025",02,Fixed assets,1995,1590.466
FAAT105,1.5,Investment in Fixed Assets and Consumer Durable Goods,Historical Cost,Billions of dollars,"September 26, 2025",02,Fixed assets,1996,1726.87
FAAT105,1.5,Investment in Fixed Assets and Consumer Durable Goods,Historical Cost,Billions of dollars,"September 26, 2025",02,Fixed assets,1997,1845.092
FAAT105,1.5,Investment in Fixed Assets and Consumer Durable Goods,Historical Cost,Billions of dollars,"September 26, 2025",02,Fixed assets,1998,2008.002
FAAT105,1.5,Investment in Fixed Assets and Consumer Durable Goods,Historical Cost,Billions of dollars,"September 26, 2025",02,Fixed assets,1999,2182.094
FAAT105,1.5,Investment in Fixed Assets and Consumer Durable Goods,Historical Cost,Billions of dollars,"September 26, 2025",02,Fixed assets,2000,2353.008
FAAT105,1.5,Investment in Fixed Assets and Consumer Durable Goods,Historical Cost,Billions of dollars,"September 26, 2025",02,Fixed assets,2001,2362.224
FAAT105,1.5,Investment in Fixed Assets and Consumer Durable Goods,Historical Cost,Billions of dollars,"September 26, 2025",02,Fixed assets,2002,2328.828
FAAT105,1.5,Investment in Fixed Assets and Consumer Durable Goods,Historical Cost,Billions of dollars,"September 26, 2025",02,Fixed assets,2003,2449.537
FAAT105,1.5,Investment in Fixed Assets and Consumer Durable Goods,Historical Cost,Billions of dollars,"September 26, 2025",02,Fixed assets,2004,2679.477
FAAT105,1.5,Investment in Fixed Assets and Consumer Durable Goods,Historical Cost,Billions of dollars,"September 26, 2025",02,Fixed assets,2005,2966.551
FAAT105,1.5,Investment in Fixed Assets and Consumer Durable Goods,Historical Cost,Billions of dollars,"September 26, 2025",02,Fixed assets,2006,3158.672
FAAT105,1.5,Investment in Fixed Assets and Consumer Durable Goods,Historical Cost,Billions of dollars,"September 26, 2025",02,Fixed assets,2007,3207.448
FAAT105,1.5,Investment in Fixed Assets and Consumer Durable Goods,Historical Cost,Billions of dollars,"September 26, 2025",02,Fixed assets,2008,3116.16
FAAT105,1.5,Investment in Fixed Assets and Consumer Durable Goods,Historical Cost,Billions of dollars,"September 26, 2025",02,Fixed assets,2009,2694.913
FAAT105,1.5,Investment in Fixed Assets and Consumer Durable Goods,Historical Cost,Billions of dollars,"September 26, 2025",02,Fixed assets,2010,2745.491
FAAT105,1.5,Investment in Fixed Assets and Consumer Durable Goods,Historical Cost,Billions of dollars,"September 26, 2025",02,Fixed assets,2011,2912.747
FAAT105,1.5,Investment in Fixed Assets and Consumer Durable Goods,Historical Cost,Billions of dollars,"September 26, 2025",02,Fixed assets,2012,3145.601
FAAT105,1.5,Investment in Fixed Assets and Consumer Durable Goods,Historical Cost,Billions of dollars,"September 26, 2025",02,Fixed assets,2013,3315.504
FAAT105,1.5,Investment in Fixed Assets and Consumer Durable Goods,Historical Cost,Billions of dollars,"September 26, 2025",02,Fixed assets,2014,3571.392
FAAT105,1.5,Investment in Fixed Assets and Consumer Durable Goods,Historical Cost,Billions of dollars,"September 26, 2025",02,Fixed assets,2015,3735.513
FAAT105,1.5,Investment in Fixed Assets and Consumer Durable Goods,Historical Cost,Billions of dollars,"September 26, 2025",02,Fixed assets,2016,3837.983
FAAT105,1.5,Investment in Fixed Assets and Consumer Durable Goods,Historical Cost,Billions of dollars,"September 26, 2025",02,Fixed assets,2017,4069.965
FAAT105,1.5,Investment in Fixed Assets and Consumer Durable Goods,Historical Cost,Billions of dollars,"September 26, 2025",02,Fixed assets,2018,4345.413
FAAT105,1.5,Investment in Fixed Assets and Consumer Durable Goods,Historical Cost,Billions of dollars,"September 26, 2025",02,Fixed assets,2019,4537.23
FAAT105,1.5,Investment in Fixed Assets and Consumer Durable Goods,Historical Cost,Billions of dollars,"September 26, 2025",02,Fixed assets,2020,4549.74
FAAT105,1.5,Investment in Fixed Assets and Consumer Durable Goods,Historical Cost,Billions of dollars,"September 26, 2025",02,Fixed assets,2021,5000.587
FAAT105,1.5,Investment in Fixed Assets and Consumer Durable Goods,Historical Cost,Billions of dollars,"September 26, 2025",02,Fixed assets,2022,5500.936
FAAT105,1.5,Investment in Fixed Assets and Consumer Durable Goods,Historical Cost,Billions of dollars,"September 26, 2025",02,Fixed assets,2023,5879.533
FAAT105,1.5,Investment in Fixed Assets and Consumer Durable Goods,Historical Cost,Billions of dollars,"September 26, 2025",02,Fixed assets,2024,6194.051
FAAT105,1.5,Investment in Fixed Assets and Consumer Durable Goods,Historical Cost,Billions of dollars,"September 26, 2025",03,Private,1914,5.043
FAAT105,1.5,Investment in Fixed Assets and Consumer Durable Goods,Historical Cost,Billions of dollars,"September 26, 2025",03,Private,1915,5.011
FAAT105,1.5,Investment in Fixed Assets and Consumer Durable Goods,Historical Cost,Billions of dollars,"September 26, 2025",03,Private,1916,6.634
FAAT105,1.5,Investment in Fixed Assets and Consumer Durable Goods,Historical Cost,Billions of dollars,"September 26, 2025",03,Private,1917,7.7
FAAT105,1.5,Investment in Fixed Assets and Consumer Durable Goods,Historical Cost,Billions of dollars,"September 26, 2025",03,Private,1918,8.678
FAAT105,1.5,Investment in Fixed Assets and Consumer Durable Goods,Historical Cost,Billions of dollars,"September 26, 2025",03,Private,1919,10.585
FAAT105,1.5,Investment in Fixed Assets and Consumer Durable Goods,Historical Cost,Billions of dollars,"September 26, 2025",03,Private,1920,12.433
FAAT105,1.5,Investment in Fixed Assets and Consumer Durable Goods,Historical Cost,Billions of dollars,"September 26, 2025",03,Private,1921,10.08
FAAT105,1.5,Investment in Fixed Assets and Consumer Durable Goods,Historical Cost,Billions of dollars,"September 26, 2025",03,Private,1922,11.812
FAAT105,1.5,Investment in Fixed Assets and Consumer Durable Goods,Historical Cost,Billions of dollars,"September 26, 2025",03,Private,1923,15.531
FAAT105,1.5,Investment in Fixed Assets and Consumer Durable Goods,Historical Cost,Billions of dollars,"September 26, 2025",03,Private,1924,14.589
FAAT105,1.5,Investment in Fixed Assets and Consumer Durable Goods,Historical Cost,Billions of dollars,"September 26, 2025",03,Private,1925,16.858
FAAT105,1.5,Investment in Fixed Assets and Consumer Durable Goods,Historical Cost,Billions of dollars,"September 26, 2025",03,Private,1926,16.993
FAAT105,1.5,Investment in Fixed Assets and Consumer Durable Goods,Historical Cost,Billions of dollars,"September 26, 2025",03,Private,1927,16.231
FAAT105,1.5,Investment in Fixed Assets and Consumer Durable Goods,Historical Cost,Billions of dollars,"September 26, 2025",03,Private,1928,15.998
FAAT105,1.5,Investment in Fixed Assets and Consumer Durable Goods,Historical Cost,Billions of dollars,"September 26, 2025",03,Private,1929,15.822
FAAT105,1.5,Investment in Fixed Assets and Consumer Durable Goods,Historical Cost,Billions of dollars,"September 26, 2025",03,Private,1930,12.153
FAAT105,1.5,Investment in Fixed Assets and Consumer Durable Goods,Historical Cost,Billions of dollars,"September 26, 2025",03,Private,1931,8.226
FAAT105,1.5,Investment in Fixed Assets and Consumer Durable Goods,Historical Cost,Billions of dollars,"September 26, 2025",03,Private,1932,4.765
FAAT105,1.5,Investment in Fixed Assets and Consumer Durable Goods,Historical Cost,Billions of dollars,"September 26, 2025",03,Private,1933,4.174
FAAT105,1.5,Investment in Fixed Assets and Consumer Durable Goods,Historical Cost,Billions of dollars,"September 26, 2025",03,Private,1934,5.308
FAAT105,1.5,Investment in Fixed Assets and Consumer Durable Goods,Historical Cost,Billions of dollars,"September 26, 2025",03,Private,1935,6.591
FAAT105,1.5,Investment in Fixed Assets and Consumer Durable Goods,Historical Cost,Billions of dollars,"September 26, 2025",03,Private,1936,8.502
FAAT105,1.5,Investment in Fixed Assets and Consumer Durable Goods,Historical Cost,Billions of dollars,"September 26, 2025",03,Private,1937,10.632
FAAT105,1.5,Investment in Fixed Assets and Consumer Durable Goods,Historical Cost,Billions of dollars,"September 26, 2025",03,Private,1938,9.023
FAAT105,1.5,Investment in Fixed Assets and Consumer Durable Goods,Historical Cost,Billions of dollars,"September 26, 2025",03,Private,1939,10.429
FAAT105,1.5,Investment in Fixed Assets and Consumer Durable Goods,Historical Cost,Billions of dollars,"September 26, 2025",03,Private,1940,12.439
FAAT105,1.5,Investment in Fixed Assets and Consumer Durable Goods,Historical Cost,Billions of dollars,"September 26, 2025",03,Private,1941,14.966
FAAT105,1.5,Investment in Fixed Assets and Consumer Durable Goods,Historical Cost,Billions of dollars,"September 26, 2025",03,Private,1942,10.432
FAAT105,1.5,Investment in Fixed Assets and Consumer Durable Goods,Historical Cost,Billions of dollars,"September 26, 2025",03,Private,1943,8.727
FAAT105,1.5,Investment in Fixed Assets and Consumer Durable Goods,Historical Cost,Billions of dollars,"September 26, 2025",03,Private,1944,10.596
FAAT105,1.5,Investment in Fixed Assets and Consumer Durable Goods,Historical Cost,Billions of dollars,"September 26, 2025",03,Private,1945,14.336
FAAT105,1.5,Investment in Fixed Assets and Consumer Durable Goods,Historical Cost,Billions of dollars,"September 26, 2025",03,Private,1946,26.862
FAAT105,1.5,Investment in Fixed Assets and Consumer Durable Goods,Historical Cost,Billions of dollars,"September 26, 2025",03,Private,1947,37.391
FAAT105,1.5,Investment in Fixed Assets and Consumer Durable Goods,Historical Cost,Billions of dollars,"September 26, 2025",03,Private,1948,44.724
FAAT105,1.5,Investment in Fixed Assets and Consumer Durable Goods,Historical Cost,Billions of dollars,"September 26, 2025",03,Private,1949,41.957
FAAT105,1.5,Investment in Fixed Assets and Consumer Durable Goods,Historical Cost,Billions of dollars,"September 26, 2025",03,Private,1950,50.916
FAAT105,1.5,Investment in Fixed Assets and Consumer Durable Goods,Historical Cost,Billions of dollars,"September 26, 2025",03,Private,1951,53.053
FAAT105,1.5,Investment in Fixed Assets and Consumer Durable Goods,Historical Cost,Billions of dollars,"September 26, 2025",03,Private,1952,53.956
FAAT105,1.5,Investment in Fixed Assets and Consumer Durable Goods,Historical Cost,Billions of dollars,"September 26, 2025",03,Private,1953,58.62
FAAT105,1.5,Investment in Fixed Assets and Consumer Durable Goods,Historical Cost,Billions of dollars,"September 26, 2025",03,Private,1954,59.829
FAAT105,1.5,Investment in Fixed Assets and Consumer Durable Goods,Historical Cost,Billions of dollars,"September 26, 2025",03,Private,1955,68.353
FAAT105,1.5,Investment in Fixed Assets and Consumer Durable Goods,Historical Cost,Billions of dollars,"September 26, 2025",03,Private,1956,73.428
FAAT105,1.5,Investment in Fixed Assets and Consumer Durable Goods,Historical Cost,Billions of dollars,"September 26, 2025",03,Private,1957,75.471
FAAT105,1.5,Investment in Fixed Assets and Consumer Durable Goods,Historical Cost,Billions of dollars,"September 26, 2025",03,Private,1958,71.549
FAAT105,1.5,Investment in Fixed Assets and Consumer Durable Goods,Historical Cost,Billions of dollars,"September 26, 2025",03,Private,1959,81.339
FAAT105,1.5,Investment in Fixed Assets and Consumer Durable Goods,Historical Cost,Billions of dollars,"September 26, 2025",03,Private,1960,82.775
FAAT105,1.5,Investment in Fixed Assets and Consumer Durable Goods,Historical Cost,Billions of dollars,"September 26, 2025",03,Private,1961,83.267
FAAT105,1.5,Investment in Fixed Assets and Consumer Durable Goods,Historical Cost,Billions of dollars,"September 26, 2025",03,Private,1962,90.694
FAAT105,1.5,Investment in Fixed Assets and Consumer Durable Goods,Historical Cost,Billions of dollars,"September 26, 2025",03,Private,1963,97.33
FAAT105,1.5,Investment in Fixed Assets and Consumer Durable Goods,Historical Cost,Billions of dollars,"September 26, 2025",03,Private,1964,107.126
FAAT105,1.5,Investment in Fixed Assets and Consumer Durable Goods,Historical Cost,Billions of dollars,"September 26, 2025",03,Private,1965,120.124
FAAT105,1.5,Investment in Fixed Assets and Consumer Durable Goods,Historical Cost,Billions of dollars,"September 26, 2025",03,Private,1966,129.826
FAAT105,1.5,Investment in Fixed Assets and Consumer Durable Goods,Historical Cost,Billions of dollars,"September 26, 2025",03,Private,1967,132.03
FAAT105,1.5,Investment in Fixed Assets and Consumer Durable Goods,Historical Cost,Billions of dollars,"September 26, 2025",03,Private,1968,146.934
FAAT105,1.5,Investment in Fixed Assets and Consumer Durable Goods,Historical Cost,Billions of dollars,"September 26, 2025",03,Private,1969,163.461
FAAT105,1.5,Investment in Fixed Assets and Consumer Durable Goods,Historical Cost,Billions of dollars,"September 26, 2025",03,Private,1970,166.401
FAAT105,1.5,Investment in Fixed Assets and Consumer Durable Goods,Historical Cost,Billions of dollars,"September 26, 2025",03,Private,1971,186.63
FAAT105,1.5,Investment in Fixed Assets and Consumer Durable Goods,Historical Cost,Billions of dollars,"September 26, 2025",03,Private,1972,217.319
FAAT105,1.5,Investment in Fixed Assets and Consumer Durable Goods,Historical Cost,Billions of dollars,"September 26, 2025",03,Private,1973,249.544
FAAT105,1.5,Investment in Fixed Assets and Consumer Durable Goods,Historical Cost,Billions of dollars,"September 26, 2025",03,Private,1974,259.18
FAAT105,1.5,Investment in Fixed Assets and Consumer Durable Goods,Historical Cost,Billions of dollars,"September 26, 2025",03,Private,1975,262.193
FAAT105,1.5,Investment in Fixed Assets and Consumer Durable Goods,Historical Cost,Billions of dollars,"September 26, 2025",03,Private,1976,304.065
FAAT105,1.5,Investment in Fixed Assets and Consumer Durable Goods,Historical Cost,Billions of dollars,"September 26, 2025",03,Private,1977,371.522
FAAT105,1.5,Investment in Fixed Assets and Consumer Durable Goods,Historical Cost,Billions of dollars,"September 26, 2025",03,Private,1978,448.826
FAAT105,1.5,Investment in Fixed Assets and Consumer Durable Goods,Historical Cost,Billions of dollars,"September 26, 2025",03,Private,1979,518.382
FAAT105,1.5,Investment in Fixed Assets and Consumer Durable Goods,Historical Cost,Billions of dollars,"September 26, 2025",03,Private,1980,531.853
FAAT105,1.5,Investment in Fixed Assets and Consumer Durable Goods,Historical Cost,Billions of dollars,"September 26, 2025",03,Private,1981,596.071
FAAT105,1.5,Investment in Fixed Assets and Consumer Durable Goods,Historical Cost,Billions of dollars,"September 26, 2025",03,Private,1982,588.011
FAAT105,1.5,Investment in Fixed Assets and Consumer Durable Goods,Historical Cost,Billions of dollars,"September 26, 2025",03,Private,1983,635.372
FAAT105,1.5,Investment in Fixed Assets and Consumer Durable Goods,Historical Cost,Billions of dollars,"September 26, 2025",03,Private,1984,747.897
FAAT105,1.5,Investment in Fixed Assets and Consumer Durable Goods,Historical Cost,Billions of dollars,"September 26, 2025",03,Private,1985,802.428
FAAT105,1.5,Investment in Fixed Assets and Consumer Durable Goods,Historical Cost,Billions of dollars,"September 26, 2025",03,Private,1986,830.635
FAAT105,1.5,Investment in Fixed Assets and Consumer Durable Goods,Historical Cost,Billions of dollars,"September 26, 2025",03,Private,1987,857.857
FAAT105,1.5,Investment in Fixed Assets and Consumer Durable Goods,Historical Cost,Billions of dollars,"September 26, 2025",03,Private,1988,910.616
FAAT105,1.5,Investment in Fixed Assets and Consumer Durable Goods,Historical Cost,Billions of dollars,"September 26, 2025",03,Private,1989,961.849
FAAT105,1.5,Investment in Fixed Assets and Consumer Durable Goods,Historical Cost,Billions of dollars,"September 26, 2025",03,Private,1990,972.005
FAAT105,1.5,Investment in Fixed Assets and Consumer Durable Goods,Historical Cost,Billions of dollars,"September 26, 2025",03,Private,1991,934.872
FAAT105,1.5,Investment in Fixed Assets and Consumer Durable Goods,Historical Cost,Billions of dollars,"September 26, 2025",03,Private,1992,983.196
FAAT105,1.5,Investment in Fixed Assets and Consumer Durable Goods,Historical Cost,Billions of dollars,"September 26, 2025",03,Private,1993,1079.329
FAAT105,1.5,Investment in Fixed Assets and Consumer Durable Goods,Historical Cost,Billions of dollars,"September 26, 2025",03,Private,1994,1184.248
FAAT105,1.5,Investment in Fixed Assets and Consumer Durable Goods,Historical Cost,Billions of dollars,"September 26, 2025",03,Private,1995,1281.27
FAAT105,1.5,Investment in Fixed Assets and Consumer Durable Goods,Historical Cost,Billions of dollars,"September 26, 2025",03,Private,1996,1399.683
FAAT105,1.5,Investment in Fixed Assets and Consumer Durable Goods,Historical Cost,Billions of dollars,"September 26, 2025",03,Private,1997,1518.378
FAAT105,1.5,Investment in Fixed Assets and Consumer Durable Goods,Historical Cost,Billions of dollars,"September 26, 2025",03,Private,1998,1664.013
FAAT105,1.5,Investment in Fixed Assets and Consumer Durable Goods,Historical Cost,Billions of dollars,"September 26, 2025",03,Private,1999,1813.779
FAAT105,1.5,Investment in Fixed Assets and Consumer Durable Goods,Historical Cost,Billions of dollars,"September 26, 2025",03,Private,2000,1964.244
FAAT105,1.5,Investment in Fixed Assets and Consumer Durable Goods,Historical Cost,Billions of dollars,"September 26, 2025",03,Private,2001,1950.478
FAAT105,1.5,Investment in Fixed Assets and Consumer Durable Goods,Historical Cost,Billions of dollars,"September 26, 2025",03,Private,2002,1885.461
FAAT105,1.5,Investment in Fixed Assets and Consumer Durable Goods,Historical Cost,Billions of dollars,"September 26, 2025",03,Private,2003,1986.153
FAAT105,1.5,Investment in Fixed Assets and Consumer Durable Goods,Historical Cost,Billions of dollars,"September 26, 2025",03,Private,2004,2193.823
FAAT105,1.5,Investment in Fixed Assets and Consumer Durable Goods,Historical Cost,Billions of dollars,"September 26, 2025",03,Private,2005,2454.381
FAAT105,1.5,Investment in Fixed Assets and Consumer Durable Goods,Historical Cost,Billions of dollars,"September 26, 2025",03,Private,2006,2608.928
FAAT105,1.5,Investment in Fixed Assets and Consumer Durable Goods,Historical Cost,Billions of dollars,"September 26, 2025",03,Private,2007,2614.336
FAAT105,1.5,Investment in Fixed Assets and Consumer Durable Goods,Historical Cost,Billions of dollars,"September 26, 2025",03,Private,2008,2488.371
FAAT105,1.5,Investment in Fixed Assets and Consumer Durable Goods,Historical Cost,Billions of dollars,"September 26, 2025",03,Private,2009,2054.282
FAAT105,1.5,Investment in Fixed Assets and Consumer Durable Goods,Historical Cost,Billions of dollars,"September 26, 2025",03,Private,2010,2103.802
FAAT105,1.5,Investment in Fixed Assets and Consumer Durable Goods,Historical Cost,Billions of dollars,"September 26, 2025",03,Private,2011,2280.068
FAAT105,1.5,Investment in Fixed Assets and Consumer Durable Goods,Historical Cost,Billions of dollars,"September 26, 2025",03,Private,2012,2529.119
FAAT105,1.5,Investment in Fixed Assets and Consumer Durable Goods,Historical Cost,Billions of dollars,"September 26, 2025",03,Private,2013,2714.633
FAAT105,1.5,Investment in Fixed Assets and Consumer Durable Goods,Historical Cost,Billions of dollars,"September 26, 2025",03,Private,2014,2966.116
FAAT105,1.5,Investment in Fixed Assets and Consumer Durable Goods,Historical Cost,Billions of dollars,"September 26, 2025",03,Private,2015,3107.108
FAAT105,1.5,Investment in Fixed Assets and Consumer Durable Goods,Historical Cost,Billions of dollars,"September 26, 2025",03,Private,2016,3187.747
FAAT105,1.5,Investment in Fixed Assets and Consumer Durable Goods,Historical Cost,Billions of dollars,"September 26, 2025",03,Private,2017,3383.806
FAAT105,1.5,Investment in Fixed Assets and Consumer Durable Goods,Historical Cost,Billions of dollars,"September 26, 2025",03,Private,2018,3616.842
FAAT105,1.5,Investment in Fixed Assets and Consumer Durable Goods,Historical Cost,Billions of dollars,"September 26, 2025",03,Private,2019,3763.127
FAAT105,1.5,Investment in Fixed Assets and Consumer Durable Goods,Historical Cost,Billions of dollars,"September 26, 2025",03,Private,2020,3731.264
FAAT105,1.5,Investment in Fixed Assets and Consumer Durable Goods,Historical Cost,Billions of dollars,"September 26, 2025",03,Private,2021,4168.764
FAAT105,1.5,Investment in Fixed Assets and Consumer Durable Goods,Historical Cost,Billions of dollars,"September 26, 2025",03,Private,2022,4605.988
FAAT105,1.5,Investment in Fixed Assets and Consumer Durable Goods,Historical Cost,Billions of dollars,"September 26, 2025",03,Private,2023,4902.368
FAAT105,1.5,Investment in Fixed Assets and Consumer Durable Goods,Historical Cost,Billions of dollars,"September 26, 2025",03,Private,2024,5142.683
FAAT105,1.5,Investment in Fixed Assets and Consumer Durable Goods,Historical Cost,Billions of dollars,"September 26, 2025",03,Private,1901,2.912
FAAT105,1.5,Investment in Fixed Assets and Consumer Durable Goods,Historical Cost,Billions of dollars,"September 26, 2025",03,Private,1902,3.364
FAAT105,1.5,Investment in Fixed Assets and Consumer Durable Goods,Historical Cost,Billions of dollars,"September 26, 2025",03,Private,1903,3.619
FAAT105,1.5,Investment in Fixed Assets and Consumer Durable Goods,Historical Cost,Billions of dollars,"September 26, 2025",03,Private,1904,3.465
FAAT105,1.5,Investment in Fixed Assets and Consumer Durable Goods,Historical Cost,Billions of dollars,"September 26, 2025",03,Private,1905,4.114
FAAT105,1.5,Investment in Fixed Assets and Consumer Durable Goods,Historical Cost,Billions of dollars,"September 26, 2025",03,Private,1906,4.687
FAAT105,1.5,Investment in Fixed Assets and Consumer Durable Goods,Historical Cost,Billions of dollars,"September 26, 2025",03,Private,1907,4.968
FAAT105,1.5,Investment in Fixed Assets and Consumer Durable Goods,Historical Cost,Billions of dollars,"September 26, 2025",03,Private,1908,4.188
FAAT105,1.5,Investment in Fixed Assets and Consumer Durable Goods,Historical Cost,Billions of dollars,"September 26, 2025",03,Private,1909,4.924
FAAT105,1.5,Investment in Fixed Assets and Consumer Durable Goods,Historical Cost,Billions of dollars,"September 26, 2025",03,Private,1910,5.178
FAAT105,1.5,Investment in Fixed Assets and Consumer Durable Goods,Historical Cost,Billions of dollars,"September 26, 2025",03,Private,1911,4.959
FAAT105,1.5,Investment in Fixed Assets and Consumer Durable Goods,Historical Cost,Billions of dollars,"September 26, 2025",03,Private,1912,5.73
FAAT105,1.5,Investment in Fixed Assets and Consumer Durable Goods,Historical Cost,Billions of dollars,"September 26, 2025",03,Private,1913,5.94
FAAT105,1.5,Investment in Fixed Assets and Consumer Durable Goods,Historical Cost,Billions of dollars,"September 26, 2025",04,Nonresidential,1914,3.61
FAAT105,1.5,Investment in Fixed Assets and Consumer Durable Goods,Historical Cost,Billions of dollars,"September 26, 2025",04,Nonresidential,1915,3.469
FAAT105,1.5,Investment in Fixed Assets and Consumer Durable Goods,Historical Cost,Billions of dollars,"September 26, 2025",04,Nonresidential,1916,4.948
FAAT105,1.5,Investment in Fixed Assets and Consumer Durable Goods,Historical Cost,Billions of dollars,"September 26, 2025",04,Nonresidential,1917,6.473
FAAT105,1.5,Investment in Fixed Assets and Consumer Durable Goods,Historical Cost,Billions of dollars,"September 26, 2025",04,Nonresidential,1918,7.874
FAAT105,1.5,Investment in Fixed Assets and Consumer Durable Goods,Historical Cost,Billions of dollars,"September 26, 2025",04,Nonresidential,1919,8.701
FAAT105,1.5,Investment in Fixed Assets and Consumer Durable Goods,Historical Cost,Billions of dollars,"September 26, 2025",04,Nonresidential,1920,10.719
FAAT105,1.5,Investment in Fixed Assets and Consumer Durable Goods,Historical Cost,Billions of dollars,"September 26, 2025",04,Nonresidential,1921,7.751
FAAT105,1.5,Investment in Fixed Assets and Consumer Durable Goods,Historical Cost,Billions of dollars,"September 26, 2025",04,Nonresidential,1922,8.196
FAAT105,1.5,Investment in Fixed Assets and Consumer Durable Goods,Historical Cost,Billions of dollars,"September 26, 2025",04,Nonresidential,1923,10.785
FAAT105,1.5,Investment in Fixed Assets and Consumer Durable Goods,Historical Cost,Billions of dollars,"September 26, 2025",04,Nonresidential,1924,9.165
FAAT105,1.5,Investment in Fixed Assets and Consumer Durable Goods,Historical Cost,Billions of dollars,"September 26, 2025",04,Nonresidential,1925,11.004
FAAT105,1.5,Investment in Fixed Assets and Consumer Durable Goods,Historical Cost,Billions of dollars,"September 26, 2025",04,Nonresidential,1926,11.087
FAAT105,1.5,Investment in Fixed Assets and Consumer Durable Goods,Historical Cost,Billions of dollars,"September 26, 2025",04,Nonresidential,1927,10.708
FAAT105,1.5,Investment in Fixed Assets and Consumer Durable Goods,Historical Cost,Billions of dollars,"September 26, 2025",04,Nonresidential,1928,10.855
FAAT105,1.5,Investment in Fixed Assets and Consumer Durable Goods,Historical Cost,Billions of dollars,"September 26, 2025",04,Nonresidential,1929,11.764
FAAT105,1.5,Investment in Fixed Assets and Consumer Durable Goods,Historical Cost,Billions of dollars,"September 26, 2025",04,Nonresidential,1930,9.686
FAAT105,1.5,Investment in Fixed Assets and Consumer Durable Goods,Historical Cost,Billions of dollars,"September 26, 2025",04,Nonresidential,1931,6.329
FAAT105,1.5,Investment in Fixed Assets and Consumer Durable Goods,Historical Cost,Billions of dollars,"September 26, 2025",04,Nonresidential,1932,3.889
FAAT105,1.5,Investment in Fixed Assets and Consumer Durable Goods,Historical Cost,Billions of dollars,"September 26, 2025",04,Nonresidential,1933,3.451
FAAT105,1.5,Investment in Fixed Assets and Consumer Durable Goods,Historical Cost,Billions of dollars,"September 26, 2025",04,Nonresidential,1934,4.265
FAAT105,1.5,Investment in Fixed Assets and Consumer Durable Goods,Historical Cost,Billions of dollars,"September 26, 2025",04,Nonresidential,1935,5.177
FAAT105,1.5,Investment in Fixed Assets and Consumer Durable Goods,Historical Cost,Billions of dollars,"September 26, 2025",04,Nonresidential,1936,6.655
FAAT105,1.5,Investment in Fixed Assets and Consumer Durable Goods,Historical Cost,Billions of dollars,"September 26, 2025",04,Nonresidential,1937,8.441
FAAT105,1.5,Investment in Fixed Assets and Consumer Durable Goods,Historical Cost,Billions of dollars,"September 26, 2025",04,Nonresidential,1938,6.76
FAAT105,1.5,Investment in Fixed Assets and Consumer Durable Goods,Historical Cost,Billions of dollars,"September 26, 2025",04,Nonresidential,1939,7.239
FAAT105,1.5,Investment in Fixed Assets and Consumer Durable Goods,Historical Cost,Billions of dollars,"September 26, 2025",04,Nonresidential,1940,8.733
FAAT105,1.5,Investment in Fixed Assets and Consumer Durable Goods,Historical Cost,Billions of dollars,"September 26, 2025",04,Nonresidential,1941,10.668
FAAT105,1.5,Investment in Fixed Assets and Consumer Durable Goods,Historical Cost,Billions of dollars,"September 26, 2025",04,Nonresidential,1942,8.014
FAAT105,1.5,Investment in Fixed Assets and Consumer Durable Goods,Historical Cost,Billions of dollars,"September 26, 2025",04,Nonresidential,1943,7.096
FAAT105,1.5,Investment in Fixed Assets and Consumer Durable Goods,Historical Cost,Billions of dollars,"September 26, 2025",04,Nonresidential,1944,9.052
FAAT105,1.5,Investment in Fixed Assets and Consumer Durable Goods,Historical Cost,Billions of dollars,"September 26, 2025",04,Nonresidential,1945,12.48
FAAT105,1.5,Investment in Fixed Assets and Consumer Durable Goods,Historical Cost,Billions of dollars,"September 26, 2025",04,Nonresidential,1946,18.765
FAAT105,1.5,Investment in Fixed Assets and Consumer Durable Goods,Historical Cost,Billions of dollars,"September 26, 2025",04,Nonresidential,1947,25.006
FAAT105,1.5,Investment in Fixed Assets and Consumer Durable Goods,Historical Cost,Billions of dollars,"September 26, 2025",04,Nonresidential,1948,28.694
FAAT105,1.5,Investment in Fixed Assets and Consumer Durable Goods,Historical Cost,Billions of dollars,"September 26, 2025",04,Nonresidential,1949,26.884
FAAT105,1.5,Investment in Fixed Assets and Consumer Durable Goods,Historical Cost,Billions of dollars,"September 26, 2025",04,Nonresidential,1950,29.983
FAAT105,1.5,Investment in Fixed Assets and Consumer Durable Goods,Historical Cost,Billions of dollars,"September 26, 2025",04,Nonresidential,1951,34.198
FAAT105,1.5,Investment in Fixed Assets and Consumer Durable Goods,Historical Cost,Billions of dollars,"September 26, 2025",04,Nonresidential,1952,34.956
FAAT105,1.5,Investment in Fixed Assets and Consumer Durable Goods,Historical Cost,Billions of dollars,"September 26, 2025",04,Nonresidential,1953,38.79
FAAT105,1.5,Investment in Fixed Assets and Consumer Durable Goods,Historical Cost,Billions of dollars,"September 26, 2025",04,Nonresidential,1954,38.287
FAAT105,1.5,Investment in Fixed Assets and Consumer Durable Goods,Historical Cost,Billions of dollars,"September 26, 2025",04,Nonresidential,1955,42.918
FAAT105,1.5,Investment in Fixed Assets and Consumer Durable Goods,Historical Cost,Billions of dollars,"September 26, 2025",04,Nonresidential,1956,49.403
FAAT105,1.5,Investment in Fixed Assets and Consumer Durable Goods,Historical Cost,Billions of dollars,"September 26, 2025",04,Nonresidential,1957,52.829
FAAT105,1.5,Investment in Fixed Assets and Consumer Durable Goods,Historical Cost,Billions of dollars,"September 26, 2025",04,Nonresidential,1958,48.725
FAAT105,1.5,Investment in Fixed Assets and Consumer Durable Goods,Historical Cost,Billions of dollars,"September 26, 2025",04,Nonresidential,1959,52.711
FAAT105,1.5,Investment in Fixed Assets and Consumer Durable Goods,Historical Cost,Billions of dollars,"September 26, 2025",04,Nonresidential,1960,55.919
FAAT105,1.5,Investment in Fixed Assets and Consumer Durable Goods,Historical Cost,Billions of dollars,"September 26, 2025",04,Nonresidential,1961,56.254
FAAT105,1.5,Investment in Fixed Assets and Consumer Durable Goods,Historical Cost,Billions of dollars,"September 26, 2025",04,Nonresidential,1962,61.05
FAAT105,1.5,Investment in Fixed Assets and Consumer Durable Goods,Historical Cost,Billions of dollars,"September 26, 2025",04,Nonresidential,1963,64.474
FAAT105,1.5,Investment in Fixed Assets and Consumer Durable Goods,Historical Cost,Billions of dollars,"September 26, 2025",04,Nonresidential,1964,72.026
FAAT105,1.5,Investment in Fixed Assets and Consumer Durable Goods,Historical Cost,Billions of dollars,"September 26, 2025",04,Nonresidential,1965,84.961
FAAT105,1.5,Investment in Fixed Assets and Consumer Durable Goods,Historical Cost,Billions of dollars,"September 26, 2025",04,Nonresidential,1966,96.447
FAAT105,1.5,Investment in Fixed Assets and Consumer Durable Goods,Historical Cost,Billions of dollars,"September 26, 2025",04,Nonresidential,1967,98.403
FAAT105,1.5,Investment in Fixed Assets and Consumer Durable Goods,Historical Cost,Billions of dollars,"September 26, 2025",04,Nonresidential,1968,106.734
FAAT105,1.5,Investment in Fixed Assets and Consumer Durable Goods,Historical Cost,Billions of dollars,"September 26, 2025",04,Nonresidential,1969,119.085
FAAT105,1.5,Investment in Fixed Assets and Consumer Durable Goods,Historical Cost,Billions of dollars,"September 26, 2025",04,Nonresidential,1970,122.99
FAAT105,1.5,Investment in Fixed Assets and Consumer Durable Goods,Historical Cost,Billions of dollars,"September 26, 2025",04,Nonresidential,1971,128.477
FAAT105,1.5,Investment in Fixed Assets and Consumer Durable Goods,Historical Cost,Billions of dollars,"September 26, 2025",04,Nonresidential,1972,144.921
FAAT105,1.5,Investment in Fixed Assets and Consumer Durable Goods,Historical Cost,Billions of dollars,"September 26, 2025",04,Nonresidential,1973,171.223
FAAT105,1.5,Investment in Fixed Assets and Consumer Durable Goods,Historical Cost,Billions of dollars,"September 26, 2025",04,Nonresidential,1974,189.714
FAAT105,1.5,Investment in Fixed Assets and Consumer Durable Goods,Historical Cost,Billions of dollars,"September 26, 2025",04,Nonresidential,1975,195.46
FAAT105,1.5,Investment in Fixed Assets and Consumer Durable Goods,Historical Cost,Billions of dollars,"September 26, 2025",04,Nonresidential,1976,217.302
FAAT105,1.5,Investment in Fixed Assets and Consumer Durable Goods,Historical Cost,Billions of dollars,"September 26, 2025",04,Nonresidential,1977,256.293
FAAT105,1.5,Investment in Fixed Assets and Consumer Durable Goods,Historical Cost,Billions of dollars,"September 26, 2025",04,Nonresidential,1978,310.816
FAAT105,1.5,Investment in Fixed Assets and Consumer Durable Goods,Historical Cost,Billions of dollars,"September 26, 2025",04,Nonresidential,1979,370.541
FAAT105,1.5,Investment in Fixed Assets and Consumer Durable Goods,Historical Cost,Billions of dollars,"September 26, 2025",04,Nonresidential,1980,402.333
FAAT105,1.5,Investment in Fixed Assets and Consumer Durable Goods,Historical Cost,Billions of dollars,"September 26, 2025",04,Nonresidential,1981,467.588
FAAT105,1.5,Investment in Fixed Assets and Consumer Durable Goods,Historical Cost,Billions of dollars,"September 26, 2025",04,Nonresidential,1982,477.163
FAAT105,1.5,Investment in Fixed Assets and Consumer Durable Goods,Historical Cost,Billions of dollars,"September 26, 2025",04,Nonresidential,1983,474.259
FAAT105,1.5,Investment in Fixed Assets and Consumer Durable Goods,Historical Cost,Billions of dollars,"September 26, 2025",04,Nonresidential,1984,557.533
FAAT105,1.5,Investment in Fixed Assets and Consumer Durable Goods,Historical Cost,Billions of dollars,"September 26, 2025",04,Nonresidential,1985,602.351
FAAT105,1.5,Investment in Fixed Assets and Consumer Durable Goods,Historical Cost,Billions of dollars,"September 26, 2025",04,Nonresidential,1986,595.823
FAAT105,1.5,Investment in Fixed Assets and Consumer Durable Goods,Historical Cost,Billions of dollars,"September 26, 2025",04,Nonresidential,1987,608.068
FAAT105,1.5,Investment in Fixed Assets and Consumer Durable Goods,Historical Cost,Billions of dollars,"September 26, 2025",04,Nonresidential,1988,654.415
FAAT105,1.5,Investment in Fixed Assets and Consumer Durable Goods,Historical Cost,Billions of dollars,"September 26, 2025",04,Nonresidential,1989,705.835
FAAT105,1.5,Investment in Fixed Assets and Consumer Durable Goods,Historical Cost,Billions of dollars,"September 26, 2025",04,Nonresidential,1990,732.337
FAAT105,1.5,Investment in Fixed Assets and Consumer Durable Goods,Historical Cost,Billions of dollars,"September 26, 2025",04,Nonresidential,1991,713.719
FAAT105,1.5,Investment in Fixed Assets and Consumer Durable Goods,Historical Cost,Billions of dollars,"September 26, 2025",04,Nonresidential,1992,728.463
FAAT105,1.5,Investment in Fixed Assets and Consumer Durable Goods,Historical Cost,Billions of dollars,"September 26, 2025",04,Nonresidential,1993,792.52
FAAT105,1.5,Investment in Fixed Assets and Consumer Durable Goods,Historical Cost,Billions of dollars,"September 26, 2025",04,Nonresidential,1994,860.401
FAAT105,1.5,Investment in Fixed Assets and Consumer Durable Goods,Historical Cost,Billions of dollars,"September 26, 2025",04,Nonresidential,1995,957.201
FAAT105,1.5,Investment in Fixed Assets and Consumer Durable Goods,Historical Cost,Billions of dollars,"September 26, 2025",04,Nonresidential,1996,1041.622
FAAT105,1.5,Investment in Fixed Assets and Consumer Durable Goods,Historical Cost,Billions of dollars,"September 26, 2025",04,Nonresidential,1997,1142.792
FAAT105,1.5,Investment in Fixed Assets and Consumer Durable Goods,Historical Cost,Billions of dollars,"September 26, 2025",04,Nonresidential,1998,1245.206
FAAT105,1.5,Investment in Fixed Assets and Consumer Durable Goods,Historical Cost,Billions of dollars,"September 26, 2025",04,Nonresidential,1999,1352.013
FAAT105,1.5,Investment in Fixed Assets and Consumer Durable Goods,Historical Cost,Billions of dollars,"September 26, 2025",04,Nonresidential,2000,1478.812
FAAT105,1.5,Investment in Fixed Assets and Consumer Durable Goods,Historical Cost,Billions of dollars,"September 26, 2025",04,Nonresidential,2001,1437.433
FAAT105,1.5,Investment in Fixed Assets and Consumer Durable Goods,Historical Cost,Billions of dollars,"September 26, 2025",04,Nonresidential,2002,1327.867
FAAT105,1.5,Investment in Fixed Assets and Consumer Durable Goods,Historical Cost,Billions of dollars,"September 26, 2025",04,Nonresidential,2003,1349.072
FAAT105,1.5,Investment in Fixed Assets and Consumer Durable Goods,Historical Cost,Billions of dollars,"September 26, 2025",04,Nonresidential,2004,1444.006
FAAT105,1.5,Investment in Fixed Assets and Consumer Durable Goods,Historical Cost,Billions of dollars,"September 26, 2025",04,Nonresidential,2005,1598.16
FAAT105,1.5,Investment in Fixed Assets and Consumer Durable Goods,Historical Cost,Billions of dollars,"September 26, 2025",04,Nonresidential,2006,1770.765
FAAT105,1.5,Investment in Fixed Assets and Consumer Durable Goods,Historical Cost,Billions of dollars,"September 26, 2025",04,Nonresidential,2007,1923.838
FAAT105,1.5,Investment in Fixed Assets and Consumer Durable Goods,Historical Cost,Billions of dollars,"September 26, 2025",04,Nonresidential,2008,1972.388
FAAT105,1.5,Investment in Fixed Assets and Consumer Durable Goods,Historical Cost,Billions of dollars,"September 26, 2025",04,Nonresidential,2009,1664.278
FAAT105,1.5,Investment in Fixed Assets and Consumer Durable Goods,Historical Cost,Billions of dollars,"September 26, 2025",04,Nonresidential,2010,1727.227
FAAT105,1.5,Investment in Fixed Assets and Consumer Durable Goods,Historical Cost,Billions of dollars,"September 26, 2025",04,Nonresidential,2011,1901.232
FAAT105,1.5,Investment in Fixed Assets and Consumer Durable Goods,Historical Cost,Billions of dollars,"September 26, 2025",04,Nonresidential,2012,2097.104
FAAT105,1.5,Investment in Fixed Assets and Consumer Durable Goods,Historical Cost,Billions of dollars,"September 26, 2025",04,Nonresidential,2013,2203.272
FAAT105,1.5,Investment in Fixed Assets and Consumer Durable Goods,Historical Cost,Billions of dollars,"September 26, 2025",04,Nonresidential,2014,2402.466
FAAT105,1.5,Investment in Fixed Assets and Consumer Durable Goods,Historical Cost,Billions of dollars,"September 26, 2025",04,Nonresidential,2015,2466.889
FAAT105,1.5,Investment in Fixed Assets and Consumer Durable Goods,Historical Cost,Billions of dollars,"September 26, 2025",04,Nonresidential,2016,2478.452
FAAT105,1.5,Investment in Fixed Assets and Consumer Durable Goods,Historical Cost,Billions of dollars,"September 26, 2025",04,Nonresidential,2017,2611.198
FAAT105,1.5,Investment in Fixed Assets and Consumer Durable Goods,Historical Cost,Billions of dollars,"September 26, 2025",04,Nonresidential,2018,2804.932
FAAT105,1.5,Investment in Fixed Assets and Consumer Durable Goods,Historical Cost,Billions of dollars,"September 26, 2025",04,Nonresidential,2019,2936.002
FAAT105,1.5,Investment in Fixed Assets and Consumer Durable Goods,Historical Cost,Billions of dollars,"September 26, 2025",04,Nonresidential,2020,2810.718
FAAT105,1.5,Investment in Fixed Assets and Consumer Durable Goods,Historical Cost,Billions of dollars,"September 26, 2025",04,Nonresidential,2021,3036.332
FAAT105,1.5,Investment in Fixed Assets and Consumer Durable Goods,Historical Cost,Billions of dollars,"September 26, 2025",04,Nonresidential,2022,3427.453
FAAT105,1.5,Investment in Fixed Assets and Consumer Durable Goods,Historical Cost,Billions of dollars,"September 26, 2025",04,Nonresidential,2023,3788.323
FAAT105,1.5,Investment in Fixed Assets and Consumer Durable Goods,Historical Cost,Billions of dollars,"September 26, 2025",04,Nonresidential,2024,3959.844
FAAT105,1.5,Investment in Fixed Assets and Consumer Durable Goods,Historical Cost,Billions of dollars,"September 26, 2025",04,Nonresidential,1901,2.051
FAAT105,1.5,Investment in Fixed Assets and Consumer Durable Goods,Historical Cost,Billions of dollars,"September 26, 2025",04,Nonresidential,1902,2.533
FAAT105,1.5,Investment in Fixed Assets and Consumer Durable Goods,Historical Cost,Billions of dollars,"September 26, 2025",04,Nonresidential,1903,2.751
FAAT105,1.5,Investment in Fixed Assets and Consumer Durable Goods,Historical Cost,Billions of dollars,"September 26, 2025",04,Nonresidential,1904,2.492
FAAT105,1.5,Investment in Fixed Assets and Consumer Durable Goods,Historical Cost,Billions of dollars,"September 26, 2025",04,Nonresidential,1905,2.646
FAAT105,1.5,Investment in Fixed Assets and Consumer Durable Goods,Historical Cost,Billions of dollars,"September 26, 2025",04,Nonresidential,1906,3.183
FAAT105,1.5,Investment in Fixed Assets and Consumer Durable Goods,Historical Cost,Billions of dollars,"September 26, 2025",04,Nonresidential,1907,3.614
FAAT105,1.5,Investment in Fixed Assets and Consumer Durable Goods,Historical Cost,Billions of dollars,"September 26, 2025",04,Nonresidential,1908,2.827
FAAT105,1.5,Investment in Fixed Assets and Consumer Durable Goods,Historical Cost,Billions of dollars,"September 26, 2025",04,Nonresidential,1909,3.297
FAAT105,1.5,Investment in Fixed Assets and Consumer Durable Goods,Historical Cost,Billions of dollars,"September 26, 2025",04,Nonresidential,1910,3.805
FAAT105,1.5,Investment in Fixed Assets and Consumer Durable Goods,Historical Cost,Billions of dollars,"September 26, 2025",04,Nonresidential,1911,3.617
FAAT105,1.5,Investment in Fixed Assets and Consumer Durable Goods,Historical Cost,Billions of dollars,"September 26, 2025",04,Nonresidential,1912,4.253
FAAT105,1.5,Investment in Fixed Assets and Consumer Durable Goods,Historical Cost,Billions of dollars,"September 26, 2025",04,Nonresidential,1913,4.477
FAAT105,1.5,Investment in Fixed Assets and Consumer Durable Goods,Historical Cost,Billions of dollars,"September 26, 2025",05,Equipment,1914,1.605
FAAT105,1.5,Investment in Fixed Assets and Consumer Durable Goods,Historical Cost,Billions of dollars,"September 26, 2025",05,Equipment,1915,1.738
FAAT105,1.5,Investment in Fixed Assets and Consumer Durable Goods,Historical Cost,Billions of dollars,"September 26, 2025",05,Equipment,1916,2.651
FAAT105,1.5,Investment in Fixed Assets and Consumer Durable Goods,Historical Cost,Billions of dollars,"September 26, 2025",05,Equipment,1917,3.905
FAAT105,1.5,Investment in Fixed Assets and Consumer Durable Goods,Historical Cost,Billions of dollars,"September 26, 2025",05,Equipment,1918,5.312
FAAT105,1.5,Investment in Fixed Assets and Consumer Durable Goods,Historical Cost,Billions of dollars,"September 26, 2025",05,Equipment,1919,5.641
FAAT105,1.5,Investment in Fixed Assets and Consumer Durable Goods,Historical Cost,Billions of dollars,"September 26, 2025",05,Equipment,1920,6.233
FAAT105,1.5,Investment in Fixed Assets and Consumer Durable Goods,Historical Cost,Billions of dollars,"September 26, 2025",05,Equipment,1921,4.527
FAAT105,1.5,Investment in Fixed Assets and Consumer Durable Goods,Historical Cost,Billions of dollars,"September 26, 2025",05,Equipment,1922,4.583
FAAT105,1.5,Investment in Fixed Assets and Consumer Durable Goods,Historical Cost,Billions of dollars,"September 26, 2025",05,Equipment,1923,6.323
FAAT105,1.5,Investment in Fixed Assets and Consumer Durable Goods,Historical Cost,Billions of dollars,"September 26, 2025",05,Equipment,1924,4.545
FAAT105,1.5,Investment in Fixed Assets and Consumer Durable Goods,Historical Cost,Billions of dollars,"September 26, 2025",05,Equipment,1925,6.113
FAAT105,1.5,Investment in Fixed Assets and Consumer Durable Goods,Historical Cost,Billions of dollars,"September 26, 2025",05,Equipment,1926,5.416
FAAT105,1.5,Investment in Fixed Assets and Consumer Durable Goods,Historical Cost,Billions of dollars,"September 26, 2025",05,Equipment,1927,5.01
FAAT105,1.5,Investment in Fixed Assets and Consumer Durable Goods,Historical Cost,Billions of dollars,"September 26, 2025",05,Equipment,1928,5.216
FAAT105,1.5,Investment in Fixed Assets and Consumer Durable Goods,Historical Cost,Billions of dollars,"September 26, 2025",05,Equipment,1929,5.699
FAAT105,1.5,Investment in Fixed Assets and Consumer Durable Goods,Historical Cost,Billions of dollars,"September 26, 2025",05,Equipment,1930,4.591
FAAT105,1.5,Investment in Fixed Assets and Consumer Durable Goods,Historical Cost,Billions of dollars,"September 26, 2025",05,Equipment,1931,3.125
FAAT105,1.5,Investment in Fixed Assets and Consumer Durable Goods,Historical Cost,Billions of dollars,"September 26, 2025",05,Equipment,1932,2.009
FAAT105,1.5,Investment in Fixed Assets and Consumer Durable Goods,Historical Cost,Billions of dollars,"September 26, 2025",05,Equipment,1933,1.896
FAAT105,1.5,Investment in Fixed Assets and Consumer Durable Goods,Historical Cost,Billions of dollars,"September 26, 2025",05,Equipment,1934,2.485
FAAT105,1.5,Investment in Fixed Assets and Consumer Durable Goods,Historical Cost,Billions of dollars,"September 26, 2025",05,Equipment,1935,3.125
FAAT105,1.5,Investment in Fixed Assets and Consumer Durable Goods,Historical Cost,Billions of dollars,"September 26, 2025",05,Equipment,1936,4.069
FAAT105,1.5,Investment in Fixed Assets and Consumer Durable Goods,Historical Cost,Billions of dollars,"September 26, 2025",05,Equipment,1937,5.021
FAAT105,1.5,Investment in Fixed Assets and Consumer Durable Goods,Historical Cost,Billions of dollars,"September 26, 2025",05,Equipment,1938,3.82
FAAT105,1.5,Investment in Fixed Assets and Consumer Durable Goods,Historical Cost,Billions of dollars,"September 26, 2025",05,Equipment,1939,4.192
FAAT105,1.5,Investment in Fixed Assets and Consumer Durable Goods,Historical Cost,Billions of dollars,"September 26, 2025",05,Equipment,1940,5.329
FAAT105,1.5,Investment in Fixed Assets and Consumer Durable Goods,Historical Cost,Billions of dollars,"September 26, 2025",05,Equipment,1941,6.432
FAAT105,1.5,Investment in Fixed Assets and Consumer Durable Goods,Historical Cost,Billions of dollars,"September 26, 2025",05,Equipment,1942,4.627
FAAT105,1.5,Investment in Fixed Assets and Consumer Durable Goods,Historical Cost,Billions of dollars,"September 26, 2025",05,Equipment,1943,4.228
FAAT105,1.5,Investment in Fixed Assets and Consumer Durable Goods,Historical Cost,Billions of dollars,"September 26, 2025",05,Equipment,1944,5.498
FAAT105,1.5,Investment in Fixed Assets and Consumer Durable Goods,Historical Cost,Billions of dollars,"September 26, 2025",05,Equipment,1945,7.759
FAAT105,1.5,Investment in Fixed Assets and Consumer Durable Goods,Historical Cost,Billions of dollars,"September 26, 2025",05,Equipment,1946,10.311
FAAT105,1.5,Investment in Fixed Assets and Consumer Durable Goods,Historical Cost,Billions of dollars,"September 26, 2025",05,Equipment,1947,15.493
FAAT105,1.5,Investment in Fixed Assets and Consumer Durable Goods,Historical Cost,Billions of dollars,"September 26, 2025",05,Equipment,1948,17.277
FAAT105,1.5,Investment in Fixed Assets and Consumer Durable Goods,Historical Cost,Billions of dollars,"September 26, 2025",05,Equipment,1949,15.753
FAAT105,1.5,Investment in Fixed Assets and Consumer Durable Goods,Historical Cost,Billions of dollars,"September 26, 2025",05,Equipment,1950,17.814
FAAT105,1.5,Investment in Fixed Assets and Consumer Durable Goods,Historical Cost,Billions of dollars,"September 26, 2025",05,Equipment,1951,19.897
FAAT105,1.5,Investment in Fixed Assets and Consumer Durable Goods,Historical Cost,Billions of dollars,"September 26, 2025",05,Equipment,1952,19.747
FAAT105,1.5,Investment in Fixed Assets and Consumer Durable Goods,Historical Cost,Billions of dollars,"September 26, 2025",05,Equipment,1953,21.564
FAAT105,1.5,Investment in Fixed Assets and Consumer Durable Goods,Historical Cost,Billions of dollars,"September 26, 2025",05,Equipment,1954,20.567
FAAT105,1.5,Investment in Fixed Assets and Consumer Durable Goods,Historical Cost,Billions of dollars,"September 26, 2025",05,Equipment,1955,23.58
FAAT105,1.5,Investment in Fixed Assets and Consumer Durable Goods,Historical Cost,Billions of dollars,"September 26, 2025",05,Equipment,1956,25.996
FAAT105,1.5,Investment in Fixed Assets and Consumer Durable Goods,Historical Cost,Billions of dollars,"September 26, 2025",05,Equipment,1957,28.331
FAAT105,1.5,Investment in Fixed Assets and Consumer Durable Goods,Historical Cost,Billions of dollars,"September 26, 2025",05,Equipment,1958,25.335
FAAT105,1.5,Investment in Fixed Assets and Consumer Durable Goods,Historical Cost,Billions of dollars,"September 26, 2025",05,Equipment,1959,27.985
FAAT105,1.5,Investment in Fixed Assets and Consumer Durable Goods,Historical Cost,Billions of dollars,"September 26, 2025",05,Equipment,1960,29.288
FAAT105,1.5,Investment in Fixed Assets and Consumer Durable Goods,Historical Cost,Billions of dollars,"September 26, 2025",05,Equipment,1961,28.599
FAAT105,1.5,Investment in Fixed Assets and Consumer Durable Goods,Historical Cost,Billions of dollars,"September 26, 2025",05,Equipment,1962,31.853
FAAT105,1.5,Investment in Fixed Assets and Consumer Durable Goods,Historical Cost,Billions of dollars,"September 26, 2025",05,Equipment,1963,34.235
FAAT105,1.5,Investment in Fixed Assets and Consumer Durable Goods,Historical Cost,Billions of dollars,"September 26, 2025",05,Equipment,1964,38.696
FAAT105,1.5,Investment in Fixed Assets and Consumer Durable Goods,Historical Cost,Billions of dollars,"September 26, 2025",05,Equipment,1965,45.935
FAAT105,1.5,Investment in Fixed Assets and Consumer Durable Goods,Historical Cost,Billions of dollars,"September 26, 2025",05,Equipment,1966,53.268
FAAT105,1.5,Investment in Fixed Assets and Consumer Durable Goods,Historical Cost,Billions of dollars,"September 26, 2025",05,Equipment,1967,53.714
FAAT105,1.5,Investment in Fixed Assets and Consumer Durable Goods,Historical Cost,Billions of dollars,"September 26, 2025",05,Equipment,1968,58.6
FAAT105,1.5,Investment in Fixed Assets and Consumer Durable Goods,Historical Cost,Billions of dollars,"September 26, 2025",05,Equipment,1969,65.238
FAAT105,1.5,Investment in Fixed Assets and Consumer Durable Goods,Historical Cost,Billions of dollars,"September 26, 2025",05,Equipment,1970,66.1
FAAT105,1.5,Investment in Fixed Assets and Consumer Durable Goods,Historical Cost,Billions of dollars,"September 26, 2025",05,Equipment,1971,68.536
FAAT105,1.5,Investment in Fixed Assets and Consumer Durable Goods,Historical Cost,Billions of dollars,"September 26, 2025",05,Equipment,1972,78.439
FAAT105,1.5,Investment in Fixed Assets and Consumer Durable Goods,Historical Cost,Billions of dollars,"September 26, 2025",05,Equipment,1973,95.153
FAAT105,1.5,Investment in Fixed Assets and Consumer Durable Goods,Historical Cost,Billions of dollars,"September 26, 2025",05,Equipment,1974,105.454
FAAT105,1.5,Investment in Fixed Assets and Consumer Durable Goods,Historical Cost,Billions of dollars,"September 26, 2025",05,Equipment,1975,107.941
FAAT105,1.5,Investment in Fixed Assets and Consumer Durable Goods,Historical Cost,Billions of dollars,"September 26, 2025",05,Equipment,1976,122.104
FAAT105,1.5,Investment in Fixed Assets and Consumer Durable Goods,Historical Cost,Billions of dollars,"September 26, 2025",05,Equipment,1977,149.178
FAAT105,1.5,Investment in Fixed Assets and Consumer Durable Goods,Historical Cost,Billions of dollars,"September 26, 2025",05,Equipment,1978,181.116
FAAT105,1.5,Investment in Fixed Assets and Consumer Durable Goods,Historical Cost,Billions of dollars,"September 26, 2025",05,Equipment,1979,210.145
FAAT105,1.5,Investment in Fixed Assets and Consumer Durable Goods,Historical Cost,Billions of dollars,"September 26, 2025",05,Equipment,1980,217.57
FAAT105,1.5,Investment in Fixed Assets and Consumer Durable Goods,Historical Cost,Billions of dollars,"September 26, 2025",05,Equipment,1981,242.598
FAAT105,1.5,Investment in Fixed Assets and Consumer Durable Goods,Historical Cost,Billions of dollars,"September 26, 2025",05,Equipment,1982,234.653
FAAT105,1.5,Investment in Fixed Assets and Consumer Durable Goods,Historical Cost,Billions of dollars,"September 26, 2025",05,Equipment,1983,245.42
FAAT105,1.5,Investment in Fixed Assets and Consumer Durable Goods,Historical Cost,Billions of dollars,"September 26, 2025",05,Equipment,1984,289.56
FAAT105,1.5,Investment in Fixed Assets and Consumer Durable Goods,Historical Cost,Billions of dollars,"September 26, 2025",05,Equipment,1985,302.532
FAAT105,1.5,Investment in Fixed Assets and Consumer Durable Goods,Historical Cost,Billions of dollars,"September 26, 2025",05,Equipment,1986,307.496
FAAT105,1.5,Investment in Fixed Assets and Consumer Durable Goods,Historical Cost,Billions of dollars,"September 26, 2025",05,Equipment,1987,311.845
FAAT105,1.5,Investment in Fixed Assets and Consumer Durable Goods,Historical Cost,Billions of dollars,"September 26, 2025",05,Equipment,1988,340.554
FAAT105,1.5,Investment in Fixed Assets and Consumer Durable Goods,Historical Cost,Billions of dollars,"September 26, 2025",05,Equipment,1989,365.126
FAAT105,1.5,Investment in Fixed Assets and Consumer Durable Goods,Historical Cost,Billions of dollars,"September 26, 2025",05,Equipment,1990,363.814
FAAT105,1.5,Investment in Fixed Assets and Consumer Durable Goods,Historical Cost,Billions of dollars,"September 26, 2025",05,Equipment,1991,355.029
FAAT105,1.5,Investment in Fixed Assets and Consumer Durable Goods,Historical Cost,Billions of dollars,"September 26, 2025",05,Equipment,1992,376.044
FAAT105,1.5,Investment in Fixed Assets and Consumer Durable Goods,Historical Cost,Billions of dollars,"September 26, 2025",05,Equipment,1993,422.316
FAAT105,1.5,Investment in Fixed Assets and Consumer Durable Goods,Historical Cost,Billions of dollars,"September 26, 2025",05,Equipment,1994,474.45
FAAT105,1.5,Investment in Fixed Assets and Consumer Durable Goods,Historical Cost,Billions of dollars,"September 26, 2025",05,Equipment,1995,526.233
FAAT105,1.5,Investment in Fixed Assets and Consumer Durable Goods,Historical Cost,Billions of dollars,"September 26, 2025",05,Equipment,1996,563.222
FAAT105,1.5,Investment in Fixed Assets and Consumer Durable Goods,Historical Cost,Billions of dollars,"September 26, 2025",05,Equipment,1997,605.739
FAAT105,1.5,Investment in Fixed Assets and Consumer Durable Goods,Historical Cost,Billions of dollars,"September 26, 2025",05,Equipment,1998,653.93
FAAT105,1.5,Investment in Fixed Assets and Consumer Durable Goods,Historical Cost,Billions of dollars,"September 26, 2025",05,Equipment,1999,705.363
FAAT105,1.5,Investment in Fixed Assets and Consumer Durable Goods,Historical Cost,Billions of dollars,"September 26, 2025",05,Equipment,2000,752.822
FAAT105,1.5,Investment in Fixed Assets and Consumer Durable Goods,Historical Cost,Billions of dollars,"September 26, 2025",05,Equipment,2001,696.21
FAAT105,1.5,Investment in Fixed Assets and Consumer Durable Goods,Historical Cost,Billions of dollars,"September 26, 2025",05,Equipment,2002,643.357
FAAT105,1.5,Investment in Fixed Assets and Consumer Durable Goods,Historical Cost,Billions of dollars,"September 26, 2025",05,Equipment,2003,652.42
FAAT105,1.5,Investment in Fixed Assets and Consumer Durable Goods,Historical Cost,Billions of dollars,"September 26, 2025",05,Equipment,2004,707.619
FAAT105,1.5,Investment in Fixed Assets and Consumer Durable Goods,Historical Cost,Billions of dollars,"September 26, 2025",05,Equipment,2005,781.601
FAAT105,1.5,Investment in Fixed Assets and Consumer Durable Goods,Historical Cost,Billions of dollars,"September 26, 2025",05,Equipment,2006,851.427
FAAT105,1.5,Investment in Fixed Assets and Consumer Durable Goods,Historical Cost,Billions of dollars,"September 26, 2025",05,Equipment,2007,885.342
FAAT105,1.5,Investment in Fixed Assets and Consumer Durable Goods,Historical Cost,Billions of dollars,"September 26, 2025",05,Equipment,2008,846.7
FAAT105,1.5,Investment in Fixed Assets and Consumer Durable Goods,Historical Cost,Billions of dollars,"September 26, 2025",05,Equipment,2009,663.194
FAAT105,1.5,Investment in Fixed Assets and Consumer Durable Goods,Historical Cost,Billions of dollars,"September 26, 2025",05,Equipment,2010,783.245
FAAT105,1.5,Investment in Fixed Assets and Consumer Durable Goods,Historical Cost,Billions of dollars,"September 26, 2025",05,Equipment,2011,887.475
FAAT105,1.5,Investment in Fixed Assets and Consumer Durable Goods,Historical Cost,Billions of dollars,"September 26, 2025",05,Equipment,2012,979.964
FAAT105,1.5,Investment in Fixed Assets and Consumer Durable Goods,Historical Cost,Billions of dollars,"September 26, 2025",05,Equipment,2013,1034.579
FAAT105,1.5,Investment in Fixed Assets and Consumer Durable Goods,Historical Cost,Billions of dollars,"September 26, 2025",05,Equipment,2014,1105.951
FAAT105,1.5,Investment in Fixed Assets and Consumer Durable Goods,Historical Cost,Billions of dollars,"September 26, 2025",05,Equipment,2015,1129.999
FAAT105,1.5,Investment in Fixed Assets and Consumer Durable Goods,Historical Cost,Billions of dollars,"September 26, 2025",05,Equipment,2016,1101.221
FAAT105,1.5,Investment in Fixed Assets and Consumer Durable Goods,Historical Cost,Billions of dollars,"September 26, 2025",05,Equipment,2017,1144.481
FAAT105,1.5,Investment in Fixed Assets and Consumer Durable Goods,Historical Cost,Billions of dollars,"September 26, 2025",05,Equipment,2018,1209.343
FAAT105,1.5,Investment in Fixed Assets and Consumer Durable Goods,Historical Cost,Billions of dollars,"September 26, 2025",05,Equipment,2019,1219.071
FAAT105,1.5,Investment in Fixed Assets and Consumer Durable Goods,Historical Cost,Billions of dollars,"September 26, 2025",05,Equipment,2020,1092.244
FAAT105,1.5,Investment in Fixed Assets and Consumer Durable Goods,Historical Cost,Billions of dollars,"September 26, 2025",05,Equipment,2021,1188.781
FAAT105,1.5,Investment in Fixed Assets and Consumer Durable Goods,Historical Cost,Billions of dollars,"September 26, 2025",05,Equipment,2022,1290.196
FAAT105,1.5,Investment in Fixed Assets and Consumer Durable Goods,Historical Cost,Billions of dollars,"September 26, 2025",05,Equipment,2023,1386.896
FAAT105,1.5,Investment in Fixed Assets and Consumer Durable Goods,Historical Cost,Billions of dollars,"September 26, 2025",05,Equipment,2024,1469.045
FAAT105,1.5,Investment in Fixed Assets and Consumer Durable Goods,Historical Cost,Billions of dollars,"September 26, 2025",05,Equipment,1901,0.681
FAAT105,1.5,Investment in Fixed Assets and Consumer Durable Goods,Historical Cost,Billions of dollars,"September 26, 2025",05,Equipment,1902,0.789
FAAT105,1.5,Investment in Fixed Assets and Consumer Durable Goods,Historical Cost,Billions of dollars,"September 26, 2025",05,Equipment,1903,0.855
FAAT105,1.5,Investment in Fixed Assets and Consumer Durable Goods,Historical Cost,Billions of dollars,"September 26, 2025",05,Equipment,1904,0.77
FAAT105,1.5,Investment in Fixed Assets and Consumer Durable Goods,Historical Cost,Billions of dollars,"September 26, 2025",05,Equipment,1905,0.929
FAAT105,1.5,Investment in Fixed Assets and Consumer Durable Goods,Historical Cost,Billions of dollars,"September 26, 2025",05,Equipment,1906,1.217
FAAT105,1.5,Investment in Fixed Assets and Consumer Durable Goods,Historical Cost,Billions of dollars,"September 26, 2025",05,Equipment,1907,1.472
FAAT105,1.5,Investment in Fixed Assets and Consumer Durable Goods,Historical Cost,Billions of dollars,"September 26, 2025",05,Equipment,1908,0.908
FAAT105,1.5,Investment in Fixed Assets and Consumer Durable Goods,Historical Cost,Billions of dollars,"September 26, 2025",05,Equipment,1909,1.113
FAAT105,1.5,Investment in Fixed Assets and Consumer Durable Goods,Historical Cost,Billions of dollars,"September 26, 2025",05,Equipment,1910,1.313
FAAT105,1.5,Investment in Fixed Assets and Consumer Durable Goods,Historical Cost,Billions of dollars,"September 26, 2025",05,Equipment,1911,1.226
FAAT105,1.5,Investment in Fixed Assets and Consumer Durable Goods,Historical Cost,Billions of dollars,"September 26, 2025",05,Equipment,1912,1.737
FAAT105,1.5,Investment in Fixed Assets and Consumer Durable Goods,Historical Cost,Billions of dollars,"September 26, 2025",05,Equipment,1913,1.99
FAAT105,1.5,Investment in Fixed Assets and Consumer Durable Goods,Historical Cost,Billions of dollars,"September 26, 2025",06,Structures,1914,1.826
FAAT105,1.5,Investment in Fixed Assets and Consumer Durable Goods,Historical Cost,Billions of dollars,"September 26, 2025",06,Structures,1915,1.501
FAAT105,1.5,Investment in Fixed Assets and Consumer Durable Goods,Historical Cost,Billions of dollars,"September 26, 2025",06,Structures,1916,2.054
FAAT105,1.5,Investment in Fixed Assets and Consumer Durable Goods,Historical Cost,Billions of dollars,"September 26, 2025",06,Structures,1917,2.312
FAAT105,1.5,Investment in Fixed Assets and Consumer Durable Goods,Historical Cost,Billions of dollars,"September 26, 2025",06,Structures,1918,2.283
FAAT105,1.5,Investment in Fixed Assets and Consumer Durable Goods,Historical Cost,Billions of dollars,"September 26, 2025",06,Structures,1919,2.771
FAAT105,1.5,Investment in Fixed Assets and Consumer Durable Goods,Historical Cost,Billions of dollars,"September 26, 2025",06,Structures,1920,4.167
FAAT105,1.5,Investment in Fixed Assets and Consumer Durable Goods,Historical Cost,Billions of dollars,"September 26, 2025",06,Structures,1921,2.91
FAAT105,1.5,Investment in Fixed Assets and Consumer Durable Goods,Historical Cost,Billions of dollars,"September 26, 2025",06,Structures,1922,3.29
FAAT105,1.5,Investment in Fixed Assets and Consumer Durable Goods,Historical Cost,Billions of dollars,"September 26, 2025",06,Structures,1923,4.124
FAAT105,1.5,Investment in Fixed Assets and Consumer Durable Goods,Historical Cost,Billions of dollars,"September 26, 2025",06,Structures,1924,4.271
FAAT105,1.5,Investment in Fixed Assets and Consumer Durable Goods,Historical Cost,Billions of dollars,"September 26, 2025",06,Structures,1925,4.522
FAAT105,1.5,Investment in Fixed Assets and Consumer Durable Goods,Historical Cost,Billions of dollars,"September 26, 2025",06,Structures,1926,5.284
FAAT105,1.5,Investment in Fixed Assets and Consumer Durable Goods,Historical Cost,Billions of dollars,"September 26, 2025",06,Structures,1927,5.276
FAAT105,1.5,Investment in Fixed Assets and Consumer Durable Goods,Historical Cost,Billions of dollars,"September 26, 2025",06,Structures,1928,5.157
FAAT105,1.5,Investment in Fixed Assets and Consumer Durable Goods,Historical Cost,Billions of dollars,"September 26, 2025",06,Structures,1929,5.488
FAAT105,1.5,Investment in Fixed Assets and Consumer Durable Goods,Historical Cost,Billions of dollars,"September 26, 2025",06,Structures,1930,4.539
FAAT105,1.5,Investment in Fixed Assets and Consumer Durable Goods,Historical Cost,Billions of dollars,"September 26, 2025",06,Structures,1931,2.704
FAAT105,1.5,Investment in Fixed Assets and Consumer Durable Goods,Historical Cost,Billions of dollars,"September 26, 2025",06,Structures,1932,1.438
FAAT105,1.5,Investment in Fixed Assets and Consumer Durable Goods,Historical Cost,Billions of dollars,"September 26, 2025",06,Structures,1933,1.127
FAAT105,1.5,Investment in Fixed Assets and Consumer Durable Goods,Historical Cost,Billions of dollars,"September 26, 2025",06,Structures,1934,1.279
FAAT105,1.5,Investment in Fixed Assets and Consumer Durable Goods,Historical Cost,Billions of dollars,"September 26, 2025",06,Structures,1935,1.489
FAAT105,1.5,Investment in Fixed Assets and Consumer Durable Goods,Historical Cost,Billions of dollars,"September 26, 2025",06,Structures,1936,1.942
FAAT105,1.5,Investment in Fixed Assets and Consumer Durable Goods,Historical Cost,Billions of dollars,"September 26, 2025",06,Structures,1937,2.716
FAAT105,1.5,Investment in Fixed Assets and Consumer Durable Goods,Historical Cost,Billions of dollars,"September 26, 2025",06,Structures,1938,2.186
FAAT105,1.5,Investment in Fixed Assets and Consumer Durable Goods,Historical Cost,Billions of dollars,"September 26, 2025",06,Structures,1939,2.276
FAAT105,1.5,Investment in Fixed Assets and Consumer Durable Goods,Historical Cost,Billions of dollars,"September 26, 2025",06,Structures,1940,2.586
FAAT105,1.5,Investment in Fixed Assets and Consumer Durable Goods,Historical Cost,Billions of dollars,"September 26, 2025",06,Structures,1941,3.106
FAAT105,1.5,Investment in Fixed Assets and Consumer Durable Goods,Historical Cost,Billions of dollars,"September 26, 2025",06,Structures,1942,2.191
FAAT105,1.5,Investment in Fixed Assets and Consumer Durable Goods,Historical Cost,Billions of dollars,"September 26, 2025",06,Structures,1943,1.726
FAAT105,1.5,Investment in Fixed Assets and Consumer Durable Goods,Historical Cost,Billions of dollars,"September 26, 2025",06,Structures,1944,2.317
FAAT105,1.5,Investment in Fixed Assets and Consumer Durable Goods,Historical Cost,Billions of dollars,"September 26, 2025",06,Structures,1945,3.289
FAAT105,1.5,Investment in Fixed Assets and Consumer Durable Goods,Historical Cost,Billions of dollars,"September 26, 2025",06,Structures,1946,6.617
FAAT105,1.5,Investment in Fixed Assets and Consumer Durable Goods,Historical Cost,Billions of dollars,"September 26, 2025",06,Structures,1947,7.493
FAAT105,1.5,Investment in Fixed Assets and Consumer Durable Goods,Historical Cost,Billions of dollars,"September 26, 2025",06,Structures,1948,9.343
FAAT105,1.5,Investment in Fixed Assets and Consumer Durable Goods,Historical Cost,Billions of dollars,"September 26, 2025",06,Structures,1949,9.096
FAAT105,1.5,Investment in Fixed Assets and Consumer Durable Goods,Historical Cost,Billions of dollars,"September 26, 2025",06,Structures,1950,9.913
FAAT105,1.5,Investment in Fixed Assets and Consumer Durable Goods,Historical Cost,Billions of dollars,"September 26, 2025",06,Structures,1951,11.947
FAAT105,1.5,Investment in Fixed Assets and Consumer Durable Goods,Historical Cost,Billions of dollars,"September 26, 2025",06,Structures,1952,12.233
FAAT105,1.5,Investment in Fixed Assets and Consumer Durable Goods,Historical Cost,Billions of dollars,"September 26, 2025",06,Structures,1953,13.567
FAAT105,1.5,Investment in Fixed Assets and Consumer Durable Goods,Historical Cost,Billions of dollars,"September 26, 2025",06,Structures,1954,13.84
FAAT105,1.5,Investment in Fixed Assets and Consumer Durable Goods,Historical Cost,Billions of dollars,"September 26, 2025",06,Structures,1955,15.024
FAAT105,1.5,Investment in Fixed Assets and Consumer Durable Goods,Historical Cost,Billions of dollars,"September 26, 2025",06,Structures,1956,18.192
FAAT105,1.5,Investment in Fixed Assets and Consumer Durable Goods,Historical Cost,Billions of dollars,"September 26, 2025",06,Structures,1957,18.926
FAAT105,1.5,Investment in Fixed Assets and Consumer Durable Goods,Historical Cost,Billions of dollars,"September 26, 2025",06,Structures,1958,17.42
FAAT105,1.5,Investment in Fixed Assets and Consumer Durable Goods,Historical Cost,Billions of dollars,"September 26, 2025",06,Structures,1959,18.114
FAAT105,1.5,Investment in Fixed Assets and Consumer Durable Goods,Historical Cost,Billions of dollars,"September 26, 2025",06,Structures,1960,19.508
FAAT105,1.5,Investment in Fixed Assets and Consumer Durable Goods,Historical Cost,Billions of dollars,"September 26, 2025",06,Structures,1961,19.7
FAAT105,1.5,Investment in Fixed Assets and Consumer Durable Goods,Historical Cost,Billions of dollars,"September 26, 2025",06,Structures,1962,20.828
FAAT105,1.5,Investment in Fixed Assets and Consumer Durable Goods,Historical Cost,Billions of dollars,"September 26, 2025",06,Structures,1963,21.031
FAAT105,1.5,Investment in Fixed Assets and Consumer Durable Goods,Historical Cost,Billions of dollars,"September 26, 2025",06,Structures,1964,23.561
FAAT105,1.5,Investment in Fixed Assets and Consumer Durable Goods,Historical Cost,Billions of dollars,"September 26, 2025",06,Structures,1965,27.934
FAAT105,1.5,Investment in Fixed Assets and Consumer Durable Goods,Historical Cost,Billions of dollars,"September 26, 2025",06,Structures,1966,30.423
FAAT105,1.5,Investment in Fixed Assets and Consumer Durable Goods,Historical Cost,Billions of dollars,"September 26, 2025",06,Structures,1967,30.739
FAAT105,1.5,Investment in Fixed Assets and Consumer Durable Goods,Historical Cost,Billions of dollars,"September 26, 2025",06,Structures,1968,32.607
FAAT105,1.5,Investment in Fixed Assets and Consumer Durable Goods,Historical Cost,Billions of dollars,"September 26, 2025",06,Structures,1969,36.751
FAAT105,1.5,Investment in Fixed Assets and Consumer Durable Goods,Historical Cost,Billions of dollars,"September 26, 2025",06,Structures,1970,39.002
FAAT105,1.5,Investment in Fixed Assets and Consumer Durable Goods,Historical Cost,Billions of dollars,"September 26, 2025",06,Structures,1971,41.327
FAAT105,1.5,Investment in Fixed Assets and Consumer Durable Goods,Historical Cost,Billions of dollars,"September 26, 2025",06,Structures,1972,45.976
FAAT105,1.5,Investment in Fixed Assets and Consumer Durable Goods,Historical Cost,Billions of dollars,"September 26, 2025",06,Structures,1973,53.463
FAAT105,1.5,Investment in Fixed Assets and Consumer Durable Goods,Historical Cost,Billions of dollars,"September 26, 2025",06,Structures,1974,58.832
FAAT105,1.5,Investment in Fixed Assets and Consumer Durable Goods,Historical Cost,Billions of dollars,"September 26, 2025",06,Structures,1975,59.813
FAAT105,1.5,Investment in Fixed Assets and Consumer Durable Goods,Historical Cost,Billions of dollars,"September 26, 2025",06,Structures,1976,63.128
FAAT105,1.5,Investment in Fixed Assets and Consumer Durable Goods,Historical Cost,Billions of dollars,"September 26, 2025",06,Structures,1977,71.432
FAAT105,1.5,Investment in Fixed Assets and Consumer Durable Goods,Historical Cost,Billions of dollars,"September 26, 2025",06,Structures,1978,89.511
FAAT105,1.5,Investment in Fixed Assets and Consumer Durable Goods,Historical Cost,Billions of dollars,"September 26, 2025",06,Structures,1979,112.525
FAAT105,1.5,Investment in Fixed Assets and Consumer Durable Goods,Historical Cost,Billions of dollars,"September 26, 2025",06,Structures,1980,130.633
FAAT105,1.5,Investment in Fixed Assets and Consumer Durable Goods,Historical Cost,Billions of dollars,"September 26, 2025",06,Structures,1981,160.478
FAAT105,1.5,Investment in Fixed Assets and Consumer Durable Goods,Historical Cost,Billions of dollars,"September 26, 2025",06,Structures,1982,170.116
FAAT105,1.5,Investment in Fixed Assets and Consumer Durable Goods,Historical Cost,Billions of dollars,"September 26, 2025",06,Structures,1983,147.794
FAAT105,1.5,Investment in Fixed Assets and Consumer Durable Goods,Historical Cost,Billions of dollars,"September 26, 2025",06,Structures,1984,173.242
FAAT105,1.5,Investment in Fixed Assets and Consumer Durable Goods,Historical Cost,Billions of dollars,"September 26, 2025",06,Structures,1985,194.84
FAAT105,1.5,Investment in Fixed Assets and Consumer Durable Goods,Historical Cost,Billions of dollars,"September 26, 2025",06,Structures,1986,175.204
FAAT105,1.5,Investment in Fixed Assets and Consumer Durable Goods,Historical Cost,Billions of dollars,"September 26, 2025",06,Structures,1987,176.107
FAAT105,1.5,Investment in Fixed Assets and Consumer Durable Goods,Historical Cost,Billions of dollars,"September 26, 2025",06,Structures,1988,181.187
FAAT105,1.5,Investment in Fixed Assets and Consumer Durable Goods,Historical Cost,Billions of dollars,"September 26, 2025",06,Structures,1989,190.592
FAAT105,1.5,Investment in Fixed Assets and Consumer Durable Goods,Historical Cost,Billions of dollars,"September 26, 2025",06,Structures,1990,204.097
FAAT105,1.5,Investment in Fixed Assets and Consumer Durable Goods,Historical Cost,Billions of dollars,"September 26, 2025",06,Structures,1991,179.561
FAAT105,1.5,Investment in Fixed Assets and Consumer Durable Goods,Historical Cost,Billions of dollars,"September 26, 2025",06,Structures,1992,164.752
FAAT105,1.5,Investment in Fixed Assets and Consumer Durable Goods,Historical Cost,Billions of dollars,"September 26, 2025",06,Structures,1993,173.292
FAAT105,1.5,Investment in Fixed Assets and Consumer Durable Goods,Historical Cost,Billions of dollars,"September 26, 2025",06,Structures,1994,180.245
FAAT105,1.5,Investment in Fixed Assets and Consumer Durable Goods,Historical Cost,Billions of dollars,"September 26, 2025",06,Structures,1995,204.12
FAAT105,1.5,Investment in Fixed Assets and Consumer Durable Goods,Historical Cost,Billions of dollars,"September 26, 2025",06,Structures,1996,225.097
FAAT105,1.5,Investment in Fixed Assets and Consumer Durable Goods,Historical Cost,Billions of dollars,"September 26, 2025",06,Structures,1997,249.089
FAAT105,1.5,Investment in Fixed Assets and Consumer Durable Goods,Historical Cost,Billions of dollars,"September 26, 2025",06,Structures,1998,273.15
FAAT105,1.5,Investment in Fixed Assets and Consumer Durable Goods,Historical Cost,Billions of dollars,"September 26, 2025",06,Structures,1999,281.523
FAAT105,1.5,Investment in Fixed Assets and Consumer Durable Goods,Historical Cost,Billions of dollars,"September 26, 2025",06,Structures,2000,314.651
FAAT105,1.5,Investment in Fixed Assets and Consumer Durable Goods,Historical Cost,Billions of dollars,"September 26, 2025",06,Structures,2001,326.184
FAAT105,1.5,Investment in Fixed Assets and Consumer Durable Goods,Historical Cost,Billions of dollars,"September 26, 2025",06,Structures,2002,278.288
FAAT105,1.5,Investment in Fixed Assets and Consumer Durable Goods,Historical Cost,Billions of dollars,"September 26, 2025",06,Structures,2003,277.995
FAAT105,1.5,Investment in Fixed Assets and Consumer Durable Goods,Historical Cost,Billions of dollars,"September 26, 2025",06,Structures,2004,298.569
FAAT105,1.5,Investment in Fixed Assets and Consumer Durable Goods,Historical Cost,Billions of dollars,"September 26, 2025",06,Structures,2005,343.425
FAAT105,1.5,Investment in Fixed Assets and Consumer Durable Goods,Historical Cost,Billions of dollars,"September 26, 2025",06,Structures,2006,413.005
FAAT105,1.5,Investment in Fixed Assets and Consumer Durable Goods,Historical Cost,Billions of dollars,"September 26, 2025",06,Structures,2007,493.668
FAAT105,1.5,Investment in Fixed Assets and Consumer Durable Goods,Historical Cost,Billions of dollars,"September 26, 2025",06,Structures,2008,551.362
FAAT105,1.5,Investment in Fixed Assets and Consumer Durable Goods,Historical Cost,Billions of dollars,"September 26, 2025",06,Structures,2009,436.669
FAAT105,1.5,Investment in Fixed Assets and Consumer Durable Goods,Historical Cost,Billions of dollars,"September 26, 2025",06,Structures,2010,365.812
FAAT105,1.5,Investment in Fixed Assets and Consumer Durable Goods,Historical Cost,Billions of dollars,"September 26, 2025",06,Structures,2011,391.506
FAAT105,1.5,Investment in Fixed Assets and Consumer Durable Goods,Historical Cost,Billions of dollars,"September 26, 2025",06,Structures,2012,461.449
FAAT105,1.5,Investment in Fixed Assets and Consumer Durable Goods,Historical Cost,Billions of dollars,"September 26, 2025",06,Structures,2013,474.126
FAAT105,1.5,Investment in Fixed Assets and Consumer Durable Goods,Historical Cost,Billions of dollars,"September 26, 2025",06,Structures,2014,555.121
FAAT105,1.5,Investment in Fixed Assets and Consumer Durable Goods,Historical Cost,Billions of dollars,"September 26, 2025",06,Structures,2015,558.117
FAAT105,1.5,Investment in Fixed Assets and Consumer Durable Goods,Historical Cost,Billions of dollars,"September 26, 2025",06,Structures,2016,534.381
FAAT105,1.5,Investment in Fixed Assets and Consumer Durable Goods,Historical Cost,Billions of dollars,"September 26, 2025",06,Structures,2017,560.689
FAAT105,1.5,Investment in Fixed Assets and Consumer Durable Goods,Historical Cost,Billions of dollars,"September 26, 2025",06,Structures,2018,603.372
FAAT105,1.5,Investment in Fixed Assets and Consumer Durable Goods,Historical Cost,Billions of dollars,"September 26, 2025",06,Structures,2019,642.044
FAAT105,1.5,Investment in Fixed Assets and Consumer Durable Goods,Historical Cost,Billions of dollars,"September 26, 2025",06,Structures,2020,582.267
FAAT105,1.5,Investment in Fixed Assets and Consumer Durable Goods,Historical Cost,Billions of dollars,"September 26, 2025",06,Structures,2021,584.499
FAAT105,1.5,Investment in Fixed Assets and Consumer Durable Goods,Historical Cost,Billions of dollars,"September 26, 2025",06,Structures,2022,713.567
FAAT105,1.5,Investment in Fixed Assets and Consumer Durable Goods,Historical Cost,Billions of dollars,"September 26, 2025",06,Structures,2023,876.921
FAAT105,1.5,Investment in Fixed Assets and Consumer Durable Goods,Historical Cost,Billions of dollars,"September 26, 2025",06,Structures,2024,886.917
FAAT105,1.5,Investment in Fixed Assets and Consumer Durable Goods,Historical Cost,Billions of dollars,"September 26, 2025",06,Structures,1901,1.276
FAAT105,1.5,Investment in Fixed Assets and Consumer Durable Goods,Historical Cost,Billions of dollars,"September 26, 2025",06,Structures,1902,1.644
FAAT105,1.5,Investment in Fixed Assets and Consumer Durable Goods,Historical Cost,Billions of dollars,"September 26, 2025",06,Structures,1903,1.79
FAAT105,1.5,Investment in Fixed Assets and Consumer Durable Goods,Historical Cost,Billions of dollars,"September 26, 2025",06,Structures,1904,1.609
FAAT105,1.5,Investment in Fixed Assets and Consumer Durable Goods,Historical Cost,Billions of dollars,"September 26, 2025",06,Structures,1905,1.598
FAAT105,1.5,Investment in Fixed Assets and Consumer Durable Goods,Historical Cost,Billions of dollars,"September 26, 2025",06,Structures,1906,1.84
FAAT105,1.5,Investment in Fixed Assets and Consumer Durable Goods,Historical Cost,Billions of dollars,"September 26, 2025",06,Structures,1907,2.01
FAAT105,1.5,Investment in Fixed Assets and Consumer Durable Goods,Historical Cost,Billions of dollars,"September 26, 2025",06,Structures,1908,1.78
FAAT105,1.5,Investment in Fixed Assets and Consumer Durable Goods,Historical Cost,Billions of dollars,"September 26, 2025",06,Structures,1909,2.038
FAAT105,1.5,Investment in Fixed Assets and Consumer Durable Goods,Historical Cost,Billions of dollars,"September 26, 2025",06,Structures,1910,2.34
FAAT105,1.5,Investment in Fixed Assets and Consumer Durable Goods,Historical Cost,Billions of dollars,"September 26, 2025",06,Structures,1911,2.232
FAAT105,1.5,Investment in Fixed Assets and Consumer Durable Goods,Historical Cost,Billions of dollars,"September 26, 2025",06,Structures,1912,2.351
FAAT105,1.5,Investment in Fixed Assets and Consumer Durable Goods,Historical Cost,Billions of dollars,"September 26, 2025",06,Structures,1913,2.315
FAAT105,1.5,Investment in Fixed Assets and Consumer Durable Goods,Historical Cost,Billions of dollars,"September 26, 2025",07,Intellectual property products,1914,0.179
FAAT105,1.5,Investment in Fixed Assets and Consumer Durable Goods,Historical Cost,Billions of dollars,"September 26, 2025",07,Intellectual property products,1915,0.23
FAAT105,1.5,Investment in Fixed Assets and Consumer Durable Goods,Historical Cost,Billions of dollars,"September 26, 2025",07,Intellectual property products,1916,0.242
FAAT105,1.5,Investment in Fixed Assets and Consumer Durable Goods,Historical Cost,Billions of dollars,"September 26, 2025",07,Intellectual property products,1917,0.256
FAAT105,1.5,Investment in Fixed Assets and Consumer Durable Goods,Historical Cost,Billions of dollars,"September 26, 2025",07,Intellectual property products,1918,0.279
FAAT105,1.5,Investment in Fixed Assets and Consumer Durable Goods,Historical Cost,Billions of dollars,"September 26, 2025",07,Intellectual property products,1919,0.289
FAAT105,1.5,Investment in Fixed Assets and Consumer Durable Goods,Historical Cost,Billions of dollars,"September 26, 2025",07,Intellectual property products,1920,0.319
FAAT105,1.5,Investment in Fixed Assets and Consumer Durable Goods,Historical Cost,Billions of dollars,"September 26, 2025",07,Intellectual property products,1921,0.314
FAAT105,1.5,Investment in Fixed Assets and Consumer Durable Goods,Historical Cost,Billions of dollars,"September 26, 2025",07,Intellectual property products,1922,0.323
FAAT105,1.5,Investment in Fixed Assets and Consumer Durable Goods,Historical Cost,Billions of dollars,"September 26, 2025",07,Intellectual property products,1923,0.338
FAAT105,1.5,Investment in Fixed Assets and Consumer Durable Goods,Historical Cost,Billions of dollars,"September 26, 2025",07,Intellectual property products,1924,0.349
FAAT105,1.5,Investment in Fixed Assets and Consumer Durable Goods,Historical Cost,Billions of dollars,"September 26, 2025",07,Intellectual property products,1925,0.369
FAAT105,1.5,Investment in Fixed Assets and Consumer Durable Goods,Historical Cost,Billions of dollars,"September 26, 2025",07,Intellectual property products,1926,0.387
FAAT105,1.5,Investment in Fixed Assets and Consumer Durable Goods,Historical Cost,Billions of dollars,"September 26, 2025",07,Intellectual property products,1927,0.422
FAAT105,1.5,Investment in Fixed Assets and Consumer Durable Goods,Historical Cost,Billions of dollars,"September 26, 2025",07,Intellectual property products,1928,0.482
FAAT105,1.5,Investment in Fixed Assets and Consumer Durable Goods,Historical Cost,Billions of dollars,"September 26, 2025",07,Intellectual property products,1929,0.577
FAAT105,1.5,Investment in Fixed Assets and Consumer Durable Goods,Historical Cost,Billions of dollars,"September 26, 2025",07,Intellectual property products,1930,0.556
FAAT105,1.5,Investment in Fixed Assets and Consumer Durable Goods,Historical Cost,Billions of dollars,"September 26, 2025",07,Intellectual property products,1931,0.5
FAAT105,1.5,Investment in Fixed Assets and Consumer Durable Goods,Historical Cost,Billions of dollars,"September 26, 2025",07,Intellectual property products,1932,0.442
FAAT105,1.5,Investment in Fixed Assets and Consumer Durable Goods,Historical Cost,Billions of dollars,"September 26, 2025",07,Intellectual property products,1933,0.428
FAAT105,1.5,Investment in Fixed Assets and Consumer Durable Goods,Historical Cost,Billions of dollars,"September 26, 2025",07,Intellectual property products,1934,0.501
FAAT105,1.5,Investment in Fixed Assets and Consumer Durable Goods,Historical Cost,Billions of dollars,"September 26, 2025",07,Intellectual property products,1935,0.563
FAAT105,1.5,Investment in Fixed Assets and Consumer Durable Goods,Historical Cost,Billions of dollars,"September 26, 2025",07,Intellectual property products,1936,0.644
FAAT105,1.5,Investment in Fixed Assets and Consumer Durable Goods,Historical Cost,Billions of dollars,"September 26, 2025",07,Intellectual property products,1937,0.704
FAAT105,1.5,Investment in Fixed Assets and Consumer Durable Goods,Historical Cost,Billions of dollars,"September 26, 2025",07,Intellectual property products,1938,0.754
FAAT105,1.5,Investment in Fixed Assets and Consumer Durable Goods,Historical Cost,Billions of dollars,"September 26, 2025",07,Intellectual property products,1939,0.771
FAAT105,1.5,Investment in Fixed Assets and Consumer Durable Goods,Historical Cost,Billions of dollars,"September 26, 2025",07,Intellectual property products,1940,0.819
FAAT105,1.5,Investment in Fixed Assets and Consumer Durable Goods,Historical Cost,Billions of dollars,"September 26, 2025",07,Intellectual property products,1941,1.13
FAAT105,1.5,Investment in Fixed Assets and Consumer Durable Goods,Historical Cost,Billions of dollars,"September 26, 2025",07,Intellectual property products,1942,1.196
FAAT105,1.5,Investment in Fixed Assets and Consumer Durable Goods,Historical Cost,Billions of dollars,"September 26, 2025",07,Intellectual property products,1943,1.142
FAAT105,1.5,Investment in Fixed Assets and Consumer Durable Goods,Historical Cost,Billions of dollars,"September 26, 2025",07,Intellectual property products,1944,1.237
FAAT105,1.5,Investment in Fixed Assets and Consumer Durable Goods,Historical Cost,Billions of dollars,"September 26, 2025",07,Intellectual property products,1945,1.433
FAAT105,1.5,Investment in Fixed Assets and Consumer Durable Goods,Historical Cost,Billions of dollars,"September 26, 2025",07,Intellectual property products,1946,1.837
FAAT105,1.5,Investment in Fixed Assets and Consumer Durable Goods,Historical Cost,Billions of dollars,"September 26, 2025",07,Intellectual property products,1947,2.02
FAAT105,1.5,Investment in Fixed Assets and Consumer Durable Goods,Historical Cost,Billions of dollars,"September 26, 2025",07,Intellectual property products,1948,2.075
FAAT105,1.5,Investment in Fixed Assets and Consumer Durable Goods,Historical Cost,Billions of dollars,"September 26, 2025",07,Intellectual property products,1949,2.035
FAAT105,1.5,Investment in Fixed Assets and Consumer Durable Goods,Historical Cost,Billions of dollars,"September 26, 2025",07,Intellectual property products,1950,2.256
FAAT105,1.5,Investment in Fixed Assets and Consumer Durable Goods,Historical Cost,Billions of dollars,"September 26, 2025",07,Intellectual property products,1951,2.354
FAAT105,1.5,Investment in Fixed Assets and Consumer Durable Goods,Historical Cost,Billions of dollars,"September 26, 2025",07,Intellectual property products,1952,2.977
FAAT105,1.5,Investment in Fixed Assets and Consumer Durable Goods,Historical Cost,Billions of dollars,"September 26, 2025",07,Intellectual property products,1953,3.66
FAAT105,1.5,Investment in Fixed Assets and Consumer Durable Goods,Historical Cost,Billions of dollars,"September 26, 2025",07,Intellectual property products,1954,3.88
FAAT105,1.5,Investment in Fixed Assets and Consumer Durable Goods,Historical Cost,Billions of dollars,"September 26, 2025",07,Intellectual property products,1955,4.315
FAAT105,1.5,Investment in Fixed Assets and Consumer Durable Goods,Historical Cost,Billions of dollars,"September 26, 2025",07,Intellectual property products,1956,5.215
FAAT105,1.5,Investment in Fixed Assets and Consumer Durable Goods,Historical Cost,Billions of dollars,"September 26, 2025",07,Intellectual property products,1957,5.572
FAAT105,1.5,Investment in Fixed Assets and Consumer Durable Goods,Historical Cost,Billions of dollars,"September 26, 2025",07,Intellectual property products,1958,5.97
FAAT105,1.5,Investment in Fixed Assets and Consumer Durable Goods,Historical Cost,Billions of dollars,"September 26, 2025",07,Intellectual property products,1959,6.612
FAAT105,1.5,Investment in Fixed Assets and Consumer Durable Goods,Historical Cost,Billions of dollars,"September 26, 2025",07,Intellectual property products,1960,7.123
FAAT105,1.5,Investment in Fixed Assets and Consumer Durable Goods,Historical Cost,Billions of dollars,"September 26, 2025",07,Intellectual property products,1961,7.955
FAAT105,1.5,Investment in Fixed Assets and Consumer Durable Goods,Historical Cost,Billions of dollars,"September 26, 2025",07,Intellectual property products,1962,8.368
FAAT105,1.5,Investment in Fixed Assets and Consumer Durable Goods,Historical Cost,Billions of dollars,"September 26, 2025",07,Intellectual property products,1963,9.208
FAAT105,1.5,Investment in Fixed Assets and Consumer Durable Goods,Historical Cost,Billions of dollars,"September 26, 2025",07,Intellectual property products,1964,9.769
FAAT105,1.5,Investment in Fixed Assets and Consumer Durable Goods,Historical Cost,Billions of dollars,"September 26, 2025",07,Intellectual property products,1965,11.092
FAAT105,1.5,Investment in Fixed Assets and Consumer Durable Goods,Historical Cost,Billions of dollars,"September 26, 2025",07,Intellectual property products,1966,12.755
FAAT105,1.5,Investment in Fixed Assets and Consumer Durable Goods,Historical Cost,Billions of dollars,"September 26, 2025",07,Intellectual property products,1967,13.95
FAAT105,1.5,Investment in Fixed Assets and Consumer Durable Goods,Historical Cost,Billions of dollars,"September 26, 2025",07,Intellectual property products,1968,15.527
FAAT105,1.5,Investment in Fixed Assets and Consumer Durable Goods,Historical Cost,Billions of dollars,"September 26, 2025",07,Intellectual property products,1969,17.096
FAAT105,1.5,Investment in Fixed Assets and Consumer Durable Goods,Historical Cost,Billions of dollars,"September 26, 2025",07,Intellectual property products,1970,17.888
FAAT105,1.5,Investment in Fixed Assets and Consumer Durable Goods,Historical Cost,Billions of dollars,"September 26, 2025",07,Intellectual property products,1971,18.614
FAAT105,1.5,Investment in Fixed Assets and Consumer Durable Goods,Historical Cost,Billions of dollars,"September 26, 2025",07,Intellectual property products,1972,20.507
FAAT105,1.5,Investment in Fixed Assets and Consumer Durable Goods,Historical Cost,Billions of dollars,"September 26, 2025",07,Intellectual property products,1973,22.606
FAAT105,1.5,Investment in Fixed Assets and Consumer Durable Goods,Historical Cost,Billions of dollars,"September 26, 2025",07,Intellectual property products,1974,25.427
FAAT105,1.5,Investment in Fixed Assets and Consumer Durable Goods,Historical Cost,Billions of dollars,"September 26, 2025",07,Intellectual property products,1975,27.706
FAAT105,1.5,Investment in Fixed Assets and Consumer Durable Goods,Historical Cost,Billions of dollars,"September 26, 2025",07,Intellectual property products,1976,32.071
FAAT105,1.5,Investment in Fixed Assets and Consumer Durable Goods,Historical Cost,Billions of dollars,"September 26, 2025",07,Intellectual property products,1977,35.682
FAAT105,1.5,Investment in Fixed Assets and Consumer Durable Goods,Historical Cost,Billions of dollars,"September 26, 2025",07,Intellectual property products,1978,40.19
FAAT105,1.5,Investment in Fixed Assets and Consumer Durable Goods,Historical Cost,Billions of dollars,"September 26, 2025",07,Intellectual property products,1979,47.87
FAAT105,1.5,Investment in Fixed Assets and Consumer Durable Goods,Historical Cost,Billions of dollars,"September 26, 2025",07,Intellectual property products,1980,54.131
FAAT105,1.5,Investment in Fixed Assets and Consumer Durable Goods,Historical Cost,Billions of dollars,"September 26, 2025",07,Intellectual property products,1981,64.512
FAAT105,1.5,Investment in Fixed Assets and Consumer Durable Goods,Historical Cost,Billions of dollars,"September 26, 2025",07,Intellectual property products,1982,72.394
FAAT105,1.5,Investment in Fixed Assets and Consumer Durable Goods,Historical Cost,Billions of dollars,"September 26, 2025",07,Intellectual property products,1983,81.045
FAAT105,1.5,Investment in Fixed Assets and Consumer Durable Goods,Historical Cost,Billions of dollars,"September 26, 2025",07,Intellectual property products,1984,94.731
FAAT105,1.5,Investment in Fixed Assets and Consumer Durable Goods,Historical Cost,Billions of dollars,"September 26, 2025",07,Intellectual property products,1985,104.979
FAAT105,1.5,Investment in Fixed Assets and Consumer Durable Goods,Historical Cost,Billions of dollars,"September 26, 2025",07,Intellectual property products,1986,113.122
FAAT105,1.5,Investment in Fixed Assets and Consumer Durable Goods,Historical Cost,Billions of dollars,"September 26, 2025",07,Intellectual property products,1987,120.116
FAAT105,1.5,Investment in Fixed Assets and Consumer Durable Goods,Historical Cost,Billions of dollars,"September 26, 2025",07,Intellectual property products,1988,132.674
FAAT105,1.5,Investment in Fixed Assets and Consumer Durable Goods,Historical Cost,Billions of dollars,"September 26, 2025",07,Intellectual property products,1989,150.117
FAAT105,1.5,Investment in Fixed Assets and Consumer Durable Goods,Historical Cost,Billions of dollars,"September 26, 2025",07,Intellectual property products,1990,164.426
FAAT105,1.5,Investment in Fixed Assets and Consumer Durable Goods,Historical Cost,Billions of dollars,"September 26, 2025",07,Intellectual property products,1991,179.129
FAAT105,1.5,Investment in Fixed Assets and Consumer Durable Goods,Historical Cost,Billions of dollars,"September 26, 2025",07,Intellectual property products,1992,187.667
FAAT105,1.5,Investment in Fixed Assets and Consumer Durable Goods,Historical Cost,Billions of dollars,"September 26, 2025",07,Intellectual property products,1993,196.912
FAAT105,1.5,Investment in Fixed Assets and Consumer Durable Goods,Historical Cost,Billions of dollars,"September 26, 2025",07,Intellectual property products,1994,205.705
FAAT105,1.5,Investment in Fixed Assets and Consumer Durable Goods,Historical Cost,Billions of dollars,"September 26, 2025",07,Intellectual property products,1995,226.849
FAAT105,1.5,Investment in Fixed Assets and Consumer Durable Goods,Historical Cost,Billions of dollars,"September 26, 2025",07,Intellectual property products,1996,253.303
FAAT105,1.5,Investment in Fixed Assets and Consumer Durable Goods,Historical Cost,Billions of dollars,"September 26, 2025",07,Intellectual property products,1997,287.964
FAAT105,1.5,Investment in Fixed Assets and Consumer Durable Goods,Historical Cost,Billions of dollars,"September 26, 2025",07,Intellectual property products,1998,318.126
FAAT105,1.5,Investment in Fixed Assets and Consumer Durable Goods,Historical Cost,Billions of dollars,"September 26, 2025",07,Intellectual property products,1999,365.127
FAAT105,1.5,Investment in Fixed Assets and Consumer Durable Goods,Historical Cost,Billions of dollars,"September 26, 2025",07,Intellectual property products,2000,411.339
FAAT105,1.5,Investment in Fixed Assets and Consumer Durable Goods,Historical Cost,Billions of dollars,"September 26, 2025",07,Intellectual property products,2001,415.04
FAAT105,1.5,Investment in Fixed Assets and Consumer Durable Goods,Historical Cost,Billions of dollars,"September 26, 2025",07,Intellectual property products,2002,406.222
FAAT105,1.5,Investment in Fixed Assets and Consumer Durable Goods,Historical Cost,Billions of dollars,"September 26, 2025",07,Intellectual property products,2003,418.656
FAAT105,1.5,Investment in Fixed Assets and Consumer Durable Goods,Historical Cost,Billions of dollars,"September 26, 2025",07,Intellectual property products,2004,437.819
FAAT105,1.5,Investment in Fixed Assets and Consumer Durable Goods,Historical Cost,Billions of dollars,"September 26, 2025",07,Intellectual property products,2005,473.134
FAAT105,1.5,Investment in Fixed Assets and Consumer Durable Goods,Historical Cost,Billions of dollars,"September 26, 2025",07,Intellectual property products,2006,506.332
FAAT105,1.5,Investment in Fixed Assets and Consumer Durable Goods,Historical Cost,Billions of dollars,"September 26, 2025",07,Intellectual property products,2007,544.828
FAAT105,1.5,Investment in Fixed Assets and Consumer Durable Goods,Historical Cost,Billions of dollars,"September 26, 2025",07,Intellectual property products,2008,574.326
FAAT105,1.5,Investment in Fixed Assets and Consumer Durable Goods,Historical Cost,Billions of dollars,"September 26, 2025",07,Intellectual property products,2009,564.415
FAAT105,1.5,Investment in Fixed Assets and Consumer Durable Goods,Historical Cost,Billions of dollars,"September 26, 2025",07,Intellectual property products,2010,578.171
FAAT105,1.5,Investment in Fixed Assets and Consumer Durable Goods,Historical Cost,Billions of dollars,"September 26, 2025",07,Intellectual property products,2011,622.251
FAAT105,1.5,Investment in Fixed Assets and Consumer Durable Goods,Historical Cost,Billions of dollars,"September 26, 2025",07,Intellectual property products,2012,655.691
FAAT105,1.5,Investment in Fixed Assets and Consumer Durable Goods,Historical Cost,Billions of dollars,"September 26, 2025",07,Intellectual property products,2013,694.567
FAAT105,1.5,Investment in Fixed Assets and Consumer Durable Goods,Historical Cost,Billions of dollars,"September 26, 2025",07,Intellectual property products,2014,741.395
FAAT105,1.5,Investment in Fixed Assets and Consumer Durable Goods,Historical Cost,Billions of dollars,"September 26, 2025",07,Intellectual property products,2015,778.772
FAAT105,1.5,Investment in Fixed Assets and Consumer Durable Goods,Historical Cost,Billions of dollars,"September 26, 2025",07,Intellectual property products,2016,842.85
FAAT105,1.5,Investment in Fixed Assets and Consumer Durable Goods,Historical Cost,Billions of dollars,"September 26, 2025",07,Intellectual property products,2017,906.028
FAAT105,1.5,Investment in Fixed Assets and Consumer Durable Goods,Historical Cost,Billions of dollars,"September 26, 2025",07,Intellectual property products,2018,992.217
FAAT105,1.5,Investment in Fixed Assets and Consumer Durable Goods,Historical Cost,Billions of dollars,"September 26, 2025",07,Intellectual property products,2019,1074.887
FAAT105,1.5,Investment in Fixed Assets and Consumer Durable Goods,Historical Cost,Billions of dollars,"September 26, 2025",07,Intellectual property products,2020,1136.206
FAAT105,1.5,Investment in Fixed Assets and Consumer Durable Goods,Historical Cost,Billions of dollars,"September 26, 2025",07,Intellectual property products,2021,1263.051
FAAT105,1.5,Investment in Fixed Assets and Consumer Durable Goods,Historical Cost,Billions of dollars,"September 26, 2025",07,Intellectual property products,2022,1423.69
FAAT105,1.5,Investment in Fixed Assets and Consumer Durable Goods,Historical Cost,Billions of dollars,"September 26, 2025",07,Intellectual property products,2023,1524.507
FAAT105,1.5,Investment in Fixed Assets and Consumer Durable Goods,Historical Cost,Billions of dollars,"September 26, 2025",07,Intellectual property products,2024,1603.882
FAAT105,1.5,Investment in Fixed Assets and Consumer Durable Goods,Historical Cost,Billions of dollars,"September 26, 2025",07,Intellectual property products,1901,0.093
FAAT105,1.5,Investment in Fixed Assets and Consumer Durable Goods,Historical Cost,Billions of dollars,"September 26, 2025",07,Intellectual property products,1902,0.1
FAAT105,1.5,Investment in Fixed Assets and Consumer Durable Goods,Historical Cost,Billions of dollars,"September 26, 2025",07,Intellectual property products,1903,0.106
FAAT105,1.5,Investment in Fixed Assets and Consumer Durable Goods,Historical Cost,Billions of dollars,"September 26, 2025",07,Intellectual property products,1904,0.112
FAAT105,1.5,Investment in Fixed Assets and Consumer Durable Goods,Historical Cost,Billions of dollars,"September 26, 2025",07,Intellectual property products,1905,0.119
FAAT105,1.5,Investment in Fixed Assets and Consumer Durable Goods,Historical Cost,Billions of dollars,"September 26, 2025",07,Intellectual property products,1906,0.125
FAAT105,1.5,Investment in Fixed Assets and Consumer Durable Goods,Historical Cost,Billions of dollars,"September 26, 2025",07,Intellectual property products,1907,0.132
FAAT105,1.5,Investment in Fixed Assets and Consumer Durable Goods,Historical Cost,Billions of dollars,"September 26, 2025",07,Intellectual property products,1908,0.139
FAAT105,1.5,Investment in Fixed Assets and Consumer Durable Goods,Historical Cost,Billions of dollars,"September 26, 2025",07,Intellectual property products,1909,0.145
FAAT105,1.5,Investment in Fixed Assets and Consumer Durable Goods,Historical Cost,Billions of dollars,"September 26, 2025",07,Intellectual property products,1910,0.152
FAAT105,1.5,Investment in Fixed Assets and Consumer Durable Goods,Historical Cost,Billions of dollars,"September 26, 2025",07,Intellectual property products,1911,0.159
FAAT105,1.5,Investment in Fixed Assets and Consumer Durable Goods,Historical Cost,Billions of dollars,"September 26, 2025",07,Intellectual property products,1912,0.165
FAAT105,1.5,Investment in Fixed Assets and Consumer Durable Goods,Historical Cost,Billions of dollars,"September 26, 2025",07,Intellectual property products,1913,0.172
FAAT105,1.5,Investment in Fixed Assets and Consumer Durable Goods,Historical Cost,Billions of dollars,"September 26, 2025",08,Residential,1914,1.433
FAAT105,1.5,Investment in Fixed Assets and Consumer Durable Goods,Historical Cost,Billions of dollars,"September 26, 2025",08,Residential,1915,1.541
FAAT105,1.5,Investment in Fixed Assets and Consumer Durable Goods,Historical Cost,Billions of dollars,"September 26, 2025",08,Residential,1916,1.686
FAAT105,1.5,Investment in Fixed Assets and Consumer Durable Goods,Historical Cost,Billions of dollars,"September 26, 2025",08,Residential,1917,1.227
FAAT105,1.5,Investment in Fixed Assets and Consumer Durable Goods,Historical Cost,Billions of dollars,"September 26, 2025",08,Residential,1918,0.804
FAAT105,1.5,Investment in Fixed Assets and Consumer Durable Goods,Historical Cost,Billions of dollars,"September 26, 2025",08,Residential,1919,1.885
FAAT105,1.5,Investment in Fixed Assets and Consumer Durable Goods,Historical Cost,Billions of dollars,"September 26, 2025",08,Residential,1920,1.714
FAAT105,1.5,Investment in Fixed Assets and Consumer Durable Goods,Historical Cost,Billions of dollars,"September 26, 2025",08,Residential,1921,2.33
FAAT105,1.5,Investment in Fixed Assets and Consumer Durable Goods,Historical Cost,Billions of dollars,"September 26, 2025",08,Residential,1922,3.616
FAAT105,1.5,Investment in Fixed Assets and Consumer Durable Goods,Historical Cost,Billions of dollars,"September 26, 2025",08,Residential,1923,4.746
FAAT105,1.5,Investment in Fixed Assets and Consumer Durable Goods,Historical Cost,Billions of dollars,"September 26, 2025",08,Residential,1924,5.423
FAAT105,1.5,Investment in Fixed Assets and Consumer Durable Goods,Historical Cost,Billions of dollars,"September 26, 2025",08,Residential,1925,5.854
FAAT105,1.5,Investment in Fixed Assets and Consumer Durable Goods,Historical Cost,Billions of dollars,"September 26, 2025",08,Residential,1926,5.907
FAAT105,1.5,Investment in Fixed Assets and Consumer Durable Goods,Historical Cost,Billions of dollars,"September 26, 2025",08,Residential,1927,5.523
FAAT105,1.5,Investment in Fixed Assets and Consumer Durable Goods,Historical Cost,Billions of dollars,"September 26, 2025",08,Residential,1928,5.143
FAAT105,1.5,Investment in Fixed Assets and Consumer Durable Goods,Historical Cost,Billions of dollars,"September 26, 2025",08,Residential,1929,4.058
FAAT105,1.5,Investment in Fixed Assets and Consumer Durable Goods,Historical Cost,Billions of dollars,"September 26, 2025",08,Residential,1930,2.467
FAAT105,1.5,Investment in Fixed Assets and Consumer Durable Goods,Historical Cost,Billions of dollars,"September 26, 2025",08,Residential,1931,1.897
FAAT105,1.5,Investment in Fixed Assets and Consumer Durable Goods,Historical Cost,Billions of dollars,"September 26, 2025",08,Residential,1932,0.875
FAAT105,1.5,Investment in Fixed Assets and Consumer Durable Goods,Historical Cost,Billions of dollars,"September 26, 2025",08,Residential,1933,0.722
FAAT105,1.5,Investment in Fixed Assets and Consumer Durable Goods,Historical Cost,Billions of dollars,"September 26, 2025",08,Residential,1934,1.043
FAAT105,1.5,Investment in Fixed Assets and Consumer Durable Goods,Historical Cost,Billions of dollars,"September 26, 2025",08,Residential,1935,1.414
FAAT105,1.5,Investment in Fixed Assets and Consumer Durable Goods,Historical Cost,Billions of dollars,"September 26, 2025",08,Residential,1936,1.846
FAAT105,1.5,Investment in Fixed Assets and Consumer Durable Goods,Historical Cost,Billions of dollars,"September 26, 2025",08,Residential,1937,2.191
FAAT105,1.5,Investment in Fixed Assets and Consumer Durable Goods,Historical Cost,Billions of dollars,"September 26, 2025",08,Residential,1938,2.262
FAAT105,1.5,Investment in Fixed Assets and Consumer Durable Goods,Historical Cost,Billions of dollars,"September 26, 2025",08,Residential,1939,3.19
FAAT105,1.5,Investment in Fixed Assets and Consumer Durable Goods,Historical Cost,Billions of dollars,"September 26, 2025",08,Residential,1940,3.706
FAAT105,1.5,Investment in Fixed Assets and Consumer Durable Goods,Historical Cost,Billions of dollars,"September 26, 2025",08,Residential,1941,4.298
FAAT105,1.5,Investment in Fixed Assets and Consumer Durable Goods,Historical Cost,Billions of dollars,"September 26, 2025",08,Residential,1942,2.418
FAAT105,1.5,Investment in Fixed Assets and Consumer Durable Goods,Historical Cost,Billions of dollars,"September 26, 2025",08,Residential,1943,1.631
FAAT105,1.5,Investment in Fixed Assets and Consumer Durable Goods,Historical Cost,Billions of dollars,"September 26, 2025",08,Residential,1944,1.544
FAAT105,1.5,Investment in Fixed Assets and Consumer Durable Goods,Historical Cost,Billions of dollars,"September 26, 2025",08,Residential,1945,1.855
FAAT105,1.5,Investment in Fixed Assets and Consumer Durable Goods,Historical Cost,Billions of dollars,"September 26, 2025",08,Residential,1946,8.097
FAAT105,1.5,Investment in Fixed Assets and Consumer Durable Goods,Historical Cost,Billions of dollars,"September 26, 2025",08,Residential,1947,12.385
FAAT105,1.5,Investment in Fixed Assets and Consumer Durable Goods,Historical Cost,Billions of dollars,"September 26, 2025",08,Residential,1948,16.03
FAAT105,1.5,Investment in Fixed Assets and Consumer Durable Goods,Historical Cost,Billions of dollars,"September 26, 2025",08,Residential,1949,15.073
FAAT105,1.5,Investment in Fixed Assets and Consumer Durable Goods,Historical Cost,Billions of dollars,"September 26, 2025",08,Residential,1950,20.933
FAAT105,1.5,Investment in Fixed Assets and Consumer Durable Goods,Historical Cost,Billions of dollars,"September 26, 2025",08,Residential,1951,18.855
FAAT105,1.5,Investment in Fixed Assets and Consumer Durable Goods,Historical Cost,Billions of dollars,"September 26, 2025",08,Residential,1952,19.0
FAAT105,1.5,Investment in Fixed Assets and Consumer Durable Goods,Historical Cost,Billions of dollars,"September 26, 2025",08,Residential,1953,19.83
FAAT105,1.5,Investment in Fixed Assets and Consumer Durable Goods,Historical Cost,Billions of dollars,"September 26, 2025",08,Residential,1954,21.542
FAAT105,1.5,Investment in Fixed Assets and Consumer Durable Goods,Historical Cost,Billions of dollars,"September 26, 2025",08,Residential,1955,25.434
FAAT105,1.5,Investment in Fixed Assets and Consumer Durable Goods,Historical Cost,Billions of dollars,"September 26, 2025",08,Residential,1956,24.025
FAAT105,1.5,Investment in Fixed Assets and Consumer Durable Goods,Historical Cost,Billions of dollars,"September 26, 2025",08,Residential,1957,22.642
FAAT105,1.5,Investment in Fixed Assets and Consumer Durable Goods,Historical Cost,Billions of dollars,"September 26, 2025",08,Residential,1958,22.824
FAAT105,1.5,Investment in Fixed Assets and Consumer Durable Goods,Historical Cost,Billions of dollars,"September 26, 2025",08,Residential,1959,28.628
FAAT105,1.5,Investment in Fixed Assets and Consumer Durable Goods,Historical Cost,Billions of dollars,"September 26, 2025",08,Residential,1960,26.856
FAAT105,1.5,Investment in Fixed Assets and Consumer Durable Goods,Historical Cost,Billions of dollars,"September 26, 2025",08,Residential,1961,27.013
FAAT105,1.5,Investment in Fixed Assets and Consumer Durable Goods,Historical Cost,Billions of dollars,"September 26, 2025",08,Residential,1962,29.644
FAAT105,1.5,Investment in Fixed Assets and Consumer Durable Goods,Historical Cost,Billions of dollars,"September 26, 2025",08,Residential,1963,32.856
FAAT105,1.5,Investment in Fixed Assets and Consumer Durable Goods,Historical Cost,Billions of dollars,"September 26, 2025",08,Residential,1964,35.1
FAAT105,1.5,Investment in Fixed Assets and Consumer Durable Goods,Historical Cost,Billions of dollars,"September 26, 2025",08,Residential,1965,35.163
FAAT105,1.5,Investment in Fixed Assets and Consumer Durable Goods,Historical Cost,Billions of dollars,"September 26, 2025",08,Residential,1966,33.379
FAAT105,1.5,Investment in Fixed Assets and Consumer Durable Goods,Historical Cost,Billions of dollars,"September 26, 2025",08,Residential,1967,33.627
FAAT105,1.5,Investment in Fixed Assets and Consumer Durable Goods,Historical Cost,Billions of dollars,"September 26, 2025",08,Residential,1968,40.2
FAAT105,1.5,Investment in Fixed Assets and Consumer Durable Goods,Historical Cost,Billions of dollars,"September 26, 2025",08,Residential,1969,44.376
FAAT105,1.5,Investment in Fixed Assets and Consumer Durable Goods,Historical Cost,Billions of dollars,"September 26, 2025",08,Residential,1970,43.411
FAAT105,1.5,Investment in Fixed Assets and Consumer Durable Goods,Historical Cost,Billions of dollars,"September 26, 2025",08,Residential,1971,58.153
FAAT105,1.5,Investment in Fixed Assets and Consumer Durable Goods,Historical Cost,Billions of dollars,"September 26, 2025",08,Residential,1972,72.398
FAAT105,1.5,Investment in Fixed Assets and Consumer Durable Goods,Historical Cost,Billions of dollars,"September 26, 2025",08,Residential,1973,78.322
FAAT105,1.5,Investment in Fixed Assets and Consumer Durable Goods,Historical Cost,Billions of dollars,"September 26, 2025",08,Residential,1974,69.467
FAAT105,1.5,Investment in Fixed Assets and Consumer Durable Goods,Historical Cost,Billions of dollars,"September 26, 2025",08,Residential,1975,66.733
FAAT105,1.5,Investment in Fixed Assets and Consumer Durable Goods,Historical Cost,Billions of dollars,"September 26, 2025",08,Residential,1976,86.762
FAAT105,1.5,Investment in Fixed Assets and Consumer Durable Goods,Historical Cost,Billions of dollars,"September 26, 2025",08,Residential,1977,115.229
FAAT105,1.5,Investment in Fixed Assets and Consumer Durable Goods,Historical Cost,Billions of dollars,"September 26, 2025",08,Residential,1978,138.01
FAAT105,1.5,Investment in Fixed Assets and Consumer Durable Goods,Historical Cost,Billions of dollars,"September 26, 2025",08,Residential,1979,147.841
FAAT105,1.5,Investment in Fixed Assets and Consumer Durable Goods,Historical Cost,Billions of dollars,"September 26, 2025",08,Residential,1980,129.52
FAAT105,1.5,Investment in Fixed Assets and Consumer Durable Goods,Historical Cost,Billions of dollars,"September 26, 2025",08,Residential,1981,128.483
FAAT105,1.5,Investment in Fixed Assets and Consumer Durable Goods,Historical Cost,Billions of dollars,"September 26, 2025",08,Residential,1982,110.848
FAAT105,1.5,Investment in Fixed Assets and Consumer Durable Goods,Historical Cost,Billions of dollars,"September 26, 2025",08,Residential,1983,161.113
FAAT105,1.5,Investment in Fixed Assets and Consumer Durable Goods,Historical Cost,Billions of dollars,"September 26, 2025",08,Residential,1984,190.364
FAAT105,1.5,Investment in Fixed Assets and Consumer Durable Goods,Historical Cost,Billions of dollars,"September 26, 2025",08,Residential,1985,200.077
FAAT105,1.5,Investment in Fixed Assets and Consumer Durable Goods,Historical Cost,Billions of dollars,"September 26, 2025",08,Residential,1986,234.812
FAAT105,1.5,Investment in Fixed Assets and Consumer Durable Goods,Historical Cost,Billions of dollars,"September 26, 2025",08,Residential,1987,249.79
FAAT105,1.5,Investment in Fixed Assets and Consumer Durable Goods,Historical Cost,Billions of dollars,"September 26, 2025",08,Residential,1988,256.2
FAAT105,1.5,Investment in Fixed Assets and Consumer Durable Goods,Historical Cost,Billions of dollars,"September 26, 2025",08,Residential,1989,256.014
FAAT105,1.5,Investment in Fixed Assets and Consumer Durable Goods,Historical Cost,Billions of dollars,"September 26, 2025",08,Residential,1990,239.669
FAAT105,1.5,Investment in Fixed Assets and Consumer Durable Goods,Historical Cost,Billions of dollars,"September 26, 2025",08,Residential,1991,221.153
FAAT105,1.5,Investment in Fixed Assets and Consumer Durable Goods,Historical Cost,Billions of dollars,"September 26, 2025",08,Residential,1992,254.733
FAAT105,1.5,Investment in Fixed Assets and Consumer Durable Goods,Historical Cost,Billions of dollars,"September 26, 2025",08,Residential,1993,286.809
FAAT105,1.5,Investment in Fixed Assets and Consumer Durable Goods,Historical Cost,Billions of dollars,"September 26, 2025",08,Residential,1994,323.848
FAAT105,1.5,Investment in Fixed Assets and Consumer Durable Goods,Historical Cost,Billions of dollars,"September 26, 2025",08,Residential,1995,324.069
FAAT105,1.5,Investment in Fixed Assets and Consumer Durable Goods,Historical Cost,Billions of dollars,"September 26, 2025",08,Residential,1996,358.061
FAAT105,1.5,Investment in Fixed Assets and Consumer Durable Goods,Historical Cost,Billions of dollars,"September 26, 2025",08,Residential,1997,375.585
FAAT105,1.5,Investment in Fixed Assets and Consumer Durable Goods,Historical Cost,Billions of dollars,"September 26, 2025",08,Residential,1998,418.807
FAAT105,1.5,Investment in Fixed Assets and Consumer Durable Goods,Historical Cost,Billions of dollars,"September 26, 2025",08,Residential,1999,461.766
FAAT105,1.5,Investment in Fixed Assets and Consumer Durable Goods,Historical Cost,Billions of dollars,"September 26, 2025",08,Residential,2000,485.432
FAAT105,1.5,Investment in Fixed Assets and Consumer Durable Goods,Historical Cost,Billions of dollars,"September 26, 2025",08,Residential,2001,513.045
FAAT105,1.5,Investment in Fixed Assets and Consumer Durable Goods,Historical Cost,Billions of dollars,"September 26, 2025",08,Residential,2002,557.594
FAAT105,1.5,Investment in Fixed Assets and Consumer Durable Goods,Historical Cost,Billions of dollars,"September 26, 2025",08,Residential,2003,637.081
FAAT105,1.5,Investment in Fixed Assets and Consumer Durable Goods,Historical Cost,Billions of dollars,"September 26, 2025",08,Residential,2004,749.817
FAAT105,1.5,Investment in Fixed Assets and Consumer Durable Goods,Historical Cost,Billions of dollars,"September 26, 2025",08,Residential,2005,856.221
FAAT105,1.5,Investment in Fixed Assets and Consumer Durable Goods,Historical Cost,Billions of dollars,"September 26, 2025",08,Residential,2006,838.164
FAAT105,1.5,Investment in Fixed Assets and Consumer Durable Goods,Historical Cost,Billions of dollars,"September 26, 2025",08,Residential,2007,690.498
FAAT105,1.5,Investment in Fixed Assets and Consumer Durable Goods,Historical Cost,Billions of dollars,"September 26, 2025",08,Residential,2008,515.984
FAAT105,1.5,Investment in Fixed Assets and Consumer Durable Goods,Historical Cost,Billions of dollars,"September 26, 2025",08,Residential,2009,390.004
FAAT105,1.5,Investment in Fixed Assets and Consumer Durable Goods,Historical Cost,Billions of dollars,"September 26, 2025",08,Residential,2010,376.575
FAAT105,1.5,Investment in Fixed Assets and Consumer Durable Goods,Historical Cost,Billions of dollars,"September 26, 2025",08,Residential,2011,378.836
FAAT105,1.5,Investment in Fixed Assets and Consumer Durable Goods,Historical Cost,Billions of dollars,"September 26, 2025",08,Residential,2012,432.015
FAAT105,1.5,Investment in Fixed Assets and Consumer Durable Goods,Historical Cost,Billions of dollars,"September 26, 2025",08,Residential,2013,511.361
FAAT105,1.5,Investment in Fixed Assets and Consumer Durable Goods,Historical Cost,Billions of dollars,"September 26, 2025",08,Residential,2014,563.649
FAAT105,1.5,Investment in Fixed Assets and Consumer Durable Goods,Historical Cost,Billions of dollars,"September 26, 2025",08,Residential,2015,640.219
FAAT105,1.5,Investment in Fixed Assets and Consumer Durable Goods,Historical Cost,Billions of dollars,"September 26, 2025",08,Residential,2016,709.296
FAAT105,1.5,Investment in Fixed Assets and Consumer Durable Goods,Historical Cost,Billions of dollars,"September 26, 2025",08,Residential,2017,772.608
FAAT105,1.5,Investment in Fixed Assets and Consumer Durable Goods,Historical Cost,Billions of dollars,"September 26, 2025",08,Residential,2018,811.91
FAAT105,1.5,Investment in Fixed Assets and Consumer Durable Goods,Historical Cost,Billions of dollars,"September 26, 2025",08,Residential,2019,827.125
FAAT105,1.5,Investment in Fixed Assets and Consumer Durable Goods,Historical Cost,Billions of dollars,"September 26, 2025",08,Residential,2020,920.546
FAAT105,1.5,Investment in Fixed Assets and Consumer Durable Goods,Historical Cost,Billions of dollars,"September 26, 2025",08,Residential,2021,1132.432
FAAT105,1.5,Investment in Fixed Assets and Consumer Durable Goods,Historical Cost,Billions of dollars,"September 26, 2025",08,Residential,2022,1178.535
FAAT105,1.5,Investment in Fixed Assets and Consumer Durable Goods,Historical Cost,Billions of dollars,"September 26, 2025",08,Residential,2023,1114.045
FAAT105,1.5,Investment in Fixed Assets and Consumer Durable Goods,Historical Cost,Billions of dollars,"September 26, 2025",08,Residential,2024,1182.839
FAAT105,1.5,Investment in Fixed Assets and Consumer Durable Goods,Historical Cost,Billions of dollars,"September 26, 2025",08,Residential,1901,0.862
FAAT105,1.5,Investment in Fixed Assets and Consumer Durable Goods,Historical Cost,Billions of dollars,"September 26, 2025",08,Residential,1902,0.831
FAAT105,1.5,Investment in Fixed Assets and Consumer Durable Goods,Historical Cost,Billions of dollars,"September 26, 2025",08,Residential,1903,0.867
FAAT105,1.5,Investment in Fixed Assets and Consumer Durable Goods,Historical Cost,Billions of dollars,"September 26, 2025",08,Residential,1904,0.973
FAAT105,1.5,Investment in Fixed Assets and Consumer Durable Goods,Historical Cost,Billions of dollars,"September 26, 2025",08,Residential,1905,1.468
FAAT105,1.5,Investment in Fixed Assets and Consumer Durable Goods,Historical Cost,Billions of dollars,"September 26, 2025",08,Residential,1906,1.504
FAAT105,1.5,Investment in Fixed Assets and Consumer Durable Goods,Historical Cost,Billions of dollars,"September 26, 2025",08,Residential,1907,1.354
FAAT105,1.5,Investment in Fixed Assets and Consumer Durable Goods,Historical Cost,Billions of dollars,"September 26, 2025",08,Residential,1908,1.362
FAAT105,1.5,Investment in Fixed Assets and Consumer Durable Goods,Historical Cost,Billions of dollars,"September 26, 2025",08,Residential,1909,1.627
FAAT105,1.5,Investment in Fixed Assets and Consumer Durable Goods,Historical Cost,Billions of dollars,"September 26, 2025",08,Residential,1910,1.373
FAAT105,1.5,Investment in Fixed Assets and Consumer Durable Goods,Historical Cost,Billions of dollars,"September 26, 2025",08,Residential,1911,1.343
FAAT105,1.5,Investment in Fixed Assets and Consumer Durable Goods,Historical Cost,Billions of dollars,"September 26, 2025",08,Residential,1912,1.477
FAAT105,1.5,Investment in Fixed Assets and Consumer Durable Goods,Historical Cost,Billions of dollars,"September 26, 2025",08,Residential,1913,1.463
FAAT105,1.5,Investment in Fixed Assets and Consumer Durable Goods,Historical Cost,Billions of dollars,"September 26, 2025",09,Government,1914,0.62
FAAT105,1.5,Investment in Fixed Assets and Consumer Durable Goods,Historical Cost,Billions of dollars,"September 26, 2025",09,Government,1915,0.786
FAAT105,1.5,Investment in Fixed Assets and Consumer Durable Goods,Historical Cost,Billions of dollars,"September 26, 2025",09,Government,1916,0.767
FAAT105,1.5,Investment in Fixed Assets and Consumer Durable Goods,Historical Cost,Billions of dollars,"September 26, 2025",09,Government,1917,2.187
FAAT105,1.5,Investment in Fixed Assets and Consumer Durable Goods,Historical Cost,Billions of dollars,"September 26, 2025",09,Government,1918,4.963
FAAT105,1.5,Investment in Fixed Assets and Consumer Durable Goods,Historical Cost,Billions of dollars,"September 26, 2025",09,Government,1919,2.231
FAAT105,1.5,Investment in Fixed Assets and Consumer Durable Goods,Historical Cost,Billions of dollars,"September 26, 2025",09,Government,1920,1.474
FAAT105,1.5,Investment in Fixed Assets and Consumer Durable Goods,Historical Cost,Billions of dollars,"September 26, 2025",09,Government,1921,1.624
FAAT105,1.5,Investment in Fixed Assets and Consumer Durable Goods,Historical Cost,Billions of dollars,"September 26, 2025",09,Government,1922,1.799
FAAT105,1.5,Investment in Fixed Assets and Consumer Durable Goods,Historical Cost,Billions of dollars,"September 26, 2025",09,Government,1923,1.799
FAAT105,1.5,Investment in Fixed Assets and Consumer Durable Goods,Historical Cost,Billions of dollars,"September 26, 2025",09,Government,1924,2.097
FAAT105,1.5,Investment in Fixed Assets and Consumer Durable Goods,Historical Cost,Billions of dollars,"September 26, 2025",09,Government,1925,2.356
FAAT105,1.5,Investment in Fixed Assets and Consumer Durable Goods,Historical Cost,Billions of dollars,"September 26, 2025",09,Government,1926,2.371
FAAT105,1.5,Investment in Fixed Assets and Consumer Durable Goods,Historical Cost,Billions of dollars,"September 26, 2025",09,Government,1927,2.696
FAAT105,1.5,Investment in Fixed Assets and Consumer Durable Goods,Historical Cost,Billions of dollars,"September 26, 2025",09,Government,1928,2.778
FAAT105,1.5,Investment in Fixed Assets and Consumer Durable Goods,Historical Cost,Billions of dollars,"September 26, 2025",09,Government,1929,2.902
FAAT105,1.5,Investment in Fixed Assets and Consumer Durable Goods,Historical Cost,Billions of dollars,"September 26, 2025",09,Government,1930,3.256
FAAT105,1.5,Investment in Fixed Assets and Consumer Durable Goods,Historical Cost,Billions of dollars,"September 26, 2025",09,Government,1931,3.089
FAAT105,1.5,Investment in Fixed Assets and Consumer Durable Goods,Historical Cost,Billions of dollars,"September 26, 2025",09,Government,1932,2.265
FAAT105,1.5,Investment in Fixed Assets and Consumer Durable Goods,Historical Cost,Billions of dollars,"September 26, 2025",09,Government,1933,2.032
FAAT105,1.5,Investment in Fixed Assets and Consumer Durable Goods,Historical Cost,Billions of dollars,"September 26, 2025",09,Government,1934,2.654
FAAT105,1.5,Investment in Fixed Assets and Consumer Durable Goods,Historical Cost,Billions of dollars,"September 26, 2025",09,Government,1935,2.837
FAAT105,1.5,Investment in Fixed Assets and Consumer Durable Goods,Historical Cost,Billions of dollars,"September 26, 2025",09,Government,1936,4.215
FAAT105,1.5,Investment in Fixed Assets and Consumer Durable Goods,Historical Cost,Billions of dollars,"September 26, 2025",09,Government,1937,3.884
FAAT105,1.5,Investment in Fixed Assets and Consumer Durable Goods,Historical Cost,Billions of dollars,"September 26, 2025",09,Government,1938,4.285
FAAT105,1.5,Investment in Fixed Assets and Consumer Durable Goods,Historical Cost,Billions of dollars,"September 26, 2025",09,Government,1939,4.618
FAAT105,1.5,Investment in Fixed Assets and Consumer Durable Goods,Historical Cost,Billions of dollars,"September 26, 2025",09,Government,1940,4.432
FAAT105,1.5,Investment in Fixed Assets and Consumer Durable Goods,Historical Cost,Billions of dollars,"September 26, 2025",09,Government,1941,10.746
FAAT105,1.5,Investment in Fixed Assets and Consumer Durable Goods,Historical Cost,Billions of dollars,"September 26, 2025",09,Government,1942,28.94
FAAT105,1.5,Investment in Fixed Assets and Consumer Durable Goods,Historical Cost,Billions of dollars,"September 26, 2025",09,Government,1943,39.867
FAAT105,1.5,Investment in Fixed Assets and Consumer Durable Goods,Historical Cost,Billions of dollars,"September 26, 2025",09,Government,1944,38.231
FAAT105,1.5,Investment in Fixed Assets and Consumer Durable Goods,Historical Cost,Billions of dollars,"September 26, 2025",09,Government,1945,25.393
FAAT105,1.5,Investment in Fixed Assets and Consumer Durable Goods,Historical Cost,Billions of dollars,"September 26, 2025",09,Government,1946,4.703
FAAT105,1.5,Investment in Fixed Assets and Consumer Durable Goods,Historical Cost,Billions of dollars,"September 26, 2025",09,Government,1947,5.663
FAAT105,1.5,Investment in Fixed Assets and Consumer Durable Goods,Historical Cost,Billions of dollars,"September 26, 2025",09,Government,1948,8.463
FAAT105,1.5,Investment in Fixed Assets and Consumer Durable Goods,Historical Cost,Billions of dollars,"September 26, 2025",09,Government,1949,11.315
FAAT105,1.5,Investment in Fixed Assets and Consumer Durable Goods,Historical Cost,Billions of dollars,"September 26, 2025",09,Government,1950,11.429
FAAT105,1.5,Investment in Fixed Assets and Consumer Durable Goods,Historical Cost,Billions of dollars,"September 26, 2025",09,Government,1951,19.495
FAAT105,1.5,Investment in Fixed Assets and Consumer Durable Goods,Historical Cost,Billions of dollars,"September 26, 2025",09,Government,1952,24.578
FAAT105,1.5,Investment in Fixed Assets and Consumer Durable Goods,Historical Cost,Billions of dollars,"September 26, 2025",09,Government,1953,26.474
FAAT105,1.5,Investment in Fixed Assets and Consumer Durable Goods,Historical Cost,Billions of dollars,"September 26, 2025",09,Government,1954,25.37
FAAT105,1.5,Investment in Fixed Assets and Consumer Durable Goods,Historical Cost,Billions of dollars,"September 26, 2025",09,Government,1955,24.609
FAAT105,1.5,Investment in Fixed Assets and Consumer Durable Goods,Historical Cost,Billions of dollars,"September 26, 2025",09,Government,1956,27.238
FAAT105,1.5,Investment in Fixed Assets and Consumer Durable Goods,Historical Cost,Billions of dollars,"September 26, 2025",09,Government,1957,30.213
FAAT105,1.5,Investment in Fixed Assets and Consumer Durable Goods,Historical Cost,Billions of dollars,"September 26, 2025",09,Government,1958,32.591
FAAT105,1.5,Investment in Fixed Assets and Consumer Durable Goods,Historical Cost,Billions of dollars,"September 26, 2025",09,Government,1959,35.873
FAAT105,1.5,Investment in Fixed Assets and Consumer Durable Goods,Historical Cost,Billions of dollars,"September 26, 2025",09,Government,1960,35.98
FAAT105,1.5,Investment in Fixed Assets and Consumer Durable Goods,Historical Cost,Billions of dollars,"September 26, 2025",09,Government,1961,39.802
FAAT105,1.5,Investment in Fixed Assets and Consumer Durable Goods,Historical Cost,Billions of dollars,"September 26, 2025",09,Government,1962,42.545
FAAT105,1.5,Investment in Fixed Assets and Consumer Durable Goods,Historical Cost,Billions of dollars,"September 26, 2025",09,Government,1963,44.442
FAAT105,1.5,Investment in Fixed Assets and Consumer Durable Goods,Historical Cost,Billions of dollars,"September 26, 2025",09,Government,1964,46.399
FAAT105,1.5,Investment in Fixed Assets and Consumer Durable Goods,Historical Cost,Billions of dollars,"September 26, 2025",09,Government,1965,47.899
FAAT105,1.5,Investment in Fixed Assets and Consumer Durable Goods,Historical Cost,Billions of dollars,"September 26, 2025",09,Government,1966,53.594
FAAT105,1.5,Investment in Fixed Assets and Consumer Durable Goods,Historical Cost,Billions of dollars,"September 26, 2025",09,Government,1967,57.657
FAAT105,1.5,Investment in Fixed Assets and Consumer Durable Goods,Historical Cost,Billions of dollars,"September 26, 2025",09,Government,1968,59.13
FAAT105,1.5,Investment in Fixed Assets and Consumer Durable Goods,Historical Cost,Billions of dollars,"September 26, 2025",09,Government,1969,59.404
FAAT105,1.5,Investment in Fixed Assets and Consumer Durable Goods,Historical Cost,Billions of dollars,"September 26, 2025",09,Government,1970,59.562
FAAT105,1.5,Investment in Fixed Assets and Consumer Durable Goods,Historical Cost,Billions of dollars,"September 26, 2025",09,Government,1971,58.103
FAAT105,1.5,Investment in Fixed Assets and Consumer Durable Goods,Historical Cost,Billions of dollars,"September 26, 2025",09,Government,1972,60.453
FAAT105,1.5,Investment in Fixed Assets and Consumer Durable Goods,Historical Cost,Billions of dollars,"September 26, 2025",09,Government,1973,65.5
FAAT105,1.5,Investment in Fixed Assets and Consumer Durable Goods,Historical Cost,Billions of dollars,"September 26, 2025",09,Government,1974,75.939
FAAT105,1.5,Investment in Fixed Assets and Consumer Durable Goods,Historical Cost,Billions of dollars,"September 26, 2025",09,Government,1975,83.926
FAAT105,1.5,Investment in Fixed Assets and Consumer Durable Goods,Historical Cost,Billions of dollars,"September 26, 2025",09,Government,1976,88.923
FAAT105,1.5,Investment in Fixed Assets and Consumer Durable Goods,Historical Cost,Billions of dollars,"September 26, 2025",09,Government,1977,92.308
FAAT105,1.5,Investment in Fixed Assets and Consumer Durable Goods,Historical Cost,Billions of dollars,"September 26, 2025",09,Government,1978,104.239
FAAT105,1.5,Investment in Fixed Assets and Consumer Durable Goods,Historical Cost,Billions of dollars,"September 26, 2025",09,Government,1979,118.694
FAAT105,1.5,Investment in Fixed Assets and Consumer Durable Goods,Historical Cost,Billions of dollars,"September 26, 2025",09,Government,1980,134.437
FAAT105,1.5,Investment in Fixed Assets and Consumer Durable Goods,Historical Cost,Billions of dollars,"September 26, 2025",09,Government,1981,146.873
FAAT105,1.5,Investment in Fixed Assets and Consumer Durable Goods,Historical Cost,Billions of dollars,"September 26, 2025",09,Government,1982,156.677
FAAT105,1.5,Investment in Fixed Assets and Consumer Durable Goods,Historical Cost,Billions of dollars,"September 26, 2025",09,Government,1983,170.411
FAAT105,1.5,Investment in Fixed Assets and Consumer Durable Goods,Historical Cost,Billions of dollars,"September 26, 2025",09,Government,1984,192.456
FAAT105,1.5,Investment in Fixed Assets and Consumer Durable Goods,Historical Cost,Billions of dollars,"September 26, 2025",09,Government,1985,218.838
FAAT105,1.5,Investment in Fixed Assets and Consumer Durable Goods,Historical Cost,Billions of dollars,"September 26, 2025",09,Government,1986,237.185
FAAT105,1.5,Investment in Fixed Assets and Consumer Durable Goods,Historical Cost,Billions of dollars,"September 26, 2025",09,Government,1987,253.661
FAAT105,1.5,Investment in Fixed Assets and Consumer Durable Goods,Historical Cost,Billions of dollars,"September 26, 2025",09,Government,1988,257.503
FAAT105,1.5,Investment in Fixed Assets and Consumer Durable Goods,Historical Cost,Billions of dollars,"September 26, 2025",09,Government,1989,269.861
FAAT105,1.5,Investment in Fixed Assets and Consumer Durable Goods,Historical Cost,Billions of dollars,"September 26, 2025",09,Government,1990,289.736
FAAT105,1.5,Investment in Fixed Assets and Consumer Durable Goods,Historical Cost,Billions of dollars,"September 26, 2025",09,Government,1991,293.693
FAAT105,1.5,Investment in Fixed Assets and Consumer Durable Goods,Historical Cost,Billions of dollars,"September 26, 2025",09,Government,1992,294.791
FAAT105,1.5,Investment in Fixed Assets and Consumer Durable Goods,Historical Cost,Billions of dollars,"September 26, 2025",09,Government,1993,290.525
FAAT105,1.5,Investment in Fixed Assets and Consumer Durable Goods,Historical Cost,Billions of dollars,"September 26, 2025",09,Government,1994,293.553
FAAT105,1.5,Investment in Fixed Assets and Consumer Durable Goods,Historical Cost,Billions of dollars,"September 26, 2025",09,Government,1995,309.195
FAAT105,1.5,Investment in Fixed Assets and Consumer Durable Goods,Historical Cost,Billions of dollars,"September 26, 2025",09,Government,1996,327.187
FAAT105,1.5,Investment in Fixed Assets and Consumer Durable Goods,Historical Cost,Billions of dollars,"September 26, 2025",09,Government,1997,326.714
FAAT105,1.5,Investment in Fixed Assets and Consumer Durable Goods,Historical Cost,Billions of dollars,"September 26, 2025",09,Government,1998,343.989
FAAT105,1.5,Investment in Fixed Assets and Consumer Durable Goods,Historical Cost,Billions of dollars,"September 26, 2025",09,Government,1999,368.315
FAAT105,1.5,Investment in Fixed Assets and Consumer Durable Goods,Historical Cost,Billions of dollars,"September 26, 2025",09,Government,2000,388.763
FAAT105,1.5,Investment in Fixed Assets and Consumer Durable Goods,Historical Cost,Billions of dollars,"September 26, 2025",09,Government,2001,411.746
FAAT105,1.5,Investment in Fixed Assets and Consumer Durable Goods,Historical Cost,Billions of dollars,"September 26, 2025",09,Government,2002,443.367
FAAT105,1.5,Investment in Fixed Assets and Consumer Durable Goods,Historical Cost,Billions of dollars,"September 26, 2025",09,Government,2003,463.384
FAAT105,1.5,Investment in Fixed Assets and Consumer Durable Goods,Historical Cost,Billions of dollars,"September 26, 2025",09,Government,2004,485.654
FAAT105,1.5,Investment in Fixed Assets and Consumer Durable Goods,Historical Cost,Billions of dollars,"September 26, 2025",09,Government,2005,512.17
FAAT105,1.5,Investment in Fixed Assets and Consumer Durable Goods,Historical Cost,Billions of dollars,"September 26, 2025",09,Government,2006,549.744
FAAT105,1.5,Investment in Fixed Assets and Consumer Durable Goods,Historical Cost,Billions of dollars,"September 26, 2025",09,Government,2007,593.112
FAAT105,1.5,Investment in Fixed Assets and Consumer Durable Goods,Historical Cost,Billions of dollars,"September 26, 2025",09,Government,2008,627.789
FAAT105,1.5,Investment in Fixed Assets and Consumer Durable Goods,Historical Cost,Billions of dollars,"September 26, 2025",09,Government,2009,640.631
FAAT105,1.5,Investment in Fixed Assets and Consumer Durable Goods,Historical Cost,Billions of dollars,"September 26, 2025",09,Government,2010,641.689
FAAT105,1.5,Investment in Fixed Assets and Consumer Durable Goods,Historical Cost,Billions of dollars,"September 26, 2025",09,Government,2011,632.679
FAAT105,1.5,Investment in Fixed Assets and Consumer Durable Goods,Historical Cost,Billions of dollars,"September 26, 2025",09,Government,2012,616.482
FAAT105,1.5,Investment in Fixed Assets and Consumer Durable Goods,Historical Cost,Billions of dollars,"September 26, 2025",09,Government,2013,600.871
FAAT105,1.5,Investment in Fixed Assets and Consumer Durable Goods,Historical Cost,Billions of dollars,"September 26, 2025",09,Government,2014,605.277
FAAT105,1.5,Investment in Fixed Assets and Consumer Durable Goods,Historical Cost,Billions of dollars,"September 26, 2025",09,Government,2015,628.405
FAAT105,1.5,Investment in Fixed Assets and Consumer Durable Goods,Historical Cost,Billions of dollars,"September 26, 2025",09,Government,2016,650.236
FAAT105,1.5,Investment in Fixed Assets and Consumer Durable Goods,Historical Cost,Billions of dollars,"September 26, 2025",09,Government,2017,686.159
FAAT105,1.5,Investment in Fixed Assets and Consumer Durable Goods,Historical Cost,Billions of dollars,"September 26, 2025",09,Government,2018,728.571
FAAT105,1.5,Investment in Fixed Assets and Consumer Durable Goods,Historical Cost,Billions of dollars,"September 26, 2025",09,Government,2019,774.103
FAAT105,1.5,Investment in Fixed Assets and Consumer Durable Goods,Historical Cost,Billions of dollars,"September 26, 2025",09,Government,2020,818.476
FAAT105,1.5,Investment in Fixed Assets and Consumer Durable Goods,Historical Cost,Billions of dollars,"September 26, 2025",09,Government,2021,831.823
FAAT105,1.5,Investment in Fixed Assets and Consumer Durable Goods,Historical Cost,Billions of dollars,"September 26, 2025",09,Government,2022,894.948
FAAT105,1.5,Investment in Fixed Assets and Consumer Durable Goods,Historical Cost,Billions of dollars,"September 26, 2025",09,Government,2023,977.165
FAAT105,1.5,Investment in Fixed Assets and Consumer Durable Goods,Historical Cost,Billions of dollars,"September 26, 2025",09,Government,2024,1051.368
FAAT105,1.5,Investment in Fixed Assets and Consumer Durable Goods,Historical Cost,Billions of dollars,"September 26, 2025",10,Nonresidential,1914,0.62
FAAT105,1.5,Investment in Fixed Assets and Consumer Durable Goods,Historical Cost,Billions of dollars,"September 26, 2025",10,Nonresidential,1915,0.786
FAAT105,1.5,Investment in Fixed Assets and Consumer Durable Goods,Historical Cost,Billions of dollars,"September 26, 2025",10,Nonresidential,1916,0.767
FAAT105,1.5,Investment in Fixed Assets and Consumer Durable Goods,Historical Cost,Billions of dollars,"September 26, 2025",10,Nonresidential,1917,2.187
FAAT105,1.5,Investment in Fixed Assets and Consumer Durable Goods,Historical Cost,Billions of dollars,"September 26, 2025",10,Nonresidential,1918,4.963
FAAT105,1.5,Investment in Fixed Assets and Consumer Durable Goods,Historical Cost,Billions of dollars,"September 26, 2025",10,Nonresidential,1919,2.231
FAAT105,1.5,Investment in Fixed Assets and Consumer Durable Goods,Historical Cost,Billions of dollars,"September 26, 2025",10,Nonresidential,1920,1.474
FAAT105,1.5,Investment in Fixed Assets and Consumer Durable Goods,Historical Cost,Billions of dollars,"September 26, 2025",10,Nonresidential,1921,1.624
FAAT105,1.5,Investment in Fixed Assets and Consumer Durable Goods,Historical Cost,Billions of dollars,"September 26, 2025",10,Nonresidential,1922,1.799
FAAT105,1.5,Investment in Fixed Assets and Consumer Durable Goods,Historical Cost,Billions of dollars,"September 26, 2025",10,Nonresidential,1923,1.799
FAAT105,1.5,Investment in Fixed Assets and Consumer Durable Goods,Historical Cost,Billions of dollars,"September 26, 2025",10,Nonresidential,1924,2.097
FAAT105,1.5,Investment in Fixed Assets and Consumer Durable Goods,Historical Cost,Billions of dollars,"September 26, 2025",10,Nonresidential,1925,2.356
FAAT105,1.5,Investment in Fixed Assets and Consumer Durable Goods,Historical Cost,Billions of dollars,"September 26, 2025",10,Nonresidential,1926,2.371
FAAT105,1.5,Investment in Fixed Assets and Consumer Durable Goods,Historical Cost,Billions of dollars,"September 26, 2025",10,Nonresidential,1927,2.696
FAAT105,1.5,Investment in Fixed Assets and Consumer Durable Goods,Historical Cost,Billions of dollars,"September 26, 2025",10,Nonresidential,1928,2.778
FAAT105,1.5,Investment in Fixed Assets and Consumer Durable Goods,Historical Cost,Billions of dollars,"September 26, 2025",10,Nonresidential,1929,2.897
FAAT105,1.5,Investment in Fixed Assets and Consumer Durable Goods,Historical Cost,Billions of dollars,"September 26, 2025",10,Nonresidential,1930,3.251
FAAT105,1.5,Investment in Fixed Assets and Consumer Durable Goods,Historical Cost,Billions of dollars,"September 26, 2025",10,Nonresidential,1931,3.085
FAAT105,1.5,Investment in Fixed Assets and Consumer Durable Goods,Historical Cost,Billions of dollars,"September 26, 2025",10,Nonresidential,1932,2.262
FAAT105,1.5,Investment in Fixed Assets and Consumer Durable Goods,Historical Cost,Billions of dollars,"September 26, 2025",10,Nonresidential,1933,2.029
FAAT105,1.5,Investment in Fixed Assets and Consumer Durable Goods,Historical Cost,Billions of dollars,"September 26, 2025",10,Nonresidential,1934,2.65
FAAT105,1.5,Investment in Fixed Assets and Consumer Durable Goods,Historical Cost,Billions of dollars,"September 26, 2025",10,Nonresidential,1935,2.825
FAAT105,1.5,Investment in Fixed Assets and Consumer Durable Goods,Historical Cost,Billions of dollars,"September 26, 2025",10,Nonresidential,1936,4.148
FAAT105,1.5,Investment in Fixed Assets and Consumer Durable Goods,Historical Cost,Billions of dollars,"September 26, 2025",10,Nonresidential,1937,3.783
FAAT105,1.5,Investment in Fixed Assets and Consumer Durable Goods,Historical Cost,Billions of dollars,"September 26, 2025",10,Nonresidential,1938,4.245
FAAT105,1.5,Investment in Fixed Assets and Consumer Durable Goods,Historical Cost,Billions of dollars,"September 26, 2025",10,Nonresidential,1939,4.552
FAAT105,1.5,Investment in Fixed Assets and Consumer Durable Goods,Historical Cost,Billions of dollars,"September 26, 2025",10,Nonresidential,1940,4.239
FAAT105,1.5,Investment in Fixed Assets and Consumer Durable Goods,Historical Cost,Billions of dollars,"September 26, 2025",10,Nonresidential,1941,10.316
FAAT105,1.5,Investment in Fixed Assets and Consumer Durable Goods,Historical Cost,Billions of dollars,"September 26, 2025",10,Nonresidential,1942,28.388
FAAT105,1.5,Investment in Fixed Assets and Consumer Durable Goods,Historical Cost,Billions of dollars,"September 26, 2025",10,Nonresidential,1943,39.096
FAAT105,1.5,Investment in Fixed Assets and Consumer Durable Goods,Historical Cost,Billions of dollars,"September 26, 2025",10,Nonresidential,1944,38.009
FAAT105,1.5,Investment in Fixed Assets and Consumer Durable Goods,Historical Cost,Billions of dollars,"September 26, 2025",10,Nonresidential,1945,25.253
FAAT105,1.5,Investment in Fixed Assets and Consumer Durable Goods,Historical Cost,Billions of dollars,"September 26, 2025",10,Nonresidential,1946,4.331
FAAT105,1.5,Investment in Fixed Assets and Consumer Durable Goods,Historical Cost,Billions of dollars,"September 26, 2025",10,Nonresidential,1947,5.466
FAAT105,1.5,Investment in Fixed Assets and Consumer Durable Goods,Historical Cost,Billions of dollars,"September 26, 2025",10,Nonresidential,1948,8.306
FAAT105,1.5,Investment in Fixed Assets and Consumer Durable Goods,Historical Cost,Billions of dollars,"September 26, 2025",10,Nonresidential,1949,10.971
FAAT105,1.5,Investment in Fixed Assets and Consumer Durable Goods,Historical Cost,Billions of dollars,"September 26, 2025",10,Nonresidential,1950,11.094
FAAT105,1.5,Investment in Fixed Assets and Consumer Durable Goods,Historical Cost,Billions of dollars,"September 26, 2025",10,Nonresidential,1951,18.926
FAAT105,1.5,Investment in Fixed Assets and Consumer Durable Goods,Historical Cost,Billions of dollars,"September 26, 2025",10,Nonresidential,1952,23.944
FAAT105,1.5,Investment in Fixed Assets and Consumer Durable Goods,Historical Cost,Billions of dollars,"September 26, 2025",10,Nonresidential,1953,25.924
FAAT105,1.5,Investment in Fixed Assets and Consumer Durable Goods,Historical Cost,Billions of dollars,"September 26, 2025",10,Nonresidential,1954,25.024
FAAT105,1.5,Investment in Fixed Assets and Consumer Durable Goods,Historical Cost,Billions of dollars,"September 26, 2025",10,Nonresidential,1955,24.319
FAAT105,1.5,Investment in Fixed Assets and Consumer Durable Goods,Historical Cost,Billions of dollars,"September 26, 2025",10,Nonresidential,1956,26.919
FAAT105,1.5,Investment in Fixed Assets and Consumer Durable Goods,Historical Cost,Billions of dollars,"September 26, 2025",10,Nonresidential,1957,29.683
FAAT105,1.5,Investment in Fixed Assets and Consumer Durable Goods,Historical Cost,Billions of dollars,"September 26, 2025",10,Nonresidential,1958,31.732
FAAT105,1.5,Investment in Fixed Assets and Consumer Durable Goods,Historical Cost,Billions of dollars,"September 26, 2025",10,Nonresidential,1959,34.901
FAAT105,1.5,Investment in Fixed Assets and Consumer Durable Goods,Historical Cost,Billions of dollars,"September 26, 2025",10,Nonresidential,1960,35.217
FAAT105,1.5,Investment in Fixed Assets and Consumer Durable Goods,Historical Cost,Billions of dollars,"September 26, 2025",10,Nonresidential,1961,38.905
FAAT105,1.5,Investment in Fixed Assets and Consumer Durable Goods,Historical Cost,Billions of dollars,"September 26, 2025",10,Nonresidential,1962,41.553
FAAT105,1.5,Investment in Fixed Assets and Consumer Durable Goods,Historical Cost,Billions of dollars,"September 26, 2025",10,Nonresidential,1963,43.835
FAAT105,1.5,Investment in Fixed Assets and Consumer Durable Goods,Historical Cost,Billions of dollars,"September 26, 2025",10,Nonresidential,1964,45.752
FAAT105,1.5,Investment in Fixed Assets and Consumer Durable Goods,Historical Cost,Billions of dollars,"September 26, 2025",10,Nonresidential,1965,47.201
FAAT105,1.5,Investment in Fixed Assets and Consumer Durable Goods,Historical Cost,Billions of dollars,"September 26, 2025",10,Nonresidential,1966,52.832
FAAT105,1.5,Investment in Fixed Assets and Consumer Durable Goods,Historical Cost,Billions of dollars,"September 26, 2025",10,Nonresidential,1967,56.814
FAAT105,1.5,Investment in Fixed Assets and Consumer Durable Goods,Historical Cost,Billions of dollars,"September 26, 2025",10,Nonresidential,1968,58.258
FAAT105,1.5,Investment in Fixed Assets and Consumer Durable Goods,Historical Cost,Billions of dollars,"September 26, 2025",10,Nonresidential,1969,58.249
FAAT105,1.5,Investment in Fixed Assets and Consumer Durable Goods,Historical Cost,Billions of dollars,"September 26, 2025",10,Nonresidential,1970,58.343
FAAT105,1.5,Investment in Fixed Assets and Consumer Durable Goods,Historical Cost,Billions of dollars,"September 26, 2025",10,Nonresidential,1971,56.831
FAAT105,1.5,Investment in Fixed Assets and Consumer Durable Goods,Historical Cost,Billions of dollars,"September 26, 2025",10,Nonresidential,1972,59.241
FAAT105,1.5,Investment in Fixed Assets and Consumer Durable Goods,Historical Cost,Billions of dollars,"September 26, 2025",10,Nonresidential,1973,64.19
FAAT105,1.5,Investment in Fixed Assets and Consumer Durable Goods,Historical Cost,Billions of dollars,"September 26, 2025",10,Nonresidential,1974,74.552
FAAT105,1.5,Investment in Fixed Assets and Consumer Durable Goods,Historical Cost,Billions of dollars,"September 26, 2025",10,Nonresidential,1975,82.203
FAAT105,1.5,Investment in Fixed Assets and Consumer Durable Goods,Historical Cost,Billions of dollars,"September 26, 2025",10,Nonresidential,1976,87.361
FAAT105,1.5,Investment in Fixed Assets and Consumer Durable Goods,Historical Cost,Billions of dollars,"September 26, 2025",10,Nonresidential,1977,90.614
FAAT105,1.5,Investment in Fixed Assets and Consumer Durable Goods,Historical Cost,Billions of dollars,"September 26, 2025",10,Nonresidential,1978,102.524
FAAT105,1.5,Investment in Fixed Assets and Consumer Durable Goods,Historical Cost,Billions of dollars,"September 26, 2025",10,Nonresidential,1979,116.683
FAAT105,1.5,Investment in Fixed Assets and Consumer Durable Goods,Historical Cost,Billions of dollars,"September 26, 2025",10,Nonresidential,1980,131.892
FAAT105,1.5,Investment in Fixed Assets and Consumer Durable Goods,Historical Cost,Billions of dollars,"September 26, 2025",10,Nonresidential,1981,143.838
FAAT105,1.5,Investment in Fixed Assets and Consumer Durable Goods,Historical Cost,Billions of dollars,"September 26, 2025",10,Nonresidential,1982,153.542
FAAT105,1.5,Investment in Fixed Assets and Consumer Durable Goods,Historical Cost,Billions of dollars,"September 26, 2025",10,Nonresidential,1983,166.776
FAAT105,1.5,Investment in Fixed Assets and Consumer Durable Goods,Historical Cost,Billions of dollars,"September 26, 2025",10,Nonresidential,1984,188.898
FAAT105,1.5,Investment in Fixed Assets and Consumer Durable Goods,Historical Cost,Billions of dollars,"September 26, 2025",10,Nonresidential,1985,214.709
FAAT105,1.5,Investment in Fixed Assets and Consumer Durable Goods,Historical Cost,Billions of dollars,"September 26, 2025",10,Nonresidential,1986,232.922
FAAT105,1.5,Investment in Fixed Assets and Consumer Durable Goods,Historical Cost,Billions of dollars,"September 26, 2025",10,Nonresidential,1987,248.991
FAAT105,1.5,Investment in Fixed Assets and Consumer Durable Goods,Historical Cost,Billions of dollars,"September 26, 2025",10,Nonresidential,1988,252.878
FAAT105,1.5,Investment in Fixed Assets and Consumer Durable Goods,Historical Cost,Billions of dollars,"September 26, 2025",10,Nonresidential,1989,265.187
FAAT105,1.5,Investment in Fixed Assets and Consumer Durable Goods,Historical Cost,Billions of dollars,"September 26, 2025",10,Nonresidential,1990,284.568
FAAT105,1.5,Investment in Fixed Assets and Consumer Durable Goods,Historical Cost,Billions of dollars,"September 26, 2025",10,Nonresidential,1991,288.947
FAAT105,1.5,Investment in Fixed Assets and Consumer Durable Goods,Historical Cost,Billions of dollars,"September 26, 2025",10,Nonresidential,1992,289.766
FAAT105,1.5,Investment in Fixed Assets and Consumer Durable Goods,Historical Cost,Billions of dollars,"September 26, 2025",10,Nonresidential,1993,285.62
FAAT105,1.5,Investment in Fixed Assets and Consumer Durable Goods,Historical Cost,Billions of dollars,"September 26, 2025",10,Nonresidential,1994,288.786
FAAT105,1.5,Investment in Fixed Assets and Consumer Durable Goods,Historical Cost,Billions of dollars,"September 26, 2025",10,Nonresidential,1995,303.703
FAAT105,1.5,Investment in Fixed Assets and Consumer Durable Goods,Historical Cost,Billions of dollars,"September 26, 2025",10,Nonresidential,1996,321.586
FAAT105,1.5,Investment in Fixed Assets and Consumer Durable Goods,Historical Cost,Billions of dollars,"September 26, 2025",10,Nonresidential,1997,320.718
FAAT105,1.5,Investment in Fixed Assets and Consumer Durable Goods,Historical Cost,Billions of dollars,"September 26, 2025",10,Nonresidential,1998,338.092
FAAT105,1.5,Investment in Fixed Assets and Consumer Durable Goods,Historical Cost,Billions of dollars,"September 26, 2025",10,Nonresidential,1999,362.386
FAAT105,1.5,Investment in Fixed Assets and Consumer Durable Goods,Historical Cost,Billions of dollars,"September 26, 2025",10,Nonresidential,2000,382.923
FAAT105,1.5,Investment in Fixed Assets and Consumer Durable Goods,Historical Cost,Billions of dollars,"September 26, 2025",10,Nonresidential,2001,405.245
FAAT105,1.5,Investment in Fixed Assets and Consumer Durable Goods,Historical Cost,Billions of dollars,"September 26, 2025",10,Nonresidential,2002,436.428
FAAT105,1.5,Investment in Fixed Assets and Consumer Durable Goods,Historical Cost,Billions of dollars,"September 26, 2025",10,Nonresidential,2003,456.299
FAAT105,1.5,Investment in Fixed Assets and Consumer Durable Goods,Historical Cost,Billions of dollars,"September 26, 2025",10,Nonresidential,2004,477.894
FAAT105,1.5,Investment in Fixed Assets and Consumer Durable Goods,Historical Cost,Billions of dollars,"September 26, 2025",10,Nonresidential,2005,503.846
FAAT105,1.5,Investment in Fixed Assets and Consumer Durable Goods,Historical Cost,Billions of dollars,"September 26, 2025",10,Nonresidential,2006,541.938
FAAT105,1.5,Investment in Fixed Assets and Consumer Durable Goods,Historical Cost,Billions of dollars,"September 26, 2025",10,Nonresidential,2007,585.25
FAAT105,1.5,Investment in Fixed Assets and Consumer Durable Goods,Historical Cost,Billions of dollars,"September 26, 2025",10,Nonresidential,2008,619.134
FAAT105,1.5,Investment in Fixed Assets and Consumer Durable Goods,Historical Cost,Billions of dollars,"September 26, 2025",10,Nonresidential,2009,632.302
FAAT105,1.5,Investment in Fixed Assets and Consumer Durable Goods,Historical Cost,Billions of dollars,"September 26, 2025",10,Nonresidential,2010,632.934
FAAT105,1.5,Investment in Fixed Assets and Consumer Durable Goods,Historical Cost,Billions of dollars,"September 26, 2025",10,Nonresidential,2011,625.069
FAAT105,1.5,Investment in Fixed Assets and Consumer Durable Goods,Historical Cost,Billions of dollars,"September 26, 2025",10,Nonresidential,2012,610.592
FAAT105,1.5,Investment in Fixed Assets and Consumer Durable Goods,Historical Cost,Billions of dollars,"September 26, 2025",10,Nonresidential,2013,595.612
FAAT105,1.5,Investment in Fixed Assets and Consumer Durable Goods,Historical Cost,Billions of dollars,"September 26, 2025",10,Nonresidential,2014,600.019
FAAT105,1.5,Investment in Fixed Assets and Consumer Durable Goods,Historical Cost,Billions of dollars,"September 26, 2025",10,Nonresidential,2015,623.097
FAAT105,1.5,Investment in Fixed Assets and Consumer Durable Goods,Historical Cost,Billions of dollars,"September 26, 2025",10,Nonresidential,2016,644.682
FAAT105,1.5,Investment in Fixed Assets and Consumer Durable Goods,Historical Cost,Billions of dollars,"September 26, 2025",10,Nonresidential,2017,680.157
FAAT105,1.5,Investment in Fixed Assets and Consumer Durable Goods,Historical Cost,Billions of dollars,"September 26, 2025",10,Nonresidential,2018,721.746
FAAT105,1.5,Investment in Fixed Assets and Consumer Durable Goods,Historical Cost,Billions of dollars,"September 26, 2025",10,Nonresidential,2019,766.802
FAAT105,1.5,Investment in Fixed Assets and Consumer Durable Goods,Historical Cost,Billions of dollars,"September 26, 2025",10,Nonresidential,2020,811.445
FAAT105,1.5,Investment in Fixed Assets and Consumer Durable Goods,Historical Cost,Billions of dollars,"September 26, 2025",10,Nonresidential,2021,825.058
FAAT105,1.5,Investment in Fixed Assets and Consumer Durable Goods,Historical Cost,Billions of dollars,"September 26, 2025",10,Nonresidential,2022,888.308
FAAT105,1.5,Investment in Fixed Assets and Consumer Durable Goods,Historical Cost,Billions of dollars,"September 26, 2025",10,Nonresidential,2023,969.85
FAAT105,1.5,Investment in Fixed Assets and Consumer Durable Goods,Historical Cost,Billions of dollars,"September 26, 2025",10,Nonresidential,2024,1043.202
FAAT105,1.5,Investment in Fixed Assets and Consumer Durable Goods,Historical Cost,Billions of dollars,"September 26, 2025",11,Equipment,1914,0.041
FAAT105,1.5,Investment in Fixed Assets and Consumer Durable Goods,Historical Cost,Billions of dollars,"September 26, 2025",11,Equipment,1915,0.065
FAAT105,1.5,Investment in Fixed Assets and Consumer Durable Goods,Historical Cost,Billions of dollars,"September 26, 2025",11,Equipment,1916,0.051
FAAT105,1.5,Investment in Fixed Assets and Consumer Durable Goods,Historical Cost,Billions of dollars,"September 26, 2025",11,Equipment,1917,0.918
FAAT105,1.5,Investment in Fixed Assets and Consumer Durable Goods,Historical Cost,Billions of dollars,"September 26, 2025",11,Equipment,1918,2.805
FAAT105,1.5,Investment in Fixed Assets and Consumer Durable Goods,Historical Cost,Billions of dollars,"September 26, 2025",11,Equipment,1919,0.311
FAAT105,1.5,Investment in Fixed Assets and Consumer Durable Goods,Historical Cost,Billions of dollars,"September 26, 2025",11,Equipment,1920,0.102
FAAT105,1.5,Investment in Fixed Assets and Consumer Durable Goods,Historical Cost,Billions of dollars,"September 26, 2025",11,Equipment,1921,0.037
FAAT105,1.5,Investment in Fixed Assets and Consumer Durable Goods,Historical Cost,Billions of dollars,"September 26, 2025",11,Equipment,1922,0.092
FAAT105,1.5,Investment in Fixed Assets and Consumer Durable Goods,Historical Cost,Billions of dollars,"September 26, 2025",11,Equipment,1923,0.12
FAAT105,1.5,Investment in Fixed Assets and Consumer Durable Goods,Historical Cost,Billions of dollars,"September 26, 2025",11,Equipment,1924,0.177
FAAT105,1.5,Investment in Fixed Assets and Consumer Durable Goods,Historical Cost,Billions of dollars,"September 26, 2025",11,Equipment,1925,0.195
FAAT105,1.5,Investment in Fixed Assets and Consumer Durable Goods,Historical Cost,Billions of dollars,"September 26, 2025",11,Equipment,1926,0.188
FAAT105,1.5,Investment in Fixed Assets and Consumer Durable Goods,Historical Cost,Billions of dollars,"September 26, 2025",11,Equipment,1927,0.247
FAAT105,1.5,Investment in Fixed Assets and Consumer Durable Goods,Historical Cost,Billions of dollars,"September 26, 2025",11,Equipment,1928,0.255
FAAT105,1.5,Investment in Fixed Assets and Consumer Durable Goods,Historical Cost,Billions of dollars,"September 26, 2025",11,Equipment,1929,0.266
FAAT105,1.5,Investment in Fixed Assets and Consumer Durable Goods,Historical Cost,Billions of dollars,"September 26, 2025",11,Equipment,1930,0.242
FAAT105,1.5,Investment in Fixed Assets and Consumer Durable Goods,Historical Cost,Billions of dollars,"September 26, 2025",11,Equipment,1931,0.264
FAAT105,1.5,Investment in Fixed Assets and Consumer Durable Goods,Historical Cost,Billions of dollars,"September 26, 2025",11,Equipment,1932,0.227
FAAT105,1.5,Investment in Fixed Assets and Consumer Durable Goods,Historical Cost,Billions of dollars,"September 26, 2025",11,Equipment,1933,0.227
FAAT105,1.5,Investment in Fixed Assets and Consumer Durable Goods,Historical Cost,Billions of dollars,"September 26, 2025",11,Equipment,1934,0.317
FAAT105,1.5,Investment in Fixed Assets and Consumer Durable Goods,Historical Cost,Billions of dollars,"September 26, 2025",11,Equipment,1935,0.473
FAAT105,1.5,Investment in Fixed Assets and Consumer Durable Goods,Historical Cost,Billions of dollars,"September 26, 2025",11,Equipment,1936,0.41
FAAT105,1.5,Investment in Fixed Assets and Consumer Durable Goods,Historical Cost,Billions of dollars,"September 26, 2025",11,Equipment,1937,0.463
FAAT105,1.5,Investment in Fixed Assets and Consumer Durable Goods,Historical Cost,Billions of dollars,"September 26, 2025",11,Equipment,1938,0.529
FAAT105,1.5,Investment in Fixed Assets and Consumer Durable Goods,Historical Cost,Billions of dollars,"September 26, 2025",11,Equipment,1939,0.568
FAAT105,1.5,Investment in Fixed Assets and Consumer Durable Goods,Historical Cost,Billions of dollars,"September 26, 2025",11,Equipment,1940,0.572
FAAT105,1.5,Investment in Fixed Assets and Consumer Durable Goods,Historical Cost,Billions of dollars,"September 26, 2025",11,Equipment,1941,4.222
FAAT105,1.5,Investment in Fixed Assets and Consumer Durable Goods,Historical Cost,Billions of dollars,"September 26, 2025",11,Equipment,1942,16.364
FAAT105,1.5,Investment in Fixed Assets and Consumer Durable Goods,Historical Cost,Billions of dollars,"September 26, 2025",11,Equipment,1943,31.963
FAAT105,1.5,Investment in Fixed Assets and Consumer Durable Goods,Historical Cost,Billions of dollars,"September 26, 2025",11,Equipment,1944,33.319
FAAT105,1.5,Investment in Fixed Assets and Consumer Durable Goods,Historical Cost,Billions of dollars,"September 26, 2025",11,Equipment,1945,21.237
FAAT105,1.5,Investment in Fixed Assets and Consumer Durable Goods,Historical Cost,Billions of dollars,"September 26, 2025",11,Equipment,1946,1.612
FAAT105,1.5,Investment in Fixed Assets and Consumer Durable Goods,Historical Cost,Billions of dollars,"September 26, 2025",11,Equipment,1947,1.271
FAAT105,1.5,Investment in Fixed Assets and Consumer Durable Goods,Historical Cost,Billions of dollars,"September 26, 2025",11,Equipment,1948,2.25
FAAT105,1.5,Investment in Fixed Assets and Consumer Durable Goods,Historical Cost,Billions of dollars,"September 26, 2025",11,Equipment,1949,3.249
FAAT105,1.5,Investment in Fixed Assets and Consumer Durable Goods,Historical Cost,Billions of dollars,"September 26, 2025",11,Equipment,1950,2.618
FAAT105,1.5,Investment in Fixed Assets and Consumer Durable Goods,Historical Cost,Billions of dollars,"September 26, 2025",11,Equipment,1951,7.952
FAAT105,1.5,Investment in Fixed Assets and Consumer Durable Goods,Historical Cost,Billions of dollars,"September 26, 2025",11,Equipment,1952,11.141
FAAT105,1.5,Investment in Fixed Assets and Consumer Durable Goods,Historical Cost,Billions of dollars,"September 26, 2025",11,Equipment,1953,12.324
FAAT105,1.5,Investment in Fixed Assets and Consumer Durable Goods,Historical Cost,Billions of dollars,"September 26, 2025",11,Equipment,1954,10.242
FAAT105,1.5,Investment in Fixed Assets and Consumer Durable Goods,Historical Cost,Billions of dollars,"September 26, 2025",11,Equipment,1955,8.76
FAAT105,1.5,Investment in Fixed Assets and Consumer Durable Goods,Historical Cost,Billions of dollars,"September 26, 2025",11,Equipment,1956,8.902
FAAT105,1.5,Investment in Fixed Assets and Consumer Durable Goods,Historical Cost,Billions of dollars,"September 26, 2025",11,Equipment,1957,9.476
FAAT105,1.5,Investment in Fixed Assets and Consumer Durable Goods,Historical Cost,Billions of dollars,"September 26, 2025",11,Equipment,1958,9.691
FAAT105,1.5,Investment in Fixed Assets and Consumer Durable Goods,Historical Cost,Billions of dollars,"September 26, 2025",11,Equipment,1959,12.002
FAAT105,1.5,Investment in Fixed Assets and Consumer Durable Goods,Historical Cost,Billions of dollars,"September 26, 2025",11,Equipment,1960,11.577
FAAT105,1.5,Investment in Fixed Assets and Consumer Durable Goods,Historical Cost,Billions of dollars,"September 26, 2025",11,Equipment,1961,13.077
FAAT105,1.5,Investment in Fixed Assets and Consumer Durable Goods,Historical Cost,Billions of dollars,"September 26, 2025",11,Equipment,1962,14.096
FAAT105,1.5,Investment in Fixed Assets and Consumer Durable Goods,Historical Cost,Billions of dollars,"September 26, 2025",11,Equipment,1963,12.806
FAAT105,1.5,Investment in Fixed Assets and Consumer Durable Goods,Historical Cost,Billions of dollars,"September 26, 2025",11,Equipment,1964,12.417
FAAT105,1.5,Investment in Fixed Assets and Consumer Durable Goods,Historical Cost,Billions of dollars,"September 26, 2025",11,Equipment,1965,11.213
FAAT105,1.5,Investment in Fixed Assets and Consumer Durable Goods,Historical Cost,Billions of dollars,"September 26, 2025",11,Equipment,1966,13.078
FAAT105,1.5,Investment in Fixed Assets and Consumer Durable Goods,Historical Cost,Billions of dollars,"September 26, 2025",11,Equipment,1967,15.035
FAAT105,1.5,Investment in Fixed Assets and Consumer Durable Goods,Historical Cost,Billions of dollars,"September 26, 2025",11,Equipment,1968,13.654
FAAT105,1.5,Investment in Fixed Assets and Consumer Durable Goods,Historical Cost,Billions of dollars,"September 26, 2025",11,Equipment,1969,12.864
FAAT105,1.5,Investment in Fixed Assets and Consumer Durable Goods,Historical Cost,Billions of dollars,"September 26, 2025",11,Equipment,1970,13.045
FAAT105,1.5,Investment in Fixed Assets and Consumer Durable Goods,Historical Cost,Billions of dollars,"September 26, 2025",11,Equipment,1971,9.216
FAAT105,1.5,Investment in Fixed Assets and Consumer Durable Goods,Historical Cost,Billions of dollars,"September 26, 2025",11,Equipment,1972,9.781
FAAT105,1.5,Investment in Fixed Assets and Consumer Durable Goods,Historical Cost,Billions of dollars,"September 26, 2025",11,Equipment,1973,10.94
FAAT105,1.5,Investment in Fixed Assets and Consumer Durable Goods,Historical Cost,Billions of dollars,"September 26, 2025",11,Equipment,1974,14.36
FAAT105,1.5,Investment in Fixed Assets and Consumer Durable Goods,Historical Cost,Billions of dollars,"September 26, 2025",11,Equipment,1975,16.596
FAAT105,1.5,Investment in Fixed Assets and Consumer Durable Goods,Historical Cost,Billions of dollars,"September 26, 2025",11,Equipment,1976,19.246
FAAT105,1.5,Investment in Fixed Assets and Consumer Durable Goods,Historical Cost,Billions of dollars,"September 26, 2025",11,Equipment,1977,20.984
FAAT105,1.5,Investment in Fixed Assets and Consumer Durable Goods,Historical Cost,Billions of dollars,"September 26, 2025",11,Equipment,1978,23.053
FAAT105,1.5,Investment in Fixed Assets and Consumer Durable Goods,Historical Cost,Billions of dollars,"September 26, 2025",11,Equipment,1979,27.272
FAAT105,1.5,Investment in Fixed Assets and Consumer Durable Goods,Historical Cost,Billions of dollars,"September 26, 2025",11,Equipment,1980,31.078
FAAT105,1.5,Investment in Fixed Assets and Consumer Durable Goods,Historical Cost,Billions of dollars,"September 26, 2025",11,Equipment,1981,35.962
FAAT105,1.5,Investment in Fixed Assets and Consumer Durable Goods,Historical Cost,Billions of dollars,"September 26, 2025",11,Equipment,1982,42.308
FAAT105,1.5,Investment in Fixed Assets and Consumer Durable Goods,Historical Cost,Billions of dollars,"September 26, 2025",11,Equipment,1983,50.228
FAAT105,1.5,Investment in Fixed Assets and Consumer Durable Goods,Historical Cost,Billions of dollars,"September 26, 2025",11,Equipment,1984,58.45
FAAT105,1.5,Investment in Fixed Assets and Consumer Durable Goods,Historical Cost,Billions of dollars,"September 26, 2025",11,Equipment,1985,67.766
FAAT105,1.5,Investment in Fixed Assets and Consumer Durable Goods,Historical Cost,Billions of dollars,"September 26, 2025",11,Equipment,1986,73.893
FAAT105,1.5,Investment in Fixed Assets and Consumer Durable Goods,Historical Cost,Billions of dollars,"September 26, 2025",11,Equipment,1987,77.411
FAAT105,1.5,Investment in Fixed Assets and Consumer Durable Goods,Historical Cost,Billions of dollars,"September 26, 2025",11,Equipment,1988,74.279
FAAT105,1.5,Investment in Fixed Assets and Consumer Durable Goods,Historical Cost,Billions of dollars,"September 26, 2025",11,Equipment,1989,80.679
FAAT105,1.5,Investment in Fixed Assets and Consumer Durable Goods,Historical Cost,Billions of dollars,"September 26, 2025",11,Equipment,1990,86.624
FAAT105,1.5,Investment in Fixed Assets and Consumer Durable Goods,Historical Cost,Billions of dollars,"September 26, 2025",11,Equipment,1991,85.694
FAAT105,1.5,Investment in Fixed Assets and Consumer Durable Goods,Historical Cost,Billions of dollars,"September 26, 2025",11,Equipment,1992,84.767
FAAT105,1.5,Investment in Fixed Assets and Consumer Durable Goods,Historical Cost,Billions of dollars,"September 26, 2025",11,Equipment,1993,79.41
FAAT105,1.5,Investment in Fixed Assets and Consumer Durable Goods,Historical Cost,Billions of dollars,"September 26, 2025",11,Equipment,1994,77.455
FAAT105,1.5,Investment in Fixed Assets and Consumer Durable Goods,Historical Cost,Billions of dollars,"September 26, 2025",11,Equipment,1995,78.896
FAAT105,1.5,Investment in Fixed Assets and Consumer Durable Goods,Historical Cost,Billions of dollars,"September 26, 2025",11,Equipment,1996,80.086
FAAT105,1.5,Investment in Fixed Assets and Consumer Durable Goods,Historical Cost,Billions of dollars,"September 26, 2025",11,Equipment,1997,75.654
FAAT105,1.5,Investment in Fixed Assets and Consumer Durable Goods,Historical Cost,Billions of dollars,"September 26, 2025",11,Equipment,1998,78.961
FAAT105,1.5,Investment in Fixed Assets and Consumer Durable Goods,Historical Cost,Billions of dollars,"September 26, 2025",11,Equipment,1999,86.14
FAAT105,1.5,Investment in Fixed Assets and Consumer Durable Goods,Historical Cost,Billions of dollars,"September 26, 2025",11,Equipment,2000,87.381
FAAT105,1.5,Investment in Fixed Assets and Consumer Durable Goods,Historical Cost,Billions of dollars,"September 26, 2025",11,Equipment,2001,88.168
FAAT105,1.5,Investment in Fixed Assets and Consumer Durable Goods,Historical Cost,Billions of dollars,"September 26, 2025",11,Equipment,2002,96.371
FAAT105,1.5,Investment in Fixed Assets and Consumer Durable Goods,Historical Cost,Billions of dollars,"September 26, 2025",11,Equipment,2003,99.793
FAAT105,1.5,Investment in Fixed Assets and Consumer Durable Goods,Historical Cost,Billions of dollars,"September 26, 2025",11,Equipment,2004,106.166
FAAT105,1.5,Investment in Fixed Assets and Consumer Durable Goods,Historical Cost,Billions of dollars,"September 26, 2025",11,Equipment,2005,113.643
FAAT105,1.5,Investment in Fixed Assets and Consumer Durable Goods,Historical Cost,Billions of dollars,"September 26, 2025",11,Equipment,2006,122.504
FAAT105,1.5,Investment in Fixed Assets and Consumer Durable Goods,Historical Cost,Billions of dollars,"September 26, 2025",11,Equipment,2007,131.808
FAAT105,1.5,Investment in Fixed Assets and Consumer Durable Goods,Historical Cost,Billions of dollars,"September 26, 2025",11,Equipment,2008,145.044
FAAT105,1.5,Investment in Fixed Assets and Consumer Durable Goods,Historical Cost,Billions of dollars,"September 26, 2025",11,Equipment,2009,147.265
FAAT105,1.5,Investment in Fixed Assets and Consumer Durable Goods,Historical Cost,Billions of dollars,"September 26, 2025",11,Equipment,2010,147.876
FAAT105,1.5,Investment in Fixed Assets and Consumer Durable Goods,Historical Cost,Billions of dollars,"September 26, 2025",11,Equipment,2011,144.159
FAAT105,1.5,Investment in Fixed Assets and Consumer Durable Goods,Historical Cost,Billions of dollars,"September 26, 2025",11,Equipment,2012,142.919
FAAT105,1.5,Investment in Fixed Assets and Consumer Durable Goods,Historical Cost,Billions of dollars,"September 26, 2025",11,Equipment,2013,134.322
FAAT105,1.5,Investment in Fixed Assets and Consumer Durable Goods,Historical Cost,Billions of dollars,"September 26, 2025",11,Equipment,2014,130.976
FAAT105,1.5,Investment in Fixed Assets and Consumer Durable Goods,Historical Cost,Billions of dollars,"September 26, 2025",11,Equipment,2015,131.128
FAAT105,1.5,Investment in Fixed Assets and Consumer Durable Goods,Historical Cost,Billions of dollars,"September 26, 2025",11,Equipment,2016,133.059
FAAT105,1.5,Investment in Fixed Assets and Consumer Durable Goods,Historical Cost,Billions of dollars,"September 26, 2025",11,Equipment,2017,140.655
FAAT105,1.5,Investment in Fixed Assets and Consumer Durable Goods,Historical Cost,Billions of dollars,"September 26, 2025",11,Equipment,2018,149.61
FAAT105,1.5,Investment in Fixed Assets and Consumer Durable Goods,Historical Cost,Billions of dollars,"September 26, 2025",11,Equipment,2019,161.428
FAAT105,1.5,Investment in Fixed Assets and Consumer Durable Goods,Historical Cost,Billions of dollars,"September 26, 2025",11,Equipment,2020,169.521
FAAT105,1.5,Investment in Fixed Assets and Consumer Durable Goods,Historical Cost,Billions of dollars,"September 26, 2025",11,Equipment,2021,169.846
FAAT105,1.5,Investment in Fixed Assets and Consumer Durable Goods,Historical Cost,Billions of dollars,"September 26, 2025",11,Equipment,2022,174.769
FAAT105,1.5,Investment in Fixed Assets and Consumer Durable Goods,Historical Cost,Billions of dollars,"September 26, 2025",11,Equipment,2023,188.005
FAAT105,1.5,Investment in Fixed Assets and Consumer Durable Goods,Historical Cost,Billions of dollars,"September 26, 2025",11,Equipment,2024,198.358
FAAT105,1.5,Investment in Fixed Assets and Consumer Durable Goods,Historical Cost,Billions of dollars,"September 26, 2025",12,Structures,1914,0.579
FAAT105,1.5,Investment in Fixed Assets and Consumer Durable Goods,Historical Cost,Billions of dollars,"September 26, 2025",12,Structures,1915,0.721
FAAT105,1.5,Investment in Fixed Assets and Consumer Durable Goods,Historical Cost,Billions of dollars,"September 26, 2025",12,Structures,1916,0.716
FAAT105,1.5,Investment in Fixed Assets and Consumer Durable Goods,Historical Cost,Billions of dollars,"September 26, 2025",12,Structures,1917,1.269
FAAT105,1.5,Investment in Fixed Assets and Consumer Durable Goods,Historical Cost,Billions of dollars,"September 26, 2025",12,Structures,1918,2.158
FAAT105,1.5,Investment in Fixed Assets and Consumer Durable Goods,Historical Cost,Billions of dollars,"September 26, 2025",12,Structures,1919,1.92
FAAT105,1.5,Investment in Fixed Assets and Consumer Durable Goods,Historical Cost,Billions of dollars,"September 26, 2025",12,Structures,1920,1.354
FAAT105,1.5,Investment in Fixed Assets and Consumer Durable Goods,Historical Cost,Billions of dollars,"September 26, 2025",12,Structures,1921,1.567
FAAT105,1.5,Investment in Fixed Assets and Consumer Durable Goods,Historical Cost,Billions of dollars,"September 26, 2025",12,Structures,1922,1.686
FAAT105,1.5,Investment in Fixed Assets and Consumer Durable Goods,Historical Cost,Billions of dollars,"September 26, 2025",12,Structures,1923,1.658
FAAT105,1.5,Investment in Fixed Assets and Consumer Durable Goods,Historical Cost,Billions of dollars,"September 26, 2025",12,Structures,1924,1.898
FAAT105,1.5,Investment in Fixed Assets and Consumer Durable Goods,Historical Cost,Billions of dollars,"September 26, 2025",12,Structures,1925,2.138
FAAT105,1.5,Investment in Fixed Assets and Consumer Durable Goods,Historical Cost,Billions of dollars,"September 26, 2025",12,Structures,1926,2.159
FAAT105,1.5,Investment in Fixed Assets and Consumer Durable Goods,Historical Cost,Billions of dollars,"September 26, 2025",12,Structures,1927,2.424
FAAT105,1.5,Investment in Fixed Assets and Consumer Durable Goods,Historical Cost,Billions of dollars,"September 26, 2025",12,Structures,1928,2.497
FAAT105,1.5,Investment in Fixed Assets and Consumer Durable Goods,Historical Cost,Billions of dollars,"September 26, 2025",12,Structures,1929,2.569
FAAT105,1.5,Investment in Fixed Assets and Consumer Durable Goods,Historical Cost,Billions of dollars,"September 26, 2025",12,Structures,1930,2.928
FAAT105,1.5,Investment in Fixed Assets and Consumer Durable Goods,Historical Cost,Billions of dollars,"September 26, 2025",12,Structures,1931,2.726
FAAT105,1.5,Investment in Fixed Assets and Consumer Durable Goods,Historical Cost,Billions of dollars,"September 26, 2025",12,Structures,1932,1.92
FAAT105,1.5,Investment in Fixed Assets and Consumer Durable Goods,Historical Cost,Billions of dollars,"September 26, 2025",12,Structures,1933,1.697
FAAT105,1.5,Investment in Fixed Assets and Consumer Durable Goods,Historical Cost,Billions of dollars,"September 26, 2025",12,Structures,1934,2.242
FAAT105,1.5,Investment in Fixed Assets and Consumer Durable Goods,Historical Cost,Billions of dollars,"September 26, 2025",12,Structures,1935,2.261
FAAT105,1.5,Investment in Fixed Assets and Consumer Durable Goods,Historical Cost,Billions of dollars,"September 26, 2025",12,Structures,1936,3.635
FAAT105,1.5,Investment in Fixed Assets and Consumer Durable Goods,Historical Cost,Billions of dollars,"September 26, 2025",12,Structures,1937,3.212
FAAT105,1.5,Investment in Fixed Assets and Consumer Durable Goods,Historical Cost,Billions of dollars,"September 26, 2025",12,Structures,1938,3.598
FAAT105,1.5,Investment in Fixed Assets and Consumer Durable Goods,Historical Cost,Billions of dollars,"September 26, 2025",12,Structures,1939,3.859
FAAT105,1.5,Investment in Fixed Assets and Consumer Durable Goods,Historical Cost,Billions of dollars,"September 26, 2025",12,Structures,1940,3.53
FAAT105,1.5,Investment in Fixed Assets and Consumer Durable Goods,Historical Cost,Billions of dollars,"September 26, 2025",12,Structures,1941,5.77
FAAT105,1.5,Investment in Fixed Assets and Consumer Durable Goods,Historical Cost,Billions of dollars,"September 26, 2025",12,Structures,1942,11.516
FAAT105,1.5,Investment in Fixed Assets and Consumer Durable Goods,Historical Cost,Billions of dollars,"September 26, 2025",12,Structures,1943,6.201
FAAT105,1.5,Investment in Fixed Assets and Consumer Durable Goods,Historical Cost,Billions of dollars,"September 26, 2025",12,Structures,1944,3.137
FAAT105,1.5,Investment in Fixed Assets and Consumer Durable Goods,Historical Cost,Billions of dollars,"September 26, 2025",12,Structures,1945,2.485
FAAT105,1.5,Investment in Fixed Assets and Consumer Durable Goods,Historical Cost,Billions of dollars,"September 26, 2025",12,Structures,1946,1.312
FAAT105,1.5,Investment in Fixed Assets and Consumer Durable Goods,Historical Cost,Billions of dollars,"September 26, 2025",12,Structures,1947,2.806
FAAT105,1.5,Investment in Fixed Assets and Consumer Durable Goods,Historical Cost,Billions of dollars,"September 26, 2025",12,Structures,1948,4.461
FAAT105,1.5,Investment in Fixed Assets and Consumer Durable Goods,Historical Cost,Billions of dollars,"September 26, 2025",12,Structures,1949,5.999
FAAT105,1.5,Investment in Fixed Assets and Consumer Durable Goods,Historical Cost,Billions of dollars,"September 26, 2025",12,Structures,1950,6.593
FAAT105,1.5,Investment in Fixed Assets and Consumer Durable Goods,Historical Cost,Billions of dollars,"September 26, 2025",12,Structures,1951,8.871
FAAT105,1.5,Investment in Fixed Assets and Consumer Durable Goods,Historical Cost,Billions of dollars,"September 26, 2025",12,Structures,1952,10.427
FAAT105,1.5,Investment in Fixed Assets and Consumer Durable Goods,Historical Cost,Billions of dollars,"September 26, 2025",12,Structures,1953,10.917
FAAT105,1.5,Investment in Fixed Assets and Consumer Durable Goods,Historical Cost,Billions of dollars,"September 26, 2025",12,Structures,1954,11.74
FAAT105,1.5,Investment in Fixed Assets and Consumer Durable Goods,Historical Cost,Billions of dollars,"September 26, 2025",12,Structures,1955,11.974
FAAT105,1.5,Investment in Fixed Assets and Consumer Durable Goods,Historical Cost,Billions of dollars,"September 26, 2025",12,Structures,1956,13.171
FAAT105,1.5,Investment in Fixed Assets and Consumer Durable Goods,Historical Cost,Billions of dollars,"September 26, 2025",12,Structures,1957,14.327
FAAT105,1.5,Investment in Fixed Assets and Consumer Durable Goods,Historical Cost,Billions of dollars,"September 26, 2025",12,Structures,1958,15.614
FAAT105,1.5,Investment in Fixed Assets and Consumer Durable Goods,Historical Cost,Billions of dollars,"September 26, 2025",12,Structures,1959,15.893
FAAT105,1.5,Investment in Fixed Assets and Consumer Durable Goods,Historical Cost,Billions of dollars,"September 26, 2025",12,Structures,1960,15.813
FAAT105,1.5,Investment in Fixed Assets and Consumer Durable Goods,Historical Cost,Billions of dollars,"September 26, 2025",12,Structures,1961,17.021
FAAT105,1.5,Investment in Fixed Assets and Consumer Durable Goods,Historical Cost,Billions of dollars,"September 26, 2025",12,Structures,1962,17.59
FAAT105,1.5,Investment in Fixed Assets and Consumer Durable Goods,Historical Cost,Billions of dollars,"September 26, 2025",12,Structures,1963,19.324
FAAT105,1.5,Investment in Fixed Assets and Consumer Durable Goods,Historical Cost,Billions of dollars,"September 26, 2025",12,Structures,1964,20.415
FAAT105,1.5,Investment in Fixed Assets and Consumer Durable Goods,Historical Cost,Billions of dollars,"September 26, 2025",12,Structures,1965,22.184
FAAT105,1.5,Investment in Fixed Assets and Consumer Durable Goods,Historical Cost,Billions of dollars,"September 26, 2025",12,Structures,1966,24.349
FAAT105,1.5,Investment in Fixed Assets and Consumer Durable Goods,Historical Cost,Billions of dollars,"September 26, 2025",12,Structures,1967,25.599
FAAT105,1.5,Investment in Fixed Assets and Consumer Durable Goods,Historical Cost,Billions of dollars,"September 26, 2025",12,Structures,1968,27.561
FAAT105,1.5,Investment in Fixed Assets and Consumer Durable Goods,Historical Cost,Billions of dollars,"September 26, 2025",12,Structures,1969,27.661
FAAT105,1.5,Investment in Fixed Assets and Consumer Durable Goods,Historical Cost,Billions of dollars,"September 26, 2025",12,Structures,1970,27.714
FAAT105,1.5,Investment in Fixed Assets and Consumer Durable Goods,Historical Cost,Billions of dollars,"September 26, 2025",12,Structures,1971,29.561
FAAT105,1.5,Investment in Fixed Assets and Consumer Durable Goods,Historical Cost,Billions of dollars,"September 26, 2025",12,Structures,1972,30.154
FAAT105,1.5,Investment in Fixed Assets and Consumer Durable Goods,Historical Cost,Billions of dollars,"September 26, 2025",12,Structures,1973,32.905
FAAT105,1.5,Investment in Fixed Assets and Consumer Durable Goods,Historical Cost,Billions of dollars,"September 26, 2025",12,Structures,1974,38.702
FAAT105,1.5,Investment in Fixed Assets and Consumer Durable Goods,Historical Cost,Billions of dollars,"September 26, 2025",12,Structures,1975,42.328
FAAT105,1.5,Investment in Fixed Assets and Consumer Durable Goods,Historical Cost,Billions of dollars,"September 26, 2025",12,Structures,1976,42.592
FAAT105,1.5,Investment in Fixed Assets and Consumer Durable Goods,Historical Cost,Billions of dollars,"September 26, 2025",12,Structures,1977,41.739
FAAT105,1.5,Investment in Fixed Assets and Consumer Durable Goods,Historical Cost,Billions of dollars,"September 26, 2025",12,Structures,1978,48.448
FAAT105,1.5,Investment in Fixed Assets and Consumer Durable Goods,Historical Cost,Billions of dollars,"September 26, 2025",12,Structures,1979,54.4
FAAT105,1.5,Investment in Fixed Assets and Consumer Durable Goods,Historical Cost,Billions of dollars,"September 26, 2025",12,Structures,1980,61.253
FAAT105,1.5,Investment in Fixed Assets and Consumer Durable Goods,Historical Cost,Billions of dollars,"September 26, 2025",12,Structures,1981,62.855
FAAT105,1.5,Investment in Fixed Assets and Consumer Durable Goods,Historical Cost,Billions of dollars,"September 26, 2025",12,Structures,1982,61.581
FAAT105,1.5,Investment in Fixed Assets and Consumer Durable Goods,Historical Cost,Billions of dollars,"September 26, 2025",12,Structures,1983,61.331
FAAT105,1.5,Investment in Fixed Assets and Consumer Durable Goods,Historical Cost,Billions of dollars,"September 26, 2025",12,Structures,1984,68.22
FAAT105,1.5,Investment in Fixed Assets and Consumer Durable Goods,Historical Cost,Billions of dollars,"September 26, 2025",12,Structures,1985,75.949
FAAT105,1.5,Investment in Fixed Assets and Consumer Durable Goods,Historical Cost,Billions of dollars,"September 26, 2025",12,Structures,1986,83.821
FAAT105,1.5,Investment in Fixed Assets and Consumer Durable Goods,Historical Cost,Billions of dollars,"September 26, 2025",12,Structures,1987,89.863
FAAT105,1.5,Investment in Fixed Assets and Consumer Durable Goods,Historical Cost,Billions of dollars,"September 26, 2025",12,Structures,1988,93.475
FAAT105,1.5,Investment in Fixed Assets and Consumer Durable Goods,Historical Cost,Billions of dollars,"September 26, 2025",12,Structures,1989,96.722
FAAT105,1.5,Investment in Fixed Assets and Consumer Durable Goods,Historical Cost,Billions of dollars,"September 26, 2025",12,Structures,1990,106.82
FAAT105,1.5,Investment in Fixed Assets and Consumer Durable Goods,Historical Cost,Billions of dollars,"September 26, 2025",12,Structures,1991,111.834
FAAT105,1.5,Investment in Fixed Assets and Consumer Durable Goods,Historical Cost,Billions of dollars,"September 26, 2025",12,Structures,1992,113.393
FAAT105,1.5,Investment in Fixed Assets and Consumer Durable Goods,Historical Cost,Billions of dollars,"September 26, 2025",12,Structures,1993,114.813
FAAT105,1.5,Investment in Fixed Assets and Consumer Durable Goods,Historical Cost,Billions of dollars,"September 26, 2025",12,Structures,1994,119.298
FAAT105,1.5,Investment in Fixed Assets and Consumer Durable Goods,Historical Cost,Billions of dollars,"September 26, 2025",12,Structures,1995,130.763
FAAT105,1.5,Investment in Fixed Assets and Consumer Durable Goods,Historical Cost,Billions of dollars,"September 26, 2025",12,Structures,1996,146.008
FAAT105,1.5,Investment in Fixed Assets and Consumer Durable Goods,Historical Cost,Billions of dollars,"September 26, 2025",12,Structures,1997,146.726
FAAT105,1.5,Investment in Fixed Assets and Consumer Durable Goods,Historical Cost,Billions of dollars,"September 26, 2025",12,Structures,1998,156.835
FAAT105,1.5,Investment in Fixed Assets and Consumer Durable Goods,Historical Cost,Billions of dollars,"September 26, 2025",12,Structures,1999,169.712
FAAT105,1.5,Investment in Fixed Assets and Consumer Durable Goods,Historical Cost,Billions of dollars,"September 26, 2025",12,Structures,2000,182.393
FAAT105,1.5,Investment in Fixed Assets and Consumer Durable Goods,Historical Cost,Billions of dollars,"September 26, 2025",12,Structures,2001,197.396
FAAT105,1.5,Investment in Fixed Assets and Consumer Durable Goods,Historical Cost,Billions of dollars,"September 26, 2025",12,Structures,2002,212.927
FAAT105,1.5,Investment in Fixed Assets and Consumer Durable Goods,Historical Cost,Billions of dollars,"September 26, 2025",12,Structures,2003,220.809
FAAT105,1.5,Investment in Fixed Assets and Consumer Durable Goods,Historical Cost,Billions of dollars,"September 26, 2025",12,Structures,2004,227.678
FAAT105,1.5,Investment in Fixed Assets and Consumer Durable Goods,Historical Cost,Billions of dollars,"September 26, 2025",12,Structures,2005,237.783
FAAT105,1.5,Investment in Fixed Assets and Consumer Durable Goods,Historical Cost,Billions of dollars,"September 26, 2025",12,Structures,2006,260.367
FAAT105,1.5,Investment in Fixed Assets and Consumer Durable Goods,Historical Cost,Billions of dollars,"September 26, 2025",12,Structures,2007,286.79
FAAT105,1.5,Investment in Fixed Assets and Consumer Durable Goods,Historical Cost,Billions of dollars,"September 26, 2025",12,Structures,2008,300.674
FAAT105,1.5,Investment in Fixed Assets and Consumer Durable Goods,Historical Cost,Billions of dollars,"September 26, 2025",12,Structures,2009,309.501
FAAT105,1.5,Investment in Fixed Assets and Consumer Durable Goods,Historical Cost,Billions of dollars,"September 26, 2025",12,Structures,2010,303.467
FAAT105,1.5,Investment in Fixed Assets and Consumer Durable Goods,Historical Cost,Billions of dollars,"September 26, 2025",12,Structures,2011,295.455
FAAT105,1.5,Investment in Fixed Assets and Consumer Durable Goods,Historical Cost,Billions of dollars,"September 26, 2025",12,Structures,2012,281.515
FAAT105,1.5,Investment in Fixed Assets and Consumer Durable Goods,Historical Cost,Billions of dollars,"September 26, 2025",12,Structures,2013,272.082
FAAT105,1.5,Investment in Fixed Assets and Consumer Durable Goods,Historical Cost,Billions of dollars,"September 26, 2025",12,Structures,2014,278.703
FAAT105,1.5,Investment in Fixed Assets and Consumer Durable Goods,Historical Cost,Billions of dollars,"September 26, 2025",12,Structures,2015,294.874
FAAT105,1.5,Investment in Fixed Assets and Consumer Durable Goods,Historical Cost,Billions of dollars,"September 26, 2025",12,Structures,2016,307.185
FAAT105,1.5,Investment in Fixed Assets and Consumer Durable Goods,Historical Cost,Billions of dollars,"September 26, 2025",12,Structures,2017,321.758
FAAT105,1.5,Investment in Fixed Assets and Consumer Durable Goods,Historical Cost,Billions of dollars,"September 26, 2025",12,Structures,2018,340.279
FAAT105,1.5,Investment in Fixed Assets and Consumer Durable Goods,Historical Cost,Billions of dollars,"September 26, 2025",12,Structures,2019,362.148
FAAT105,1.5,Investment in Fixed Assets and Consumer Durable Goods,Historical Cost,Billions of dollars,"September 26, 2025",12,Structures,2020,371.945
FAAT105,1.5,Investment in Fixed Assets and Consumer Durable Goods,Historical Cost,Billions of dollars,"September 26, 2025",12,Structures,2021,361.055
FAAT105,1.5,Investment in Fixed Assets and Consumer Durable Goods,Historical Cost,Billions of dollars,"September 26, 2025",12,Structures,2022,386.249
FAAT105,1.5,Investment in Fixed Assets and Consumer Durable Goods,Historical Cost,Billions of dollars,"September 26, 2025",12,Structures,2023,447.891
FAAT105,1.5,Investment in Fixed Assets and Consumer Durable Goods,Historical Cost,Billions of dollars,"September 26, 2025",12,Structures,2024,490.017
FAAT105,1.5,Investment in Fixed Assets and Consumer Durable Goods,Historical Cost,Billions of dollars,"September 26, 2025",12,Structures,1901,0.22
FAAT105,1.5,Investment in Fixed Assets and Consumer Durable Goods,Historical Cost,Billions of dollars,"September 26, 2025",12,Structures,1902,0.221
FAAT105,1.5,Investment in Fixed Assets and Consumer Durable Goods,Historical Cost,Billions of dollars,"September 26, 2025",12,Structures,1903,0.287
FAAT105,1.5,Investment in Fixed Assets and Consumer Durable Goods,Historical Cost,Billions of dollars,"September 26, 2025",12,Structures,1904,0.313
FAAT105,1.5,Investment in Fixed Assets and Consumer Durable Goods,Historical Cost,Billions of dollars,"September 26, 2025",12,Structures,1905,0.321
FAAT105,1.5,Investment in Fixed Assets and Consumer Durable Goods,Historical Cost,Billions of dollars,"September 26, 2025",12,Structures,1906,0.331
FAAT105,1.5,Investment in Fixed Assets and Consumer Durable Goods,Historical Cost,Billions of dollars,"September 26, 2025",12,Structures,1907,0.395
FAAT105,1.5,Investment in Fixed Assets and Consumer Durable Goods,Historical Cost,Billions of dollars,"September 26, 2025",12,Structures,1908,0.448
FAAT105,1.5,Investment in Fixed Assets and Consumer Durable Goods,Historical Cost,Billions of dollars,"September 26, 2025",12,Structures,1909,0.437
FAAT105,1.5,Investment in Fixed Assets and Consumer Durable Goods,Historical Cost,Billions of dollars,"September 26, 2025",12,Structures,1910,0.477
FAAT105,1.5,Investment in Fixed Assets and Consumer Durable Goods,Historical Cost,Billions of dollars,"September 26, 2025",12,Structures,1911,0.523
FAAT105,1.5,Investment in Fixed Assets and Consumer Durable Goods,Historical Cost,Billions of dollars,"September 26, 2025",12,Structures,1912,0.511
FAAT105,1.5,Investment in Fixed Assets and Consumer Durable Goods,Historical Cost,Billions of dollars,"September 26, 2025",12,Structures,1913,0.534
FAAT105,1.5,Investment in Fixed Assets and Consumer Durable Goods,Historical Cost,Billions of dollars,"September 26, 2025",13,Intellectual property products,1920,0.018
FAAT105,1.5,Investment in Fixed Assets and Consumer Durable Goods,Historical Cost,Billions of dollars,"September 26, 2025",13,Intellectual property products,1921,0.02
FAAT105,1.5,Investment in Fixed Assets and Consumer Durable Goods,Historical Cost,Billions of dollars,"September 26, 2025",13,Intellectual property products,1922,0.021
FAAT105,1.5,Investment in Fixed Assets and Consumer Durable Goods,Historical Cost,Billions of dollars,"September 26, 2025",13,Intellectual property products,1923,0.021
FAAT105,1.5,Investment in Fixed Assets and Consumer Durable Goods,Historical Cost,Billions of dollars,"September 26, 2025",13,Intellectual property products,1924,0.022
FAAT105,1.5,Investment in Fixed Assets and Consumer Durable Goods,Historical Cost,Billions of dollars,"September 26, 2025",13,Intellectual property products,1925,0.023
FAAT105,1.5,Investment in Fixed Assets and Consumer Durable Goods,Historical Cost,Billions of dollars,"September 26, 2025",13,Intellectual property products,1926,0.024
FAAT105,1.5,Investment in Fixed Assets and Consumer Durable Goods,Historical Cost,Billions of dollars,"September 26, 2025",13,Intellectual property products,1927,0.025
FAAT105,1.5,Investment in Fixed Assets and Consumer Durable Goods,Historical Cost,Billions of dollars,"September 26, 2025",13,Intellectual property products,1928,0.026
FAAT105,1.5,Investment in Fixed Assets and Consumer Durable Goods,Historical Cost,Billions of dollars,"September 26, 2025",13,Intellectual property products,1929,0.062
FAAT105,1.5,Investment in Fixed Assets and Consumer Durable Goods,Historical Cost,Billions of dollars,"September 26, 2025",13,Intellectual property products,1930,0.08
FAAT105,1.5,Investment in Fixed Assets and Consumer Durable Goods,Historical Cost,Billions of dollars,"September 26, 2025",13,Intellectual property products,1931,0.094
FAAT105,1.5,Investment in Fixed Assets and Consumer Durable Goods,Historical Cost,Billions of dollars,"September 26, 2025",13,Intellectual property products,1932,0.115
FAAT105,1.5,Investment in Fixed Assets and Consumer Durable Goods,Historical Cost,Billions of dollars,"September 26, 2025",13,Intellectual property products,1933,0.105
FAAT105,1.5,Investment in Fixed Assets and Consumer Durable Goods,Historical Cost,Billions of dollars,"September 26, 2025",13,Intellectual property products,1934,0.092
FAAT105,1.5,Investment in Fixed Assets and Consumer Durable Goods,Historical Cost,Billions of dollars,"September 26, 2025",13,Intellectual property products,1935,0.091
FAAT105,1.5,Investment in Fixed Assets and Consumer Durable Goods,Historical Cost,Billions of dollars,"September 26, 2025",13,Intellectual property products,1936,0.103
FAAT105,1.5,Investment in Fixed Assets and Consumer Durable Goods,Historical Cost,Billions of dollars,"September 26, 2025",13,Intellectual property products,1937,0.107
FAAT105,1.5,Investment in Fixed Assets and Consumer Durable Goods,Historical Cost,Billions of dollars,"September 26, 2025",13,Intellectual property products,1938,0.118
FAAT105,1.5,Investment in Fixed Assets and Consumer Durable Goods,Historical Cost,Billions of dollars,"September 26, 2025",13,Intellectual property products,1939,0.126
FAAT105,1.5,Investment in Fixed Assets and Consumer Durable Goods,Historical Cost,Billions of dollars,"September 26, 2025",13,Intellectual property products,1940,0.137
FAAT105,1.5,Investment in Fixed Assets and Consumer Durable Goods,Historical Cost,Billions of dollars,"September 26, 2025",13,Intellectual property products,1941,0.324
FAAT105,1.5,Investment in Fixed Assets and Consumer Durable Goods,Historical Cost,Billions of dollars,"September 26, 2025",13,Intellectual property products,1942,0.508
FAAT105,1.5,Investment in Fixed Assets and Consumer Durable Goods,Historical Cost,Billions of dollars,"September 26, 2025",13,Intellectual property products,1943,0.933
FAAT105,1.5,Investment in Fixed Assets and Consumer Durable Goods,Historical Cost,Billions of dollars,"September 26, 2025",13,Intellectual property products,1944,1.553
FAAT105,1.5,Investment in Fixed Assets and Consumer Durable Goods,Historical Cost,Billions of dollars,"September 26, 2025",13,Intellectual property products,1945,1.53
FAAT105,1.5,Investment in Fixed Assets and Consumer Durable Goods,Historical Cost,Billions of dollars,"September 26, 2025",13,Intellectual property products,1946,1.407
FAAT105,1.5,Investment in Fixed Assets and Consumer Durable Goods,Historical Cost,Billions of dollars,"September 26, 2025",13,Intellectual property products,1947,1.389
FAAT105,1.5,Investment in Fixed Assets and Consumer Durable Goods,Historical Cost,Billions of dollars,"September 26, 2025",13,Intellectual property products,1948,1.594
FAAT105,1.5,Investment in Fixed Assets and Consumer Durable Goods,Historical Cost,Billions of dollars,"September 26, 2025",13,Intellectual property products,1949,1.723
FAAT105,1.5,Investment in Fixed Assets and Consumer Durable Goods,Historical Cost,Billions of dollars,"September 26, 2025",13,Intellectual property products,1950,1.883
FAAT105,1.5,Investment in Fixed Assets and Consumer Durable Goods,Historical Cost,Billions of dollars,"September 26, 2025",13,Intellectual property products,1951,2.103
FAAT105,1.5,Investment in Fixed Assets and Consumer Durable Goods,Historical Cost,Billions of dollars,"September 26, 2025",13,Intellectual property products,1952,2.376
FAAT105,1.5,Investment in Fixed Assets and Consumer Durable Goods,Historical Cost,Billions of dollars,"September 26, 2025",13,Intellectual property products,1953,2.684
FAAT105,1.5,Investment in Fixed Assets and Consumer Durable Goods,Historical Cost,Billions of dollars,"September 26, 2025",13,Intellectual property products,1954,3.042
FAAT105,1.5,Investment in Fixed Assets and Consumer Durable Goods,Historical Cost,Billions of dollars,"September 26, 2025",13,Intellectual property products,1955,3.586
FAAT105,1.5,Investment in Fixed Assets and Consumer Durable Goods,Historical Cost,Billions of dollars,"September 26, 2025",13,Intellectual property products,1956,4.846
FAAT105,1.5,Investment in Fixed Assets and Consumer Durable Goods,Historical Cost,Billions of dollars,"September 26, 2025",13,Intellectual property products,1957,5.88
FAAT105,1.5,Investment in Fixed Assets and Consumer Durable Goods,Historical Cost,Billions of dollars,"September 26, 2025",13,Intellectual property products,1958,6.427
FAAT105,1.5,Investment in Fixed Assets and Consumer Durable Goods,Historical Cost,Billions of dollars,"September 26, 2025",13,Intellectual property products,1959,7.005
FAAT105,1.5,Investment in Fixed Assets and Consumer Durable Goods,Historical Cost,Billions of dollars,"September 26, 2025",13,Intellectual property products,1960,7.828
FAAT105,1.5,Investment in Fixed Assets and Consumer Durable Goods,Historical Cost,Billions of dollars,"September 26, 2025",13,Intellectual property products,1961,8.807
FAAT105,1.5,Investment in Fixed Assets and Consumer Durable Goods,Historical Cost,Billions of dollars,"September 26, 2025",13,Intellectual property products,1962,9.867
FAAT105,1.5,Investment in Fixed Assets and Consumer Durable Goods,Historical Cost,Billions of dollars,"September 26, 2025",13,Intellectual property products,1963,11.705
FAAT105,1.5,Investment in Fixed Assets and Consumer Durable Goods,Historical Cost,Billions of dollars,"September 26, 2025",13,Intellectual property products,1964,12.92
FAAT105,1.5,Investment in Fixed Assets and Consumer Durable Goods,Historical Cost,Billions of dollars,"September 26, 2025",13,Intellectual property products,1965,13.804
FAAT105,1.5,Investment in Fixed Assets and Consumer Durable Goods,Historical Cost,Billions of dollars,"September 26, 2025",13,Intellectual property products,1966,15.404
FAAT105,1.5,Investment in Fixed Assets and Consumer Durable Goods,Historical Cost,Billions of dollars,"September 26, 2025",13,Intellectual property products,1967,16.179
FAAT105,1.5,Investment in Fixed Assets and Consumer Durable Goods,Historical Cost,Billions of dollars,"September 26, 2025",13,Intellectual property products,1968,17.044
FAAT105,1.5,Investment in Fixed Assets and Consumer Durable Goods,Historical Cost,Billions of dollars,"September 26, 2025",13,Intellectual property products,1969,17.724
FAAT105,1.5,Investment in Fixed Assets and Consumer Durable Goods,Historical Cost,Billions of dollars,"September 26, 2025",13,Intellectual property products,1970,17.584
FAAT105,1.5,Investment in Fixed Assets and Consumer Durable Goods,Historical Cost,Billions of dollars,"September 26, 2025",13,Intellectual property products,1971,18.054
FAAT105,1.5,Investment in Fixed Assets and Consumer Durable Goods,Historical Cost,Billions of dollars,"September 26, 2025",13,Intellectual property products,1972,19.305
FAAT105,1.5,Investment in Fixed Assets and Consumer Durable Goods,Historical Cost,Billions of dollars,"September 26, 2025",13,Intellectual property products,1973,20.344
FAAT105,1.5,Investment in Fixed Assets and Consumer Durable Goods,Historical Cost,Billions of dollars,"September 26, 2025",13,Intellectual property products,1974,21.489
FAAT105,1.5,Investment in Fixed Assets and Consumer Durable Goods,Historical Cost,Billions of dollars,"September 26, 2025",13,Intellectual property products,1975,23.279
FAAT105,1.5,Investment in Fixed Assets and Consumer Durable Goods,Historical Cost,Billions of dollars,"September 26, 2025",13,Intellectual property products,1976,25.522
FAAT105,1.5,Investment in Fixed Assets and Consumer Durable Goods,Historical Cost,Billions of dollars,"September 26, 2025",13,Intellectual property products,1977,27.892
FAAT105,1.5,Investment in Fixed Assets and Consumer Durable Goods,Historical Cost,Billions of dollars,"September 26, 2025",13,Intellectual property products,1978,31.023
FAAT105,1.5,Investment in Fixed Assets and Consumer Durable Goods,Historical Cost,Billions of dollars,"September 26, 2025",13,Intellectual property products,1979,35.01
FAAT105,1.5,Investment in Fixed Assets and Consumer Durable Goods,Historical Cost,Billions of dollars,"September 26, 2025",13,Intellectual property products,1980,39.561
FAAT105,1.5,Investment in Fixed Assets and Consumer Durable Goods,Historical Cost,Billions of dollars,"September 26, 2025",13,Intellectual property products,1981,45.021
FAAT105,1.5,Investment in Fixed Assets and Consumer Durable Goods,Historical Cost,Billions of dollars,"September 26, 2025",13,Intellectual property products,1982,49.653
FAAT105,1.5,Investment in Fixed Assets and Consumer Durable Goods,Historical Cost,Billions of dollars,"September 26, 2025",13,Intellectual property products,1983,55.217
FAAT105,1.5,Investment in Fixed Assets and Consumer Durable Goods,Historical Cost,Billions of dollars,"September 26, 2025",13,Intellectual property products,1984,62.229
FAAT105,1.5,Investment in Fixed Assets and Consumer Durable Goods,Historical Cost,Billions of dollars,"September 26, 2025",13,Intellectual property products,1985,70.994
FAAT105,1.5,Investment in Fixed Assets and Consumer Durable Goods,Historical Cost,Billions of dollars,"September 26, 2025",13,Intellectual property products,1986,75.207
FAAT105,1.5,Investment in Fixed Assets and Consumer Durable Goods,Historical Cost,Billions of dollars,"September 26, 2025",13,Intellectual property products,1987,81.717
FAAT105,1.5,Investment in Fixed Assets and Consumer Durable Goods,Historical Cost,Billions of dollars,"September 26, 2025",13,Intellectual property products,1988,85.124
FAAT105,1.5,Investment in Fixed Assets and Consumer Durable Goods,Historical Cost,Billions of dollars,"September 26, 2025",13,Intellectual property products,1989,87.786
FAAT105,1.5,Investment in Fixed Assets and Consumer Durable Goods,Historical Cost,Billions of dollars,"September 26, 2025",13,Intellectual property products,1990,91.124
FAAT105,1.5,Investment in Fixed Assets and Consumer Durable Goods,Historical Cost,Billions of dollars,"September 26, 2025",13,Intellectual property products,1991,91.418
FAAT105,1.5,Investment in Fixed Assets and Consumer Durable Goods,Historical Cost,Billions of dollars,"September 26, 2025",13,Intellectual property products,1992,91.607
FAAT105,1.5,Investment in Fixed Assets and Consumer Durable Goods,Historical Cost,Billions of dollars,"September 26, 2025",13,Intellectual property products,1993,91.397
FAAT105,1.5,Investment in Fixed Assets and Consumer Durable Goods,Historical Cost,Billions of dollars,"September 26, 2025",13,Intellectual property products,1994,92.034
FAAT105,1.5,Investment in Fixed Assets and Consumer Durable Goods,Historical Cost,Billions of dollars,"September 26, 2025",13,Intellectual property products,1995,94.044
FAAT105,1.5,Investment in Fixed Assets and Consumer Durable Goods,Historical Cost,Billions of dollars,"September 26, 2025",13,Intellectual property products,1996,95.492
FAAT105,1.5,Investment in Fixed Assets and Consumer Durable Goods,Historical Cost,Billions of dollars,"September 26, 2025",13,Intellectual property products,1997,98.339
FAAT105,1.5,Investment in Fixed Assets and Consumer Durable Goods,Historical Cost,Billions of dollars,"September 26, 2025",13,Intellectual property products,1998,102.296
FAAT105,1.5,Investment in Fixed Assets and Consumer Durable Goods,Historical Cost,Billions of dollars,"September 26, 2025",13,Intellectual property products,1999,106.533
FAAT105,1.5,Investment in Fixed Assets and Consumer Durable Goods,Historical Cost,Billions of dollars,"September 26, 2025",13,Intellectual property products,2000,113.15
FAAT105,1.5,Investment in Fixed Assets and Consumer Durable Goods,Historical Cost,Billions of dollars,"September 26, 2025",13,Intellectual property products,2001,119.681
FAAT105,1.5,Investment in Fixed Assets and Consumer Durable Goods,Historical Cost,Billions of dollars,"September 26, 2025",13,Intellectual property products,2002,127.13
FAAT105,1.5,Investment in Fixed Assets and Consumer Durable Goods,Historical Cost,Billions of dollars,"September 26, 2025",13,Intellectual property products,2003,135.697
FAAT105,1.5,Investment in Fixed Assets and Consumer Durable Goods,Historical Cost,Billions of dollars,"September 26, 2025",13,Intellectual property products,2004,144.05
FAAT105,1.5,Investment in Fixed Assets and Consumer Durable Goods,Historical Cost,Billions of dollars,"September 26, 2025",13,Intellectual property products,2005,152.421
FAAT105,1.5,Investment in Fixed Assets and Consumer Durable Goods,Historical Cost,Billions of dollars,"September 26, 2025",13,Intellectual property products,2006,159.067
FAAT105,1.5,Investment in Fixed Assets and Consumer Durable Goods,Historical Cost,Billions of dollars,"September 26, 2025",13,Intellectual property products,2007,166.652
FAAT105,1.5,Investment in Fixed Assets and Consumer Durable Goods,Historical Cost,Billions of dollars,"September 26, 2025",13,Intellectual property products,2008,173.416
FAAT105,1.5,Investment in Fixed Assets and Consumer Durable Goods,Historical Cost,Billions of dollars,"September 26, 2025",13,Intellectual property products,2009,175.536
FAAT105,1.5,Investment in Fixed Assets and Consumer Durable Goods,Historical Cost,Billions of dollars,"September 26, 2025",13,Intellectual property products,2010,181.592
FAAT105,1.5,Investment in Fixed Assets and Consumer Durable Goods,Historical Cost,Billions of dollars,"September 26, 2025",13,Intellectual property products,2011,185.455
FAAT105,1.5,Investment in Fixed Assets and Consumer Durable Goods,Historical Cost,Billions of dollars,"September 26, 2025",13,Intellectual property products,2012,186.158
FAAT105,1.5,Investment in Fixed Assets and Consumer Durable Goods,Historical Cost,Billions of dollars,"September 26, 2025",13,Intellectual property products,2013,189.208
FAAT105,1.5,Investment in Fixed Assets and Consumer Durable Goods,Historical Cost,Billions of dollars,"September 26, 2025",13,Intellectual property products,2014,190.341
FAAT105,1.5,Investment in Fixed Assets and Consumer Durable Goods,Historical Cost,Billions of dollars,"September 26, 2025",13,Intellectual property products,2015,197.095
FAAT105,1.5,Investment in Fixed Assets and Consumer Durable Goods,Historical Cost,Billions of dollars,"September 26, 2025",13,Intellectual property products,2016,204.438
FAAT105,1.5,Investment in Fixed Assets and Consumer Durable Goods,Historical Cost,Billions of dollars,"September 26, 2025",13,Intellectual property products,2017,217.745
FAAT105,1.5,Investment in Fixed Assets and Consumer Durable Goods,Historical Cost,Billions of dollars,"September 26, 2025",13,Intellectual property products,2018,231.856
FAAT105,1.5,Investment in Fixed Assets and Consumer Durable Goods,Historical Cost,Billions of dollars,"September 26, 2025",13,Intellectual property products,2019,243.226
FAAT105,1.5,Investment in Fixed Assets and Consumer Durable Goods,Historical Cost,Billions of dollars,"September 26, 2025",13,Intellectual property products,2020,269.979
FAAT105,1.5,Investment in Fixed Assets and Consumer Durable Goods,Historical Cost,Billions of dollars,"September 26, 2025",13,Intellectual property products,2021,294.158
FAAT105,1.5,Investment in Fixed Assets and Consumer Durable Goods,Historical Cost,Billions of dollars,"September 26, 2025",13,Intellectual property products,2022,327.289
FAAT105,1.5,Investment in Fixed Assets and Consumer Durable Goods,Historical Cost,Billions of dollars,"September 26, 2025",13,Intellectual property products,2023,333.953
FAAT105,1.5,Investment in Fixed Assets and Consumer Durable Goods,Historical Cost,Billions of dollars,"September 26, 2025",13,Intellectual property products,2024,354.828
FAAT105,1.5,Investment in Fixed Assets and Consumer Durable Goods,Historical Cost,Billions of dollars,"September 26, 2025",14,Residential,1914,0.0
FAAT105,1.5,Investment in Fixed Assets and Consumer Durable Goods,Historical Cost,Billions of dollars,"September 26, 2025",14,Residential,1915,0.0
FAAT105,1.5,Investment in Fixed Assets and Consumer Durable Goods,Historical Cost,Billions of dollars,"September 26, 2025",14,Residential,1916,0.0
FAAT105,1.5,Investment in Fixed Assets and Consumer Durable Goods,Historical Cost,Billions of dollars,"September 26, 2025",14,Residential,1917,0.0
FAAT105,1.5,Investment in Fixed Assets and Consumer Durable Goods,Historical Cost,Billions of dollars,"September 26, 2025",14,Residential,1918,0.0
FAAT105,1.5,Investment in Fixed Assets and Consumer Durable Goods,Historical Cost,Billions of dollars,"September 26, 2025",14,Residential,1919,0.0
FAAT105,1.5,Investment in Fixed Assets and Consumer Durable Goods,Historical Cost,Billions of dollars,"September 26, 2025",14,Residential,1920,0.0
FAAT105,1.5,Investment in Fixed Assets and Consumer Durable Goods,Historical Cost,Billions of dollars,"September 26, 2025",14,Residential,1921,0.0
FAAT105,1.5,Investment in Fixed Assets and Consumer Durable Goods,Historical Cost,Billions of dollars,"September 26, 2025",14,Residential,1922,0.0
FAAT105,1.5,Investment in Fixed Assets and Consumer Durable Goods,Historical Cost,Billions of dollars,"September 26, 2025",14,Residential,1923,0.0
FAAT105,1.5,Investment in Fixed Assets and Consumer Durable Goods,Historical Cost,Billions of dollars,"September 26, 2025",14,Residential,1924,0.0
FAAT105,1.5,Investment in Fixed Assets and Consumer Durable Goods,Historical Cost,Billions of dollars,"September 26, 2025",14,Residential,1925,0.0
FAAT105,1.5,Investment in Fixed Assets and Consumer Durable Goods,Historical Cost,Billions of dollars,"September 26, 2025",14,Residential,1926,0.0
FAAT105,1.5,Investment in Fixed Assets and Consumer Durable Goods,Historical Cost,Billions of dollars,"September 26, 2025",14,Residential,1927,0.0
FAAT105,1.5,Investment in Fixed Assets and Consumer Durable Goods,Historical Cost,Billions of dollars,"September 26, 2025",14,Residential,1928,0.0
FAAT105,1.5,Investment in Fixed Assets and Consumer Durable Goods,Historical Cost,Billions of dollars,"September 26, 2025",14,Residential,1929,0.006
FAAT105,1.5,Investment in Fixed Assets and Consumer Durable Goods,Historical Cost,Billions of dollars,"September 26, 2025",14,Residential,1930,0.005
FAAT105,1.5,Investment in Fixed Assets and Consumer Durable Goods,Historical Cost,Billions of dollars,"September 26, 2025",14,Residential,1931,0.004
FAAT105,1.5,Investment in Fixed Assets and Consumer Durable Goods,Historical Cost,Billions of dollars,"September 26, 2025",14,Residential,1932,0.003
FAAT105,1.5,Investment in Fixed Assets and Consumer Durable Goods,Historical Cost,Billions of dollars,"September 26, 2025",14,Residential,1933,0.003
FAAT105,1.5,Investment in Fixed Assets and Consumer Durable Goods,Historical Cost,Billions of dollars,"September 26, 2025",14,Residential,1934,0.004
FAAT105,1.5,Investment in Fixed Assets and Consumer Durable Goods,Historical Cost,Billions of dollars,"September 26, 2025",14,Residential,1935,0.012
FAAT105,1.5,Investment in Fixed Assets and Consumer Durable Goods,Historical Cost,Billions of dollars,"September 26, 2025",14,Residential,1936,0.067
FAAT105,1.5,Investment in Fixed Assets and Consumer Durable Goods,Historical Cost,Billions of dollars,"September 26, 2025",14,Residential,1937,0.101
FAAT105,1.5,Investment in Fixed Assets and Consumer Durable Goods,Historical Cost,Billions of dollars,"September 26, 2025",14,Residential,1938,0.04
FAAT105,1.5,Investment in Fixed Assets and Consumer Durable Goods,Historical Cost,Billions of dollars,"September 26, 2025",14,Residential,1939,0.066
FAAT105,1.5,Investment in Fixed Assets and Consumer Durable Goods,Historical Cost,Billions of dollars,"September 26, 2025",14,Residential,1940,0.193
FAAT105,1.5,Investment in Fixed Assets and Consumer Durable Goods,Historical Cost,Billions of dollars,"September 26, 2025",14,Residential,1941,0.43
FAAT105,1.5,Investment in Fixed Assets and Consumer Durable Goods,Historical Cost,Billions of dollars,"September 26, 2025",14,Residential,1942,0.552
FAAT105,1.5,Investment in Fixed Assets and Consumer Durable Goods,Historical Cost,Billions of dollars,"September 26, 2025",14,Residential,1943,0.77
FAAT105,1.5,Investment in Fixed Assets and Consumer Durable Goods,Historical Cost,Billions of dollars,"September 26, 2025",14,Residential,1944,0.222
FAAT105,1.5,Investment in Fixed Assets and Consumer Durable Goods,Historical Cost,Billions of dollars,"September 26, 2025",14,Residential,1945,0.14
FAAT105,1.5,Investment in Fixed Assets and Consumer Durable Goods,Historical Cost,Billions of dollars,"September 26, 2025",14,Residential,1946,0.372
FAAT105,1.5,Investment in Fixed Assets and Consumer Durable Goods,Historical Cost,Billions of dollars,"September 26, 2025",14,Residential,1947,0.197
FAAT105,1.5,Investment in Fixed Assets and Consumer Durable Goods,Historical Cost,Billions of dollars,"September 26, 2025",14,Residential,1948,0.157
FAAT105,1.5,Investment in Fixed Assets and Consumer Durable Goods,Historical Cost,Billions of dollars,"September 26, 2025",14,Residential,1949,0.345
FAAT105,1.5,Investment in Fixed Assets and Consumer Durable Goods,Historical Cost,Billions of dollars,"September 26, 2025",14,Residential,1950,0.336
FAAT105,1.5,Investment in Fixed Assets and Consumer Durable Goods,Historical Cost,Billions of dollars,"September 26, 2025",14,Residential,1951,0.569
FAAT105,1.5,Investment in Fixed Assets and Consumer Durable Goods,Historical Cost,Billions of dollars,"September 26, 2025",14,Residential,1952,0.634
FAAT105,1.5,Investment in Fixed Assets and Consumer Durable Goods,Historical Cost,Billions of dollars,"September 26, 2025",14,Residential,1953,0.55
FAAT105,1.5,Investment in Fixed Assets and Consumer Durable Goods,Historical Cost,Billions of dollars,"September 26, 2025",14,Residential,1954,0.346
FAAT105,1.5,Investment in Fixed Assets and Consumer Durable Goods,Historical Cost,Billions of dollars,"September 26, 2025",14,Residential,1955,0.289
FAAT105,1.5,Investment in Fixed Assets and Consumer Durable Goods,Historical Cost,Billions of dollars,"September 26, 2025",14,Residential,1956,0.319
FAAT105,1.5,Investment in Fixed Assets and Consumer Durable Goods,Historical Cost,Billions of dollars,"September 26, 2025",14,Residential,1957,0.53
FAAT105,1.5,Investment in Fixed Assets and Consumer Durable Goods,Historical Cost,Billions of dollars,"September 26, 2025",14,Residential,1958,0.859
FAAT105,1.5,Investment in Fixed Assets and Consumer Durable Goods,Historical Cost,Billions of dollars,"September 26, 2025",14,Residential,1959,0.972
FAAT105,1.5,Investment in Fixed Assets and Consumer Durable Goods,Historical Cost,Billions of dollars,"September 26, 2025",14,Residential,1960,0.762
FAAT105,1.5,Investment in Fixed Assets and Consumer Durable Goods,Historical Cost,Billions of dollars,"September 26, 2025",14,Residential,1961,0.897
FAAT105,1.5,Investment in Fixed Assets and Consumer Durable Goods,Historical Cost,Billions of dollars,"September 26, 2025",14,Residential,1962,0.992
FAAT105,1.5,Investment in Fixed Assets and Consumer Durable Goods,Historical Cost,Billions of dollars,"September 26, 2025",14,Residential,1963,0.607
FAAT105,1.5,Investment in Fixed Assets and Consumer Durable Goods,Historical Cost,Billions of dollars,"September 26, 2025",14,Residential,1964,0.647
FAAT105,1.5,Investment in Fixed Assets and Consumer Durable Goods,Historical Cost,Billions of dollars,"September 26, 2025",14,Residential,1965,0.698
FAAT105,1.5,Investment in Fixed Assets and Consumer Durable Goods,Historical Cost,Billions of dollars,"September 26, 2025",14,Residential,1966,0.763
FAAT105,1.5,Investment in Fixed Assets and Consumer Durable Goods,Historical Cost,Billions of dollars,"September 26, 2025",14,Residential,1967,0.844
FAAT105,1.5,Investment in Fixed Assets and Consumer Durable Goods,Historical Cost,Billions of dollars,"September 26, 2025",14,Residential,1968,0.871
FAAT105,1.5,Investment in Fixed Assets and Consumer Durable Goods,Historical Cost,Billions of dollars,"September 26, 2025",14,Residential,1969,1.155
FAAT105,1.5,Investment in Fixed Assets and Consumer Durable Goods,Historical Cost,Billions of dollars,"September 26, 2025",14,Residential,1970,1.219
FAAT105,1.5,Investment in Fixed Assets and Consumer Durable Goods,Historical Cost,Billions of dollars,"September 26, 2025",14,Residential,1971,1.272
FAAT105,1.5,Investment in Fixed Assets and Consumer Durable Goods,Historical Cost,Billions of dollars,"September 26, 2025",14,Residential,1972,1.212
FAAT105,1.5,Investment in Fixed Assets and Consumer Durable Goods,Historical Cost,Billions of dollars,"September 26, 2025",14,Residential,1973,1.31
FAAT105,1.5,Investment in Fixed Assets and Consumer Durable Goods,Historical Cost,Billions of dollars,"September 26, 2025",14,Residential,1974,1.387
FAAT105,1.5,Investment in Fixed Assets and Consumer Durable Goods,Historical Cost,Billions of dollars,"September 26, 2025",14,Residential,1975,1.723
FAAT105,1.5,Investment in Fixed Assets and Consumer Durable Goods,Historical Cost,Billions of dollars,"September 26, 2025",14,Residential,1976,1.562
FAAT105,1.5,Investment in Fixed Assets and Consumer Durable Goods,Historical Cost,Billions of dollars,"September 26, 2025",14,Residential,1977,1.694
FAAT105,1.5,Investment in Fixed Assets and Consumer Durable Goods,Historical Cost,Billions of dollars,"September 26, 2025",14,Residential,1978,1.715
FAAT105,1.5,Investment in Fixed Assets and Consumer Durable Goods,Historical Cost,Billions of dollars,"September 26, 2025",14,Residential,1979,2.011
FAAT105,1.5,Investment in Fixed Assets and Consumer Durable Goods,Historical Cost,Billions of dollars,"September 26, 2025",14,Residential,1980,2.545
FAAT105,1.5,Investment in Fixed Assets and Consumer Durable Goods,Historical Cost,Billions of dollars,"September 26, 2025",14,Residential,1981,3.035
FAAT105,1.5,Investment in Fixed Assets and Consumer Durable Goods,Historical Cost,Billions of dollars,"September 26, 2025",14,Residential,1982,3.136
FAAT105,1.5,Investment in Fixed Assets and Consumer Durable Goods,Historical Cost,Billions of dollars,"September 26, 2025",14,Residential,1983,3.635
FAAT105,1.5,Investment in Fixed Assets and Consumer Durable Goods,Historical Cost,Billions of dollars,"September 26, 2025",14,Residential,1984,3.557
FAAT105,1.5,Investment in Fixed Assets and Consumer Durable Goods,Historical Cost,Billions of dollars,"September 26, 2025",14,Residential,1985,4.129
FAAT105,1.5,Investment in Fixed Assets and Consumer Durable Goods,Historical Cost,Billions of dollars,"September 26, 2025",14,Residential,1986,4.264
FAAT105,1.5,Investment in Fixed Assets and Consumer Durable Goods,Historical Cost,Billions of dollars,"September 26, 2025",14,Residential,1987,4.67
FAAT105,1.5,Investment in Fixed Assets and Consumer Durable Goods,Historical Cost,Billions of dollars,"September 26, 2025",14,Residential,1988,4.626
FAAT105,1.5,Investment in Fixed Assets and Consumer Durable Goods,Historical Cost,Billions of dollars,"September 26, 2025",14,Residential,1989,4.673
FAAT105,1.5,Investment in Fixed Assets and Consumer Durable Goods,Historical Cost,Billions of dollars,"September 26, 2025",14,Residential,1990,5.168
FAAT105,1.5,Investment in Fixed Assets and Consumer Durable Goods,Historical Cost,Billions of dollars,"September 26, 2025",14,Residential,1991,4.747
FAAT105,1.5,Investment in Fixed Assets and Consumer Durable Goods,Historical Cost,Billions of dollars,"September 26, 2025",14,Residential,1992,5.025
FAAT105,1.5,Investment in Fixed Assets and Consumer Durable Goods,Historical Cost,Billions of dollars,"September 26, 2025",14,Residential,1993,4.904
FAAT105,1.5,Investment in Fixed Assets and Consumer Durable Goods,Historical Cost,Billions of dollars,"September 26, 2025",14,Residential,1994,4.767
FAAT105,1.5,Investment in Fixed Assets and Consumer Durable Goods,Historical Cost,Billions of dollars,"September 26, 2025",14,Residential,1995,5.493
FAAT105,1.5,Investment in Fixed Assets and Consumer Durable Goods,Historical Cost,Billions of dollars,"September 26, 2025",14,Residential,1996,5.601
FAAT105,1.5,Investment in Fixed Assets and Consumer Durable Goods,Historical Cost,Billions of dollars,"September 26, 2025",14,Residential,1997,5.996
FAAT105,1.5,Investment in Fixed Assets and Consumer Durable Goods,Historical Cost,Billions of dollars,"September 26, 2025",14,Residential,1998,5.897
FAAT105,1.5,Investment in Fixed Assets and Consumer Durable Goods,Historical Cost,Billions of dollars,"September 26, 2025",14,Residential,1999,5.929
FAAT105,1.5,Investment in Fixed Assets and Consumer Durable Goods,Historical Cost,Billions of dollars,"September 26, 2025",14,Residential,2000,5.84
FAAT105,1.5,Investment in Fixed Assets and Consumer Durable Goods,Historical Cost,Billions of dollars,"September 26, 2025",14,Residential,2001,6.5
FAAT105,1.5,Investment in Fixed Assets and Consumer Durable Goods,Historical Cost,Billions of dollars,"September 26, 2025",14,Residential,2002,6.938
FAAT105,1.5,Investment in Fixed Assets and Consumer Durable Goods,Historical Cost,Billions of dollars,"September 26, 2025",14,Residential,2003,7.085
FAAT105,1.5,Investment in Fixed Assets and Consumer Durable Goods,Historical Cost,Billions of dollars,"September 26, 2025",14,Residential,2004,7.76
FAAT105,1.5,Investment in Fixed Assets and Consumer Durable Goods,Historical Cost,Billions of dollars,"September 26, 2025",14,Residential,2005,8.323
FAAT105,1.5,Investment in Fixed Assets and Consumer Durable Goods,Historical Cost,Billions of dollars,"September 26, 2025",14,Residential,2006,7.806
FAAT105,1.5,Investment in Fixed Assets and Consumer Durable Goods,Historical Cost,Billions of dollars,"September 26, 2025",14,Residential,2007,7.862
FAAT105,1.5,Investment in Fixed Assets and Consumer Durable Goods,Historical Cost,Billions of dollars,"September 26, 2025",14,Residential,2008,8.655
FAAT105,1.5,Investment in Fixed Assets and Consumer Durable Goods,Historical Cost,Billions of dollars,"September 26, 2025",14,Residential,2009,8.329
FAAT105,1.5,Investment in Fixed Assets and Consumer Durable Goods,Historical Cost,Billions of dollars,"September 26, 2025",14,Residential,2010,8.755
FAAT105,1.5,Investment in Fixed Assets and Consumer Durable Goods,Historical Cost,Billions of dollars,"September 26, 2025",14,Residential,2011,7.61
FAAT105,1.5,Investment in Fixed Assets and Consumer Durable Goods,Historical Cost,Billions of dollars,"September 26, 2025",14,Residential,2012,5.89
FAAT105,1.5,Investment in Fixed Assets and Consumer Durable Goods,Historical Cost,Billions of dollars,"September 26, 2025",14,Residential,2013,5.259
FAAT105,1.5,Investment in Fixed Assets and Consumer Durable Goods,Historical Cost,Billions of dollars,"September 26, 2025",14,Residential,2014,5.258
FAAT105,1.5,Investment in Fixed Assets and Consumer Durable Goods,Historical Cost,Billions of dollars,"September 26, 2025",14,Residential,2015,5.308
FAAT105,1.5,Investment in Fixed Assets and Consumer Durable Goods,Historical Cost,Billions of dollars,"September 26, 2025",14,Residential,2016,5.554
FAAT105,1.5,Investment in Fixed Assets and Consumer Durable Goods,Historical Cost,Billions of dollars,"September 26, 2025",14,Residential,2017,6.002
FAAT105,1.5,Investment in Fixed Assets and Consumer Durable Goods,Historical Cost,Billions of dollars,"September 26, 2025",14,Residential,2018,6.825
FAAT105,1.5,Investment in Fixed Assets and Consumer Durable Goods,Historical Cost,Billions of dollars,"September 26, 2025",14,Residential,2019,7.301
FAAT105,1.5,Investment in Fixed Assets and Consumer Durable Goods,Historical Cost,Billions of dollars,"September 26, 2025",14,Residential,2020,7.031
FAAT105,1.5,Investment in Fixed Assets and Consumer Durable Goods,Historical Cost,Billions of dollars,"September 26, 2025",14,Residential,2021,6.765
FAAT105,1.5,Investment in Fixed Assets and Consumer Durable Goods,Historical Cost,Billions of dollars,"September 26, 2025",14,Residential,2022,6.64
FAAT105,1.5,Investment in Fixed Assets and Consumer Durable Goods,Historical Cost,Billions of dollars,"September 26, 2025",14,Residential,2023,7.315
FAAT105,1.5,Investment in Fixed Assets and Consumer Durable Goods,Historical Cost,Billions of dollars,"September 26, 2025",14,Residential,2024,8.166
FAAT105,1.5,Investment in Fixed Assets and Consumer Durable Goods,Historical Cost,Billions of dollars,"September 26, 2025",14,Residential,1901,0.0
FAAT105,1.5,Investment in Fixed Assets and Consumer Durable Goods,Historical Cost,Billions of dollars,"September 26, 2025",14,Residential,1902,0.0
FAAT105,1.5,Investment in Fixed Assets and Consumer Durable Goods,Historical Cost,Billions of dollars,"September 26, 2025",14,Residential,1903,0.0
FAAT105,1.5,Investment in Fixed Assets and Consumer Durable Goods,Historical Cost,Billions of dollars,"September 26, 2025",14,Residential,1904,0.0
FAAT105,1.5,Investment in Fixed Assets and Consumer Durable Goods,Historical Cost,Billions of dollars,"September 26, 2025",14,Residential,1905,0.0
FAAT105,1.5,Investment in Fixed Assets and Consumer Durable Goods,Historical Cost,Billions of dollars,"September 26, 2025",14,Residential,1906,0.0
FAAT105,1.5,Investment in Fixed Assets and Consumer Durable Goods,Historical Cost,Billions of dollars,"September 26, 2025",14,Residential,1907,0.0
FAAT105,1.5,Investment in Fixed Assets and Consumer Durable Goods,Historical Cost,Billions of dollars,"September 26, 2025",14,Residential,1908,0.0
FAAT105,1.5,Investment in Fixed Assets and Consumer Durable Goods,Historical Cost,Billions of dollars,"September 26, 2025",14,Residential,1909,0.0
FAAT105,1.5,Investment in Fixed Assets and Consumer Durable Goods,Historical Cost,Billions of dollars,"September 26, 2025",14,Residential,1910,0.0
FAAT105,1.5,Investment in Fixed Assets and Consumer Durable Goods,Historical Cost,Billions of dollars,"September 26, 2025",14,Residential,1911,0.0
FAAT105,1.5,Investment in Fixed Assets and Consumer Durable Goods,Historical Cost,Billions of dollars,"September 26, 2025",14,Residential,1912,0.0
FAAT105,1.5,Investment in Fixed Assets and Consumer Durable Goods,Historical Cost,Billions of dollars,"September 26, 2025",14,Residential,1913,0.0
FAAT105,1.5,Investment in Fixed Assets and Consumer Durable Goods,Historical Cost,Billions of dollars,"September 26, 2025",15,Consumer durable goods,1914,2.174
FAAT105,1.5,Investment in Fixed Assets and Consumer Durable Goods,Historical Cost,Billions of dollars,"September 26, 2025",15,Consumer durable goods,1915,2.149
FAAT105,1.5,Investment in Fixed Assets and Consumer Durable Goods,Historical Cost,Billions of dollars,"September 26, 2025",15,Consumer durable goods,1916,2.832
FAAT105,1.5,Investment in Fixed Assets and Consumer Durable Goods,Historical Cost,Billions of dollars,"September 26, 2025",15,Consumer durable goods,1917,3.321
FAAT105,1.5,Investment in Fixed Assets and Consumer Durable Goods,Historical Cost,Billions of dollars,"September 26, 2025",15,Consumer durable goods,1918,4.286
FAAT105,1.5,Investment in Fixed Assets and Consumer Durable Goods,Historical Cost,Billions of dollars,"September 26, 2025",15,Consumer durable goods,1919,5.795
FAAT105,1.5,Investment in Fixed Assets and Consumer Durable Goods,Historical Cost,Billions of dollars,"September 26, 2025",15,Consumer durable goods,1920,6.979
FAAT105,1.5,Investment in Fixed Assets and Consumer Durable Goods,Historical Cost,Billions of dollars,"September 26, 2025",15,Consumer durable goods,1921,6.049
FAAT105,1.5,Investment in Fixed Assets and Consumer Durable Goods,Historical Cost,Billions of dollars,"September 26, 2025",15,Consumer durable goods,1922,5.708
FAAT105,1.5,Investment in Fixed Assets and Consumer Durable Goods,Historical Cost,Billions of dollars,"September 26, 2025",15,Consumer durable goods,1923,7.252
FAAT105,1.5,Investment in Fixed Assets and Consumer Durable Goods,Historical Cost,Billions of dollars,"September 26, 2025",15,Consumer durable goods,1924,7.323
FAAT105,1.5,Investment in Fixed Assets and Consumer Durable Goods,Historical Cost,Billions of dollars,"September 26, 2025",15,Consumer durable goods,1925,7.99
FAAT105,1.5,Investment in Fixed Assets and Consumer Durable Goods,Historical Cost,Billions of dollars,"September 26, 2025",15,Consumer durable goods,1926,8.447
FAAT105,1.5,Investment in Fixed Assets and Consumer Durable Goods,Historical Cost,Billions of dollars,"September 26, 2025",15,Consumer durable goods,1927,8.263
FAAT105,1.5,Investment in Fixed Assets and Consumer Durable Goods,Historical Cost,Billions of dollars,"September 26, 2025",15,Consumer durable goods,1928,8.542
FAAT105,1.5,Investment in Fixed Assets and Consumer Durable Goods,Historical Cost,Billions of dollars,"September 26, 2025",15,Consumer durable goods,1929,9.315
FAAT105,1.5,Investment in Fixed Assets and Consumer Durable Goods,Historical Cost,Billions of dollars,"September 26, 2025",15,Consumer durable goods,1930,7.243
FAAT105,1.5,Investment in Fixed Assets and Consumer Durable Goods,Historical Cost,Billions of dollars,"September 26, 2025",15,Consumer durable goods,1931,5.562
FAAT105,1.5,Investment in Fixed Assets and Consumer Durable Goods,Historical Cost,Billions of dollars,"September 26, 2025",15,Consumer durable goods,1932,3.702
FAAT105,1.5,Investment in Fixed Assets and Consumer Durable Goods,Historical Cost,Billions of dollars,"September 26, 2025",15,Consumer durable goods,1933,3.533
FAAT105,1.5,Investment in Fixed Assets and Consumer Durable Goods,Historical Cost,Billions of dollars,"September 26, 2025",15,Consumer durable goods,1934,4.284
FAAT105,1.5,Investment in Fixed Assets and Consumer Durable Goods,Historical Cost,Billions of dollars,"September 26, 2025",15,Consumer durable goods,1935,5.199
FAAT105,1.5,Investment in Fixed Assets and Consumer Durable Goods,Historical Cost,Billions of dollars,"September 26, 2025",15,Consumer durable goods,1936,6.429
FAAT105,1.5,Investment in Fixed Assets and Consumer Durable Goods,Historical Cost,Billions of dollars,"September 26, 2025",15,Consumer durable goods,1937,7.048
FAAT105,1.5,Investment in Fixed Assets and Consumer Durable Goods,Historical Cost,Billions of dollars,"September 26, 2025",15,Consumer durable goods,1938,5.8
FAAT105,1.5,Investment in Fixed Assets and Consumer Durable Goods,Historical Cost,Billions of dollars,"September 26, 2025",15,Consumer durable goods,1939,6.778
FAAT105,1.5,Investment in Fixed Assets and Consumer Durable Goods,Historical Cost,Billions of dollars,"September 26, 2025",15,Consumer durable goods,1940,7.85
FAAT105,1.5,Investment in Fixed Assets and Consumer Durable Goods,Historical Cost,Billions of dollars,"September 26, 2025",15,Consumer durable goods,1941,9.686
FAAT105,1.5,Investment in Fixed Assets and Consumer Durable Goods,Historical Cost,Billions of dollars,"September 26, 2025",15,Consumer durable goods,1942,7.267
FAAT105,1.5,Investment in Fixed Assets and Consumer Durable Goods,Historical Cost,Billions of dollars,"September 26, 2025",15,Consumer durable goods,1943,7.063
FAAT105,1.5,Investment in Fixed Assets and Consumer Durable Goods,Historical Cost,Billions of dollars,"September 26, 2025",15,Consumer durable goods,1944,7.27
FAAT105,1.5,Investment in Fixed Assets and Consumer Durable Goods,Historical Cost,Billions of dollars,"September 26, 2025",15,Consumer durable goods,1945,8.459
FAAT105,1.5,Investment in Fixed Assets and Consumer Durable Goods,Historical Cost,Billions of dollars,"September 26, 2025",15,Consumer durable goods,1946,15.862
FAAT105,1.5,Investment in Fixed Assets and Consumer Durable Goods,Historical Cost,Billions of dollars,"September 26, 2025",15,Consumer durable goods,1947,20.447
FAAT105,1.5,Investment in Fixed Assets and Consumer Durable Goods,Historical Cost,Billions of dollars,"September 26, 2025",15,Consumer durable goods,1948,22.947
FAAT105,1.5,Investment in Fixed Assets and Consumer Durable Goods,Historical Cost,Billions of dollars,"September 26, 2025",15,Consumer durable goods,1949,25.176
FAAT105,1.5,Investment in Fixed Assets and Consumer Durable Goods,Historical Cost,Billions of dollars,"September 26, 2025",15,Consumer durable goods,1950,30.69
FAAT105,1.5,Investment in Fixed Assets and Consumer Durable Goods,Historical Cost,Billions of dollars,"September 26, 2025",15,Consumer durable goods,1951,29.961
FAAT105,1.5,Investment in Fixed Assets and Consumer Durable Goods,Historical Cost,Billions of dollars,"September 26, 2025",15,Consumer durable goods,1952,29.407
FAAT105,1.5,Investment in Fixed Assets and Consumer Durable Goods,Historical Cost,Billions of dollars,"September 26, 2025",15,Consumer durable goods,1953,33.115
FAAT105,1.5,Investment in Fixed Assets and Consumer Durable Goods,Historical Cost,Billions of dollars,"September 26, 2025",15,Consumer durable goods,1954,32.607
FAAT105,1.5,Investment in Fixed Assets and Consumer Durable Goods,Historical Cost,Billions of dollars,"September 26, 2025",15,Consumer durable goods,1955,38.799
FAAT105,1.5,Investment in Fixed Assets and Consumer Durable Goods,Historical Cost,Billions of dollars,"September 26, 2025",15,Consumer durable goods,1956,38.039
FAAT105,1.5,Investment in Fixed Assets and Consumer Durable Goods,Historical Cost,Billions of dollars,"September 26, 2025",15,Consumer durable goods,1957,39.474
FAAT105,1.5,Investment in Fixed Assets and Consumer Durable Goods,Historical Cost,Billions of dollars,"September 26, 2025",15,Consumer durable goods,1958,36.693
FAAT105,1.5,Investment in Fixed Assets and Consumer Durable Goods,Historical Cost,Billions of dollars,"September 26, 2025",15,Consumer durable goods,1959,41.771
FAAT105,1.5,Investment in Fixed Assets and Consumer Durable Goods,Historical Cost,Billions of dollars,"September 26, 2025",15,Consumer durable goods,1960,42.583
FAAT105,1.5,Investment in Fixed Assets and Consumer Durable Goods,Historical Cost,Billions of dollars,"September 26, 2025",15,Consumer durable goods,1961,41.186
FAAT105,1.5,Investment in Fixed Assets and Consumer Durable Goods,Historical Cost,Billions of dollars,"September 26, 2025",15,Consumer durable goods,1962,46.146
FAAT105,1.5,Investment in Fixed Assets and Consumer Durable Goods,Historical Cost,Billions of dollars,"September 26, 2025",15,Consumer durable goods,1963,50.277
FAAT105,1.5,Investment in Fixed Assets and Consumer Durable Goods,Historical Cost,Billions of dollars,"September 26, 2025",15,Consumer durable goods,1964,55.162
FAAT105,1.5,Investment in Fixed Assets and Consumer Durable Goods,Historical Cost,Billions of dollars,"September 26, 2025",15,Consumer durable goods,1965,61.728
FAAT105,1.5,Investment in Fixed Assets and Consumer Durable Goods,Historical Cost,Billions of dollars,"September 26, 2025",15,Consumer durable goods,1966,66.875
FAAT105,1.5,Investment in Fixed Assets and Consumer Durable Goods,Historical Cost,Billions of dollars,"September 26, 2025",15,Consumer durable goods,1967,68.843
FAAT105,1.5,Investment in Fixed Assets and Consumer Durable Goods,Historical Cost,Billions of dollars,"September 26, 2025",15,Consumer durable goods,1968,79.402
FAAT105,1.5,Investment in Fixed Assets and Consumer Durable Goods,Historical Cost,Billions of dollars,"September 26, 2025",15,Consumer durable goods,1969,83.831
FAAT105,1.5,Investment in Fixed Assets and Consumer Durable Goods,Historical Cost,Billions of dollars,"September 26, 2025",15,Consumer durable goods,1970,83.607
FAAT105,1.5,Investment in Fixed Assets and Consumer Durable Goods,Historical Cost,Billions of dollars,"September 26, 2025",15,Consumer durable goods,1971,95.134
FAAT105,1.5,Investment in Fixed Assets and Consumer Durable Goods,Historical Cost,Billions of dollars,"September 26, 2025",15,Consumer durable goods,1972,107.071
FAAT105,1.5,Investment in Fixed Assets and Consumer Durable Goods,Historical Cost,Billions of dollars,"September 26, 2025",15,Consumer durable goods,1973,121.003
FAAT105,1.5,Investment in Fixed Assets and Consumer Durable Goods,Historical Cost,Billions of dollars,"September 26, 2025",15,Consumer durable goods,1974,120.918
FAAT105,1.5,Investment in Fixed Assets and Consumer Durable Goods,Historical Cost,Billions of dollars,"September 26, 2025",15,Consumer durable goods,1975,131.752
FAAT105,1.5,Investment in Fixed Assets and Consumer Durable Goods,Historical Cost,Billions of dollars,"September 26, 2025",15,Consumer durable goods,1976,155.295
FAAT105,1.5,Investment in Fixed Assets and Consumer Durable Goods,Historical Cost,Billions of dollars,"September 26, 2025",15,Consumer durable goods,1977,177.104
FAAT105,1.5,Investment in Fixed Assets and Consumer Durable Goods,Historical Cost,Billions of dollars,"September 26, 2025",15,Consumer durable goods,1978,198.22
FAAT105,1.5,Investment in Fixed Assets and Consumer Durable Goods,Historical Cost,Billions of dollars,"September 26, 2025",15,Consumer durable goods,1979,210.931
FAAT105,1.5,Investment in Fixed Assets and Consumer Durable Goods,Historical Cost,Billions of dollars,"September 26, 2025",15,Consumer durable goods,1980,210.4
FAAT105,1.5,Investment in Fixed Assets and Consumer Durable Goods,Historical Cost,Billions of dollars,"September 26, 2025",15,Consumer durable goods,1981,226.8
FAAT105,1.5,Investment in Fixed Assets and Consumer Durable Goods,Historical Cost,Billions of dollars,"September 26, 2025",15,Consumer durable goods,1982,232.671
FAAT105,1.5,Investment in Fixed Assets and Consumer Durable Goods,Historical Cost,Billions of dollars,"September 26, 2025",15,Consumer durable goods,1983,271.051
FAAT105,1.5,Investment in Fixed Assets and Consumer Durable Goods,Historical Cost,Billions of dollars,"September 26, 2025",15,Consumer durable goods,1984,316.816
FAAT105,1.5,Investment in Fixed Assets and Consumer Durable Goods,Historical Cost,Billions of dollars,"September 26, 2025",15,Consumer durable goods,1985,354.654
FAAT105,1.5,Investment in Fixed Assets and Consumer Durable Goods,Historical Cost,Billions of dollars,"September 26, 2025",15,Consumer durable goods,1986,396.633
FAAT105,1.5,Investment in Fixed Assets and Consumer Durable Goods,Historical Cost,Billions of dollars,"September 26, 2025",15,Consumer durable goods,1987,415.363
FAAT105,1.5,Investment in Fixed Assets and Consumer Durable Goods,Historical Cost,Billions of dollars,"September 26, 2025",15,Consumer durable goods,1988,441.926
FAAT105,1.5,Investment in Fixed Assets and Consumer Durable Goods,Historical Cost,Billions of dollars,"September 26, 2025",15,Consumer durable goods,1989,459.949
FAAT105,1.5,Investment in Fixed Assets and Consumer Durable Goods,Historical Cost,Billions of dollars,"September 26, 2025",15,Consumer durable goods,1990,465.008
FAAT105,1.5,Investment in Fixed Assets and Consumer Durable Goods,Historical Cost,Billions of dollars,"September 26, 2025",15,Consumer durable goods,1991,446.399
FAAT105,1.5,Investment in Fixed Assets and Consumer Durable Goods,Historical Cost,Billions of dollars,"September 26, 2025",15,Consumer durable goods,1992,476.439
FAAT105,1.5,Investment in Fixed Assets and Consumer Durable Goods,Historical Cost,Billions of dollars,"September 26, 2025",15,Consumer durable goods,1993,516.306
FAAT105,1.5,Investment in Fixed Assets and Consumer Durable Goods,Historical Cost,Billions of dollars,"September 26, 2025",15,Consumer durable goods,1994,560.466
FAAT105,1.5,Investment in Fixed Assets and Consumer Durable Goods,Historical Cost,Billions of dollars,"September 26, 2025",15,Consumer durable goods,1995,586.127
FAAT105,1.5,Investment in Fixed Assets and Consumer Durable Goods,Historical Cost,Billions of dollars,"September 26, 2025",15,Consumer durable goods,1996,622.249
FAAT105,1.5,Investment in Fixed Assets and Consumer Durable Goods,Historical Cost,Billions of dollars,"September 26, 2025",15,Consumer durable goods,1997,658.443
FAAT105,1.5,Investment in Fixed Assets and Consumer Durable Goods,Historical Cost,Billions of dollars,"September 26, 2025",15,Consumer durable goods,1998,721.633
FAAT105,1.5,Investment in Fixed Assets and Consumer Durable Goods,Historical Cost,Billions of dollars,"September 26, 2025",15,Consumer durable goods,1999,794.494
FAAT105,1.5,Investment in Fixed Assets and Consumer Durable Goods,Historical Cost,Billions of dollars,"September 26, 2025",15,Consumer durable goods,2000,869.571
FAAT105,1.5,Investment in Fixed Assets and Consumer Durable Goods,Historical Cost,Billions of dollars,"September 26, 2025",15,Consumer durable goods,2001,886.677
FAAT105,1.5,Investment in Fixed Assets and Consumer Durable Goods,Historical Cost,Billions of dollars,"September 26, 2025",15,Consumer durable goods,2002,924.584
FAAT105,1.5,Investment in Fixed Assets and Consumer Durable Goods,Historical Cost,Billions of dollars,"September 26, 2025",15,Consumer durable goods,2003,955.121
FAAT105,1.5,Investment in Fixed Assets and Consumer Durable Goods,Historical Cost,Billions of dollars,"September 26, 2025",15,Consumer durable goods,2004,1011.908
FAAT105,1.5,Investment in Fixed Assets and Consumer Durable Goods,Historical Cost,Billions of dollars,"September 26, 2025",15,Consumer durable goods,2005,1053.623
FAAT105,1.5,Investment in Fixed Assets and Consumer Durable Goods,Historical Cost,Billions of dollars,"September 26, 2025",15,Consumer durable goods,2006,1082.385
FAAT105,1.5,Investment in Fixed Assets and Consumer Durable Goods,Historical Cost,Billions of dollars,"September 26, 2025",15,Consumer durable goods,2007,1113.177
FAAT105,1.5,Investment in Fixed Assets and Consumer Durable Goods,Historical Cost,Billions of dollars,"September 26, 2025",15,Consumer durable goods,2008,1036.332
FAAT105,1.5,Investment in Fixed Assets and Consumer Durable Goods,Historical Cost,Billions of dollars,"September 26, 2025",15,Consumer durable goods,2009,956.743
FAAT105,1.5,Investment in Fixed Assets and Consumer Durable Goods,Historical Cost,Billions of dollars,"September 26, 2025",15,Consumer durable goods,2010,978.667
FAAT105,1.5,Investment in Fixed Assets and Consumer Durable Goods,Historical Cost,Billions of dollars,"September 26, 2025",15,Consumer durable goods,2011,1021.227
FAAT105,1.5,Investment in Fixed Assets and Consumer Durable Goods,Historical Cost,Billions of dollars,"September 26, 2025",15,Consumer durable goods,2012,1077.875
FAAT105,1.5,Investment in Fixed Assets and Consumer Durable Goods,Historical Cost,Billions of dollars,"September 26, 2025",15,Consumer durable goods,2013,1112.149
FAAT105,1.5,Investment in Fixed Assets and Consumer Durable Goods,Historical Cost,Billions of dollars,"September 26, 2025",15,Consumer durable goods,2014,1156.596
FAAT105,1.5,Investment in Fixed Assets and Consumer Durable Goods,Historical Cost,Billions of dollars,"September 26, 2025",15,Consumer durable goods,2015,1208.133
FAAT105,1.5,Investment in Fixed Assets and Consumer Durable Goods,Historical Cost,Billions of dollars,"September 26, 2025",15,Consumer durable goods,2016,1248.281
FAAT105,1.5,Investment in Fixed Assets and Consumer Durable Goods,Historical Cost,Billions of dollars,"September 26, 2025",15,Consumer durable goods,2017,1296.6
FAAT105,1.5,Investment in Fixed Assets and Consumer Durable Goods,Historical Cost,Billions of dollars,"September 26, 2025",15,Consumer durable goods,2018,1362.253
FAAT105,1.5,Investment in Fixed Assets and Consumer Durable Goods,Historical Cost,Billions of dollars,"September 26, 2025",15,Consumer durable goods,2019,1398.791
FAAT105,1.5,Investment in Fixed Assets and Consumer Durable Goods,Historical Cost,Billions of dollars,"September 26, 2025",15,Consumer durable goods,2020,1505.018
FAAT105,1.5,Investment in Fixed Assets and Consumer Durable Goods,Historical Cost,Billions of dollars,"September 26, 2025",15,Consumer durable goods,2021,1836.293
FAAT105,1.5,Investment in Fixed Assets and Consumer Durable Goods,Historical Cost,Billions of dollars,"September 26, 2025",15,Consumer durable goods,2022,1910.291
FAAT105,1.5,Investment in Fixed Assets and Consumer Durable Goods,Historical Cost,Billions of dollars,"September 26, 2025",15,Consumer durable goods,2023,1960.932
FAAT105,1.5,Investment in Fixed Assets and Consumer Durable Goods,Historical Cost,Billions of dollars,"September 26, 2025",15,Consumer durable goods,2024,2033.254
FAAT105,1.5,Investment in Fixed Assets and Consumer Durable Goods,Historical Cost,Billions of dollars,"September 26, 2025",15,Consumer durable goods,1901,0.542
FAAT105,1.5,Investment in Fixed Assets and Consumer Durable Goods,Historical Cost,Billions of dollars,"September 26, 2025",15,Consumer durable goods,1902,0.604
FAAT105,1.5,Investment in Fixed Assets and Consumer Durable Goods,Historical Cost,Billions of dollars,"September 26, 2025",15,Consumer durable goods,1903,1.395
FAAT105,1.5,Investment in Fixed Assets and Consumer Durable Goods,Historical Cost,Billions of dollars,"September 26, 2025",15,Consumer durable goods,1904,1.401
FAAT105,1.5,Investment in Fixed Assets and Consumer Durable Goods,Historical Cost,Billions of dollars,"September 26, 2025",15,Consumer durable goods,1905,1.715
FAAT105,1.5,Investment in Fixed Assets and Consumer Durable Goods,Historical Cost,Billions of dollars,"September 26, 2025",15,Consumer durable goods,1906,1.967
FAAT105,1.5,Investment in Fixed Assets and Consumer Durable Goods,Historical Cost,Billions of dollars,"September 26, 2025",15,Consumer durable goods,1907,2.007
FAAT105,1.5,Investment in Fixed Assets and Consumer Durable Goods,Historical Cost,Billions of dollars,"September 26, 2025",15,Consumer durable goods,1908,1.586
FAAT105,1.5,Investment in Fixed Assets and Consumer Durable Goods,Historical Cost,Billions of dollars,"September 26, 2025",15,Consumer durable goods,1909,1.908
FAAT105,1.5,Investment in Fixed Assets and Consumer Durable Goods,Historical Cost,Billions of dollars,"September 26, 2025",15,Consumer durable goods,1910,2.04
FAAT105,1.5,Investment in Fixed Assets and Consumer Durable Goods,Historical Cost,Billions of dollars,"September 26, 2025",15,Consumer durable goods,1911,2.132
FAAT105,1.5,Investment in Fixed Assets and Consumer Durable Goods,Historical Cost,Billions of dollars,"September 26, 2025",15,Consumer durable goods,1912,2.31
FAAT105,1.5,Investment in Fixed Assets and Consumer Durable Goods,Historical Cost,Billions of dollars,"September 26, 2025",15,Consumer durable goods,1913,2.444
FAAT105,1.5,Investment in Fixed Assets and Consumer Durable Goods,Historical Cost,Billions of dollars,"September 26, 2025",16,Private and government fixed assets,1914,5.663
FAAT105,1.5,Investment in Fixed Assets and Consumer Durable Goods,Historical Cost,Billions of dollars,"September 26, 2025",16,Private and government fixed assets,1915,5.797
FAAT105,1.5,Investment in Fixed Assets and Consumer Durable Goods,Historical Cost,Billions of dollars,"September 26, 2025",16,Private and government fixed assets,1916,7.401
FAAT105,1.5,Investment in Fixed Assets and Consumer Durable Goods,Historical Cost,Billions of dollars,"September 26, 2025",16,Private and government fixed assets,1917,9.887
FAAT105,1.5,Investment in Fixed Assets and Consumer Durable Goods,Historical Cost,Billions of dollars,"September 26, 2025",16,Private and government fixed assets,1918,13.641
FAAT105,1.5,Investment in Fixed Assets and Consumer Durable Goods,Historical Cost,Billions of dollars,"September 26, 2025",16,Private and government fixed assets,1919,12.816
FAAT105,1.5,Investment in Fixed Assets and Consumer Durable Goods,Historical Cost,Billions of dollars,"September 26, 2025",16,Private and government fixed assets,1920,13.907
FAAT105,1.5,Investment in Fixed Assets and Consumer Durable Goods,Historical Cost,Billions of dollars,"September 26, 2025",16,Private and government fixed assets,1921,11.704
FAAT105,1.5,Investment in Fixed Assets and Consumer Durable Goods,Historical Cost,Billions of dollars,"September 26, 2025",16,Private and government fixed assets,1922,13.611
FAAT105,1.5,Investment in Fixed Assets and Consumer Durable Goods,Historical Cost,Billions of dollars,"September 26, 2025",16,Private and government fixed assets,1923,17.331
FAAT105,1.5,Investment in Fixed Assets and Consumer Durable Goods,Historical Cost,Billions of dollars,"September 26, 2025",16,Private and government fixed assets,1924,16.686
FAAT105,1.5,Investment in Fixed Assets and Consumer Durable Goods,Historical Cost,Billions of dollars,"September 26, 2025",16,Private and government fixed assets,1925,19.214
FAAT105,1.5,Investment in Fixed Assets and Consumer Durable Goods,Historical Cost,Billions of dollars,"September 26, 2025",16,Private and government fixed assets,1926,19.364
FAAT105,1.5,Investment in Fixed Assets and Consumer Durable Goods,Historical Cost,Billions of dollars,"September 26, 2025",16,Private and government fixed assets,1927,18.927
FAAT105,1.5,Investment in Fixed Assets and Consumer Durable Goods,Historical Cost,Billions of dollars,"September 26, 2025",16,Private and government fixed assets,1928,18.776
FAAT105,1.5,Investment in Fixed Assets and Consumer Durable Goods,Historical Cost,Billions of dollars,"September 26, 2025",16,Private and government fixed assets,1929,18.724
FAAT105,1.5,Investment in Fixed Assets and Consumer Durable Goods,Historical Cost,Billions of dollars,"September 26, 2025",16,Private and government fixed assets,1930,15.409
FAAT105,1.5,Investment in Fixed Assets and Consumer Durable Goods,Historical Cost,Billions of dollars,"September 26, 2025",16,Private and government fixed assets,1931,11.315
FAAT105,1.5,Investment in Fixed Assets and Consumer Durable Goods,Historical Cost,Billions of dollars,"September 26, 2025",16,Private and government fixed assets,1932,7.03
FAAT105,1.5,Investment in Fixed Assets and Consumer Durable Goods,Historical Cost,Billions of dollars,"September 26, 2025",16,Private and government fixed assets,1933,6.206
FAAT105,1.5,Investment in Fixed Assets and Consumer Durable Goods,Historical Cost,Billions of dollars,"September 26, 2025",16,Private and government fixed assets,1934,7.962
FAAT105,1.5,Investment in Fixed Assets and Consumer Durable Goods,Historical Cost,Billions of dollars,"September 26, 2025",16,Private and government fixed assets,1935,9.428
FAAT105,1.5,Investment in Fixed Assets and Consumer Durable Goods,Historical Cost,Billions of dollars,"September 26, 2025",16,Private and government fixed assets,1936,12.716
FAAT105,1.5,Investment in Fixed Assets and Consumer Durable Goods,Historical Cost,Billions of dollars,"September 26, 2025",16,Private and government fixed assets,1937,14.516
FAAT105,1.5,Investment in Fixed Assets and Consumer Durable Goods,Historical Cost,Billions of dollars,"September 26, 2025",16,Private and government fixed assets,1938,13.308
FAAT105,1.5,Investment in Fixed Assets and Consumer Durable Goods,Historical Cost,Billions of dollars,"September 26, 2025",16,Private and government fixed assets,1939,15.047
FAAT105,1.5,Investment in Fixed Assets and Consumer Durable Goods,Historical Cost,Billions of dollars,"September 26, 2025",16,Private and government fixed assets,1940,16.871
FAAT105,1.5,Investment in Fixed Assets and Consumer Durable Goods,Historical Cost,Billions of dollars,"September 26, 2025",16,Private and government fixed assets,1941,25.712
FAAT105,1.5,Investment in Fixed Assets and Consumer Durable Goods,Historical Cost,Billions of dollars,"September 26, 2025",16,Private and government fixed assets,1942,39.372
FAAT105,1.5,Investment in Fixed Assets and Consumer Durable Goods,Historical Cost,Billions of dollars,"September 26, 2025",16,Private and government fixed assets,1943,48.594
FAAT105,1.5,Investment in Fixed Assets and Consumer Durable Goods,Historical Cost,Billions of dollars,"September 26, 2025",16,Private and government fixed assets,1944,48.827
FAAT105,1.5,Investment in Fixed Assets and Consumer Durable Goods,Historical Cost,Billions of dollars,"September 26, 2025",16,Private and government fixed assets,1945,39.728
FAAT105,1.5,Investment in Fixed Assets and Consumer Durable Goods,Historical Cost,Billions of dollars,"September 26, 2025",16,Private and government fixed assets,1946,31.565
FAAT105,1.5,Investment in Fixed Assets and Consumer Durable Goods,Historical Cost,Billions of dollars,"September 26, 2025",16,Private and government fixed assets,1947,43.053
FAAT105,1.5,Investment in Fixed Assets and Consumer Durable Goods,Historical Cost,Billions of dollars,"September 26, 2025",16,Private and government fixed assets,1948,53.187
FAAT105,1.5,Investment in Fixed Assets and Consumer Durable Goods,Historical Cost,Billions of dollars,"September 26, 2025",16,Private and government fixed assets,1949,53.273
FAAT105,1.5,Investment in Fixed Assets and Consumer Durable Goods,Historical Cost,Billions of dollars,"September 26, 2025",16,Private and government fixed assets,1950,62.346
FAAT105,1.5,Investment in Fixed Assets and Consumer Durable Goods,Historical Cost,Billions of dollars,"September 26, 2025",16,Private and government fixed assets,1951,72.548
FAAT105,1.5,Investment in Fixed Assets and Consumer Durable Goods,Historical Cost,Billions of dollars,"September 26, 2025",16,Private and government fixed assets,1952,78.535
FAAT105,1.5,Investment in Fixed Assets and Consumer Durable Goods,Historical Cost,Billions of dollars,"September 26, 2025",16,Private and government fixed assets,1953,85.094
FAAT105,1.5,Investment in Fixed Assets and Consumer Durable Goods,Historical Cost,Billions of dollars,"September 26, 2025",16,Private and government fixed assets,1954,85.199
FAAT105,1.5,Investment in Fixed Assets and Consumer Durable Goods,Historical Cost,Billions of dollars,"September 26, 2025",16,Private and government fixed assets,1955,92.962
FAAT105,1.5,Investment in Fixed Assets and Consumer Durable Goods,Historical Cost,Billions of dollars,"September 26, 2025",16,Private and government fixed assets,1956,100.665
FAAT105,1.5,Investment in Fixed Assets and Consumer Durable Goods,Historical Cost,Billions of dollars,"September 26, 2025",16,Private and government fixed assets,1957,105.684
FAAT105,1.5,Investment in Fixed Assets and Consumer Durable Goods,Historical Cost,Billions of dollars,"September 26, 2025",16,Private and government fixed assets,1958,104.139
FAAT105,1.5,Investment in Fixed Assets and Consumer Durable Goods,Historical Cost,Billions of dollars,"September 26, 2025",16,Private and government fixed assets,1959,117.211
FAAT105,1.5,Investment in Fixed Assets and Consumer Durable Goods,Historical Cost,Billions of dollars,"September 26, 2025",16,Private and government fixed assets,1960,118.754
FAAT105,1.5,Investment in Fixed Assets and Consumer Durable Goods,Historical Cost,Billions of dollars,"September 26, 2025",16,Private and government fixed assets,1961,123.069
FAAT105,1.5,Investment in Fixed Assets and Consumer Durable Goods,Historical Cost,Billions of dollars,"September 26, 2025",16,Private and government fixed assets,1962,133.239
FAAT105,1.5,Investment in Fixed Assets and Consumer Durable Goods,Historical Cost,Billions of dollars,"September 26, 2025",16,Private and government fixed assets,1963,141.772
FAAT105,1.5,Investment in Fixed Assets and Consumer Durable Goods,Historical Cost,Billions of dollars,"September 26, 2025",16,Private and government fixed assets,1964,153.525
FAAT105,1.5,Investment in Fixed Assets and Consumer Durable Goods,Historical Cost,Billions of dollars,"September 26, 2025",16,Private and government fixed assets,1965,168.023
FAAT105,1.5,Investment in Fixed Assets and Consumer Durable Goods,Historical Cost,Billions of dollars,"September 26, 2025",16,Private and government fixed assets,1966,183.42
FAAT105,1.5,Investment in Fixed Assets and Consumer Durable Goods,Historical Cost,Billions of dollars,"September 26, 2025",16,Private and government fixed assets,1967,189.688
FAAT105,1.5,Investment in Fixed Assets and Consumer Durable Goods,Historical Cost,Billions of dollars,"September 26, 2025",16,Private and government fixed assets,1968,206.064
FAAT105,1.5,Investment in Fixed Assets and Consumer Durable Goods,Historical Cost,Billions of dollars,"September 26, 2025",16,Private and government fixed assets,1969,222.865
FAAT105,1.5,Investment in Fixed Assets and Consumer Durable Goods,Historical Cost,Billions of dollars,"September 26, 2025",16,Private and government fixed assets,1970,225.963
FAAT105,1.5,Investment in Fixed Assets and Consumer Durable Goods,Historical Cost,Billions of dollars,"September 26, 2025",16,Private and government fixed assets,1971,244.732
FAAT105,1.5,Investment in Fixed Assets and Consumer Durable Goods,Historical Cost,Billions of dollars,"September 26, 2025",16,Private and government fixed assets,1972,277.772
FAAT105,1.5,Investment in Fixed Assets and Consumer Durable Goods,Historical Cost,Billions of dollars,"September 26, 2025",16,Private and government fixed assets,1973,315.044
FAAT105,1.5,Investment in Fixed Assets and Consumer Durable Goods,Historical Cost,Billions of dollars,"September 26, 2025",16,Private and government fixed assets,1974,335.119
FAAT105,1.5,Investment in Fixed Assets and Consumer Durable Goods,Historical Cost,Billions of dollars,"September 26, 2025",16,Private and government fixed assets,1975,346.119
FAAT105,1.5,Investment in Fixed Assets and Consumer Durable Goods,Historical Cost,Billions of dollars,"September 26, 2025",16,Private and government fixed assets,1976,392.988
FAAT105,1.5,Investment in Fixed Assets and Consumer Durable Goods,Historical Cost,Billions of dollars,"September 26, 2025",16,Private and government fixed assets,1977,463.83
FAAT105,1.5,Investment in Fixed Assets and Consumer Durable Goods,Historical Cost,Billions of dollars,"September 26, 2025",16,Private and government fixed assets,1978,553.065
FAAT105,1.5,Investment in Fixed Assets and Consumer Durable Goods,Historical Cost,Billions of dollars,"September 26, 2025",16,Private and government fixed assets,1979,637.075
FAAT105,1.5,Investment in Fixed Assets and Consumer Durable Goods,Historical Cost,Billions of dollars,"September 26, 2025",16,Private and government fixed assets,1980,666.29
FAAT105,1.5,Investment in Fixed Assets and Consumer Durable Goods,Historical Cost,Billions of dollars,"September 26, 2025",16,Private and government fixed assets,1981,742.944
FAAT105,1.5,Investment in Fixed Assets and Consumer Durable Goods,Historical Cost,Billions of dollars,"September 26, 2025",16,Private and government fixed assets,1982,744.689
FAAT105,1.5,Investment in Fixed Assets and Consumer Durable Goods,Historical Cost,Billions of dollars,"September 26, 2025",16,Private and government fixed assets,1983,805.783
FAAT105,1.5,Investment in Fixed Assets and Consumer Durable Goods,Historical Cost,Billions of dollars,"September 26, 2025",16,Private and government fixed assets,1984,940.353
FAAT105,1.5,Investment in Fixed Assets and Consumer Durable Goods,Historical Cost,Billions of dollars,"September 26, 2025",16,Private and government fixed assets,1985,1021.266
FAAT105,1.5,Investment in Fixed Assets and Consumer Durable Goods,Historical Cost,Billions of dollars,"September 26, 2025",16,Private and government fixed assets,1986,1067.82
FAAT105,1.5,Investment in Fixed Assets and Consumer Durable Goods,Historical Cost,Billions of dollars,"September 26, 2025",16,Private and government fixed assets,1987,1111.519
FAAT105,1.5,Investment in Fixed Assets and Consumer Durable Goods,Historical Cost,Billions of dollars,"September 26, 2025",16,Private and government fixed assets,1988,1168.119
FAAT105,1.5,Investment in Fixed Assets and Consumer Durable Goods,Historical Cost,Billions of dollars,"September 26, 2025",16,Private and government fixed assets,1989,1231.71
FAAT105,1.5,Investment in Fixed Assets and Consumer Durable Goods,Historical Cost,Billions of dollars,"September 26, 2025",16,Private and government fixed assets,1990,1261.742
FAAT105,1.5,Investment in Fixed Assets and Consumer Durable Goods,Historical Cost,Billions of dollars,"September 26, 2025",16,Private and government fixed assets,1991,1228.565
FAAT105,1.5,Investment in Fixed Assets and Consumer Durable Goods,Historical Cost,Billions of dollars,"September 26, 2025",16,Private and government fixed assets,1992,1277.987
FAAT105,1.5,Investment in Fixed Assets and Consumer Durable Goods,Historical Cost,Billions of dollars,"September 26, 2025",16,Private and government fixed assets,1993,1369.854
FAAT105,1.5,Investment in Fixed Assets and Consumer Durable Goods,Historical Cost,Billions of dollars,"September 26, 2025",16,Private and government fixed assets,1994,1477.801
FAAT105,1.5,Investment in Fixed Assets and Consumer Durable Goods,Historical Cost,Billions of dollars,"September 26, 2025",16,Private and government fixed assets,1995,1590.466
FAAT105,1.5,Investment in Fixed Assets and Consumer Durable Goods,Historical Cost,Billions of dollars,"September 26, 2025",16,Private and government fixed assets,1996,1726.87
FAAT105,1.5,Investment in Fixed Assets and Consumer Durable Goods,Historical Cost,Billions of dollars,"September 26, 2025",16,Private and government fixed assets,1997,1845.092
FAAT105,1.5,Investment in Fixed Assets and Consumer Durable Goods,Historical Cost,Billions of dollars,"September 26, 2025",16,Private and government fixed assets,1998,2008.002
FAAT105,1.5,Investment in Fixed Assets and Consumer Durable Goods,Historical Cost,Billions of dollars,"September 26, 2025",16,Private and government fixed assets,1999,2182.094
FAAT105,1.5,Investment in Fixed Assets and Consumer Durable Goods,Historical Cost,Billions of dollars,"September 26, 2025",16,Private and government fixed assets,2000,2353.008
FAAT105,1.5,Investment in Fixed Assets and Consumer Durable Goods,Historical Cost,Billions of dollars,"September 26, 2025",16,Private and government fixed assets,2001,2362.224
FAAT105,1.5,Investment in Fixed Assets and Consumer Durable Goods,Historical Cost,Billions of dollars,"September 26, 2025",16,Private and government fixed assets,2002,2328.828
FAAT105,1.5,Investment in Fixed Assets and Consumer Durable Goods,Historical Cost,Billions of dollars,"September 26, 2025",16,Private and government fixed assets,2003,2449.537
FAAT105,1.5,Investment in Fixed Assets and Consumer Durable Goods,Historical Cost,Billions of dollars,"September 26, 2025",16,Private and government fixed assets,2004,2679.477
FAAT105,1.5,Investment in Fixed Assets and Consumer Durable Goods,Historical Cost,Billions of dollars,"September 26, 2025",16,Private and government fixed assets,2005,2966.551
FAAT105,1.5,Investment in Fixed Assets and Consumer Durable Goods,Historical Cost,Billions of dollars,"September 26, 2025",16,Private and government fixed assets,2006,3158.672
FAAT105,1.5,Investment in Fixed Assets and Consumer Durable Goods,Historical Cost,Billions of dollars,"September 26, 2025",16,Private and government fixed assets,2007,3207.448
FAAT105,1.5,Investment in Fixed Assets and Consumer Durable Goods,Historical Cost,Billions of dollars,"September 26, 2025",16,Private and government fixed assets,2008,3116.16
FAAT105,1.5,Investment in Fixed Assets and Consumer Durable Goods,Historical Cost,Billions of dollars,"September 26, 2025",16,Private and government fixed assets,2009,2694.913
FAAT105,1.5,Investment in Fixed Assets and Consumer Durable Goods,Historical Cost,Billions of dollars,"September 26, 2025",16,Private and government fixed assets,2010,2745.491
FAAT105,1.5,Investment in Fixed Assets and Consumer Durable Goods,Historical Cost,Billions of dollars,"September 26, 2025",16,Private and government fixed assets,2011,2912.747
FAAT105,1.5,Investment in Fixed Assets and Consumer Durable Goods,Historical Cost,Billions of dollars,"September 26, 2025",16,Private and government fixed assets,2012,3145.601
FAAT105,1.5,Investment in Fixed Assets and Consumer Durable Goods,Historical Cost,Billions of dollars,"September 26, 2025",16,Private and government fixed assets,2013,3315.504
FAAT105,1.5,Investment in Fixed Assets and Consumer Durable Goods,Historical Cost,Billions of dollars,"September 26, 2025",16,Private and government fixed assets,2014,3571.392
FAAT105,1.5,Investment in Fixed Assets and Consumer Durable Goods,Historical Cost,Billions of dollars,"September 26, 2025",16,Private and government fixed assets,2015,3735.513
FAAT105,1.5,Investment in Fixed Assets and Consumer Durable Goods,Historical Cost,Billions of dollars,"September 26, 2025",16,Private and government fixed assets,2016,3837.983
FAAT105,1.5,Investment in Fixed Assets and Consumer Durable Goods,Historical Cost,Billions of dollars,"September 26, 2025",16,Private and government fixed assets,2017,4069.965
FAAT105,1.5,Investment in Fixed Assets and Consumer Durable Goods,Historical Cost,Billions of dollars,"September 26, 2025",16,Private and government fixed assets,2018,4345.413
FAAT105,1.5,Investment in Fixed Assets and Consumer Durable Goods,Historical Cost,Billions of dollars,"September 26, 2025",16,Private and government fixed assets,2019,4537.23
FAAT105,1.5,Investment in Fixed Assets and Consumer Durable Goods,Historical Cost,Billions of dollars,"September 26, 2025",16,Private and government fixed assets,2020,4549.74
FAAT105,1.5,Investment in Fixed Assets and Consumer Durable Goods,Historical Cost,Billions of dollars,"September 26, 2025",16,Private and government fixed assets,2021,5000.587
FAAT105,1.5,Investment in Fixed Assets and Consumer Durable Goods,Historical Cost,Billions of dollars,"September 26, 2025",16,Private and government fixed assets,2022,5500.936
FAAT105,1.5,Investment in Fixed Assets and Consumer Durable Goods,Historical Cost,Billions of dollars,"September 26, 2025",16,Private and government fixed assets,2023,5879.533
FAAT105,1.5,Investment in Fixed Assets and Consumer Durable Goods,Historical Cost,Billions of dollars,"September 26, 2025",16,Private and government fixed assets,2024,6194.051
FAAT105,1.5,Investment in Fixed Assets and Consumer Durable Goods,Historical Cost,Billions of dollars,"September 26, 2025",17,Nonresidential,1914,4.23
FAAT105,1.5,Investment in Fixed Assets and Consumer Durable Goods,Historical Cost,Billions of dollars,"September 26, 2025",17,Nonresidential,1915,4.255
FAAT105,1.5,Investment in Fixed Assets and Consumer Durable Goods,Historical Cost,Billions of dollars,"September 26, 2025",17,Nonresidential,1916,5.715
FAAT105,1.5,Investment in Fixed Assets and Consumer Durable Goods,Historical Cost,Billions of dollars,"September 26, 2025",17,Nonresidential,1917,8.66
FAAT105,1.5,Investment in Fixed Assets and Consumer Durable Goods,Historical Cost,Billions of dollars,"September 26, 2025",17,Nonresidential,1918,12.837
FAAT105,1.5,Investment in Fixed Assets and Consumer Durable Goods,Historical Cost,Billions of dollars,"September 26, 2025",17,Nonresidential,1919,10.932
FAAT105,1.5,Investment in Fixed Assets and Consumer Durable Goods,Historical Cost,Billions of dollars,"September 26, 2025",17,Nonresidential,1920,12.193
FAAT105,1.5,Investment in Fixed Assets and Consumer Durable Goods,Historical Cost,Billions of dollars,"September 26, 2025",17,Nonresidential,1921,9.374
FAAT105,1.5,Investment in Fixed Assets and Consumer Durable Goods,Historical Cost,Billions of dollars,"September 26, 2025",17,Nonresidential,1922,9.995
FAAT105,1.5,Investment in Fixed Assets and Consumer Durable Goods,Historical Cost,Billions of dollars,"September 26, 2025",17,Nonresidential,1923,12.585
FAAT105,1.5,Investment in Fixed Assets and Consumer Durable Goods,Historical Cost,Billions of dollars,"September 26, 2025",17,Nonresidential,1924,11.262
FAAT105,1.5,Investment in Fixed Assets and Consumer Durable Goods,Historical Cost,Billions of dollars,"September 26, 2025",17,Nonresidential,1925,13.36
FAAT105,1.5,Investment in Fixed Assets and Consumer Durable Goods,Historical Cost,Billions of dollars,"September 26, 2025",17,Nonresidential,1926,13.458
FAAT105,1.5,Investment in Fixed Assets and Consumer Durable Goods,Historical Cost,Billions of dollars,"September 26, 2025",17,Nonresidential,1927,13.404
FAAT105,1.5,Investment in Fixed Assets and Consumer Durable Goods,Historical Cost,Billions of dollars,"September 26, 2025",17,Nonresidential,1928,13.633
FAAT105,1.5,Investment in Fixed Assets and Consumer Durable Goods,Historical Cost,Billions of dollars,"September 26, 2025",17,Nonresidential,1929,14.661
FAAT105,1.5,Investment in Fixed Assets and Consumer Durable Goods,Historical Cost,Billions of dollars,"September 26, 2025",17,Nonresidential,1930,12.937
FAAT105,1.5,Investment in Fixed Assets and Consumer Durable Goods,Historical Cost,Billions of dollars,"September 26, 2025",17,Nonresidential,1931,9.414
FAAT105,1.5,Investment in Fixed Assets and Consumer Durable Goods,Historical Cost,Billions of dollars,"September 26, 2025",17,Nonresidential,1932,6.151
FAAT105,1.5,Investment in Fixed Assets and Consumer Durable Goods,Historical Cost,Billions of dollars,"September 26, 2025",17,Nonresidential,1933,5.48
FAAT105,1.5,Investment in Fixed Assets and Consumer Durable Goods,Historical Cost,Billions of dollars,"September 26, 2025",17,Nonresidential,1934,6.916
FAAT105,1.5,Investment in Fixed Assets and Consumer Durable Goods,Historical Cost,Billions of dollars,"September 26, 2025",17,Nonresidential,1935,8.002
FAAT105,1.5,Investment in Fixed Assets and Consumer Durable Goods,Historical Cost,Billions of dollars,"September 26, 2025",17,Nonresidential,1936,10.803
FAAT105,1.5,Investment in Fixed Assets and Consumer Durable Goods,Historical Cost,Billions of dollars,"September 26, 2025",17,Nonresidential,1937,12.224
FAAT105,1.5,Investment in Fixed Assets and Consumer Durable Goods,Historical Cost,Billions of dollars,"September 26, 2025",17,Nonresidential,1938,11.005
FAAT105,1.5,Investment in Fixed Assets and Consumer Durable Goods,Historical Cost,Billions of dollars,"September 26, 2025",17,Nonresidential,1939,11.791
FAAT105,1.5,Investment in Fixed Assets and Consumer Durable Goods,Historical Cost,Billions of dollars,"September 26, 2025",17,Nonresidential,1940,12.973
FAAT105,1.5,Investment in Fixed Assets and Consumer Durable Goods,Historical Cost,Billions of dollars,"September 26, 2025",17,Nonresidential,1941,20.984
FAAT105,1.5,Investment in Fixed Assets and Consumer Durable Goods,Historical Cost,Billions of dollars,"September 26, 2025",17,Nonresidential,1942,36.402
FAAT105,1.5,Investment in Fixed Assets and Consumer Durable Goods,Historical Cost,Billions of dollars,"September 26, 2025",17,Nonresidential,1943,46.192
FAAT105,1.5,Investment in Fixed Assets and Consumer Durable Goods,Historical Cost,Billions of dollars,"September 26, 2025",17,Nonresidential,1944,47.061
FAAT105,1.5,Investment in Fixed Assets and Consumer Durable Goods,Historical Cost,Billions of dollars,"September 26, 2025",17,Nonresidential,1945,37.733
FAAT105,1.5,Investment in Fixed Assets and Consumer Durable Goods,Historical Cost,Billions of dollars,"September 26, 2025",17,Nonresidential,1946,23.096
FAAT105,1.5,Investment in Fixed Assets and Consumer Durable Goods,Historical Cost,Billions of dollars,"September 26, 2025",17,Nonresidential,1947,30.472
FAAT105,1.5,Investment in Fixed Assets and Consumer Durable Goods,Historical Cost,Billions of dollars,"September 26, 2025",17,Nonresidential,1948,37.0
FAAT105,1.5,Investment in Fixed Assets and Consumer Durable Goods,Historical Cost,Billions of dollars,"September 26, 2025",17,Nonresidential,1949,37.855
FAAT105,1.5,Investment in Fixed Assets and Consumer Durable Goods,Historical Cost,Billions of dollars,"September 26, 2025",17,Nonresidential,1950,41.077
FAAT105,1.5,Investment in Fixed Assets and Consumer Durable Goods,Historical Cost,Billions of dollars,"September 26, 2025",17,Nonresidential,1951,53.124
FAAT105,1.5,Investment in Fixed Assets and Consumer Durable Goods,Historical Cost,Billions of dollars,"September 26, 2025",17,Nonresidential,1952,58.9
FAAT105,1.5,Investment in Fixed Assets and Consumer Durable Goods,Historical Cost,Billions of dollars,"September 26, 2025",17,Nonresidential,1953,64.714
FAAT105,1.5,Investment in Fixed Assets and Consumer Durable Goods,Historical Cost,Billions of dollars,"September 26, 2025",17,Nonresidential,1954,63.311
FAAT105,1.5,Investment in Fixed Assets and Consumer Durable Goods,Historical Cost,Billions of dollars,"September 26, 2025",17,Nonresidential,1955,67.238
FAAT105,1.5,Investment in Fixed Assets and Consumer Durable Goods,Historical Cost,Billions of dollars,"September 26, 2025",17,Nonresidential,1956,76.321
FAAT105,1.5,Investment in Fixed Assets and Consumer Durable Goods,Historical Cost,Billions of dollars,"September 26, 2025",17,Nonresidential,1957,82.512
FAAT105,1.5,Investment in Fixed Assets and Consumer Durable Goods,Historical Cost,Billions of dollars,"September 26, 2025",17,Nonresidential,1958,80.457
FAAT105,1.5,Investment in Fixed Assets and Consumer Durable Goods,Historical Cost,Billions of dollars,"September 26, 2025",17,Nonresidential,1959,87.611
FAAT105,1.5,Investment in Fixed Assets and Consumer Durable Goods,Historical Cost,Billions of dollars,"September 26, 2025",17,Nonresidential,1960,91.136
FAAT105,1.5,Investment in Fixed Assets and Consumer Durable Goods,Historical Cost,Billions of dollars,"September 26, 2025",17,Nonresidential,1961,95.159
FAAT105,1.5,Investment in Fixed Assets and Consumer Durable Goods,Historical Cost,Billions of dollars,"September 26, 2025",17,Nonresidential,1962,102.603
FAAT105,1.5,Investment in Fixed Assets and Consumer Durable Goods,Historical Cost,Billions of dollars,"September 26, 2025",17,Nonresidential,1963,108.309
FAAT105,1.5,Investment in Fixed Assets and Consumer Durable Goods,Historical Cost,Billions of dollars,"September 26, 2025",17,Nonresidential,1964,117.778
FAAT105,1.5,Investment in Fixed Assets and Consumer Durable Goods,Historical Cost,Billions of dollars,"September 26, 2025",17,Nonresidential,1965,132.163
FAAT105,1.5,Investment in Fixed Assets and Consumer Durable Goods,Historical Cost,Billions of dollars,"September 26, 2025",17,Nonresidential,1966,149.279
FAAT105,1.5,Investment in Fixed Assets and Consumer Durable Goods,Historical Cost,Billions of dollars,"September 26, 2025",17,Nonresidential,1967,155.217
FAAT105,1.5,Investment in Fixed Assets and Consumer Durable Goods,Historical Cost,Billions of dollars,"September 26, 2025",17,Nonresidential,1968,164.992
FAAT105,1.5,Investment in Fixed Assets and Consumer Durable Goods,Historical Cost,Billions of dollars,"September 26, 2025",17,Nonresidential,1969,177.334
FAAT105,1.5,Investment in Fixed Assets and Consumer Durable Goods,Historical Cost,Billions of dollars,"September 26, 2025",17,Nonresidential,1970,181.333
FAAT105,1.5,Investment in Fixed Assets and Consumer Durable Goods,Historical Cost,Billions of dollars,"September 26, 2025",17,Nonresidential,1971,185.308
FAAT105,1.5,Investment in Fixed Assets and Consumer Durable Goods,Historical Cost,Billions of dollars,"September 26, 2025",17,Nonresidential,1972,204.162
FAAT105,1.5,Investment in Fixed Assets and Consumer Durable Goods,Historical Cost,Billions of dollars,"September 26, 2025",17,Nonresidential,1973,235.413
FAAT105,1.5,Investment in Fixed Assets and Consumer Durable Goods,Historical Cost,Billions of dollars,"September 26, 2025",17,Nonresidential,1974,264.265
FAAT105,1.5,Investment in Fixed Assets and Consumer Durable Goods,Historical Cost,Billions of dollars,"September 26, 2025",17,Nonresidential,1975,277.663
FAAT105,1.5,Investment in Fixed Assets and Consumer Durable Goods,Historical Cost,Billions of dollars,"September 26, 2025",17,Nonresidential,1976,304.663
FAAT105,1.5,Investment in Fixed Assets and Consumer Durable Goods,Historical Cost,Billions of dollars,"September 26, 2025",17,Nonresidential,1977,346.907
FAAT105,1.5,Investment in Fixed Assets and Consumer Durable Goods,Historical Cost,Billions of dollars,"September 26, 2025",17,Nonresidential,1978,413.34
FAAT105,1.5,Investment in Fixed Assets and Consumer Durable Goods,Historical Cost,Billions of dollars,"September 26, 2025",17,Nonresidential,1979,487.223
FAAT105,1.5,Investment in Fixed Assets and Consumer Durable Goods,Historical Cost,Billions of dollars,"September 26, 2025",17,Nonresidential,1980,534.225
FAAT105,1.5,Investment in Fixed Assets and Consumer Durable Goods,Historical Cost,Billions of dollars,"September 26, 2025",17,Nonresidential,1981,611.426
FAAT105,1.5,Investment in Fixed Assets and Consumer Durable Goods,Historical Cost,Billions of dollars,"September 26, 2025",17,Nonresidential,1982,630.705
FAAT105,1.5,Investment in Fixed Assets and Consumer Durable Goods,Historical Cost,Billions of dollars,"September 26, 2025",17,Nonresidential,1983,641.036
FAAT105,1.5,Investment in Fixed Assets and Consumer Durable Goods,Historical Cost,Billions of dollars,"September 26, 2025",17,Nonresidential,1984,746.431
FAAT105,1.5,Investment in Fixed Assets and Consumer Durable Goods,Historical Cost,Billions of dollars,"September 26, 2025",17,Nonresidential,1985,817.06
FAAT105,1.5,Investment in Fixed Assets and Consumer Durable Goods,Historical Cost,Billions of dollars,"September 26, 2025",17,Nonresidential,1986,828.745
FAAT105,1.5,Investment in Fixed Assets and Consumer Durable Goods,Historical Cost,Billions of dollars,"September 26, 2025",17,Nonresidential,1987,857.059
FAAT105,1.5,Investment in Fixed Assets and Consumer Durable Goods,Historical Cost,Billions of dollars,"September 26, 2025",17,Nonresidential,1988,907.293
FAAT105,1.5,Investment in Fixed Assets and Consumer Durable Goods,Historical Cost,Billions of dollars,"September 26, 2025",17,Nonresidential,1989,971.022
FAAT105,1.5,Investment in Fixed Assets and Consumer Durable Goods,Historical Cost,Billions of dollars,"September 26, 2025",17,Nonresidential,1990,1016.905
FAAT105,1.5,Investment in Fixed Assets and Consumer Durable Goods,Historical Cost,Billions of dollars,"September 26, 2025",17,Nonresidential,1991,1002.665
FAAT105,1.5,Investment in Fixed Assets and Consumer Durable Goods,Historical Cost,Billions of dollars,"September 26, 2025",17,Nonresidential,1992,1018.229
FAAT105,1.5,Investment in Fixed Assets and Consumer Durable Goods,Historical Cost,Billions of dollars,"September 26, 2025",17,Nonresidential,1993,1078.141
FAAT105,1.5,Investment in Fixed Assets and Consumer Durable Goods,Historical Cost,Billions of dollars,"September 26, 2025",17,Nonresidential,1994,1149.187
FAAT105,1.5,Investment in Fixed Assets and Consumer Durable Goods,Historical Cost,Billions of dollars,"September 26, 2025",17,Nonresidential,1995,1260.904
FAAT105,1.5,Investment in Fixed Assets and Consumer Durable Goods,Historical Cost,Billions of dollars,"September 26, 2025",17,Nonresidential,1996,1363.209
FAAT105,1.5,Investment in Fixed Assets and Consumer Durable Goods,Historical Cost,Billions of dollars,"September 26, 2025",17,Nonresidential,1997,1463.511
FAAT105,1.5,Investment in Fixed Assets and Consumer Durable Goods,Historical Cost,Billions of dollars,"September 26, 2025",17,Nonresidential,1998,1583.298
FAAT105,1.5,Investment in Fixed Assets and Consumer Durable Goods,Historical Cost,Billions of dollars,"September 26, 2025",17,Nonresidential,1999,1714.399
FAAT105,1.5,Investment in Fixed Assets and Consumer Durable Goods,Historical Cost,Billions of dollars,"September 26, 2025",17,Nonresidential,2000,1861.735
FAAT105,1.5,Investment in Fixed Assets and Consumer Durable Goods,Historical Cost,Billions of dollars,"September 26, 2025",17,Nonresidential,2001,1842.679
FAAT105,1.5,Investment in Fixed Assets and Consumer Durable Goods,Historical Cost,Billions of dollars,"September 26, 2025",17,Nonresidential,2002,1764.295
FAAT105,1.5,Investment in Fixed Assets and Consumer Durable Goods,Historical Cost,Billions of dollars,"September 26, 2025",17,Nonresidential,2003,1805.37
FAAT105,1.5,Investment in Fixed Assets and Consumer Durable Goods,Historical Cost,Billions of dollars,"September 26, 2025",17,Nonresidential,2004,1921.9
FAAT105,1.5,Investment in Fixed Assets and Consumer Durable Goods,Historical Cost,Billions of dollars,"September 26, 2025",17,Nonresidential,2005,2102.006
FAAT105,1.5,Investment in Fixed Assets and Consumer Durable Goods,Historical Cost,Billions of dollars,"September 26, 2025",17,Nonresidential,2006,2312.703
FAAT105,1.5,Investment in Fixed Assets and Consumer Durable Goods,Historical Cost,Billions of dollars,"September 26, 2025",17,Nonresidential,2007,2509.088
FAAT105,1.5,Investment in Fixed Assets and Consumer Durable Goods,Historical Cost,Billions of dollars,"September 26, 2025",17,Nonresidential,2008,2591.521
FAAT105,1.5,Investment in Fixed Assets and Consumer Durable Goods,Historical Cost,Billions of dollars,"September 26, 2025",17,Nonresidential,2009,2296.58
FAAT105,1.5,Investment in Fixed Assets and Consumer Durable Goods,Historical Cost,Billions of dollars,"September 26, 2025",17,Nonresidential,2010,2360.162
FAAT105,1.5,Investment in Fixed Assets and Consumer Durable Goods,Historical Cost,Billions of dollars,"September 26, 2025",17,Nonresidential,2011,2526.301
FAAT105,1.5,Investment in Fixed Assets and Consumer Durable Goods,Historical Cost,Billions of dollars,"September 26, 2025",17,Nonresidential,2012,2707.696
FAAT105,1.5,Investment in Fixed Assets and Consumer Durable Goods,Historical Cost,Billions of dollars,"September 26, 2025",17,Nonresidential,2013,2798.884
FAAT105,1.5,Investment in Fixed Assets and Consumer Durable Goods,Historical Cost,Billions of dollars,"September 26, 2025",17,Nonresidential,2014,3002.485
FAAT105,1.5,Investment in Fixed Assets and Consumer Durable Goods,Historical Cost,Billions of dollars,"September 26, 2025",17,Nonresidential,2015,3089.985
FAAT105,1.5,Investment in Fixed Assets and Consumer Durable Goods,Historical Cost,Billions of dollars,"September 26, 2025",17,Nonresidential,2016,3123.133
FAAT105,1.5,Investment in Fixed Assets and Consumer Durable Goods,Historical Cost,Billions of dollars,"September 26, 2025",17,Nonresidential,2017,3291.355
FAAT105,1.5,Investment in Fixed Assets and Consumer Durable Goods,Historical Cost,Billions of dollars,"September 26, 2025",17,Nonresidential,2018,3526.677
FAAT105,1.5,Investment in Fixed Assets and Consumer Durable Goods,Historical Cost,Billions of dollars,"September 26, 2025",17,Nonresidential,2019,3702.804
FAAT105,1.5,Investment in Fixed Assets and Consumer Durable Goods,Historical Cost,Billions of dollars,"September 26, 2025",17,Nonresidential,2020,3622.163
FAAT105,1.5,Investment in Fixed Assets and Consumer Durable Goods,Historical Cost,Billions of dollars,"September 26, 2025",17,Nonresidential,2021,3861.39
FAAT105,1.5,Investment in Fixed Assets and Consumer Durable Goods,Historical Cost,Billions of dollars,"September 26, 2025",17,Nonresidential,2022,4315.76
FAAT105,1.5,Investment in Fixed Assets and Consumer Durable Goods,Historical Cost,Billions of dollars,"September 26, 2025",17,Nonresidential,2023,4758.173
FAAT105,1.5,Investment in Fixed Assets and Consumer Durable Goods,Historical Cost,Billions of dollars,"September 26, 2025",17,Nonresidential,2024,5003.046
FAAT105,1.5,Investment in Fixed Assets and Consumer Durable Goods,Historical Cost,Billions of dollars,"September 26, 2025",18,Equipment,1914,1.646
FAAT105,1.5,Investment in Fixed Assets and Consumer Durable Goods,Historical Cost,Billions of dollars,"September 26, 2025",18,Equipment,1915,1.803
FAAT105,1.5,Investment in Fixed Assets and Consumer Durable Goods,Historical Cost,Billions of dollars,"September 26, 2025",18,Equipment,1916,2.702
FAAT105,1.5,Investment in Fixed Assets and Consumer Durable Goods,Historical Cost,Billions of dollars,"September 26, 2025",18,Equipment,1917,4.823
FAAT105,1.5,Investment in Fixed Assets and Consumer Durable Goods,Historical Cost,Billions of dollars,"September 26, 2025",18,Equipment,1918,8.117
FAAT105,1.5,Investment in Fixed Assets and Consumer Durable Goods,Historical Cost,Billions of dollars,"September 26, 2025",18,Equipment,1919,5.952
FAAT105,1.5,Investment in Fixed Assets and Consumer Durable Goods,Historical Cost,Billions of dollars,"September 26, 2025",18,Equipment,1920,6.335
FAAT105,1.5,Investment in Fixed Assets and Consumer Durable Goods,Historical Cost,Billions of dollars,"September 26, 2025",18,Equipment,1921,4.564
FAAT105,1.5,Investment in Fixed Assets and Consumer Durable Goods,Historical Cost,Billions of dollars,"September 26, 2025",18,Equipment,1922,4.675
FAAT105,1.5,Investment in Fixed Assets and Consumer Durable Goods,Historical Cost,Billions of dollars,"September 26, 2025",18,Equipment,1923,6.443
FAAT105,1.5,Investment in Fixed Assets and Consumer Durable Goods,Historical Cost,Billions of dollars,"September 26, 2025",18,Equipment,1924,4.722
FAAT105,1.5,Investment in Fixed Assets and Consumer Durable Goods,Historical Cost,Billions of dollars,"September 26, 2025",18,Equipment,1925,6.308
FAAT105,1.5,Investment in Fixed Assets and Consumer Durable Goods,Historical Cost,Billions of dollars,"September 26, 2025",18,Equipment,1926,5.604
FAAT105,1.5,Investment in Fixed Assets and Consumer Durable Goods,Historical Cost,Billions of dollars,"September 26, 2025",18,Equipment,1927,5.257
FAAT105,1.5,Investment in Fixed Assets and Consumer Durable Goods,Historical Cost,Billions of dollars,"September 26, 2025",18,Equipment,1928,5.471
FAAT105,1.5,Investment in Fixed Assets and Consumer Durable Goods,Historical Cost,Billions of dollars,"September 26, 2025",18,Equipment,1929,5.965
FAAT105,1.5,Investment in Fixed Assets and Consumer Durable Goods,Historical Cost,Billions of dollars,"September 26, 2025",18,Equipment,1930,4.833
FAAT105,1.5,Investment in Fixed Assets and Consumer Durable Goods,Historical Cost,Billions of dollars,"September 26, 2025",18,Equipment,1931,3.389
FAAT105,1.5,Investment in Fixed Assets and Consumer Durable Goods,Historical Cost,Billions of dollars,"September 26, 2025",18,Equipment,1932,2.236
FAAT105,1.5,Investment in Fixed Assets and Consumer Durable Goods,Historical Cost,Billions of dollars,"September 26, 2025",18,Equipment,1933,2.123
FAAT105,1.5,Investment in Fixed Assets and Consumer Durable Goods,Historical Cost,Billions of dollars,"September 26, 2025",18,Equipment,1934,2.802
FAAT105,1.5,Investment in Fixed Assets and Consumer Durable Goods,Historical Cost,Billions of dollars,"September 26, 2025",18,Equipment,1935,3.597
FAAT105,1.5,Investment in Fixed Assets and Consumer Durable Goods,Historical Cost,Billions of dollars,"September 26, 2025",18,Equipment,1936,4.479
FAAT105,1.5,Investment in Fixed Assets and Consumer Durable Goods,Historical Cost,Billions of dollars,"September 26, 2025",18,Equipment,1937,5.484
FAAT105,1.5,Investment in Fixed Assets and Consumer Durable Goods,Historical Cost,Billions of dollars,"September 26, 2025",18,Equipment,1938,4.348
FAAT105,1.5,Investment in Fixed Assets and Consumer Durable Goods,Historical Cost,Billions of dollars,"September 26, 2025",18,Equipment,1939,4.76
FAAT105,1.5,Investment in Fixed Assets and Consumer Durable Goods,Historical Cost,Billions of dollars,"September 26, 2025",18,Equipment,1940,5.9
FAAT105,1.5,Investment in Fixed Assets and Consumer Durable Goods,Historical Cost,Billions of dollars,"September 26, 2025",18,Equipment,1941,10.654
FAAT105,1.5,Investment in Fixed Assets and Consumer Durable Goods,Historical Cost,Billions of dollars,"September 26, 2025",18,Equipment,1942,20.991
FAAT105,1.5,Investment in Fixed Assets and Consumer Durable Goods,Historical Cost,Billions of dollars,"September 26, 2025",18,Equipment,1943,36.191
FAAT105,1.5,Investment in Fixed Assets and Consumer Durable Goods,Historical Cost,Billions of dollars,"September 26, 2025",18,Equipment,1944,38.817
FAAT105,1.5,Investment in Fixed Assets and Consumer Durable Goods,Historical Cost,Billions of dollars,"September 26, 2025",18,Equipment,1945,28.996
FAAT105,1.5,Investment in Fixed Assets and Consumer Durable Goods,Historical Cost,Billions of dollars,"September 26, 2025",18,Equipment,1946,11.923
FAAT105,1.5,Investment in Fixed Assets and Consumer Durable Goods,Historical Cost,Billions of dollars,"September 26, 2025",18,Equipment,1947,16.764
FAAT105,1.5,Investment in Fixed Assets and Consumer Durable Goods,Historical Cost,Billions of dollars,"September 26, 2025",18,Equipment,1948,19.527
FAAT105,1.5,Investment in Fixed Assets and Consumer Durable Goods,Historical Cost,Billions of dollars,"September 26, 2025",18,Equipment,1949,19.002
FAAT105,1.5,Investment in Fixed Assets and Consumer Durable Goods,Historical Cost,Billions of dollars,"September 26, 2025",18,Equipment,1950,20.432
FAAT105,1.5,Investment in Fixed Assets and Consumer Durable Goods,Historical Cost,Billions of dollars,"September 26, 2025",18,Equipment,1951,27.849
FAAT105,1.5,Investment in Fixed Assets and Consumer Durable Goods,Historical Cost,Billions of dollars,"September 26, 2025",18,Equipment,1952,30.887
FAAT105,1.5,Investment in Fixed Assets and Consumer Durable Goods,Historical Cost,Billions of dollars,"September 26, 2025",18,Equipment,1953,33.887
FAAT105,1.5,Investment in Fixed Assets and Consumer Durable Goods,Historical Cost,Billions of dollars,"September 26, 2025",18,Equipment,1954,30.81
FAAT105,1.5,Investment in Fixed Assets and Consumer Durable Goods,Historical Cost,Billions of dollars,"September 26, 2025",18,Equipment,1955,32.34
FAAT105,1.5,Investment in Fixed Assets and Consumer Durable Goods,Historical Cost,Billions of dollars,"September 26, 2025",18,Equipment,1956,34.898
FAAT105,1.5,Investment in Fixed Assets and Consumer Durable Goods,Historical Cost,Billions of dollars,"September 26, 2025",18,Equipment,1957,37.807
FAAT105,1.5,Investment in Fixed Assets and Consumer Durable Goods,Historical Cost,Billions of dollars,"September 26, 2025",18,Equipment,1958,35.026
FAAT105,1.5,Investment in Fixed Assets and Consumer Durable Goods,Historical Cost,Billions of dollars,"September 26, 2025",18,Equipment,1959,39.987
FAAT105,1.5,Investment in Fixed Assets and Consumer Durable Goods,Historical Cost,Billions of dollars,"September 26, 2025",18,Equipment,1960,40.865
FAAT105,1.5,Investment in Fixed Assets and Consumer Durable Goods,Historical Cost,Billions of dollars,"September 26, 2025",18,Equipment,1961,41.676
FAAT105,1.5,Investment in Fixed Assets and Consumer Durable Goods,Historical Cost,Billions of dollars,"September 26, 2025",18,Equipment,1962,45.95
FAAT105,1.5,Investment in Fixed Assets and Consumer Durable Goods,Historical Cost,Billions of dollars,"September 26, 2025",18,Equipment,1963,47.042
FAAT105,1.5,Investment in Fixed Assets and Consumer Durable Goods,Historical Cost,Billions of dollars,"September 26, 2025",18,Equipment,1964,51.113
FAAT105,1.5,Investment in Fixed Assets and Consumer Durable Goods,Historical Cost,Billions of dollars,"September 26, 2025",18,Equipment,1965,57.149
FAAT105,1.5,Investment in Fixed Assets and Consumer Durable Goods,Historical Cost,Billions of dollars,"September 26, 2025",18,Equipment,1966,66.347
FAAT105,1.5,Investment in Fixed Assets and Consumer Durable Goods,Historical Cost,Billions of dollars,"September 26, 2025",18,Equipment,1967,68.749
FAAT105,1.5,Investment in Fixed Assets and Consumer Durable Goods,Historical Cost,Billions of dollars,"September 26, 2025",18,Equipment,1968,72.254
FAAT105,1.5,Investment in Fixed Assets and Consumer Durable Goods,Historical Cost,Billions of dollars,"September 26, 2025",18,Equipment,1969,78.102
FAAT105,1.5,Investment in Fixed Assets and Consumer Durable Goods,Historical Cost,Billions of dollars,"September 26, 2025",18,Equipment,1970,79.145
FAAT105,1.5,Investment in Fixed Assets and Consumer Durable Goods,Historical Cost,Billions of dollars,"September 26, 2025",18,Equipment,1971,77.752
FAAT105,1.5,Investment in Fixed Assets and Consumer Durable Goods,Historical Cost,Billions of dollars,"September 26, 2025",18,Equipment,1972,88.22
FAAT105,1.5,Investment in Fixed Assets and Consumer Durable Goods,Historical Cost,Billions of dollars,"September 26, 2025",18,Equipment,1973,106.094
FAAT105,1.5,Investment in Fixed Assets and Consumer Durable Goods,Historical Cost,Billions of dollars,"September 26, 2025",18,Equipment,1974,119.814
FAAT105,1.5,Investment in Fixed Assets and Consumer Durable Goods,Historical Cost,Billions of dollars,"September 26, 2025",18,Equipment,1975,124.536
FAAT105,1.5,Investment in Fixed Assets and Consumer Durable Goods,Historical Cost,Billions of dollars,"September 26, 2025",18,Equipment,1976,141.35
FAAT105,1.5,Investment in Fixed Assets and Consumer Durable Goods,Historical Cost,Billions of dollars,"September 26, 2025",18,Equipment,1977,170.162
FAAT105,1.5,Investment in Fixed Assets and Consumer Durable Goods,Historical Cost,Billions of dollars,"September 26, 2025",18,Equipment,1978,204.168
FAAT105,1.5,Investment in Fixed Assets and Consumer Durable Goods,Historical Cost,Billions of dollars,"September 26, 2025",18,Equipment,1979,237.417
FAAT105,1.5,Investment in Fixed Assets and Consumer Durable Goods,Historical Cost,Billions of dollars,"September 26, 2025",18,Equipment,1980,248.648
FAAT105,1.5,Investment in Fixed Assets and Consumer Durable Goods,Historical Cost,Billions of dollars,"September 26, 2025",18,Equipment,1981,278.56
FAAT105,1.5,Investment in Fixed Assets and Consumer Durable Goods,Historical Cost,Billions of dollars,"September 26, 2025",18,Equipment,1982,276.961
FAAT105,1.5,Investment in Fixed Assets and Consumer Durable Goods,Historical Cost,Billions of dollars,"September 26, 2025",18,Equipment,1983,295.648
FAAT105,1.5,Investment in Fixed Assets and Consumer Durable Goods,Historical Cost,Billions of dollars,"September 26, 2025",18,Equipment,1984,348.01
FAAT105,1.5,Investment in Fixed Assets and Consumer Durable Goods,Historical Cost,Billions of dollars,"September 26, 2025",18,Equipment,1985,370.298
FAAT105,1.5,Investment in Fixed Assets and Consumer Durable Goods,Historical Cost,Billions of dollars,"September 26, 2025",18,Equipment,1986,381.39
FAAT105,1.5,Investment in Fixed Assets and Consumer Durable Goods,Historical Cost,Billions of dollars,"September 26, 2025",18,Equipment,1987,389.256
FAAT105,1.5,Investment in Fixed Assets and Consumer Durable Goods,Historical Cost,Billions of dollars,"September 26, 2025",18,Equipment,1988,414.833
FAAT105,1.5,Investment in Fixed Assets and Consumer Durable Goods,Historical Cost,Billions of dollars,"September 26, 2025",18,Equipment,1989,445.805
FAAT105,1.5,Investment in Fixed Assets and Consumer Durable Goods,Historical Cost,Billions of dollars,"September 26, 2025",18,Equipment,1990,450.439
FAAT105,1.5,Investment in Fixed Assets and Consumer Durable Goods,Historical Cost,Billions of dollars,"September 26, 2025",18,Equipment,1991,440.723
FAAT105,1.5,Investment in Fixed Assets and Consumer Durable Goods,Historical Cost,Billions of dollars,"September 26, 2025",18,Equipment,1992,460.811
FAAT105,1.5,Investment in Fixed Assets and Consumer Durable Goods,Historical Cost,Billions of dollars,"September 26, 2025",18,Equipment,1993,501.726
FAAT105,1.5,Investment in Fixed Assets and Consumer Durable Goods,Historical Cost,Billions of dollars,"September 26, 2025",18,Equipment,1994,551.905
FAAT105,1.5,Investment in Fixed Assets and Consumer Durable Goods,Historical Cost,Billions of dollars,"September 26, 2025",18,Equipment,1995,605.128
FAAT105,1.5,Investment in Fixed Assets and Consumer Durable Goods,Historical Cost,Billions of dollars,"September 26, 2025",18,Equipment,1996,643.308
FAAT105,1.5,Investment in Fixed Assets and Consumer Durable Goods,Historical Cost,Billions of dollars,"September 26, 2025",18,Equipment,1997,681.393
FAAT105,1.5,Investment in Fixed Assets and Consumer Durable Goods,Historical Cost,Billions of dollars,"September 26, 2025",18,Equipment,1998,732.891
FAAT105,1.5,Investment in Fixed Assets and Consumer Durable Goods,Historical Cost,Billions of dollars,"September 26, 2025",18,Equipment,1999,791.504
FAAT105,1.5,Investment in Fixed Assets and Consumer Durable Goods,Historical Cost,Billions of dollars,"September 26, 2025",18,Equipment,2000,840.203
FAAT105,1.5,Investment in Fixed Assets and Consumer Durable Goods,Historical Cost,Billions of dollars,"September 26, 2025",18,Equipment,2001,784.378
FAAT105,1.5,Investment in Fixed Assets and Consumer Durable Goods,Historical Cost,Billions of dollars,"September 26, 2025",18,Equipment,2002,739.728
FAAT105,1.5,Investment in Fixed Assets and Consumer Durable Goods,Historical Cost,Billions of dollars,"September 26, 2025",18,Equipment,2003,752.214
FAAT105,1.5,Investment in Fixed Assets and Consumer Durable Goods,Historical Cost,Billions of dollars,"September 26, 2025",18,Equipment,2004,813.784
FAAT105,1.5,Investment in Fixed Assets and Consumer Durable Goods,Historical Cost,Billions of dollars,"September 26, 2025",18,Equipment,2005,895.244
FAAT105,1.5,Investment in Fixed Assets and Consumer Durable Goods,Historical Cost,Billions of dollars,"September 26, 2025",18,Equipment,2006,973.932
FAAT105,1.5,Investment in Fixed Assets and Consumer Durable Goods,Historical Cost,Billions of dollars,"September 26, 2025",18,Equipment,2007,1017.15
FAAT105,1.5,Investment in Fixed Assets and Consumer Durable Goods,Historical Cost,Billions of dollars,"September 26, 2025",18,Equipment,2008,991.743
FAAT105,1.5,Investment in Fixed Assets and Consumer Durable Goods,Historical Cost,Billions of dollars,"September 26, 2025",18,Equipment,2009,810.459
FAAT105,1.5,Investment in Fixed Assets and Consumer Durable Goods,Historical Cost,Billions of dollars,"September 26, 2025",18,Equipment,2010,931.121
FAAT105,1.5,Investment in Fixed Assets and Consumer Durable Goods,Historical Cost,Billions of dollars,"September 26, 2025",18,Equipment,2011,1031.634
FAAT105,1.5,Investment in Fixed Assets and Consumer Durable Goods,Historical Cost,Billions of dollars,"September 26, 2025",18,Equipment,2012,1122.883
FAAT105,1.5,Investment in Fixed Assets and Consumer Durable Goods,Historical Cost,Billions of dollars,"September 26, 2025",18,Equipment,2013,1168.901
FAAT105,1.5,Investment in Fixed Assets and Consumer Durable Goods,Historical Cost,Billions of dollars,"September 26, 2025",18,Equipment,2014,1236.926
FAAT105,1.5,Investment in Fixed Assets and Consumer Durable Goods,Historical Cost,Billions of dollars,"September 26, 2025",18,Equipment,2015,1261.127
FAAT105,1.5,Investment in Fixed Assets and Consumer Durable Goods,Historical Cost,Billions of dollars,"September 26, 2025",18,Equipment,2016,1234.28
FAAT105,1.5,Investment in Fixed Assets and Consumer Durable Goods,Historical Cost,Billions of dollars,"September 26, 2025",18,Equipment,2017,1285.136
FAAT105,1.5,Investment in Fixed Assets and Consumer Durable Goods,Historical Cost,Billions of dollars,"September 26, 2025",18,Equipment,2018,1358.953
FAAT105,1.5,Investment in Fixed Assets and Consumer Durable Goods,Historical Cost,Billions of dollars,"September 26, 2025",18,Equipment,2019,1380.499
FAAT105,1.5,Investment in Fixed Assets and Consumer Durable Goods,Historical Cost,Billions of dollars,"September 26, 2025",18,Equipment,2020,1261.766
FAAT105,1.5,Investment in Fixed Assets and Consumer Durable Goods,Historical Cost,Billions of dollars,"September 26, 2025",18,Equipment,2021,1358.627
FAAT105,1.5,Investment in Fixed Assets and Consumer Durable Goods,Historical Cost,Billions of dollars,"September 26, 2025",18,Equipment,2022,1464.965
FAAT105,1.5,Investment in Fixed Assets and Consumer Durable Goods,Historical Cost,Billions of dollars,"September 26, 2025",18,Equipment,2023,1574.901
FAAT105,1.5,Investment in Fixed Assets and Consumer Durable Goods,Historical Cost,Billions of dollars,"September 26, 2025",18,Equipment,2024,1667.403
FAAT105,1.5,Investment in Fixed Assets and Consumer Durable Goods,Historical Cost,Billions of dollars,"September 26, 2025",19,Structures,1914,2.405
FAAT105,1.5,Investment in Fixed Assets and Consumer Durable Goods,Historical Cost,Billions of dollars,"September 26, 2025",19,Structures,1915,2.222
FAAT105,1.5,Investment in Fixed Assets and Consumer Durable Goods,Historical Cost,Billions of dollars,"September 26, 2025",19,Structures,1916,2.77
FAAT105,1.5,Investment in Fixed Assets and Consumer Durable Goods,Historical Cost,Billions of dollars,"September 26, 2025",19,Structures,1917,3.581
FAAT105,1.5,Investment in Fixed Assets and Consumer Durable Goods,Historical Cost,Billions of dollars,"September 26, 2025",19,Structures,1918,4.441
FAAT105,1.5,Investment in Fixed Assets and Consumer Durable Goods,Historical Cost,Billions of dollars,"September 26, 2025",19,Structures,1919,4.691
FAAT105,1.5,Investment in Fixed Assets and Consumer Durable Goods,Historical Cost,Billions of dollars,"September 26, 2025",19,Structures,1920,5.521
FAAT105,1.5,Investment in Fixed Assets and Consumer Durable Goods,Historical Cost,Billions of dollars,"September 26, 2025",19,Structures,1921,4.477
FAAT105,1.5,Investment in Fixed Assets and Consumer Durable Goods,Historical Cost,Billions of dollars,"September 26, 2025",19,Structures,1922,4.976
FAAT105,1.5,Investment in Fixed Assets and Consumer Durable Goods,Historical Cost,Billions of dollars,"September 26, 2025",19,Structures,1923,5.782
FAAT105,1.5,Investment in Fixed Assets and Consumer Durable Goods,Historical Cost,Billions of dollars,"September 26, 2025",19,Structures,1924,6.169
FAAT105,1.5,Investment in Fixed Assets and Consumer Durable Goods,Historical Cost,Billions of dollars,"September 26, 2025",19,Structures,1925,6.66
FAAT105,1.5,Investment in Fixed Assets and Consumer Durable Goods,Historical Cost,Billions of dollars,"September 26, 2025",19,Structures,1926,7.443
FAAT105,1.5,Investment in Fixed Assets and Consumer Durable Goods,Historical Cost,Billions of dollars,"September 26, 2025",19,Structures,1927,7.7
FAAT105,1.5,Investment in Fixed Assets and Consumer Durable Goods,Historical Cost,Billions of dollars,"September 26, 2025",19,Structures,1928,7.654
FAAT105,1.5,Investment in Fixed Assets and Consumer Durable Goods,Historical Cost,Billions of dollars,"September 26, 2025",19,Structures,1929,8.058
FAAT105,1.5,Investment in Fixed Assets and Consumer Durable Goods,Historical Cost,Billions of dollars,"September 26, 2025",19,Structures,1930,7.468
FAAT105,1.5,Investment in Fixed Assets and Consumer Durable Goods,Historical Cost,Billions of dollars,"September 26, 2025",19,Structures,1931,5.43
FAAT105,1.5,Investment in Fixed Assets and Consumer Durable Goods,Historical Cost,Billions of dollars,"September 26, 2025",19,Structures,1932,3.358
FAAT105,1.5,Investment in Fixed Assets and Consumer Durable Goods,Historical Cost,Billions of dollars,"September 26, 2025",19,Structures,1933,2.824
FAAT105,1.5,Investment in Fixed Assets and Consumer Durable Goods,Historical Cost,Billions of dollars,"September 26, 2025",19,Structures,1934,3.521
FAAT105,1.5,Investment in Fixed Assets and Consumer Durable Goods,Historical Cost,Billions of dollars,"September 26, 2025",19,Structures,1935,3.75
FAAT105,1.5,Investment in Fixed Assets and Consumer Durable Goods,Historical Cost,Billions of dollars,"September 26, 2025",19,Structures,1936,5.577
FAAT105,1.5,Investment in Fixed Assets and Consumer Durable Goods,Historical Cost,Billions of dollars,"September 26, 2025",19,Structures,1937,5.928
FAAT105,1.5,Investment in Fixed Assets and Consumer Durable Goods,Historical Cost,Billions of dollars,"September 26, 2025",19,Structures,1938,5.784
FAAT105,1.5,Investment in Fixed Assets and Consumer Durable Goods,Historical Cost,Billions of dollars,"September 26, 2025",19,Structures,1939,6.135
FAAT105,1.5,Investment in Fixed Assets and Consumer Durable Goods,Historical Cost,Billions of dollars,"September 26, 2025",19,Structures,1940,6.116
FAAT105,1.5,Investment in Fixed Assets and Consumer Durable Goods,Historical Cost,Billions of dollars,"September 26, 2025",19,Structures,1941,8.876
FAAT105,1.5,Investment in Fixed Assets and Consumer Durable Goods,Historical Cost,Billions of dollars,"September 26, 2025",19,Structures,1942,13.707
FAAT105,1.5,Investment in Fixed Assets and Consumer Durable Goods,Historical Cost,Billions of dollars,"September 26, 2025",19,Structures,1943,7.927
FAAT105,1.5,Investment in Fixed Assets and Consumer Durable Goods,Historical Cost,Billions of dollars,"September 26, 2025",19,Structures,1944,5.454
FAAT105,1.5,Investment in Fixed Assets and Consumer Durable Goods,Historical Cost,Billions of dollars,"September 26, 2025",19,Structures,1945,5.774
FAAT105,1.5,Investment in Fixed Assets and Consumer Durable Goods,Historical Cost,Billions of dollars,"September 26, 2025",19,Structures,1946,7.929
FAAT105,1.5,Investment in Fixed Assets and Consumer Durable Goods,Historical Cost,Billions of dollars,"September 26, 2025",19,Structures,1947,10.299
FAAT105,1.5,Investment in Fixed Assets and Consumer Durable Goods,Historical Cost,Billions of dollars,"September 26, 2025",19,Structures,1948,13.804
FAAT105,1.5,Investment in Fixed Assets and Consumer Durable Goods,Historical Cost,Billions of dollars,"September 26, 2025",19,Structures,1949,15.095
FAAT105,1.5,Investment in Fixed Assets and Consumer Durable Goods,Historical Cost,Billions of dollars,"September 26, 2025",19,Structures,1950,16.506
FAAT105,1.5,Investment in Fixed Assets and Consumer Durable Goods,Historical Cost,Billions of dollars,"September 26, 2025",19,Structures,1951,20.818
FAAT105,1.5,Investment in Fixed Assets and Consumer Durable Goods,Historical Cost,Billions of dollars,"September 26, 2025",19,Structures,1952,22.66
FAAT105,1.5,Investment in Fixed Assets and Consumer Durable Goods,Historical Cost,Billions of dollars,"September 26, 2025",19,Structures,1953,24.484
FAAT105,1.5,Investment in Fixed Assets and Consumer Durable Goods,Historical Cost,Billions of dollars,"September 26, 2025",19,Structures,1954,25.58
FAAT105,1.5,Investment in Fixed Assets and Consumer Durable Goods,Historical Cost,Billions of dollars,"September 26, 2025",19,Structures,1955,26.997
FAAT105,1.5,Investment in Fixed Assets and Consumer Durable Goods,Historical Cost,Billions of dollars,"September 26, 2025",19,Structures,1956,31.362
FAAT105,1.5,Investment in Fixed Assets and Consumer Durable Goods,Historical Cost,Billions of dollars,"September 26, 2025",19,Structures,1957,33.253
FAAT105,1.5,Investment in Fixed Assets and Consumer Durable Goods,Historical Cost,Billions of dollars,"September 26, 2025",19,Structures,1958,33.034
FAAT105,1.5,Investment in Fixed Assets and Consumer Durable Goods,Historical Cost,Billions of dollars,"September 26, 2025",19,Structures,1959,34.007
FAAT105,1.5,Investment in Fixed Assets and Consumer Durable Goods,Historical Cost,Billions of dollars,"September 26, 2025",19,Structures,1960,35.321
FAAT105,1.5,Investment in Fixed Assets and Consumer Durable Goods,Historical Cost,Billions of dollars,"September 26, 2025",19,Structures,1961,36.721
FAAT105,1.5,Investment in Fixed Assets and Consumer Durable Goods,Historical Cost,Billions of dollars,"September 26, 2025",19,Structures,1962,38.418
FAAT105,1.5,Investment in Fixed Assets and Consumer Durable Goods,Historical Cost,Billions of dollars,"September 26, 2025",19,Structures,1963,40.356
FAAT105,1.5,Investment in Fixed Assets and Consumer Durable Goods,Historical Cost,Billions of dollars,"September 26, 2025",19,Structures,1964,43.976
FAAT105,1.5,Investment in Fixed Assets and Consumer Durable Goods,Historical Cost,Billions of dollars,"September 26, 2025",19,Structures,1965,50.118
FAAT105,1.5,Investment in Fixed Assets and Consumer Durable Goods,Historical Cost,Billions of dollars,"September 26, 2025",19,Structures,1966,54.772
FAAT105,1.5,Investment in Fixed Assets and Consumer Durable Goods,Historical Cost,Billions of dollars,"September 26, 2025",19,Structures,1967,56.338
FAAT105,1.5,Investment in Fixed Assets and Consumer Durable Goods,Historical Cost,Billions of dollars,"September 26, 2025",19,Structures,1968,60.168
FAAT105,1.5,Investment in Fixed Assets and Consumer Durable Goods,Historical Cost,Billions of dollars,"September 26, 2025",19,Structures,1969,64.412
FAAT105,1.5,Investment in Fixed Assets and Consumer Durable Goods,Historical Cost,Billions of dollars,"September 26, 2025",19,Structures,1970,66.716
FAAT105,1.5,Investment in Fixed Assets and Consumer Durable Goods,Historical Cost,Billions of dollars,"September 26, 2025",19,Structures,1971,70.888
FAAT105,1.5,Investment in Fixed Assets and Consumer Durable Goods,Historical Cost,Billions of dollars,"September 26, 2025",19,Structures,1972,76.13
FAAT105,1.5,Investment in Fixed Assets and Consumer Durable Goods,Historical Cost,Billions of dollars,"September 26, 2025",19,Structures,1973,86.369
FAAT105,1.5,Investment in Fixed Assets and Consumer Durable Goods,Historical Cost,Billions of dollars,"September 26, 2025",19,Structures,1974,97.535
FAAT105,1.5,Investment in Fixed Assets and Consumer Durable Goods,Historical Cost,Billions of dollars,"September 26, 2025",19,Structures,1975,102.141
FAAT105,1.5,Investment in Fixed Assets and Consumer Durable Goods,Historical Cost,Billions of dollars,"September 26, 2025",19,Structures,1976,105.72
FAAT105,1.5,Investment in Fixed Assets and Consumer Durable Goods,Historical Cost,Billions of dollars,"September 26, 2025",19,Structures,1977,113.171
FAAT105,1.5,Investment in Fixed Assets and Consumer Durable Goods,Historical Cost,Billions of dollars,"September 26, 2025",19,Structures,1978,137.959
FAAT105,1.5,Investment in Fixed Assets and Consumer Durable Goods,Historical Cost,Billions of dollars,"September 26, 2025",19,Structures,1979,166.926
FAAT105,1.5,Investment in Fixed Assets and Consumer Durable Goods,Historical Cost,Billions of dollars,"September 26, 2025",19,Structures,1980,191.886
FAAT105,1.5,Investment in Fixed Assets and Consumer Durable Goods,Historical Cost,Billions of dollars,"September 26, 2025",19,Structures,1981,223.333
FAAT105,1.5,Investment in Fixed Assets and Consumer Durable Goods,Historical Cost,Billions of dollars,"September 26, 2025",19,Structures,1982,231.697
FAAT105,1.5,Investment in Fixed Assets and Consumer Durable Goods,Historical Cost,Billions of dollars,"September 26, 2025",19,Structures,1983,209.126
FAAT105,1.5,Investment in Fixed Assets and Consumer Durable Goods,Historical Cost,Billions of dollars,"September 26, 2025",19,Structures,1984,241.462
FAAT105,1.5,Investment in Fixed Assets and Consumer Durable Goods,Historical Cost,Billions of dollars,"September 26, 2025",19,Structures,1985,270.789
FAAT105,1.5,Investment in Fixed Assets and Consumer Durable Goods,Historical Cost,Billions of dollars,"September 26, 2025",19,Structures,1986,259.025
FAAT105,1.5,Investment in Fixed Assets and Consumer Durable Goods,Historical Cost,Billions of dollars,"September 26, 2025",19,Structures,1987,265.97
FAAT105,1.5,Investment in Fixed Assets and Consumer Durable Goods,Historical Cost,Billions of dollars,"September 26, 2025",19,Structures,1988,274.662
FAAT105,1.5,Investment in Fixed Assets and Consumer Durable Goods,Historical Cost,Billions of dollars,"September 26, 2025",19,Structures,1989,287.314
FAAT105,1.5,Investment in Fixed Assets and Consumer Durable Goods,Historical Cost,Billions of dollars,"September 26, 2025",19,Structures,1990,310.916
FAAT105,1.5,Investment in Fixed Assets and Consumer Durable Goods,Historical Cost,Billions of dollars,"September 26, 2025",19,Structures,1991,291.394
FAAT105,1.5,Investment in Fixed Assets and Consumer Durable Goods,Historical Cost,Billions of dollars,"September 26, 2025",19,Structures,1992,278.145
FAAT105,1.5,Investment in Fixed Assets and Consumer Durable Goods,Historical Cost,Billions of dollars,"September 26, 2025",19,Structures,1993,288.105
FAAT105,1.5,Investment in Fixed Assets and Consumer Durable Goods,Historical Cost,Billions of dollars,"September 26, 2025",19,Structures,1994,299.543
FAAT105,1.5,Investment in Fixed Assets and Consumer Durable Goods,Historical Cost,Billions of dollars,"September 26, 2025",19,Structures,1995,334.883
FAAT105,1.5,Investment in Fixed Assets and Consumer Durable Goods,Historical Cost,Billions of dollars,"September 26, 2025",19,Structures,1996,371.106
FAAT105,1.5,Investment in Fixed Assets and Consumer Durable Goods,Historical Cost,Billions of dollars,"September 26, 2025",19,Structures,1997,395.815
FAAT105,1.5,Investment in Fixed Assets and Consumer Durable Goods,Historical Cost,Billions of dollars,"September 26, 2025",19,Structures,1998,429.985
FAAT105,1.5,Investment in Fixed Assets and Consumer Durable Goods,Historical Cost,Billions of dollars,"September 26, 2025",19,Structures,1999,451.235
FAAT105,1.5,Investment in Fixed Assets and Consumer Durable Goods,Historical Cost,Billions of dollars,"September 26, 2025",19,Structures,2000,497.044
FAAT105,1.5,Investment in Fixed Assets and Consumer Durable Goods,Historical Cost,Billions of dollars,"September 26, 2025",19,Structures,2001,523.58
FAAT105,1.5,Investment in Fixed Assets and Consumer Durable Goods,Historical Cost,Billions of dollars,"September 26, 2025",19,Structures,2002,491.215
FAAT105,1.5,Investment in Fixed Assets and Consumer Durable Goods,Historical Cost,Billions of dollars,"September 26, 2025",19,Structures,2003,498.804
FAAT105,1.5,Investment in Fixed Assets and Consumer Durable Goods,Historical Cost,Billions of dollars,"September 26, 2025",19,Structures,2004,526.247
FAAT105,1.5,Investment in Fixed Assets and Consumer Durable Goods,Historical Cost,Billions of dollars,"September 26, 2025",19,Structures,2005,581.208
FAAT105,1.5,Investment in Fixed Assets and Consumer Durable Goods,Historical Cost,Billions of dollars,"September 26, 2025",19,Structures,2006,673.372
FAAT105,1.5,Investment in Fixed Assets and Consumer Durable Goods,Historical Cost,Billions of dollars,"September 26, 2025",19,Structures,2007,780.458
FAAT105,1.5,Investment in Fixed Assets and Consumer Durable Goods,Historical Cost,Billions of dollars,"September 26, 2025",19,Structures,2008,852.036
FAAT105,1.5,Investment in Fixed Assets and Consumer Durable Goods,Historical Cost,Billions of dollars,"September 26, 2025",19,Structures,2009,746.17
FAAT105,1.5,Investment in Fixed Assets and Consumer Durable Goods,Historical Cost,Billions of dollars,"September 26, 2025",19,Structures,2010,669.279
FAAT105,1.5,Investment in Fixed Assets and Consumer Durable Goods,Historical Cost,Billions of dollars,"September 26, 2025",19,Structures,2011,686.961
FAAT105,1.5,Investment in Fixed Assets and Consumer Durable Goods,Historical Cost,Billions of dollars,"September 26, 2025",19,Structures,2012,742.964
FAAT105,1.5,Investment in Fixed Assets and Consumer Durable Goods,Historical Cost,Billions of dollars,"September 26, 2025",19,Structures,2013,746.208
FAAT105,1.5,Investment in Fixed Assets and Consumer Durable Goods,Historical Cost,Billions of dollars,"September 26, 2025",19,Structures,2014,833.823
FAAT105,1.5,Investment in Fixed Assets and Consumer Durable Goods,Historical Cost,Billions of dollars,"September 26, 2025",19,Structures,2015,852.991
FAAT105,1.5,Investment in Fixed Assets and Consumer Durable Goods,Historical Cost,Billions of dollars,"September 26, 2025",19,Structures,2016,841.565
FAAT105,1.5,Investment in Fixed Assets and Consumer Durable Goods,Historical Cost,Billions of dollars,"September 26, 2025",19,Structures,2017,882.447
FAAT105,1.5,Investment in Fixed Assets and Consumer Durable Goods,Historical Cost,Billions of dollars,"September 26, 2025",19,Structures,2018,943.651
FAAT105,1.5,Investment in Fixed Assets and Consumer Durable Goods,Historical Cost,Billions of dollars,"September 26, 2025",19,Structures,2019,1004.192
FAAT105,1.5,Investment in Fixed Assets and Consumer Durable Goods,Historical Cost,Billions of dollars,"September 26, 2025",19,Structures,2020,954.212
FAAT105,1.5,Investment in Fixed Assets and Consumer Durable Goods,Historical Cost,Billions of dollars,"September 26, 2025",19,Structures,2021,945.554
FAAT105,1.5,Investment in Fixed Assets and Consumer Durable Goods,Historical Cost,Billions of dollars,"September 26, 2025",19,Structures,2022,1099.816
FAAT105,1.5,Investment in Fixed Assets and Consumer Durable Goods,Historical Cost,Billions of dollars,"September 26, 2025",19,Structures,2023,1324.812
FAAT105,1.5,Investment in Fixed Assets and Consumer Durable Goods,Historical Cost,Billions of dollars,"September 26, 2025",19,Structures,2024,1376.934
FAAT105,1.5,Investment in Fixed Assets and Consumer Durable Goods,Historical Cost,Billions of dollars,"September 26, 2025",19,Structures,1901,1.496
FAAT105,1.5,Investment in Fixed Assets and Consumer Durable Goods,Historical Cost,Billions of dollars,"September 26, 2025",19,Structures,1902,1.865
FAAT105,1.5,Investment in Fixed Assets and Consumer Durable Goods,Historical Cost,Billions of dollars,"September 26, 2025",19,Structures,1903,2.077
FAAT105,1.5,Investment in Fixed Assets and Consumer Durable Goods,Historical Cost,Billions of dollars,"September 26, 2025",19,Structures,1904,1.922
FAAT105,1.5,Investment in Fixed Assets and Consumer Durable Goods,Historical Cost,Billions of dollars,"September 26, 2025",19,Structures,1905,1.919
FAAT105,1.5,Investment in Fixed Assets and Consumer Durable Goods,Historical Cost,Billions of dollars,"September 26, 2025",19,Structures,1906,2.171
FAAT105,1.5,Investment in Fixed Assets and Consumer Durable Goods,Historical Cost,Billions of dollars,"September 26, 2025",19,Structures,1907,2.405
FAAT105,1.5,Investment in Fixed Assets and Consumer Durable Goods,Historical Cost,Billions of dollars,"September 26, 2025",19,Structures,1908,2.228
FAAT105,1.5,Investment in Fixed Assets and Consumer Durable Goods,Historical Cost,Billions of dollars,"September 26, 2025",19,Structures,1909,2.475
FAAT105,1.5,Investment in Fixed Assets and Consumer Durable Goods,Historical Cost,Billions of dollars,"September 26, 2025",19,Structures,1910,2.817
FAAT105,1.5,Investment in Fixed Assets and Consumer Durable Goods,Historical Cost,Billions of dollars,"September 26, 2025",19,Structures,1911,2.755
FAAT105,1.5,Investment in Fixed Assets and Consumer Durable Goods,Historical Cost,Billions of dollars,"September 26, 2025",19,Structures,1912,2.862
FAAT105,1.5,Investment in Fixed Assets and Consumer Durable Goods,Historical Cost,Billions of dollars,"September 26, 2025",19,Structures,1913,2.849
FAAT105,1.5,Investment in Fixed Assets and Consumer Durable Goods,Historical Cost,Billions of dollars,"September 26, 2025",20,Intellectual property products,1920,0.337
FAAT105,1.5,Investment in Fixed Assets and Consumer Durable Goods,Historical Cost,Billions of dollars,"September 26, 2025",20,Intellectual property products,1921,0.333
FAAT105,1.5,Investment in Fixed Assets and Consumer Durable Goods,Historical Cost,Billions of dollars,"September 26, 2025",20,Intellectual property products,1922,0.344
FAAT105,1.5,Investment in Fixed Assets and Consumer Durable Goods,Historical Cost,Billions of dollars,"September 26, 2025",20,Intellectual property products,1923,0.359
FAAT105,1.5,Investment in Fixed Assets and Consumer Durable Goods,Historical Cost,Billions of dollars,"September 26, 2025",20,Intellectual property products,1924,0.371
FAAT105,1.5,Investment in Fixed Assets and Consumer Durable Goods,Historical Cost,Billions of dollars,"September 26, 2025",20,Intellectual property products,1925,0.392
FAAT105,1.5,Investment in Fixed Assets and Consumer Durable Goods,Historical Cost,Billions of dollars,"September 26, 2025",20,Intellectual property products,1926,0.411
FAAT105,1.5,Investment in Fixed Assets and Consumer Durable Goods,Historical Cost,Billions of dollars,"September 26, 2025",20,Intellectual property products,1927,0.447
FAAT105,1.5,Investment in Fixed Assets and Consumer Durable Goods,Historical Cost,Billions of dollars,"September 26, 2025",20,Intellectual property products,1928,0.507
FAAT105,1.5,Investment in Fixed Assets and Consumer Durable Goods,Historical Cost,Billions of dollars,"September 26, 2025",20,Intellectual property products,1929,0.638
FAAT105,1.5,Investment in Fixed Assets and Consumer Durable Goods,Historical Cost,Billions of dollars,"September 26, 2025",20,Intellectual property products,1930,0.636
FAAT105,1.5,Investment in Fixed Assets and Consumer Durable Goods,Historical Cost,Billions of dollars,"September 26, 2025",20,Intellectual property products,1931,0.594
FAAT105,1.5,Investment in Fixed Assets and Consumer Durable Goods,Historical Cost,Billions of dollars,"September 26, 2025",20,Intellectual property products,1932,0.557
FAAT105,1.5,Investment in Fixed Assets and Consumer Durable Goods,Historical Cost,Billions of dollars,"September 26, 2025",20,Intellectual property products,1933,0.533
FAAT105,1.5,Investment in Fixed Assets and Consumer Durable Goods,Historical Cost,Billions of dollars,"September 26, 2025",20,Intellectual property products,1934,0.593
FAAT105,1.5,Investment in Fixed Assets and Consumer Durable Goods,Historical Cost,Billions of dollars,"September 26, 2025",20,Intellectual property products,1935,0.655
FAAT105,1.5,Investment in Fixed Assets and Consumer Durable Goods,Historical Cost,Billions of dollars,"September 26, 2025",20,Intellectual property products,1936,0.747
FAAT105,1.5,Investment in Fixed Assets and Consumer Durable Goods,Historical Cost,Billions of dollars,"September 26, 2025",20,Intellectual property products,1937,0.812
FAAT105,1.5,Investment in Fixed Assets and Consumer Durable Goods,Historical Cost,Billions of dollars,"September 26, 2025",20,Intellectual property products,1938,0.872
FAAT105,1.5,Investment in Fixed Assets and Consumer Durable Goods,Historical Cost,Billions of dollars,"September 26, 2025",20,Intellectual property products,1939,0.896
FAAT105,1.5,Investment in Fixed Assets and Consumer Durable Goods,Historical Cost,Billions of dollars,"September 26, 2025",20,Intellectual property products,1940,0.956
FAAT105,1.5,Investment in Fixed Assets and Consumer Durable Goods,Historical Cost,Billions of dollars,"September 26, 2025",20,Intellectual property products,1941,1.454
FAAT105,1.5,Investment in Fixed Assets and Consumer Durable Goods,Historical Cost,Billions of dollars,"September 26, 2025",20,Intellectual property products,1942,1.704
FAAT105,1.5,Investment in Fixed Assets and Consumer Durable Goods,Historical Cost,Billions of dollars,"September 26, 2025",20,Intellectual property products,1943,2.075
FAAT105,1.5,Investment in Fixed Assets and Consumer Durable Goods,Historical Cost,Billions of dollars,"September 26, 2025",20,Intellectual property products,1944,2.79
FAAT105,1.5,Investment in Fixed Assets and Consumer Durable Goods,Historical Cost,Billions of dollars,"September 26, 2025",20,Intellectual property products,1945,2.963
FAAT105,1.5,Investment in Fixed Assets and Consumer Durable Goods,Historical Cost,Billions of dollars,"September 26, 2025",20,Intellectual property products,1946,3.244
FAAT105,1.5,Investment in Fixed Assets and Consumer Durable Goods,Historical Cost,Billions of dollars,"September 26, 2025",20,Intellectual property products,1947,3.408
FAAT105,1.5,Investment in Fixed Assets and Consumer Durable Goods,Historical Cost,Billions of dollars,"September 26, 2025",20,Intellectual property products,1948,3.669
FAAT105,1.5,Investment in Fixed Assets and Consumer Durable Goods,Historical Cost,Billions of dollars,"September 26, 2025",20,Intellectual property products,1949,3.758
FAAT105,1.5,Investment in Fixed Assets and Consumer Durable Goods,Historical Cost,Billions of dollars,"September 26, 2025",20,Intellectual property products,1950,4.139
FAAT105,1.5,Investment in Fixed Assets and Consumer Durable Goods,Historical Cost,Billions of dollars,"September 26, 2025",20,Intellectual property products,1951,4.457
FAAT105,1.5,Investment in Fixed Assets and Consumer Durable Goods,Historical Cost,Billions of dollars,"September 26, 2025",20,Intellectual property products,1952,5.352
FAAT105,1.5,Investment in Fixed Assets and Consumer Durable Goods,Historical Cost,Billions of dollars,"September 26, 2025",20,Intellectual property products,1953,6.344
FAAT105,1.5,Investment in Fixed Assets and Consumer Durable Goods,Historical Cost,Billions of dollars,"September 26, 2025",20,Intellectual property products,1954,6.922
FAAT105,1.5,Investment in Fixed Assets and Consumer Durable Goods,Historical Cost,Billions of dollars,"September 26, 2025",20,Intellectual property products,1955,7.901
FAAT105,1.5,Investment in Fixed Assets and Consumer Durable Goods,Historical Cost,Billions of dollars,"September 26, 2025",20,Intellectual property products,1956,10.06
FAAT105,1.5,Investment in Fixed Assets and Consumer Durable Goods,Historical Cost,Billions of dollars,"September 26, 2025",20,Intellectual property products,1957,11.452
FAAT105,1.5,Investment in Fixed Assets and Consumer Durable Goods,Historical Cost,Billions of dollars,"September 26, 2025",20,Intellectual property products,1958,12.397
FAAT105,1.5,Investment in Fixed Assets and Consumer Durable Goods,Historical Cost,Billions of dollars,"September 26, 2025",20,Intellectual property products,1959,13.617
FAAT105,1.5,Investment in Fixed Assets and Consumer Durable Goods,Historical Cost,Billions of dollars,"September 26, 2025",20,Intellectual property products,1960,14.951
FAAT105,1.5,Investment in Fixed Assets and Consumer Durable Goods,Historical Cost,Billions of dollars,"September 26, 2025",20,Intellectual property products,1961,16.762
FAAT105,1.5,Investment in Fixed Assets and Consumer Durable Goods,Historical Cost,Billions of dollars,"September 26, 2025",20,Intellectual property products,1962,18.235
FAAT105,1.5,Investment in Fixed Assets and Consumer Durable Goods,Historical Cost,Billions of dollars,"September 26, 2025",20,Intellectual property products,1963,20.912
FAAT105,1.5,Investment in Fixed Assets and Consumer Durable Goods,Historical Cost,Billions of dollars,"September 26, 2025",20,Intellectual property products,1964,22.689
FAAT105,1.5,Investment in Fixed Assets and Consumer Durable Goods,Historical Cost,Billions of dollars,"September 26, 2025",20,Intellectual property products,1965,24.896
FAAT105,1.5,Investment in Fixed Assets and Consumer Durable Goods,Historical Cost,Billions of dollars,"September 26, 2025",20,Intellectual property products,1966,28.159
FAAT105,1.5,Investment in Fixed Assets and Consumer Durable Goods,Historical Cost,Billions of dollars,"September 26, 2025",20,Intellectual property products,1967,30.13
FAAT105,1.5,Investment in Fixed Assets and Consumer Durable Goods,Historical Cost,Billions of dollars,"September 26, 2025",20,Intellectual property products,1968,32.571
FAAT105,1.5,Investment in Fixed Assets and Consumer Durable Goods,Historical Cost,Billions of dollars,"September 26, 2025",20,Intellectual property products,1969,34.82
FAAT105,1.5,Investment in Fixed Assets and Consumer Durable Goods,Historical Cost,Billions of dollars,"September 26, 2025",20,Intellectual property products,1970,35.472
FAAT105,1.5,Investment in Fixed Assets and Consumer Durable Goods,Historical Cost,Billions of dollars,"September 26, 2025",20,Intellectual property products,1971,36.668
FAAT105,1.5,Investment in Fixed Assets and Consumer Durable Goods,Historical Cost,Billions of dollars,"September 26, 2025",20,Intellectual property products,1972,39.812
FAAT105,1.5,Investment in Fixed Assets and Consumer Durable Goods,Historical Cost,Billions of dollars,"September 26, 2025",20,Intellectual property products,1973,42.95
FAAT105,1.5,Investment in Fixed Assets and Consumer Durable Goods,Historical Cost,Billions of dollars,"September 26, 2025",20,Intellectual property products,1974,46.917
FAAT105,1.5,Investment in Fixed Assets and Consumer Durable Goods,Historical Cost,Billions of dollars,"September 26, 2025",20,Intellectual property products,1975,50.985
FAAT105,1.5,Investment in Fixed Assets and Consumer Durable Goods,Historical Cost,Billions of dollars,"September 26, 2025",20,Intellectual property products,1976,57.593
FAAT105,1.5,Investment in Fixed Assets and Consumer Durable Goods,Historical Cost,Billions of dollars,"September 26, 2025",20,Intellectual property products,1977,63.574
FAAT105,1.5,Investment in Fixed Assets and Consumer Durable Goods,Historical Cost,Billions of dollars,"September 26, 2025",20,Intellectual property products,1978,71.213
FAAT105,1.5,Investment in Fixed Assets and Consumer Durable Goods,Historical Cost,Billions of dollars,"September 26, 2025",20,Intellectual property products,1979,82.881
FAAT105,1.5,Investment in Fixed Assets and Consumer Durable Goods,Historical Cost,Billions of dollars,"September 26, 2025",20,Intellectual property products,1980,93.691
FAAT105,1.5,Investment in Fixed Assets and Consumer Durable Goods,Historical Cost,Billions of dollars,"September 26, 2025",20,Intellectual property products,1981,109.533
FAAT105,1.5,Investment in Fixed Assets and Consumer Durable Goods,Historical Cost,Billions of dollars,"September 26, 2025",20,Intellectual property products,1982,122.047
FAAT105,1.5,Investment in Fixed Assets and Consumer Durable Goods,Historical Cost,Billions of dollars,"September 26, 2025",20,Intellectual property products,1983,136.262
FAAT105,1.5,Investment in Fixed Assets and Consumer Durable Goods,Historical Cost,Billions of dollars,"September 26, 2025",20,Intellectual property products,1984,156.96
FAAT105,1.5,Investment in Fixed Assets and Consumer Durable Goods,Historical Cost,Billions of dollars,"September 26, 2025",20,Intellectual property products,1985,175.973
FAAT105,1.5,Investment in Fixed Assets and Consumer Durable Goods,Historical Cost,Billions of dollars,"September 26, 2025",20,Intellectual property products,1986,188.33
FAAT105,1.5,Investment in Fixed Assets and Consumer Durable Goods,Historical Cost,Billions of dollars,"September 26, 2025",20,Intellectual property products,1987,201.833
FAAT105,1.5,Investment in Fixed Assets and Consumer Durable Goods,Historical Cost,Billions of dollars,"September 26, 2025",20,Intellectual property products,1988,217.798
FAAT105,1.5,Investment in Fixed Assets and Consumer Durable Goods,Historical Cost,Billions of dollars,"September 26, 2025",20,Intellectual property products,1989,237.903
FAAT105,1.5,Investment in Fixed Assets and Consumer Durable Goods,Historical Cost,Billions of dollars,"September 26, 2025",20,Intellectual property products,1990,255.55
FAAT105,1.5,Investment in Fixed Assets and Consumer Durable Goods,Historical Cost,Billions of dollars,"September 26, 2025",20,Intellectual property products,1991,270.547
FAAT105,1.5,Investment in Fixed Assets and Consumer Durable Goods,Historical Cost,Billions of dollars,"September 26, 2025",20,Intellectual property products,1992,279.274
FAAT105,1.5,Investment in Fixed Assets and Consumer Durable Goods,Historical Cost,Billions of dollars,"September 26, 2025",20,Intellectual property products,1993,288.31
FAAT105,1.5,Investment in Fixed Assets and Consumer Durable Goods,Historical Cost,Billions of dollars,"September 26, 2025",20,Intellectual property products,1994,297.739
FAAT105,1.5,Investment in Fixed Assets and Consumer Durable Goods,Historical Cost,Billions of dollars,"September 26, 2025",20,Intellectual property products,1995,320.893
FAAT105,1.5,Investment in Fixed Assets and Consumer Durable Goods,Historical Cost,Billions of dollars,"September 26, 2025",20,Intellectual property products,1996,348.795
FAAT105,1.5,Investment in Fixed Assets and Consumer Durable Goods,Historical Cost,Billions of dollars,"September 26, 2025",20,Intellectual property products,1997,386.302
FAAT105,1.5,Investment in Fixed Assets and Consumer Durable Goods,Historical Cost,Billions of dollars,"September 26, 2025",20,Intellectual property products,1998,420.422
FAAT105,1.5,Investment in Fixed Assets and Consumer Durable Goods,Historical Cost,Billions of dollars,"September 26, 2025",20,Intellectual property products,1999,471.661
FAAT105,1.5,Investment in Fixed Assets and Consumer Durable Goods,Historical Cost,Billions of dollars,"September 26, 2025",20,Intellectual property products,2000,524.488
FAAT105,1.5,Investment in Fixed Assets and Consumer Durable Goods,Historical Cost,Billions of dollars,"September 26, 2025",20,Intellectual property products,2001,534.721
FAAT105,1.5,Investment in Fixed Assets and Consumer Durable Goods,Historical Cost,Billions of dollars,"September 26, 2025",20,Intellectual property products,2002,533.353
FAAT105,1.5,Investment in Fixed Assets and Consumer Durable Goods,Historical Cost,Billions of dollars,"September 26, 2025",20,Intellectual property products,2003,554.353
FAAT105,1.5,Investment in Fixed Assets and Consumer Durable Goods,Historical Cost,Billions of dollars,"September 26, 2025",20,Intellectual property products,2004,581.869
FAAT105,1.5,Investment in Fixed Assets and Consumer Durable Goods,Historical Cost,Billions of dollars,"September 26, 2025",20,Intellectual property products,2005,625.554
FAAT105,1.5,Investment in Fixed Assets and Consumer Durable Goods,Historical Cost,Billions of dollars,"September 26, 2025",20,Intellectual property products,2006,665.399
FAAT105,1.5,Investment in Fixed Assets and Consumer Durable Goods,Historical Cost,Billions of dollars,"September 26, 2025",20,Intellectual property products,2007,711.48
FAAT105,1.5,Investment in Fixed Assets and Consumer Durable Goods,Historical Cost,Billions of dollars,"September 26, 2025",20,Intellectual property products,2008,747.742
FAAT105,1.5,Investment in Fixed Assets and Consumer Durable Goods,Historical Cost,Billions of dollars,"September 26, 2025",20,Intellectual property products,2009,739.951
FAAT105,1.5,Investment in Fixed Assets and Consumer Durable Goods,Historical Cost,Billions of dollars,"September 26, 2025",20,Intellectual property products,2010,759.762
FAAT105,1.5,Investment in Fixed Assets and Consumer Durable Goods,Historical Cost,Billions of dollars,"September 26, 2025",20,Intellectual property products,2011,807.706
FAAT105,1.5,Investment in Fixed Assets and Consumer Durable Goods,Historical Cost,Billions of dollars,"September 26, 2025",20,Intellectual property products,2012,841.849
FAAT105,1.5,Investment in Fixed Assets and Consumer Durable Goods,Historical Cost,Billions of dollars,"September 26, 2025",20,Intellectual property products,2013,883.775
FAAT105,1.5,Investment in Fixed Assets and Consumer Durable Goods,Historical Cost,Billions of dollars,"September 26, 2025",20,Intellectual property products,2014,931.735
FAAT105,1.5,Investment in Fixed Assets and Consumer Durable Goods,Historical Cost,Billions of dollars,"September 26, 2025",20,Intellectual property products,2015,975.867
FAAT105,1.5,Investment in Fixed Assets and Consumer Durable Goods,Historical Cost,Billions of dollars,"September 26, 2025",20,Intellectual property products,2016,1047.288
FAAT105,1.5,Investment in Fixed Assets and Consumer Durable Goods,Historical Cost,Billions of dollars,"September 26, 2025",20,Intellectual property products,2017,1123.772
FAAT105,1.5,Investment in Fixed Assets and Consumer Durable Goods,Historical Cost,Billions of dollars,"September 26, 2025",20,Intellectual property products,2018,1224.074
FAAT105,1.5,Investment in Fixed Assets and Consumer Durable Goods,Historical Cost,Billions of dollars,"September 26, 2025",20,Intellectual property products,2019,1318.113
FAAT105,1.5,Investment in Fixed Assets and Consumer Durable Goods,Historical Cost,Billions of dollars,"September 26, 2025",20,Intellectual property products,2020,1406.185
FAAT105,1.5,Investment in Fixed Assets and Consumer Durable Goods,Historical Cost,Billions of dollars,"September 26, 2025",20,Intellectual property products,2021,1557.209
FAAT105,1.5,Investment in Fixed Assets and Consumer Durable Goods,Historical Cost,Billions of dollars,"September 26, 2025",20,Intellectual property products,2022,1750.98
FAAT105,1.5,Investment in Fixed Assets and Consumer Durable Goods,Historical Cost,Billions of dollars,"September 26, 2025",20,Intellectual property products,2023,1858.46
FAAT105,1.5,Investment in Fixed Assets and Consumer Durable Goods,Historical Cost,Billions of dollars,"September 26, 2025",20,Intellectual property products,2024,1958.709
FAAT105,1.5,Investment in Fixed Assets and Consumer Durable Goods,Historical Cost,Billions of dollars,"September 26, 2025",21,Residential,1914,1.433
FAAT105,1.5,Investment in Fixed Assets and Consumer Durable Goods,Historical Cost,Billions of dollars,"September 26, 2025",21,Residential,1915,1.541
FAAT105,1.5,Investment in Fixed Assets and Consumer Durable Goods,Historical Cost,Billions of dollars,"September 26, 2025",21,Residential,1916,1.686
FAAT105,1.5,Investment in Fixed Assets and Consumer Durable Goods,Historical Cost,Billions of dollars,"September 26, 2025",21,Residential,1917,1.227
FAAT105,1.5,Investment in Fixed Assets and Consumer Durable Goods,Historical Cost,Billions of dollars,"September 26, 2025",21,Residential,1918,0.804
FAAT105,1.5,Investment in Fixed Assets and Consumer Durable Goods,Historical Cost,Billions of dollars,"September 26, 2025",21,Residential,1919,1.885
FAAT105,1.5,Investment in Fixed Assets and Consumer Durable Goods,Historical Cost,Billions of dollars,"September 26, 2025",21,Residential,1920,1.714
FAAT105,1.5,Investment in Fixed Assets and Consumer Durable Goods,Historical Cost,Billions of dollars,"September 26, 2025",21,Residential,1921,2.33
FAAT105,1.5,Investment in Fixed Assets and Consumer Durable Goods,Historical Cost,Billions of dollars,"September 26, 2025",21,Residential,1922,3.616
FAAT105,1.5,Investment in Fixed Assets and Consumer Durable Goods,Historical Cost,Billions of dollars,"September 26, 2025",21,Residential,1923,4.746
FAAT105,1.5,Investment in Fixed Assets and Consumer Durable Goods,Historical Cost,Billions of dollars,"September 26, 2025",21,Residential,1924,5.423
FAAT105,1.5,Investment in Fixed Assets and Consumer Durable Goods,Historical Cost,Billions of dollars,"September 26, 2025",21,Residential,1925,5.854
FAAT105,1.5,Investment in Fixed Assets and Consumer Durable Goods,Historical Cost,Billions of dollars,"September 26, 2025",21,Residential,1926,5.907
FAAT105,1.5,Investment in Fixed Assets and Consumer Durable Goods,Historical Cost,Billions of dollars,"September 26, 2025",21,Residential,1927,5.523
FAAT105,1.5,Investment in Fixed Assets and Consumer Durable Goods,Historical Cost,Billions of dollars,"September 26, 2025",21,Residential,1928,5.143
FAAT105,1.5,Investment in Fixed Assets and Consumer Durable Goods,Historical Cost,Billions of dollars,"September 26, 2025",21,Residential,1929,4.063
FAAT105,1.5,Investment in Fixed Assets and Consumer Durable Goods,Historical Cost,Billions of dollars,"September 26, 2025",21,Residential,1930,2.472
FAAT105,1.5,Investment in Fixed Assets and Consumer Durable Goods,Historical Cost,Billions of dollars,"September 26, 2025",21,Residential,1931,1.901
FAAT105,1.5,Investment in Fixed Assets and Consumer Durable Goods,Historical Cost,Billions of dollars,"September 26, 2025",21,Residential,1932,0.879
FAAT105,1.5,Investment in Fixed Assets and Consumer Durable Goods,Historical Cost,Billions of dollars,"September 26, 2025",21,Residential,1933,0.725
FAAT105,1.5,Investment in Fixed Assets and Consumer Durable Goods,Historical Cost,Billions of dollars,"September 26, 2025",21,Residential,1934,1.046
FAAT105,1.5,Investment in Fixed Assets and Consumer Durable Goods,Historical Cost,Billions of dollars,"September 26, 2025",21,Residential,1935,1.426
FAAT105,1.5,Investment in Fixed Assets and Consumer Durable Goods,Historical Cost,Billions of dollars,"September 26, 2025",21,Residential,1936,1.913
FAAT105,1.5,Investment in Fixed Assets and Consumer Durable Goods,Historical Cost,Billions of dollars,"September 26, 2025",21,Residential,1937,2.292
FAAT105,1.5,Investment in Fixed Assets and Consumer Durable Goods,Historical Cost,Billions of dollars,"September 26, 2025",21,Residential,1938,2.303
FAAT105,1.5,Investment in Fixed Assets and Consumer Durable Goods,Historical Cost,Billions of dollars,"September 26, 2025",21,Residential,1939,3.255
FAAT105,1.5,Investment in Fixed Assets and Consumer Durable Goods,Historical Cost,Billions of dollars,"September 26, 2025",21,Residential,1940,3.899
FAAT105,1.5,Investment in Fixed Assets and Consumer Durable Goods,Historical Cost,Billions of dollars,"September 26, 2025",21,Residential,1941,4.728
FAAT105,1.5,Investment in Fixed Assets and Consumer Durable Goods,Historical Cost,Billions of dollars,"September 26, 2025",21,Residential,1942,2.97
FAAT105,1.5,Investment in Fixed Assets and Consumer Durable Goods,Historical Cost,Billions of dollars,"September 26, 2025",21,Residential,1943,2.402
FAAT105,1.5,Investment in Fixed Assets and Consumer Durable Goods,Historical Cost,Billions of dollars,"September 26, 2025",21,Residential,1944,1.766
FAAT105,1.5,Investment in Fixed Assets and Consumer Durable Goods,Historical Cost,Billions of dollars,"September 26, 2025",21,Residential,1945,1.995
FAAT105,1.5,Investment in Fixed Assets and Consumer Durable Goods,Historical Cost,Billions of dollars,"September 26, 2025",21,Residential,1946,8.469
FAAT105,1.5,Investment in Fixed Assets and Consumer Durable Goods,Historical Cost,Billions of dollars,"September 26, 2025",21,Residential,1947,12.581
FAAT105,1.5,Investment in Fixed Assets and Consumer Durable Goods,Historical Cost,Billions of dollars,"September 26, 2025",21,Residential,1948,16.187
FAAT105,1.5,Investment in Fixed Assets and Consumer Durable Goods,Historical Cost,Billions of dollars,"September 26, 2025",21,Residential,1949,15.418
FAAT105,1.5,Investment in Fixed Assets and Consumer Durable Goods,Historical Cost,Billions of dollars,"September 26, 2025",21,Residential,1950,21.268
FAAT105,1.5,Investment in Fixed Assets and Consumer Durable Goods,Historical Cost,Billions of dollars,"September 26, 2025",21,Residential,1951,19.424
FAAT105,1.5,Investment in Fixed Assets and Consumer Durable Goods,Historical Cost,Billions of dollars,"September 26, 2025",21,Residential,1952,19.635
FAAT105,1.5,Investment in Fixed Assets and Consumer Durable Goods,Historical Cost,Billions of dollars,"September 26, 2025",21,Residential,1953,20.38
FAAT105,1.5,Investment in Fixed Assets and Consumer Durable Goods,Historical Cost,Billions of dollars,"September 26, 2025",21,Residential,1954,21.888
FAAT105,1.5,Investment in Fixed Assets and Consumer Durable Goods,Historical Cost,Billions of dollars,"September 26, 2025",21,Residential,1955,25.724
FAAT105,1.5,Investment in Fixed Assets and Consumer Durable Goods,Historical Cost,Billions of dollars,"September 26, 2025",21,Residential,1956,24.344
FAAT105,1.5,Investment in Fixed Assets and Consumer Durable Goods,Historical Cost,Billions of dollars,"September 26, 2025",21,Residential,1957,23.172
FAAT105,1.5,Investment in Fixed Assets and Consumer Durable Goods,Historical Cost,Billions of dollars,"September 26, 2025",21,Residential,1958,23.683
FAAT105,1.5,Investment in Fixed Assets and Consumer Durable Goods,Historical Cost,Billions of dollars,"September 26, 2025",21,Residential,1959,29.6
FAAT105,1.5,Investment in Fixed Assets and Consumer Durable Goods,Historical Cost,Billions of dollars,"September 26, 2025",21,Residential,1960,27.618
FAAT105,1.5,Investment in Fixed Assets and Consumer Durable Goods,Historical Cost,Billions of dollars,"September 26, 2025",21,Residential,1961,27.91
FAAT105,1.5,Investment in Fixed Assets and Consumer Durable Goods,Historical Cost,Billions of dollars,"September 26, 2025",21,Residential,1962,30.636
FAAT105,1.5,Investment in Fixed Assets and Consumer Durable Goods,Historical Cost,Billions of dollars,"September 26, 2025",21,Residential,1963,33.462
FAAT105,1.5,Investment in Fixed Assets and Consumer Durable Goods,Historical Cost,Billions of dollars,"September 26, 2025",21,Residential,1964,35.747
FAAT105,1.5,Investment in Fixed Assets and Consumer Durable Goods,Historical Cost,Billions of dollars,"September 26, 2025",21,Residential,1965,35.86
FAAT105,1.5,Investment in Fixed Assets and Consumer Durable Goods,Historical Cost,Billions of dollars,"September 26, 2025",21,Residential,1966,34.142
FAAT105,1.5,Investment in Fixed Assets and Consumer Durable Goods,Historical Cost,Billions of dollars,"September 26, 2025",21,Residential,1967,34.471
FAAT105,1.5,Investment in Fixed Assets and Consumer Durable Goods,Historical Cost,Billions of dollars,"September 26, 2025",21,Residential,1968,41.071
FAAT105,1.5,Investment in Fixed Assets and Consumer Durable Goods,Historical Cost,Billions of dollars,"September 26, 2025",21,Residential,1969,45.531
FAAT105,1.5,Investment in Fixed Assets and Consumer Durable Goods,Historical Cost,Billions of dollars,"September 26, 2025",21,Residential,1970,44.63
FAAT105,1.5,Investment in Fixed Assets and Consumer Durable Goods,Historical Cost,Billions of dollars,"September 26, 2025",21,Residential,1971,59.424
FAAT105,1.5,Investment in Fixed Assets and Consumer Durable Goods,Historical Cost,Billions of dollars,"September 26, 2025",21,Residential,1972,73.61
FAAT105,1.5,Investment in Fixed Assets and Consumer Durable Goods,Historical Cost,Billions of dollars,"September 26, 2025",21,Residential,1973,79.632
FAAT105,1.5,Investment in Fixed Assets and Consumer Durable Goods,Historical Cost,Billions of dollars,"September 26, 2025",21,Residential,1974,70.854
FAAT105,1.5,Investment in Fixed Assets and Consumer Durable Goods,Historical Cost,Billions of dollars,"September 26, 2025",21,Residential,1975,68.456
FAAT105,1.5,Investment in Fixed Assets and Consumer Durable Goods,Historical Cost,Billions of dollars,"September 26, 2025",21,Residential,1976,88.324
FAAT105,1.5,Investment in Fixed Assets and Consumer Durable Goods,Historical Cost,Billions of dollars,"September 26, 2025",21,Residential,1977,116.923
FAAT105,1.5,Investment in Fixed Assets and Consumer Durable Goods,Historical Cost,Billions of dollars,"September 26, 2025",21,Residential,1978,139.725
FAAT105,1.5,Investment in Fixed Assets and Consumer Durable Goods,Historical Cost,Billions of dollars,"September 26, 2025",21,Residential,1979,149.852
FAAT105,1.5,Investment in Fixed Assets and Consumer Durable Goods,Historical Cost,Billions of dollars,"September 26, 2025",21,Residential,1980,132.065
FAAT105,1.5,Investment in Fixed Assets and Consumer Durable Goods,Historical Cost,Billions of dollars,"September 26, 2025",21,Residential,1981,131.518
FAAT105,1.5,Investment in Fixed Assets and Consumer Durable Goods,Historical Cost,Billions of dollars,"September 26, 2025",21,Residential,1982,113.984
FAAT105,1.5,Investment in Fixed Assets and Consumer Durable Goods,Historical Cost,Billions of dollars,"September 26, 2025",21,Residential,1983,164.748
FAAT105,1.5,Investment in Fixed Assets and Consumer Durable Goods,Historical Cost,Billions of dollars,"September 26, 2025",21,Residential,1984,193.922
FAAT105,1.5,Investment in Fixed Assets and Consumer Durable Goods,Historical Cost,Billions of dollars,"September 26, 2025",21,Residential,1985,204.206
FAAT105,1.5,Investment in Fixed Assets and Consumer Durable Goods,Historical Cost,Billions of dollars,"September 26, 2025",21,Residential,1986,239.076
FAAT105,1.5,Investment in Fixed Assets and Consumer Durable Goods,Historical Cost,Billions of dollars,"September 26, 2025",21,Residential,1987,254.459
FAAT105,1.5,Investment in Fixed Assets and Consumer Durable Goods,Historical Cost,Billions of dollars,"September 26, 2025",21,Residential,1988,260.826
FAAT105,1.5,Investment in Fixed Assets and Consumer Durable Goods,Historical Cost,Billions of dollars,"September 26, 2025",21,Residential,1989,260.688
FAAT105,1.5,Investment in Fixed Assets and Consumer Durable Goods,Historical Cost,Billions of dollars,"September 26, 2025",21,Residential,1990,244.837
FAAT105,1.5,Investment in Fixed Assets and Consumer Durable Goods,Historical Cost,Billions of dollars,"September 26, 2025",21,Residential,1991,225.9
FAAT105,1.5,Investment in Fixed Assets and Consumer Durable Goods,Historical Cost,Billions of dollars,"September 26, 2025",21,Residential,1992,259.758
FAAT105,1.5,Investment in Fixed Assets and Consumer Durable Goods,Historical Cost,Billions of dollars,"September 26, 2025",21,Residential,1993,291.713
FAAT105,1.5,Investment in Fixed Assets and Consumer Durable Goods,Historical Cost,Billions of dollars,"September 26, 2025",21,Residential,1994,328.615
FAAT105,1.5,Investment in Fixed Assets and Consumer Durable Goods,Historical Cost,Billions of dollars,"September 26, 2025",21,Residential,1995,329.562
FAAT105,1.5,Investment in Fixed Assets and Consumer Durable Goods,Historical Cost,Billions of dollars,"September 26, 2025",21,Residential,1996,363.662
FAAT105,1.5,Investment in Fixed Assets and Consumer Durable Goods,Historical Cost,Billions of dollars,"September 26, 2025",21,Residential,1997,381.581
FAAT105,1.5,Investment in Fixed Assets and Consumer Durable Goods,Historical Cost,Billions of dollars,"September 26, 2025",21,Residential,1998,424.704
FAAT105,1.5,Investment in Fixed Assets and Consumer Durable Goods,Historical Cost,Billions of dollars,"September 26, 2025",21,Residential,1999,467.695
FAAT105,1.5,Investment in Fixed Assets and Consumer Durable Goods,Historical Cost,Billions of dollars,"September 26, 2025",21,Residential,2000,491.272
FAAT105,1.5,Investment in Fixed Assets and Consumer Durable Goods,Historical Cost,Billions of dollars,"September 26, 2025",21,Residential,2001,519.545
FAAT105,1.5,Investment in Fixed Assets and Consumer Durable Goods,Historical Cost,Billions of dollars,"September 26, 2025",21,Residential,2002,564.532
FAAT105,1.5,Investment in Fixed Assets and Consumer Durable Goods,Historical Cost,Billions of dollars,"September 26, 2025",21,Residential,2003,644.167
FAAT105,1.5,Investment in Fixed Assets and Consumer Durable Goods,Historical Cost,Billions of dollars,"September 26, 2025",21,Residential,2004,757.577
FAAT105,1.5,Investment in Fixed Assets and Consumer Durable Goods,Historical Cost,Billions of dollars,"September 26, 2025",21,Residential,2005,864.545
FAAT105,1.5,Investment in Fixed Assets and Consumer Durable Goods,Historical Cost,Billions of dollars,"September 26, 2025",21,Residential,2006,845.969
FAAT105,1.5,Investment in Fixed Assets and Consumer Durable Goods,Historical Cost,Billions of dollars,"September 26, 2025",21,Residential,2007,698.36
FAAT105,1.5,Investment in Fixed Assets and Consumer Durable Goods,Historical Cost,Billions of dollars,"September 26, 2025",21,Residential,2008,524.638
FAAT105,1.5,Investment in Fixed Assets and Consumer Durable Goods,Historical Cost,Billions of dollars,"September 26, 2025",21,Residential,2009,398.333
FAAT105,1.5,Investment in Fixed Assets and Consumer Durable Goods,Historical Cost,Billions of dollars,"September 26, 2025",21,Residential,2010,385.33
FAAT105,1.5,Investment in Fixed Assets and Consumer Durable Goods,Historical Cost,Billions of dollars,"September 26, 2025",21,Residential,2011,386.446
FAAT105,1.5,Investment in Fixed Assets and Consumer Durable Goods,Historical Cost,Billions of dollars,"September 26, 2025",21,Residential,2012,437.905
FAAT105,1.5,Investment in Fixed Assets and Consumer Durable Goods,Historical Cost,Billions of dollars,"September 26, 2025",21,Residential,2013,516.62
FAAT105,1.5,Investment in Fixed Assets and Consumer Durable Goods,Historical Cost,Billions of dollars,"September 26, 2025",21,Residential,2014,568.907
FAAT105,1.5,Investment in Fixed Assets and Consumer Durable Goods,Historical Cost,Billions of dollars,"September 26, 2025",21,Residential,2015,645.527
FAAT105,1.5,Investment in Fixed Assets and Consumer Durable Goods,Historical Cost,Billions of dollars,"September 26, 2025",21,Residential,2016,714.849
FAAT105,1.5,Investment in Fixed Assets and Consumer Durable Goods,Historical Cost,Billions of dollars,"September 26, 2025",21,Residential,2017,778.61
FAAT105,1.5,Investment in Fixed Assets and Consumer Durable Goods,Historical Cost,Billions of dollars,"September 26, 2025",21,Residential,2018,818.735
FAAT105,1.5,Investment in Fixed Assets and Consumer Durable Goods,Historical Cost,Billions of dollars,"September 26, 2025",21,Residential,2019,834.426
FAAT105,1.5,Investment in Fixed Assets and Consumer Durable Goods,Historical Cost,Billions of dollars,"September 26, 2025",21,Residential,2020,927.577
FAAT105,1.5,Investment in Fixed Assets and Consumer Durable Goods,Historical Cost,Billions of dollars,"September 26, 2025",21,Residential,2021,1139.198
FAAT105,1.5,Investment in Fixed Assets and Consumer Durable Goods,Historical Cost,Billions of dollars,"September 26, 2025",21,Residential,2022,1185.175
FAAT105,1.5,Investment in Fixed Assets and Consumer Durable Goods,Historical Cost,Billions of dollars,"September 26, 2025",21,Residential,2023,1121.361
FAAT105,1.5,Investment in Fixed Assets and Consumer Durable Goods,Historical Cost,Billions of dollars,"September 26, 2025",21,Residential,2024,1191.005
FAAT105,1.5,Investment in Fixed Assets and Consumer Durable Goods,Historical Cost,Billions of dollars,"September 26, 2025",21,Residential,1901,0.862
FAAT105,1.5,Investment in Fixed Assets and Consumer Durable Goods,Historical Cost,Billions of dollars,"September 26, 2025",21,Residential,1902,0.831
FAAT105,1.5,Investment in Fixed Assets and Consumer Durable Goods,Historical Cost,Billions of dollars,"September 26, 2025",21,Residential,1903,0.867
FAAT105,1.5,Investment in Fixed Assets and Consumer Durable Goods,Historical Cost,Billions of dollars,"September 26, 2025",21,Residential,1904,0.973
FAAT105,1.5,Investment in Fixed Assets and Consumer Durable Goods,Historical Cost,Billions of dollars,"September 26, 2025",21,Residential,1905,1.468
FAAT105,1.5,Investment in Fixed Assets and Consumer Durable Goods,Historical Cost,Billions of dollars,"September 26, 2025",21,Residential,1906,1.504
FAAT105,1.5,Investment in Fixed Assets and Consumer Durable Goods,Historical Cost,Billions of dollars,"September 26, 2025",21,Residential,1907,1.354
FAAT105,1.5,Investment in Fixed Assets and Consumer Durable Goods,Historical Cost,Billions of dollars,"September 26, 2025",21,Residential,1908,1.362
FAAT105,1.5,Investment in Fixed Assets and Consumer Durable Goods,Historical Cost,Billions of dollars,"September 26, 2025",21,Residential,1909,1.627
FAAT105,1.5,Investment in Fixed Assets and Consumer Durable Goods,Historical Cost,Billions of dollars,"September 26, 2025",21,Residential,1910,1.373
FAAT105,1.5,Investment in Fixed Assets and Consumer Durable Goods,Historical Cost,Billions of dollars,"September 26, 2025",21,Residential,1911,1.343
FAAT105,1.5,Investment in Fixed Assets and Consumer Durable Goods,Historical Cost,Billions of dollars,"September 26, 2025",21,Residential,1912,1.477
FAAT105,1.5,Investment in Fixed Assets and Consumer Durable Goods,Historical Cost,Billions of dollars,"September 26, 2025",21,Residential,1913,1.463
FAAT105,1.5,Investment in Fixed Assets and Consumer Durable Goods,Historical Cost,Billions of dollars,"September 26, 2025",22,Government fixed assets,1914,0.62
FAAT105,1.5,Investment in Fixed Assets and Consumer Durable Goods,Historical Cost,Billions of dollars,"September 26, 2025",22,Government fixed assets,1915,0.786
FAAT105,1.5,Investment in Fixed Assets and Consumer Durable Goods,Historical Cost,Billions of dollars,"September 26, 2025",22,Government fixed assets,1916,0.767
FAAT105,1.5,Investment in Fixed Assets and Consumer Durable Goods,Historical Cost,Billions of dollars,"September 26, 2025",22,Government fixed assets,1917,2.187
FAAT105,1.5,Investment in Fixed Assets and Consumer Durable Goods,Historical Cost,Billions of dollars,"September 26, 2025",22,Government fixed assets,1918,4.963
FAAT105,1.5,Investment in Fixed Assets and Consumer Durable Goods,Historical Cost,Billions of dollars,"September 26, 2025",22,Government fixed assets,1919,2.231
FAAT105,1.5,Investment in Fixed Assets and Consumer Durable Goods,Historical Cost,Billions of dollars,"September 26, 2025",22,Government fixed assets,1920,1.474
FAAT105,1.5,Investment in Fixed Assets and Consumer Durable Goods,Historical Cost,Billions of dollars,"September 26, 2025",22,Government fixed assets,1921,1.624
FAAT105,1.5,Investment in Fixed Assets and Consumer Durable Goods,Historical Cost,Billions of dollars,"September 26, 2025",22,Government fixed assets,1922,1.799
FAAT105,1.5,Investment in Fixed Assets and Consumer Durable Goods,Historical Cost,Billions of dollars,"September 26, 2025",22,Government fixed assets,1923,1.799
FAAT105,1.5,Investment in Fixed Assets and Consumer Durable Goods,Historical Cost,Billions of dollars,"September 26, 2025",22,Government fixed assets,1924,2.097
FAAT105,1.5,Investment in Fixed Assets and Consumer Durable Goods,Historical Cost,Billions of dollars,"September 26, 2025",22,Government fixed assets,1925,2.356
FAAT105,1.5,Investment in Fixed Assets and Consumer Durable Goods,Historical Cost,Billions of dollars,"September 26, 2025",22,Government fixed assets,1926,2.371
FAAT105,1.5,Investment in Fixed Assets and Consumer Durable Goods,Historical Cost,Billions of dollars,"September 26, 2025",22,Government fixed assets,1927,2.696
FAAT105,1.5,Investment in Fixed Assets and Consumer Durable Goods,Historical Cost,Billions of dollars,"September 26, 2025",22,Government fixed assets,1928,2.778
FAAT105,1.5,Investment in Fixed Assets and Consumer Durable Goods,Historical Cost,Billions of dollars,"September 26, 2025",22,Government fixed assets,1929,2.902
FAAT105,1.5,Investment in Fixed Assets and Consumer Durable Goods,Historical Cost,Billions of dollars,"September 26, 2025",22,Government fixed assets,1930,3.256
FAAT105,1.5,Investment in Fixed Assets and Consumer Durable Goods,Historical Cost,Billions of dollars,"September 26, 2025",22,Government fixed assets,1931,3.089
FAAT105,1.5,Investment in Fixed Assets and Consumer Durable Goods,Historical Cost,Billions of dollars,"September 26, 2025",22,Government fixed assets,1932,2.265
FAAT105,1.5,Investment in Fixed Assets and Consumer Durable Goods,Historical Cost,Billions of dollars,"September 26, 2025",22,Government fixed assets,1933,2.032
FAAT105,1.5,Investment in Fixed Assets and Consumer Durable Goods,Historical Cost,Billions of dollars,"September 26, 2025",22,Government fixed assets,1934,2.654
FAAT105,1.5,Investment in Fixed Assets and Consumer Durable Goods,Historical Cost,Billions of dollars,"September 26, 2025",22,Government fixed assets,1935,2.837
FAAT105,1.5,Investment in Fixed Assets and Consumer Durable Goods,Historical Cost,Billions of dollars,"September 26, 2025",22,Government fixed assets,1936,4.215
FAAT105,1.5,Investment in Fixed Assets and Consumer Durable Goods,Historical Cost,Billions of dollars,"September 26, 2025",22,Government fixed assets,1937,3.884
FAAT105,1.5,Investment in Fixed Assets and Consumer Durable Goods,Historical Cost,Billions of dollars,"September 26, 2025",22,Government fixed assets,1938,4.285
FAAT105,1.5,Investment in Fixed Assets and Consumer Durable Goods,Historical Cost,Billions of dollars,"September 26, 2025",22,Government fixed assets,1939,4.618
FAAT105,1.5,Investment in Fixed Assets and Consumer Durable Goods,Historical Cost,Billions of dollars,"September 26, 2025",22,Government fixed assets,1940,4.432
FAAT105,1.5,Investment in Fixed Assets and Consumer Durable Goods,Historical Cost,Billions of dollars,"September 26, 2025",22,Government fixed assets,1941,10.746
FAAT105,1.5,Investment in Fixed Assets and Consumer Durable Goods,Historical Cost,Billions of dollars,"September 26, 2025",22,Government fixed assets,1942,28.94
FAAT105,1.5,Investment in Fixed Assets and Consumer Durable Goods,Historical Cost,Billions of dollars,"September 26, 2025",22,Government fixed assets,1943,39.867
FAAT105,1.5,Investment in Fixed Assets and Consumer Durable Goods,Historical Cost,Billions of dollars,"September 26, 2025",22,Government fixed assets,1944,38.231
FAAT105,1.5,Investment in Fixed Assets and Consumer Durable Goods,Historical Cost,Billions of dollars,"September 26, 2025",22,Government fixed assets,1945,25.393
FAAT105,1.5,Investment in Fixed Assets and Consumer Durable Goods,Historical Cost,Billions of dollars,"September 26, 2025",22,Government fixed assets,1946,4.703
FAAT105,1.5,Investment in Fixed Assets and Consumer Durable Goods,Historical Cost,Billions of dollars,"September 26, 2025",22,Government fixed assets,1947,5.663
FAAT105,1.5,Investment in Fixed Assets and Consumer Durable Goods,Historical Cost,Billions of dollars,"September 26, 2025",22,Government fixed assets,1948,8.463
FAAT105,1.5,Investment in Fixed Assets and Consumer Durable Goods,Historical Cost,Billions of dollars,"September 26, 2025",22,Government fixed assets,1949,11.315
FAAT105,1.5,Investment in Fixed Assets and Consumer Durable Goods,Historical Cost,Billions of dollars,"September 26, 2025",22,Government fixed assets,1950,11.429
FAAT105,1.5,Investment in Fixed Assets and Consumer Durable Goods,Historical Cost,Billions of dollars,"September 26, 2025",22,Government fixed assets,1951,19.495
FAAT105,1.5,Investment in Fixed Assets and Consumer Durable Goods,Historical Cost,Billions of dollars,"September 26, 2025",22,Government fixed assets,1952,24.578
FAAT105,1.5,Investment in Fixed Assets and Consumer Durable Goods,Historical Cost,Billions of dollars,"September 26, 2025",22,Government fixed assets,1953,26.474
FAAT105,1.5,Investment in Fixed Assets and Consumer Durable Goods,Historical Cost,Billions of dollars,"September 26, 2025",22,Government fixed assets,1954,25.37
FAAT105,1.5,Investment in Fixed Assets and Consumer Durable Goods,Historical Cost,Billions of dollars,"September 26, 2025",22,Government fixed assets,1955,24.609
FAAT105,1.5,Investment in Fixed Assets and Consumer Durable Goods,Historical Cost,Billions of dollars,"September 26, 2025",22,Government fixed assets,1956,27.238
FAAT105,1.5,Investment in Fixed Assets and Consumer Durable Goods,Historical Cost,Billions of dollars,"September 26, 2025",22,Government fixed assets,1957,30.213
FAAT105,1.5,Investment in Fixed Assets and Consumer Durable Goods,Historical Cost,Billions of dollars,"September 26, 2025",22,Government fixed assets,1958,32.591
FAAT105,1.5,Investment in Fixed Assets and Consumer Durable Goods,Historical Cost,Billions of dollars,"September 26, 2025",22,Government fixed assets,1959,35.873
FAAT105,1.5,Investment in Fixed Assets and Consumer Durable Goods,Historical Cost,Billions of dollars,"September 26, 2025",22,Government fixed assets,1960,35.98
FAAT105,1.5,Investment in Fixed Assets and Consumer Durable Goods,Historical Cost,Billions of dollars,"September 26, 2025",22,Government fixed assets,1961,39.802
FAAT105,1.5,Investment in Fixed Assets and Consumer Durable Goods,Historical Cost,Billions of dollars,"September 26, 2025",22,Government fixed assets,1962,42.545
FAAT105,1.5,Investment in Fixed Assets and Consumer Durable Goods,Historical Cost,Billions of dollars,"September 26, 2025",22,Government fixed assets,1963,44.442
FAAT105,1.5,Investment in Fixed Assets and Consumer Durable Goods,Historical Cost,Billions of dollars,"September 26, 2025",22,Government fixed assets,1964,46.399
FAAT105,1.5,Investment in Fixed Assets and Consumer Durable Goods,Historical Cost,Billions of dollars,"September 26, 2025",22,Government fixed assets,1965,47.899
FAAT105,1.5,Investment in Fixed Assets and Consumer Durable Goods,Historical Cost,Billions of dollars,"September 26, 2025",22,Government fixed assets,1966,53.594
FAAT105,1.5,Investment in Fixed Assets and Consumer Durable Goods,Historical Cost,Billions of dollars,"September 26, 2025",22,Government fixed assets,1967,57.657
FAAT105,1.5,Investment in Fixed Assets and Consumer Durable Goods,Historical Cost,Billions of dollars,"September 26, 2025",22,Government fixed assets,1968,59.13
FAAT105,1.5,Investment in Fixed Assets and Consumer Durable Goods,Historical Cost,Billions of dollars,"September 26, 2025",22,Government fixed assets,1969,59.404
FAAT105,1.5,Investment in Fixed Assets and Consumer Durable Goods,Historical Cost,Billions of dollars,"September 26, 2025",22,Government fixed assets,1970,59.562
FAAT105,1.5,Investment in Fixed Assets and Consumer Durable Goods,Historical Cost,Billions of dollars,"September 26, 2025",22,Government fixed assets,1971,58.103
FAAT105,1.5,Investment in Fixed Assets and Consumer Durable Goods,Historical Cost,Billions of dollars,"September 26, 2025",22,Government fixed assets,1972,60.453
FAAT105,1.5,Investment in Fixed Assets and Consumer Durable Goods,Historical Cost,Billions of dollars,"September 26, 2025",22,Government fixed assets,1973,65.5
FAAT105,1.5,Investment in Fixed Assets and Consumer Durable Goods,Historical Cost,Billions of dollars,"September 26, 2025",22,Government fixed assets,1974,75.939
FAAT105,1.5,Investment in Fixed Assets and Consumer Durable Goods,Historical Cost,Billions of dollars,"September 26, 2025",22,Government fixed assets,1975,83.926
FAAT105,1.5,Investment in Fixed Assets and Consumer Durable Goods,Historical Cost,Billions of dollars,"September 26, 2025",22,Government fixed assets,1976,88.923
FAAT105,1.5,Investment in Fixed Assets and Consumer Durable Goods,Historical Cost,Billions of dollars,"September 26, 2025",22,Government fixed assets,1977,92.308
FAAT105,1.5,Investment in Fixed Assets and Consumer Durable Goods,Historical Cost,Billions of dollars,"September 26, 2025",22,Government fixed assets,1978,104.239
FAAT105,1.5,Investment in Fixed Assets and Consumer Durable Goods,Historical Cost,Billions of dollars,"September 26, 2025",22,Government fixed assets,1979,118.694
FAAT105,1.5,Investment in Fixed Assets and Consumer Durable Goods,Historical Cost,Billions of dollars,"September 26, 2025",22,Government fixed assets,1980,134.437
FAAT105,1.5,Investment in Fixed Assets and Consumer Durable Goods,Historical Cost,Billions of dollars,"September 26, 2025",22,Government fixed assets,1981,146.873
FAAT105,1.5,Investment in Fixed Assets and Consumer Durable Goods,Historical Cost,Billions of dollars,"September 26, 2025",22,Government fixed assets,1982,156.677
FAAT105,1.5,Investment in Fixed Assets and Consumer Durable Goods,Historical Cost,Billions of dollars,"September 26, 2025",22,Government fixed assets,1983,170.411
FAAT105,1.5,Investment in Fixed Assets and Consumer Durable Goods,Historical Cost,Billions of dollars,"September 26, 2025",22,Government fixed assets,1984,192.456
FAAT105,1.5,Investment in Fixed Assets and Consumer Durable Goods,Historical Cost,Billions of dollars,"September 26, 2025",22,Government fixed assets,1985,218.838
FAAT105,1.5,Investment in Fixed Assets and Consumer Durable Goods,Historical Cost,Billions of dollars,"September 26, 2025",22,Government fixed assets,1986,237.185
FAAT105,1.5,Investment in Fixed Assets and Consumer Durable Goods,Historical Cost,Billions of dollars,"September 26, 2025",22,Government fixed assets,1987,253.661
FAAT105,1.5,Investment in Fixed Assets and Consumer Durable Goods,Historical Cost,Billions of dollars,"September 26, 2025",22,Government fixed assets,1988,257.503
FAAT105,1.5,Investment in Fixed Assets and Consumer Durable Goods,Historical Cost,Billions of dollars,"September 26, 2025",22,Government fixed assets,1989,269.861
FAAT105,1.5,Investment in Fixed Assets and Consumer Durable Goods,Historical Cost,Billions of dollars,"September 26, 2025",22,Government fixed assets,1990,289.736
FAAT105,1.5,Investment in Fixed Assets and Consumer Durable Goods,Historical Cost,Billions of dollars,"September 26, 2025",22,Government fixed assets,1991,293.693
FAAT105,1.5,Investment in Fixed Assets and Consumer Durable Goods,Historical Cost,Billions of dollars,"September 26, 2025",22,Government fixed assets,1992,294.791
FAAT105,1.5,Investment in Fixed Assets and Consumer Durable Goods,Historical Cost,Billions of dollars,"September 26, 2025",22,Government fixed assets,1993,290.525
FAAT105,1.5,Investment in Fixed Assets and Consumer Durable Goods,Historical Cost,Billions of dollars,"September 26, 2025",22,Government fixed assets,1994,293.553
FAAT105,1.5,Investment in Fixed Assets and Consumer Durable Goods,Historical Cost,Billions of dollars,"September 26, 2025",22,Government fixed assets,1995,309.195
FAAT105,1.5,Investment in Fixed Assets and Consumer Durable Goods,Historical Cost,Billions of dollars,"September 26, 2025",22,Government fixed assets,1996,327.187
FAAT105,1.5,Investment in Fixed Assets and Consumer Durable Goods,Historical Cost,Billions of dollars,"September 26, 2025",22,Government fixed assets,1997,326.714
FAAT105,1.5,Investment in Fixed Assets and Consumer Durable Goods,Historical Cost,Billions of dollars,"September 26, 2025",22,Government fixed assets,1998,343.989
FAAT105,1.5,Investment in Fixed Assets and Consumer Durable Goods,Historical Cost,Billions of dollars,"September 26, 2025",22,Government fixed assets,1999,368.315
FAAT105,1.5,Investment in Fixed Assets and Consumer Durable Goods,Historical Cost,Billions of dollars,"September 26, 2025",22,Government fixed assets,2000,388.763
FAAT105,1.5,Investment in Fixed Assets and Consumer Durable Goods,Historical Cost,Billions of dollars,"September 26, 2025",22,Government fixed assets,2001,411.746
FAAT105,1.5,Investment in Fixed Assets and Consumer Durable Goods,Historical Cost,Billions of dollars,"September 26, 2025",22,Government fixed assets,2002,443.367
FAAT105,1.5,Investment in Fixed Assets and Consumer Durable Goods,Historical Cost,Billions of dollars,"September 26, 2025",22,Government fixed assets,2003,463.384
FAAT105,1.5,Investment in Fixed Assets and Consumer Durable Goods,Historical Cost,Billions of dollars,"September 26, 2025",22,Government fixed assets,2004,485.654
FAAT105,1.5,Investment in Fixed Assets and Consumer Durable Goods,Historical Cost,Billions of dollars,"September 26, 2025",22,Government fixed assets,2005,512.17
FAAT105,1.5,Investment in Fixed Assets and Consumer Durable Goods,Historical Cost,Billions of dollars,"September 26, 2025",22,Government fixed assets,2006,549.744
FAAT105,1.5,Investment in Fixed Assets and Consumer Durable Goods,Historical Cost,Billions of dollars,"September 26, 2025",22,Government fixed assets,2007,593.112
FAAT105,1.5,Investment in Fixed Assets and Consumer Durable Goods,Historical Cost,Billions of dollars,"September 26, 2025",22,Government fixed assets,2008,627.789
FAAT105,1.5,Investment in Fixed Assets and Consumer Durable Goods,Historical Cost,Billions of dollars,"September 26, 2025",22,Government fixed assets,2009,640.631
FAAT105,1.5,Investment in Fixed Assets and Consumer Durable Goods,Historical Cost,Billions of dollars,"September 26, 2025",22,Government fixed assets,2010,641.689
FAAT105,1.5,Investment in Fixed Assets and Consumer Durable Goods,Historical Cost,Billions of dollars,"September 26, 2025",22,Government fixed assets,2011,632.679
FAAT105,1.5,Investment in Fixed Assets and Consumer Durable Goods,Historical Cost,Billions of dollars,"September 26, 2025",22,Government fixed assets,2012,616.482
FAAT105,1.5,Investment in Fixed Assets and Consumer Durable Goods,Historical Cost,Billions of dollars,"September 26, 2025",22,Government fixed assets,2013,600.871
FAAT105,1.5,Investment in Fixed Assets and Consumer Durable Goods,Historical Cost,Billions of dollars,"September 26, 2025",22,Government fixed assets,2014,605.277
FAAT105,1.5,Investment in Fixed Assets and Consumer Durable Goods,Historical Cost,Billions of dollars,"September 26, 2025",22,Government fixed assets,2015,628.405
FAAT105,1.5,Investment in Fixed Assets and Consumer Durable Goods,Historical Cost,Billions of dollars,"September 26, 2025",22,Government fixed assets,2016,650.236
FAAT105,1.5,Investment in Fixed Assets and Consumer Durable Goods,Historical Cost,Billions of dollars,"September 26, 2025",22,Government fixed assets,2017,686.159
FAAT105,1.5,Investment in Fixed Assets and Consumer Durable Goods,Historical Cost,Billions of dollars,"September 26, 2025",22,Government fixed assets,2018,728.571
FAAT105,1.5,Investment in Fixed Assets and Consumer Durable Goods,Historical Cost,Billions of dollars,"September 26, 2025",22,Government fixed assets,2019,774.103
FAAT105,1.5,Investment in Fixed Assets and Consumer Durable Goods,Historical Cost,Billions of dollars,"September 26, 2025",22,Government fixed assets,2020,818.476
FAAT105,1.5,Investment in Fixed Assets and Consumer Durable Goods,Historical Cost,Billions of dollars,"September 26, 2025",22,Government fixed assets,2021,831.823
FAAT105,1.5,Investment in Fixed Assets and Consumer Durable Goods,Historical Cost,Billions of dollars,"September 26, 2025",22,Government fixed assets,2022,894.948
FAAT105,1.5,Investment in Fixed Assets and Consumer Durable Goods,Historical Cost,Billions of dollars,"September 26, 2025",22,Government fixed assets,2023,977.165
FAAT105,1.5,Investment in Fixed Assets and Consumer Durable Goods,Historical Cost,Billions of dollars,"September 26, 2025",22,Government fixed assets,2024,1051.368
FAAT105,1.5,Investment in Fixed Assets and Consumer Durable Goods,Historical Cost,Billions of dollars,"September 26, 2025",23,Federal,1914,0.083
FAAT105,1.5,Investment in Fixed Assets and Consumer Durable Goods,Historical Cost,Billions of dollars,"September 26, 2025",23,Federal,1915,0.09
FAAT105,1.5,Investment in Fixed Assets and Consumer Durable Goods,Historical Cost,Billions of dollars,"September 26, 2025",23,Federal,1916,0.084
FAAT105,1.5,Investment in Fixed Assets and Consumer Durable Goods,Historical Cost,Billions of dollars,"September 26, 2025",23,Federal,1917,1.529
FAAT105,1.5,Investment in Fixed Assets and Consumer Durable Goods,Historical Cost,Billions of dollars,"September 26, 2025",23,Federal,1918,4.328
FAAT105,1.5,Investment in Fixed Assets and Consumer Durable Goods,Historical Cost,Billions of dollars,"September 26, 2025",23,Federal,1919,1.416
FAAT105,1.5,Investment in Fixed Assets and Consumer Durable Goods,Historical Cost,Billions of dollars,"September 26, 2025",23,Federal,1920,0.336
FAAT105,1.5,Investment in Fixed Assets and Consumer Durable Goods,Historical Cost,Billions of dollars,"September 26, 2025",23,Federal,1921,0.162
FAAT105,1.5,Investment in Fixed Assets and Consumer Durable Goods,Historical Cost,Billions of dollars,"September 26, 2025",23,Federal,1922,0.139
FAAT105,1.5,Investment in Fixed Assets and Consumer Durable Goods,Historical Cost,Billions of dollars,"September 26, 2025",23,Federal,1923,0.176
FAAT105,1.5,Investment in Fixed Assets and Consumer Durable Goods,Historical Cost,Billions of dollars,"September 26, 2025",23,Federal,1924,0.132
FAAT105,1.5,Investment in Fixed Assets and Consumer Durable Goods,Historical Cost,Billions of dollars,"September 26, 2025",23,Federal,1925,0.12
FAAT105,1.5,Investment in Fixed Assets and Consumer Durable Goods,Historical Cost,Billions of dollars,"September 26, 2025",23,Federal,1926,0.126
FAAT105,1.5,Investment in Fixed Assets and Consumer Durable Goods,Historical Cost,Billions of dollars,"September 26, 2025",23,Federal,1927,0.138
FAAT105,1.5,Investment in Fixed Assets and Consumer Durable Goods,Historical Cost,Billions of dollars,"September 26, 2025",23,Federal,1928,0.159
FAAT105,1.5,Investment in Fixed Assets and Consumer Durable Goods,Historical Cost,Billions of dollars,"September 26, 2025",23,Federal,1929,0.232
FAAT105,1.5,Investment in Fixed Assets and Consumer Durable Goods,Historical Cost,Billions of dollars,"September 26, 2025",23,Federal,1930,0.316
FAAT105,1.5,Investment in Fixed Assets and Consumer Durable Goods,Historical Cost,Billions of dollars,"September 26, 2025",23,Federal,1931,0.405
FAAT105,1.5,Investment in Fixed Assets and Consumer Durable Goods,Historical Cost,Billions of dollars,"September 26, 2025",23,Federal,1932,0.465
FAAT105,1.5,Investment in Fixed Assets and Consumer Durable Goods,Historical Cost,Billions of dollars,"September 26, 2025",23,Federal,1933,0.673
FAAT105,1.5,Investment in Fixed Assets and Consumer Durable Goods,Historical Cost,Billions of dollars,"September 26, 2025",23,Federal,1934,0.856
FAAT105,1.5,Investment in Fixed Assets and Consumer Durable Goods,Historical Cost,Billions of dollars,"September 26, 2025",23,Federal,1935,1.201
FAAT105,1.5,Investment in Fixed Assets and Consumer Durable Goods,Historical Cost,Billions of dollars,"September 26, 2025",23,Federal,1936,1.277
FAAT105,1.5,Investment in Fixed Assets and Consumer Durable Goods,Historical Cost,Billions of dollars,"September 26, 2025",23,Federal,1937,1.281
FAAT105,1.5,Investment in Fixed Assets and Consumer Durable Goods,Historical Cost,Billions of dollars,"September 26, 2025",23,Federal,1938,1.275
FAAT105,1.5,Investment in Fixed Assets and Consumer Durable Goods,Historical Cost,Billions of dollars,"September 26, 2025",23,Federal,1939,1.205
FAAT105,1.5,Investment in Fixed Assets and Consumer Durable Goods,Historical Cost,Billions of dollars,"September 26, 2025",23,Federal,1940,1.633
FAAT105,1.5,Investment in Fixed Assets and Consumer Durable Goods,Historical Cost,Billions of dollars,"September 26, 2025",23,Federal,1941,8.466
FAAT105,1.5,Investment in Fixed Assets and Consumer Durable Goods,Historical Cost,Billions of dollars,"September 26, 2025",23,Federal,1942,27.361
FAAT105,1.5,Investment in Fixed Assets and Consumer Durable Goods,Historical Cost,Billions of dollars,"September 26, 2025",23,Federal,1943,38.958
FAAT105,1.5,Investment in Fixed Assets and Consumer Durable Goods,Historical Cost,Billions of dollars,"September 26, 2025",23,Federal,1944,37.492
FAAT105,1.5,Investment in Fixed Assets and Consumer Durable Goods,Historical Cost,Billions of dollars,"September 26, 2025",23,Federal,1945,24.54
FAAT105,1.5,Investment in Fixed Assets and Consumer Durable Goods,Historical Cost,Billions of dollars,"September 26, 2025",23,Federal,1946,3.074
FAAT105,1.5,Investment in Fixed Assets and Consumer Durable Goods,Historical Cost,Billions of dollars,"September 26, 2025",23,Federal,1947,2.776
FAAT105,1.5,Investment in Fixed Assets and Consumer Durable Goods,Historical Cost,Billions of dollars,"September 26, 2025",23,Federal,1948,4.394
FAAT105,1.5,Investment in Fixed Assets and Consumer Durable Goods,Historical Cost,Billions of dollars,"September 26, 2025",23,Federal,1949,5.92
FAAT105,1.5,Investment in Fixed Assets and Consumer Durable Goods,Historical Cost,Billions of dollars,"September 26, 2025",23,Federal,1950,5.507
FAAT105,1.5,Investment in Fixed Assets and Consumer Durable Goods,Historical Cost,Billions of dollars,"September 26, 2025",23,Federal,1951,12.458
FAAT105,1.5,Investment in Fixed Assets and Consumer Durable Goods,Historical Cost,Billions of dollars,"September 26, 2025",23,Federal,1952,17.181
FAAT105,1.5,Investment in Fixed Assets and Consumer Durable Goods,Historical Cost,Billions of dollars,"September 26, 2025",23,Federal,1953,18.48
FAAT105,1.5,Investment in Fixed Assets and Consumer Durable Goods,Historical Cost,Billions of dollars,"September 26, 2025",23,Federal,1954,16.077
FAAT105,1.5,Investment in Fixed Assets and Consumer Durable Goods,Historical Cost,Billions of dollars,"September 26, 2025",23,Federal,1955,14.466
FAAT105,1.5,Investment in Fixed Assets and Consumer Durable Goods,Historical Cost,Billions of dollars,"September 26, 2025",23,Federal,1956,15.858
FAAT105,1.5,Investment in Fixed Assets and Consumer Durable Goods,Historical Cost,Billions of dollars,"September 26, 2025",23,Federal,1957,17.559
FAAT105,1.5,Investment in Fixed Assets and Consumer Durable Goods,Historical Cost,Billions of dollars,"September 26, 2025",23,Federal,1958,18.911
FAAT105,1.5,Investment in Fixed Assets and Consumer Durable Goods,Historical Cost,Billions of dollars,"September 26, 2025",23,Federal,1959,21.786
FAAT105,1.5,Investment in Fixed Assets and Consumer Durable Goods,Historical Cost,Billions of dollars,"September 26, 2025",23,Federal,1960,21.873
FAAT105,1.5,Investment in Fixed Assets and Consumer Durable Goods,Historical Cost,Billions of dollars,"September 26, 2025",23,Federal,1961,24.55
FAAT105,1.5,Investment in Fixed Assets and Consumer Durable Goods,Historical Cost,Billions of dollars,"September 26, 2025",23,Federal,1962,26.448
FAAT105,1.5,Investment in Fixed Assets and Consumer Durable Goods,Historical Cost,Billions of dollars,"September 26, 2025",23,Federal,1963,26.673
FAAT105,1.5,Investment in Fixed Assets and Consumer Durable Goods,Historical Cost,Billions of dollars,"September 26, 2025",23,Federal,1964,27.125
FAAT105,1.5,Investment in Fixed Assets and Consumer Durable Goods,Historical Cost,Billions of dollars,"September 26, 2025",23,Federal,1965,26.734
FAAT105,1.5,Investment in Fixed Assets and Consumer Durable Goods,Historical Cost,Billions of dollars,"September 26, 2025",23,Federal,1966,30.116
FAAT105,1.5,Investment in Fixed Assets and Consumer Durable Goods,Historical Cost,Billions of dollars,"September 26, 2025",23,Federal,1967,31.937
FAAT105,1.5,Investment in Fixed Assets and Consumer Durable Goods,Historical Cost,Billions of dollars,"September 26, 2025",23,Federal,1968,31.002
FAAT105,1.5,Investment in Fixed Assets and Consumer Durable Goods,Historical Cost,Billions of dollars,"September 26, 2025",23,Federal,1969,30.587
FAAT105,1.5,Investment in Fixed Assets and Consumer Durable Goods,Historical Cost,Billions of dollars,"September 26, 2025",23,Federal,1970,30.227
FAAT105,1.5,Investment in Fixed Assets and Consumer Durable Goods,Historical Cost,Billions of dollars,"September 26, 2025",23,Federal,1971,27.393
FAAT105,1.5,Investment in Fixed Assets and Consumer Durable Goods,Historical Cost,Billions of dollars,"September 26, 2025",23,Federal,1972,29.112
FAAT105,1.5,Investment in Fixed Assets and Consumer Durable Goods,Historical Cost,Billions of dollars,"September 26, 2025",23,Federal,1973,31.514
FAAT105,1.5,Investment in Fixed Assets and Consumer Durable Goods,Historical Cost,Billions of dollars,"September 26, 2025",23,Federal,1974,35.441
FAAT105,1.5,Investment in Fixed Assets and Consumer Durable Goods,Historical Cost,Billions of dollars,"September 26, 2025",23,Federal,1975,39.375
FAAT105,1.5,Investment in Fixed Assets and Consumer Durable Goods,Historical Cost,Billions of dollars,"September 26, 2025",23,Federal,1976,44.032
FAAT105,1.5,Investment in Fixed Assets and Consumer Durable Goods,Historical Cost,Billions of dollars,"September 26, 2025",23,Federal,1977,48.349
FAAT105,1.5,Investment in Fixed Assets and Consumer Durable Goods,Historical Cost,Billions of dollars,"September 26, 2025",23,Federal,1978,53.414
FAAT105,1.5,Investment in Fixed Assets and Consumer Durable Goods,Historical Cost,Billions of dollars,"September 26, 2025",23,Federal,1979,60.338
FAAT105,1.5,Investment in Fixed Assets and Consumer Durable Goods,Historical Cost,Billions of dollars,"September 26, 2025",23,Federal,1980,68.738
FAAT105,1.5,Investment in Fixed Assets and Consumer Durable Goods,Historical Cost,Billions of dollars,"September 26, 2025",23,Federal,1981,79.956
FAAT105,1.5,Investment in Fixed Assets and Consumer Durable Goods,Historical Cost,Billions of dollars,"September 26, 2025",23,Federal,1982,89.684
FAAT105,1.5,Investment in Fixed Assets and Consumer Durable Goods,Historical Cost,Billions of dollars,"September 26, 2025",23,Federal,1983,101.585
FAAT105,1.5,Investment in Fixed Assets and Consumer Durable Goods,Historical Cost,Billions of dollars,"September 26, 2025",23,Federal,1984,114.868
FAAT105,1.5,Investment in Fixed Assets and Consumer Durable Goods,Historical Cost,Billions of dollars,"September 26, 2025",23,Federal,1985,131.491
FAAT105,1.5,Investment in Fixed Assets and Consumer Durable Goods,Historical Cost,Billions of dollars,"September 26, 2025",23,Federal,1986,140.985
FAAT105,1.5,Investment in Fixed Assets and Consumer Durable Goods,Historical Cost,Billions of dollars,"September 26, 2025",23,Federal,1987,151.468
FAAT105,1.5,Investment in Fixed Assets and Consumer Durable Goods,Historical Cost,Billions of dollars,"September 26, 2025",23,Federal,1988,147.091
FAAT105,1.5,Investment in Fixed Assets and Consumer Durable Goods,Historical Cost,Billions of dollars,"September 26, 2025",23,Federal,1989,150.647
FAAT105,1.5,Investment in Fixed Assets and Consumer Durable Goods,Historical Cost,Billions of dollars,"September 26, 2025",23,Federal,1990,157.573
FAAT105,1.5,Investment in Fixed Assets and Consumer Durable Goods,Historical Cost,Billions of dollars,"September 26, 2025",23,Federal,1991,156.398
FAAT105,1.5,Investment in Fixed Assets and Consumer Durable Goods,Historical Cost,Billions of dollars,"September 26, 2025",23,Federal,1992,155.067
FAAT105,1.5,Investment in Fixed Assets and Consumer Durable Goods,Historical Cost,Billions of dollars,"September 26, 2025",23,Federal,1993,149.322
FAAT105,1.5,Investment in Fixed Assets and Consumer Durable Goods,Historical Cost,Billions of dollars,"September 26, 2025",23,Federal,1994,144.741
FAAT105,1.5,Investment in Fixed Assets and Consumer Durable Goods,Historical Cost,Billions of dollars,"September 26, 2025",23,Federal,1995,149.217
FAAT105,1.5,Investment in Fixed Assets and Consumer Durable Goods,Historical Cost,Billions of dollars,"September 26, 2025",23,Federal,1996,157.028
FAAT105,1.5,Investment in Fixed Assets and Consumer Durable Goods,Historical Cost,Billions of dollars,"September 26, 2025",23,Federal,1997,143.83
FAAT105,1.5,Investment in Fixed Assets and Consumer Durable Goods,Historical Cost,Billions of dollars,"September 26, 2025",23,Federal,1998,147.666
FAAT105,1.5,Investment in Fixed Assets and Consumer Durable Goods,Historical Cost,Billions of dollars,"September 26, 2025",23,Federal,1999,154.698
FAAT105,1.5,Investment in Fixed Assets and Consumer Durable Goods,Historical Cost,Billions of dollars,"September 26, 2025",23,Federal,2000,157.307
FAAT105,1.5,Investment in Fixed Assets and Consumer Durable Goods,Historical Cost,Billions of dollars,"September 26, 2025",23,Federal,2001,163.711
FAAT105,1.5,Investment in Fixed Assets and Consumer Durable Goods,Historical Cost,Billions of dollars,"September 26, 2025",23,Federal,2002,181.851
FAAT105,1.5,Investment in Fixed Assets and Consumer Durable Goods,Historical Cost,Billions of dollars,"September 26, 2025",23,Federal,2003,194.348
FAAT105,1.5,Investment in Fixed Assets and Consumer Durable Goods,Historical Cost,Billions of dollars,"September 26, 2025",23,Federal,2004,207.902
FAAT105,1.5,Investment in Fixed Assets and Consumer Durable Goods,Historical Cost,Billions of dollars,"September 26, 2025",23,Federal,2005,220.942
FAAT105,1.5,Investment in Fixed Assets and Consumer Durable Goods,Historical Cost,Billions of dollars,"September 26, 2025",23,Federal,2006,234.561
FAAT105,1.5,Investment in Fixed Assets and Consumer Durable Goods,Historical Cost,Billions of dollars,"September 26, 2025",23,Federal,2007,251.209
FAAT105,1.5,Investment in Fixed Assets and Consumer Durable Goods,Historical Cost,Billions of dollars,"September 26, 2025",23,Federal,2008,270.069
FAAT105,1.5,Investment in Fixed Assets and Consumer Durable Goods,Historical Cost,Billions of dollars,"September 26, 2025",23,Federal,2009,280.494
FAAT105,1.5,Investment in Fixed Assets and Consumer Durable Goods,Historical Cost,Billions of dollars,"September 26, 2025",23,Federal,2010,294.539
FAAT105,1.5,Investment in Fixed Assets and Consumer Durable Goods,Historical Cost,Billions of dollars,"September 26, 2025",23,Federal,2011,291.786
FAAT105,1.5,Investment in Fixed Assets and Consumer Durable Goods,Historical Cost,Billions of dollars,"September 26, 2025",23,Federal,2012,282.779
FAAT105,1.5,Investment in Fixed Assets and Consumer Durable Goods,Historical Cost,Billions of dollars,"September 26, 2025",23,Federal,2013,270.014
FAAT105,1.5,Investment in Fixed Assets and Consumer Durable Goods,Historical Cost,Billions of dollars,"September 26, 2025",23,Federal,2014,265.741
FAAT105,1.5,Investment in Fixed Assets and Consumer Durable Goods,Historical Cost,Billions of dollars,"September 26, 2025",23,Federal,2015,270.013
FAAT105,1.5,Investment in Fixed Assets and Consumer Durable Goods,Historical Cost,Billions of dollars,"September 26, 2025",23,Federal,2016,275.625
FAAT105,1.5,Investment in Fixed Assets and Consumer Durable Goods,Historical Cost,Billions of dollars,"September 26, 2025",23,Federal,2017,292.293
FAAT105,1.5,Investment in Fixed Assets and Consumer Durable Goods,Historical Cost,Billions of dollars,"September 26, 2025",23,Federal,2018,309.807
FAAT105,1.5,Investment in Fixed Assets and Consumer Durable Goods,Historical Cost,Billions of dollars,"September 26, 2025",23,Federal,2019,332.429
FAAT105,1.5,Investment in Fixed Assets and Consumer Durable Goods,Historical Cost,Billions of dollars,"September 26, 2025",23,Federal,2020,365.36
FAAT105,1.5,Investment in Fixed Assets and Consumer Durable Goods,Historical Cost,Billions of dollars,"September 26, 2025",23,Federal,2021,380.349
FAAT105,1.5,Investment in Fixed Assets and Consumer Durable Goods,Historical Cost,Billions of dollars,"September 26, 2025",23,Federal,2022,409.608
FAAT105,1.5,Investment in Fixed Assets and Consumer Durable Goods,Historical Cost,Billions of dollars,"September 26, 2025",23,Federal,2023,424.801
FAAT105,1.5,Investment in Fixed Assets and Consumer Durable Goods,Historical Cost,Billions of dollars,"September 26, 2025",23,Federal,2024,448.836
FAAT105,1.5,Investment in Fixed Assets and Consumer Durable Goods,Historical Cost,Billions of dollars,"September 26, 2025",23,Federal,1901,0.038
FAAT105,1.5,Investment in Fixed Assets and Consumer Durable Goods,Historical Cost,Billions of dollars,"September 26, 2025",23,Federal,1902,0.042
FAAT105,1.5,Investment in Fixed Assets and Consumer Durable Goods,Historical Cost,Billions of dollars,"September 26, 2025",23,Federal,1903,0.049
FAAT105,1.5,Investment in Fixed Assets and Consumer Durable Goods,Historical Cost,Billions of dollars,"September 26, 2025",23,Federal,1904,0.068
FAAT105,1.5,Investment in Fixed Assets and Consumer Durable Goods,Historical Cost,Billions of dollars,"September 26, 2025",23,Federal,1905,0.078
FAAT105,1.5,Investment in Fixed Assets and Consumer Durable Goods,Historical Cost,Billions of dollars,"September 26, 2025",23,Federal,1906,0.079
FAAT105,1.5,Investment in Fixed Assets and Consumer Durable Goods,Historical Cost,Billions of dollars,"September 26, 2025",23,Federal,1907,0.074
FAAT105,1.5,Investment in Fixed Assets and Consumer Durable Goods,Historical Cost,Billions of dollars,"September 26, 2025",23,Federal,1908,0.08
FAAT105,1.5,Investment in Fixed Assets and Consumer Durable Goods,Historical Cost,Billions of dollars,"September 26, 2025",23,Federal,1909,0.093
FAAT105,1.5,Investment in Fixed Assets and Consumer Durable Goods,Historical Cost,Billions of dollars,"September 26, 2025",23,Federal,1910,0.095
FAAT105,1.5,Investment in Fixed Assets and Consumer Durable Goods,Historical Cost,Billions of dollars,"September 26, 2025",23,Federal,1911,0.09
FAAT105,1.5,Investment in Fixed Assets and Consumer Durable Goods,Historical Cost,Billions of dollars,"September 26, 2025",23,Federal,1912,0.091
FAAT105,1.5,Investment in Fixed Assets and Consumer Durable Goods,Historical Cost,Billions of dollars,"September 26, 2025",23,Federal,1913,0.079
FAAT105,1.5,Investment in Fixed Assets and Consumer Durable Goods,Historical Cost,Billions of dollars,"September 26, 2025",24,State and local,1914,0.537
FAAT105,1.5,Investment in Fixed Assets and Consumer Durable Goods,Historical Cost,Billions of dollars,"September 26, 2025",24,State and local,1915,0.696
FAAT105,1.5,Investment in Fixed Assets and Consumer Durable Goods,Historical Cost,Billions of dollars,"September 26, 2025",24,State and local,1916,0.683
FAAT105,1.5,Investment in Fixed Assets and Consumer Durable Goods,Historical Cost,Billions of dollars,"September 26, 2025",24,State and local,1917,0.658
FAAT105,1.5,Investment in Fixed Assets and Consumer Durable Goods,Historical Cost,Billions of dollars,"September 26, 2025",24,State and local,1918,0.635
FAAT105,1.5,Investment in Fixed Assets and Consumer Durable Goods,Historical Cost,Billions of dollars,"September 26, 2025",24,State and local,1919,0.815
FAAT105,1.5,Investment in Fixed Assets and Consumer Durable Goods,Historical Cost,Billions of dollars,"September 26, 2025",24,State and local,1920,1.138
FAAT105,1.5,Investment in Fixed Assets and Consumer Durable Goods,Historical Cost,Billions of dollars,"September 26, 2025",24,State and local,1921,1.462
FAAT105,1.5,Investment in Fixed Assets and Consumer Durable Goods,Historical Cost,Billions of dollars,"September 26, 2025",24,State and local,1922,1.66
FAAT105,1.5,Investment in Fixed Assets and Consumer Durable Goods,Historical Cost,Billions of dollars,"September 26, 2025",24,State and local,1923,1.623
FAAT105,1.5,Investment in Fixed Assets and Consumer Durable Goods,Historical Cost,Billions of dollars,"September 26, 2025",24,State and local,1924,1.965
FAAT105,1.5,Investment in Fixed Assets and Consumer Durable Goods,Historical Cost,Billions of dollars,"September 26, 2025",24,State and local,1925,2.236
FAAT105,1.5,Investment in Fixed Assets and Consumer Durable Goods,Historical Cost,Billions of dollars,"September 26, 2025",24,State and local,1926,2.245
FAAT105,1.5,Investment in Fixed Assets and Consumer Durable Goods,Historical Cost,Billions of dollars,"September 26, 2025",24,State and local,1927,2.558
FAAT105,1.5,Investment in Fixed Assets and Consumer Durable Goods,Historical Cost,Billions of dollars,"September 26, 2025",24,State and local,1928,2.619
FAAT105,1.5,Investment in Fixed Assets and Consumer Durable Goods,Historical Cost,Billions of dollars,"September 26, 2025",24,State and local,1929,2.671
FAAT105,1.5,Investment in Fixed Assets and Consumer Durable Goods,Historical Cost,Billions of dollars,"September 26, 2025",24,State and local,1930,2.939
FAAT105,1.5,Investment in Fixed Assets and Consumer Durable Goods,Historical Cost,Billions of dollars,"September 26, 2025",24,State and local,1931,2.683
FAAT105,1.5,Investment in Fixed Assets and Consumer Durable Goods,Historical Cost,Billions of dollars,"September 26, 2025",24,State and local,1932,1.8
FAAT105,1.5,Investment in Fixed Assets and Consumer Durable Goods,Historical Cost,Billions of dollars,"September 26, 2025",24,State and local,1933,1.359
FAAT105,1.5,Investment in Fixed Assets and Consumer Durable Goods,Historical Cost,Billions of dollars,"September 26, 2025",24,State and local,1934,1.799
FAAT105,1.5,Investment in Fixed Assets and Consumer Durable Goods,Historical Cost,Billions of dollars,"September 26, 2025",24,State and local,1935,1.636
FAAT105,1.5,Investment in Fixed Assets and Consumer Durable Goods,Historical Cost,Billions of dollars,"September 26, 2025",24,State and local,1936,2.938
FAAT105,1.5,Investment in Fixed Assets and Consumer Durable Goods,Historical Cost,Billions of dollars,"September 26, 2025",24,State and local,1937,2.603
FAAT105,1.5,Investment in Fixed Assets and Consumer Durable Goods,Historical Cost,Billions of dollars,"September 26, 2025",24,State and local,1938,3.011
FAAT105,1.5,Investment in Fixed Assets and Consumer Durable Goods,Historical Cost,Billions of dollars,"September 26, 2025",24,State and local,1939,3.414
FAAT105,1.5,Investment in Fixed Assets and Consumer Durable Goods,Historical Cost,Billions of dollars,"September 26, 2025",24,State and local,1940,2.799
FAAT105,1.5,Investment in Fixed Assets and Consumer Durable Goods,Historical Cost,Billions of dollars,"September 26, 2025",24,State and local,1941,2.28
FAAT105,1.5,Investment in Fixed Assets and Consumer Durable Goods,Historical Cost,Billions of dollars,"September 26, 2025",24,State and local,1942,1.579
FAAT105,1.5,Investment in Fixed Assets and Consumer Durable Goods,Historical Cost,Billions of dollars,"September 26, 2025",24,State and local,1943,0.909
FAAT105,1.5,Investment in Fixed Assets and Consumer Durable Goods,Historical Cost,Billions of dollars,"September 26, 2025",24,State and local,1944,0.739
FAAT105,1.5,Investment in Fixed Assets and Consumer Durable Goods,Historical Cost,Billions of dollars,"September 26, 2025",24,State and local,1945,0.852
FAAT105,1.5,Investment in Fixed Assets and Consumer Durable Goods,Historical Cost,Billions of dollars,"September 26, 2025",24,State and local,1946,1.629
FAAT105,1.5,Investment in Fixed Assets and Consumer Durable Goods,Historical Cost,Billions of dollars,"September 26, 2025",24,State and local,1947,2.887
FAAT105,1.5,Investment in Fixed Assets and Consumer Durable Goods,Historical Cost,Billions of dollars,"September 26, 2025",24,State and local,1948,4.068
FAAT105,1.5,Investment in Fixed Assets and Consumer Durable Goods,Historical Cost,Billions of dollars,"September 26, 2025",24,State and local,1949,5.396
FAAT105,1.5,Investment in Fixed Assets and Consumer Durable Goods,Historical Cost,Billions of dollars,"September 26, 2025",24,State and local,1950,5.923
FAAT105,1.5,Investment in Fixed Assets and Consumer Durable Goods,Historical Cost,Billions of dollars,"September 26, 2025",24,State and local,1951,7.037
FAAT105,1.5,Investment in Fixed Assets and Consumer Durable Goods,Historical Cost,Billions of dollars,"September 26, 2025",24,State and local,1952,7.397
FAAT105,1.5,Investment in Fixed Assets and Consumer Durable Goods,Historical Cost,Billions of dollars,"September 26, 2025",24,State and local,1953,7.995
FAAT105,1.5,Investment in Fixed Assets and Consumer Durable Goods,Historical Cost,Billions of dollars,"September 26, 2025",24,State and local,1954,9.293
FAAT105,1.5,Investment in Fixed Assets and Consumer Durable Goods,Historical Cost,Billions of dollars,"September 26, 2025",24,State and local,1955,10.143
FAAT105,1.5,Investment in Fixed Assets and Consumer Durable Goods,Historical Cost,Billions of dollars,"September 26, 2025",24,State and local,1956,11.38
FAAT105,1.5,Investment in Fixed Assets and Consumer Durable Goods,Historical Cost,Billions of dollars,"September 26, 2025",24,State and local,1957,12.654
FAAT105,1.5,Investment in Fixed Assets and Consumer Durable Goods,Historical Cost,Billions of dollars,"September 26, 2025",24,State and local,1958,13.68
FAAT105,1.5,Investment in Fixed Assets and Consumer Durable Goods,Historical Cost,Billions of dollars,"September 26, 2025",24,State and local,1959,14.086
FAAT105,1.5,Investment in Fixed Assets and Consumer Durable Goods,Historical Cost,Billions of dollars,"September 26, 2025",24,State and local,1960,14.107
FAAT105,1.5,Investment in Fixed Assets and Consumer Durable Goods,Historical Cost,Billions of dollars,"September 26, 2025",24,State and local,1961,15.252
FAAT105,1.5,Investment in Fixed Assets and Consumer Durable Goods,Historical Cost,Billions of dollars,"September 26, 2025",24,State and local,1962,16.097
FAAT105,1.5,Investment in Fixed Assets and Consumer Durable Goods,Historical Cost,Billions of dollars,"September 26, 2025",24,State and local,1963,17.769
FAAT105,1.5,Investment in Fixed Assets and Consumer Durable Goods,Historical Cost,Billions of dollars,"September 26, 2025",24,State and local,1964,19.274
FAAT105,1.5,Investment in Fixed Assets and Consumer Durable Goods,Historical Cost,Billions of dollars,"September 26, 2025",24,State and local,1965,21.165
FAAT105,1.5,Investment in Fixed Assets and Consumer Durable Goods,Historical Cost,Billions of dollars,"September 26, 2025",24,State and local,1966,23.479
FAAT105,1.5,Investment in Fixed Assets and Consumer Durable Goods,Historical Cost,Billions of dollars,"September 26, 2025",24,State and local,1967,25.721
FAAT105,1.5,Investment in Fixed Assets and Consumer Durable Goods,Historical Cost,Billions of dollars,"September 26, 2025",24,State and local,1968,28.127
FAAT105,1.5,Investment in Fixed Assets and Consumer Durable Goods,Historical Cost,Billions of dollars,"September 26, 2025",24,State and local,1969,28.817
FAAT105,1.5,Investment in Fixed Assets and Consumer Durable Goods,Historical Cost,Billions of dollars,"September 26, 2025",24,State and local,1970,29.335
FAAT105,1.5,Investment in Fixed Assets and Consumer Durable Goods,Historical Cost,Billions of dollars,"September 26, 2025",24,State and local,1971,30.71
FAAT105,1.5,Investment in Fixed Assets and Consumer Durable Goods,Historical Cost,Billions of dollars,"September 26, 2025",24,State and local,1972,31.341
FAAT105,1.5,Investment in Fixed Assets and Consumer Durable Goods,Historical Cost,Billions of dollars,"September 26, 2025",24,State and local,1973,33.986
FAAT105,1.5,Investment in Fixed Assets and Consumer Durable Goods,Historical Cost,Billions of dollars,"September 26, 2025",24,State and local,1974,40.498
FAAT105,1.5,Investment in Fixed Assets and Consumer Durable Goods,Historical Cost,Billions of dollars,"September 26, 2025",24,State and local,1975,44.55
FAAT105,1.5,Investment in Fixed Assets and Consumer Durable Goods,Historical Cost,Billions of dollars,"September 26, 2025",24,State and local,1976,44.891
FAAT105,1.5,Investment in Fixed Assets and Consumer Durable Goods,Historical Cost,Billions of dollars,"September 26, 2025",24,State and local,1977,43.96
FAAT105,1.5,Investment in Fixed Assets and Consumer Durable Goods,Historical Cost,Billions of dollars,"September 26, 2025",24,State and local,1978,50.825
FAAT105,1.5,Investment in Fixed Assets and Consumer Durable Goods,Historical Cost,Billions of dollars,"September 26, 2025",24,State and local,1979,58.356
FAAT105,1.5,Investment in Fixed Assets and Consumer Durable Goods,Historical Cost,Billions of dollars,"September 26, 2025",24,State and local,1980,65.699
FAAT105,1.5,Investment in Fixed Assets and Consumer Durable Goods,Historical Cost,Billions of dollars,"September 26, 2025",24,State and local,1981,66.916
FAAT105,1.5,Investment in Fixed Assets and Consumer Durable Goods,Historical Cost,Billions of dollars,"September 26, 2025",24,State and local,1982,66.993
FAAT105,1.5,Investment in Fixed Assets and Consumer Durable Goods,Historical Cost,Billions of dollars,"September 26, 2025",24,State and local,1983,68.827
FAAT105,1.5,Investment in Fixed Assets and Consumer Durable Goods,Historical Cost,Billions of dollars,"September 26, 2025",24,State and local,1984,77.588
FAAT105,1.5,Investment in Fixed Assets and Consumer Durable Goods,Historical Cost,Billions of dollars,"September 26, 2025",24,State and local,1985,87.347
FAAT105,1.5,Investment in Fixed Assets and Consumer Durable Goods,Historical Cost,Billions of dollars,"September 26, 2025",24,State and local,1986,96.2
FAAT105,1.5,Investment in Fixed Assets and Consumer Durable Goods,Historical Cost,Billions of dollars,"September 26, 2025",24,State and local,1987,102.194
FAAT105,1.5,Investment in Fixed Assets and Consumer Durable Goods,Historical Cost,Billions of dollars,"September 26, 2025",24,State and local,1988,110.412
FAAT105,1.5,Investment in Fixed Assets and Consumer Durable Goods,Historical Cost,Billions of dollars,"September 26, 2025",24,State and local,1989,119.214
FAAT105,1.5,Investment in Fixed Assets and Consumer Durable Goods,Historical Cost,Billions of dollars,"September 26, 2025",24,State and local,1990,132.163
FAAT105,1.5,Investment in Fixed Assets and Consumer Durable Goods,Historical Cost,Billions of dollars,"September 26, 2025",24,State and local,1991,137.295
FAAT105,1.5,Investment in Fixed Assets and Consumer Durable Goods,Historical Cost,Billions of dollars,"September 26, 2025",24,State and local,1992,139.723
FAAT105,1.5,Investment in Fixed Assets and Consumer Durable Goods,Historical Cost,Billions of dollars,"September 26, 2025",24,State and local,1993,141.203
FAAT105,1.5,Investment in Fixed Assets and Consumer Durable Goods,Historical Cost,Billions of dollars,"September 26, 2025",24,State and local,1994,148.812
FAAT105,1.5,Investment in Fixed Assets and Consumer Durable Goods,Historical Cost,Billions of dollars,"September 26, 2025",24,State and local,1995,159.979
FAAT105,1.5,Investment in Fixed Assets and Consumer Durable Goods,Historical Cost,Billions of dollars,"September 26, 2025",24,State and local,1996,170.159
FAAT105,1.5,Investment in Fixed Assets and Consumer Durable Goods,Historical Cost,Billions of dollars,"September 26, 2025",24,State and local,1997,182.884
FAAT105,1.5,Investment in Fixed Assets and Consumer Durable Goods,Historical Cost,Billions of dollars,"September 26, 2025",24,State and local,1998,196.323
FAAT105,1.5,Investment in Fixed Assets and Consumer Durable Goods,Historical Cost,Billions of dollars,"September 26, 2025",24,State and local,1999,213.616
FAAT105,1.5,Investment in Fixed Assets and Consumer Durable Goods,Historical Cost,Billions of dollars,"September 26, 2025",24,State and local,2000,231.457
FAAT105,1.5,Investment in Fixed Assets and Consumer Durable Goods,Historical Cost,Billions of dollars,"September 26, 2025",24,State and local,2001,248.035
FAAT105,1.5,Investment in Fixed Assets and Consumer Durable Goods,Historical Cost,Billions of dollars,"September 26, 2025",24,State and local,2002,261.516
FAAT105,1.5,Investment in Fixed Assets and Consumer Durable Goods,Historical Cost,Billions of dollars,"September 26, 2025",24,State and local,2003,269.036
FAAT105,1.5,Investment in Fixed Assets and Consumer Durable Goods,Historical Cost,Billions of dollars,"September 26, 2025",24,State and local,2004,277.752
FAAT105,1.5,Investment in Fixed Assets and Consumer Durable Goods,Historical Cost,Billions of dollars,"September 26, 2025",24,State and local,2005,291.228
FAAT105,1.5,Investment in Fixed Assets and Consumer Durable Goods,Historical Cost,Billions of dollars,"September 26, 2025",24,State and local,2006,315.183
FAAT105,1.5,Investment in Fixed Assets and Consumer Durable Goods,Historical Cost,Billions of dollars,"September 26, 2025",24,State and local,2007,341.903
FAAT105,1.5,Investment in Fixed Assets and Consumer Durable Goods,Historical Cost,Billions of dollars,"September 26, 2025",24,State and local,2008,357.72
FAAT105,1.5,Investment in Fixed Assets and Consumer Durable Goods,Historical Cost,Billions of dollars,"September 26, 2025",24,State and local,2009,360.137
FAAT105,1.5,Investment in Fixed Assets and Consumer Durable Goods,Historical Cost,Billions of dollars,"September 26, 2025",24,State and local,2010,347.15
FAAT105,1.5,Investment in Fixed Assets and Consumer Durable Goods,Historical Cost,Billions of dollars,"September 26, 2025",24,State and local,2011,340.893
FAAT105,1.5,Investment in Fixed Assets and Consumer Durable Goods,Historical Cost,Billions of dollars,"September 26, 2025",24,State and local,2012,333.702
FAAT105,1.5,Investment in Fixed Assets and Consumer Durable Goods,Historical Cost,Billions of dollars,"September 26, 2025",24,State and local,2013,330.857
FAAT105,1.5,Investment in Fixed Assets and Consumer Durable Goods,Historical Cost,Billions of dollars,"September 26, 2025",24,State and local,2014,339.535
FAAT105,1.5,Investment in Fixed Assets and Consumer Durable Goods,Historical Cost,Billions of dollars,"September 26, 2025",24,State and local,2015,358.393
FAAT105,1.5,Investment in Fixed Assets and Consumer Durable Goods,Historical Cost,Billions of dollars,"September 26, 2025",24,State and local,2016,374.611
FAAT105,1.5,Investment in Fixed Assets and Consumer Durable Goods,Historical Cost,Billions of dollars,"September 26, 2025",24,State and local,2017,393.866
FAAT105,1.5,Investment in Fixed Assets and Consumer Durable Goods,Historical Cost,Billions of dollars,"September 26, 2025",24,State and local,2018,418.764
FAAT105,1.5,Investment in Fixed Assets and Consumer Durable Goods,Historical Cost,Billions of dollars,"September 26, 2025",24,State and local,2019,441.674
FAAT105,1.5,Investment in Fixed Assets and Consumer Durable Goods,Historical Cost,Billions of dollars,"September 26, 2025",24,State and local,2020,453.116
FAAT105,1.5,Investment in Fixed Assets and Consumer Durable Goods,Historical Cost,Billions of dollars,"September 26, 2025",24,State and local,2021,451.474
FAAT105,1.5,Investment in Fixed Assets and Consumer Durable Goods,Historical Cost,Billions of dollars,"September 26, 2025",24,State and local,2022,485.34
FAAT105,1.5,Investment in Fixed Assets and Consumer Durable Goods,Historical Cost,Billions of dollars,"September 26, 2025",24,State and local,2023,552.365
FAAT105,1.5,Investment in Fixed Assets and Consumer Durable Goods,Historical Cost,Billions of dollars,"September 26, 2025",24,State and local,2024,602.532
